[2026-08-13T21:54:10-04:00]   share candidate /mnt/c/carc-shared: ACCEPTED (sentinel present)
[2026-08-13T21:54:10-04:00]   share candidate /mnt/carc-shared: REJECTED (exists, but no sentinel classical_search/move_agreement_k4_b28e9/roots.jsonl — 0 entries; wrong mount for this box)
[2026-08-13T21:54:10-04:00] window-truncation census: box=local job=window_truncation_census W=24 smoke=0 share=/mnt/c/carc-shared
[2026-08-13T21:54:10-04:00] preflight ok — git 530368de, leg-A bank 898 roots, 26 e4 archives
[2026-08-13T21:54:10-04:00] leg walled: starting (W=24, R9=0, out=measurement/window_truncation_20260813/census_walled, log=measurement/window_truncation_20260813/logs/census_walled.log)
[1/898] s28000000004_p1 trunc=0/9957 1.47s
[2/898] s28000000007_p3 trunc=0/10348 1.73s
[3/898] s28000000011_p24 trunc=0/9186 2.728s
[4/898] s28000000008_p15 trunc=0/10552 2.897s
[5/898] s28000000005_p19 trunc=0/10498 3.371s
[6/898] s28000000010_p48 trunc=0/9227 5.039s
[7/898] s28000000014_p7 trunc=0/9898 1.805s
[8/898] s28000000004_p44 trunc=0/10219 5.576s
[9/898] s28000000007_p53 trunc=0/10254 5.842s
[10/898] s28000000009_p47 trunc=0/10420 6.052s
[11/898] s28000000002_p67 trunc=0/9245 6.136s
[12/898] s28000000013_p20 trunc=0/10301 3.695s
[13/898] s28000000000_p66 trunc=0/10245 6.703s
[14/898] s28000000006_p90 trunc=0/10464 6.725s
[15/898] s28000000003_p66 trunc=0/9318 7.105s
[16/898] s28000000010_p69 trunc=0/9848 7.313s
[17/898] s28000000008_p124 trunc=0/9906 7.825s
[18/898] s28000000012_p69 trunc=0/10271 7.039s
[19/898] s28000000006_p108 trunc=0/11008 8.667s
[20/898] s28000000000_p75 trunc=0/10444 8.724s
[21/898] s28000000003_p80 trunc=0/9714 8.742s
[22/898] s28000000002_p115 trunc=0/9462 9.229s
[23/898] s28000000012_p71 trunc=0/9470 8.048s
[24/898] s28000000016_p34 trunc=0/9466 4.148s
[25/898] s28000000001_p104 trunc=0/10014 10.118s
[26/898] s28000000015_p42 trunc=0/9380 4.934s
[27/898] s28000000011_p109 trunc=0/8862 10.115s
[28/898] s28000000014_p45 trunc=0/9449 5.358s
[29/898] s28000000019_p30 trunc=0/9304 3.451s
[30/898] s28000000005_p91 trunc=0/10402 10.638s
[31/898] s28000000001_p102 trunc=0/10273 11.1s
[32/898] s28000000019_p35 trunc=0/10169 4.294s
[33/898] s28000000016_p45 trunc=0/10631 5.574s
[34/898] s28000000024_p6 trunc=0/10038 2.437s
[35/898] s28000000018_p83 trunc=0/8232 6.03s
[36/898] s28000000025_p13 trunc=0/10944 2.996s
[37/898] s28000000009_p137 trunc=0/9899 13.439s
[38/898] s28000000027_p15 trunc=0/9734 2.818s
[39/898] s28000000017_p73 trunc=0/9418 7.914s
[40/898] s28000000022_p52 trunc=0/10565 5.825s
[41/898] s28000000029_p11 trunc=0/10486 2.067s
[42/898] s28000000026_p38 trunc=0/9828 5.021s
[43/898] s28000000020_p61 trunc=0/9703 8.03s
[44/898] s28000000026_p46 trunc=0/9537 5.431s
[45/898] s28000000013_p126 trunc=0/10254 13.388s
[46/898] s28000000024_p52 trunc=0/9354 6.402s
[47/898] s28000000018_p93 trunc=0/10070 9.819s
[48/898] s28000000020_p96 trunc=0/8088 8.931s
[49/898] s28000000021_p112 trunc=0/10394 9.181s
[50/898] s28000000031_p45 trunc=0/10126 5.153s
[51/898] s28000000017_p136 trunc=0/7531 12.804s
[52/898] s28000000021_p126 trunc=0/8409 10.972s
[53/898] s28000000022_p108 trunc=0/9971 10.701s
[54/898] s28000000035_p25 trunc=0/10768 3.476s
[55/898] s28000000028_p61 trunc=0/10065 8.564s
[56/898] s28000000029_p70 trunc=0/9840 7.17s
[57/898] s28000000036_p16 trunc=0/10465 2.677s
[58/898] s28000000015_p131 trunc=0/9060 15.205s
[59/898] s28000000039_p5 trunc=0/9991 1.716s
[60/898] s28000000038_p10 trunc=0/10439 2.027s
[61/898] s28000000025_p118 trunc=0/9858 11.561s
[62/898] s28000000023_p98 trunc=0/10194 12.558s
[63/898] s28000000030_p85 trunc=0/9135 9.117s
[64/898] s28000000037_p24 trunc=0/10319 3.331s
[65/898] s28000000031_p80 trunc=0/10351 8.055s
[66/898] s28000000023_p107 trunc=0/10844 12.643s
[67/898] s28000000027_p94 trunc=0/9990 11.705s
[68/898] s28000000034_p59 trunc=0/9952 7.08s
[69/898] s28000000041_p5 trunc=0/10370 1.665s
[70/898] s28000000030_p88 trunc=0/10277 9.887s
[71/898] s28000000032_p124 trunc=0/10032 9.296s
[72/898] s28000000044_p5 trunc=0/10571 1.926s
[73/898] s28000000041_p17 trunc=0/10379 2.613s
[74/898] s28000000045_p2 trunc=0/9875 1.357s
[75/898] s28000000037_p44 trunc=0/10712 5.415s
[76/898] s28000000036_p66 trunc=0/7950 6.048s
[77/898] s28000000032_p131 trunc=0/10479 10.205s
[78/898] s28000000040_p58 trunc=0/8682 5.818s
[79/898] s28000000034_p84 trunc=0/9419 9.877s
[80/898] s28000000047_p13 trunc=0/10425 2.557s
[81/898] s28000000040_p60 trunc=0/10787 6.122s
[82/898] s28000000033_p111 trunc=0/9908 11.11s
[83/898] s28000000048_p16 trunc=0/9477 2.515s
[84/898] s28000000038_p63 trunc=0/10627 7.119s
[85/898] s28000000043_p62 trunc=0/10323 5.488s
[86/898] s28000000035_p120 trunc=0/9707 10.718s
[87/898] s28000000049_p18 trunc=0/10363 3.24s
[88/898] s28000000047_p43 trunc=0/10190 4.721s
[89/898] s28000000033_p122 trunc=0/9888 13.394s
[90/898] s28000000028_p139 trunc=0/2518 18.139s
[91/898] s28000000048_p55 trunc=0/10502 6.032s
[92/898] s28000000056_p8 trunc=0/9873 1.936s
[93/898] s28000000049_p66 trunc=0/10758 6.772s
[94/898] s28000000042_p111 trunc=0/7923 10.596s
[95/898] s28000000051_p52 trunc=0/10018 6.245s
[96/898] s28000000039_p109 trunc=0/10440 12.623s
[97/898] s28000000046_p86 trunc=0/10284 9.447s
[98/898] s28000000044_p134 trunc=0/8891 10.481s
[99/898] s28000000050_p64 trunc=0/9390 7.349s
[100/898] s28000000053_p70 trunc=0/10131 7.074s
[101/898] s28000000043_p109 trunc=0/9961 11.987s
[102/898] s28000000054_p61 trunc=0/10016 7.59s
[103/898] s28000000051_p112 trunc=0/10587 9.314s
[104/898] s28000000052_p86 trunc=0/9052 9.184s
[105/898] s28000000045_p126 trunc=0/10749 12.932s
[106/898] s28000000050_p122 trunc=0/9735 10.395s
[107/898] s28000000059_p39 trunc=0/10389 4.354s
[108/898] s28000000061_p36 trunc=0/9901 4.229s
[109/898] s28000000053_p104 trunc=0/10661 10.421s
[110/898] s28000000058_p50 trunc=0/9496 5.875s
[111/898] s28000000059_p51 trunc=0/9742 5.331s
[112/898] s28000000056_p68 trunc=0/9680 7.977s
[113/898] s28000000060_p46 trunc=0/10722 6.142s
[114/898] s28000000055_p114 trunc=0/9196 11.17s
[115/898] s28000000063_p34 trunc=0/9821 3.879s
[116/898] s28000000042_p135 trunc=0/9888 17.661s
[117/898] s28000000061_p77 trunc=0/9099 5.856s
[118/898] s28000000052_p126 trunc=0/10428 13.042s
[119/898] s28000000058_p124 trunc=0/8789 8.094s
[120/898] s28000000055_p118 trunc=0/9214 11.704s
[121/898] s28000000057_p112 trunc=0/10044 10.318s
[122/898] s28000000067_p22 trunc=0/10533 3.753s
[123/898] s28000000069_p11 trunc=0/10169 2.467s
[124/898] s28000000063_p51 trunc=0/10170 6.381s
[125/898] s28000000054_p117 trunc=0/9869 14.483s
[126/898] s28000000072_p4 trunc=0/10266 1.781s
[127/898] s28000000071_p10 trunc=0/10232 2.314s
[128/898] s28000000060_p100 trunc=0/10061 10.008s
[129/898] s28000000071_p11 trunc=0/10545 2.388s
[130/898] s28000000070_p30 trunc=0/10407 4.376s
[131/898] s28000000062_p89 trunc=0/9940 10.862s
[132/898] s28000000074_p20 trunc=0/10101 3.339s
[133/898] s28000000057_p135 trunc=0/5165 15.607s
[134/898] s28000000064_p104 trunc=0/8342 10.78s
[135/898] s28000000073_p37 trunc=0/9669 4.948s
[136/898] s28000000062_p96 trunc=0/9994 12.002s
[137/898] s28000000068_p83 trunc=0/10366 9.536s
[138/898] s28000000070_p81 trunc=0/10001 8.726s
[139/898] s28000000080_p140 trunc=None/None 0.0004334449768066406s
[140/898] s28000000075_p82 trunc=0/8926 6.556s
[141/898] s28000000078_p17 trunc=0/9996 2.716s
[142/898] s28000000066_p85 trunc=0/9569 12.24s
[143/898] s28000000076_p52 trunc=0/10275 6.661s
[144/898] s28000000065_p143 trunc=0/24 12.797s
[145/898] s28000000064_p136 trunc=0/9333 13.452s
[146/898] s28000000046_p137 trunc=0/10279 26.959s
[147/898] s28000000067_p132 trunc=0/10917 12.399s
[148/898] s28000000073_p76 trunc=0/10320 8.592s
[149/898] s28000000066_p121 trunc=0/9688 13.786s
[150/898] s28000000083_p8 trunc=0/10559 1.943s
[151/898] s28000000068_p124 trunc=0/10617 12.595s
[152/898] s28000000084_p11 trunc=0/10192 2.024s
[153/898] s28000000079_p62 trunc=0/8950 5.589s
[154/898] s28000000080_p26 trunc=0/10571 4.292s
[155/898] s28000000069_p124 trunc=0/8671 13.595s
[156/898] s28000000072_p95 trunc=0/9535 12.261s
[157/898] s28000000065_p133 trunc=0/10334 17.355s
[158/898] s28000000079_p68 trunc=0/10004 6.756s
[159/898] s28000000078_p66 trunc=0/10795 7.485s
[160/898] s28000000085_p30 trunc=0/9591 3.531s
[161/898] s28000000074_p103 trunc=0/10799 11.837s
[162/898] s28000000081_p55 trunc=0/10509 5.969s
[163/898] s28000000075_p101 trunc=0/10715 11.917s
[164/898] s28000000092_p1 trunc=0/10047 1.328s
[165/898] s28000000087_p29 trunc=0/10479 4.066s
[166/898] s28000000082_p57 trunc=0/9894 7.24s
[167/898] s28000000077_p110 trunc=0/9960 11.606s
[168/898] s28000000083_p94 trunc=0/7558 7.149s
[169/898] s28000000093_p25 trunc=0/10301 3.512s
[170/898] s28000000077_p130 trunc=0/10700 13.238s
[171/898] s28000000087_p60 trunc=0/10171 7.002s
[172/898] s28000000094_p19 trunc=0/10804 3.152s
[173/898] s28000000081_p80 trunc=0/10602 10.045s
[174/898] s28000000090_p52 trunc=0/9080 5.362s
[175/898] s28000000089_p56 trunc=0/10112 6.277s
[176/898] s28000000076_p136 trunc=0/10994 15.704s
[177/898] s28000000095_p18 trunc=0/9695 3.182s
[178/898] s28000000094_p24 trunc=0/10629 3.682s
[179/898] s28000000085_p96 trunc=0/9606 9.756s
[180/898] s28000000089_p76 trunc=0/9028 6.67s
[181/898] s28000000092_p56 trunc=0/9512 6.413s
[182/898] s28000000088_p76 trunc=0/10679 8.391s
[183/898] s28000000086_p102 trunc=0/10304 10.256s
[184/898] s28000000082_p114 trunc=0/9949 12.565s
[185/898] s28000000096_p44 trunc=0/9574 4.767s
[186/898] s28000000086_p107 trunc=0/9925 11.39s
[187/898] s28000000102_p10 trunc=0/10044 2.325s
[188/898] s28000000088_p102 trunc=0/10534 10.568s
[189/898] s28000000091_p84 trunc=0/10176 9.061s
[190/898] s28000000103_p9 trunc=0/9851 1.893s
[191/898] s28000000091_p88 trunc=0/10711 9.598s
[192/898] s28000000097_p37 trunc=0/10475 5.158s
[193/898] s28000000101_p29 trunc=0/9721 3.629s
[194/898] s28000000084_p143 trunc=0/16 13.923s
[195/898] s28000000099_p49 trunc=0/10036 5.001s
[196/898] s28000000090_p116 trunc=0/9875 10.911s
[197/898] s28000000105_p10 trunc=0/9946 2.016s
[198/898] s28000000096_p57 trunc=0/9734 6.731s
[199/898] s28000000098_p60 trunc=0/9160 6.459s
[200/898] s28000000102_p37 trunc=0/10169 4.852s
[201/898] s28000000105_p16 trunc=0/10311 2.825s
[202/898] s28000000093_p98 trunc=0/9795 10.583s
[203/898] s28000000104_p30 trunc=0/9664 3.784s
[204/898] s28000000095_p130 trunc=0/7408 9.92s
[205/898] s28000000100_p66 trunc=0/10172 7.311s
[206/898] s28000000107_p24 trunc=0/10381 3.515s
[207/898] s28000000106_p30 trunc=0/10237 4.332s
[208/898] s28000000099_p120 trunc=0/9820 9.289s
[209/898] s28000000101_p103 trunc=0/10836 8.797s
[210/898] s28000000100_p86 trunc=0/10603 9.989s
[211/898] s28000000111_p33 trunc=0/8796 4.593s
[212/898] s28000000103_p71 trunc=0/9835 8.356s
[213/898] s28000000097_p116 trunc=0/9584 11.573s
[214/898] s28000000104_p91 trunc=0/9711 7.84s
[215/898] s28000000107_p73 trunc=0/9940 7.171s
[216/898] s28000000115_p35 trunc=0/9226 4.118s
[217/898] s28000000112_p70 trunc=0/8998 5.971s
[218/898] s28000000110_p94 trunc=0/10363 7.324s
[219/898] s28000000111_p76 trunc=0/10581 7.164s
[220/898] s28000000118_p14 trunc=0/10625 2.355s
[221/898] s28000000114_p62 trunc=0/8722 5.763s
[222/898] s28000000108_p93 trunc=0/9647 9.039s
[223/898] s28000000110_p98 trunc=0/9090 7.636s
[224/898] s28000000113_p66 trunc=0/9542 6.774s
[225/898] s28000000109_p96 trunc=0/9016 9.51s
[226/898] s28000000114_p81 trunc=0/9500 6.807s
[227/898] s28000000113_p80 trunc=0/9231 7.479s
[228/898] s28000000106_p89 trunc=0/10122 10.919s
[229/898] s28000000098_p125 trunc=0/8941 15.075s
[230/898] s28000000122_p5 trunc=0/9895 1.729s
[231/898] s28000000108_p102 trunc=0/10429 11.794s
[232/898] s28000000115_p65 trunc=0/10545 7.174s
[233/898] s28000000116_p57 trunc=0/10293 6.928s
[234/898] s28000000112_p118 trunc=0/10378 11.656s
[235/898] s28000000120_p55 trunc=0/10527 6.045s
[236/898] s28000000123_p33 trunc=0/9980 5.097s
[237/898] s28000000119_p54 trunc=0/10069 7.277s
[238/898] s28000000126_p30 trunc=0/9993 4.161s
[239/898] s28000000124_p37 trunc=0/9168 4.956s
[240/898] s28000000129_p8 trunc=0/10181 2.147s
[241/898] s28000000109_p133 trunc=0/8117 15.342s
[242/898] s28000000116_p106 trunc=0/10182 10.036s
[243/898] s28000000130_p7 trunc=0/10406 2.067s
[244/898] s28000000127_p47 trunc=0/9812 5.112s
[245/898] s28000000124_p72 trunc=0/9122 7.267s
[246/898] s28000000118_p100 trunc=0/8703 11.263s
[247/898] s28000000130_p20 trunc=0/10647 3.747s
[248/898] s28000000125_p94 trunc=0/9767 8.563s
[249/898] s28000000133_p12 trunc=0/10399 2.493s
[250/898] s28000000123_p114 trunc=0/9799 9.763s
[251/898] s28000000121_p112 trunc=0/10057 10.504s
[252/898] s28000000125_p96 trunc=0/9802 9.12s
[253/898] s28000000119_p126 trunc=0/10461 12.608s
[254/898] s28000000131_p43 trunc=0/10786 5.536s
[255/898] s28000000120_p111 trunc=0/9606 12.154s
[256/898] s28000000122_p103 trunc=0/9620 11.749s
[257/898] s28000000117_p124 trunc=0/9802 15.013s
[258/898] s28000000128_p72 trunc=0/9798 9.05s
[259/898] s28000000128_p78 trunc=0/9348 7.652s
[260/898] s28000000121_p141 trunc=0/552 12.671s
[261/898] s28000000132_p47 trunc=0/10460 5.783s
[262/898] s28000000136_p21 trunc=0/9482 3.191s
[263/898] s28000000134_p49 trunc=0/9987 4.996s
[264/898] s28000000126_p104 trunc=0/9579 12.063s
[265/898] s28000000136_p24 trunc=0/9864 3.638s
[266/898] s28000000131_p52 trunc=0/10182 6.773s
[267/898] s28000000138_p16 trunc=0/10201 2.951s
[268/898] s28000000140_p10 trunc=0/9899 2.32s
[269/898] s28000000117_p130 trunc=0/9596 17.458s
[270/898] s28000000138_p24 trunc=0/10968 3.456s
[271/898] s28000000133_p74 trunc=0/9424 6.916s
[272/898] s28000000129_p115 trunc=0/9725 10.396s
[273/898] s28000000142_p16 trunc=0/9830 2.88s
[274/898] s28000000127_p119 trunc=0/9063 12.805s
[275/898] s28000000145_p10 trunc=0/9734 2.195s
[276/898] s28000000132_p105 trunc=0/9996 9.288s
[277/898] s28000000135_p76 trunc=0/9948 7.308s
[278/898] s28000000139_p51 trunc=0/9014 6.052s
[279/898] s28000000134_p67 trunc=0/10500 8.632s
[280/898] s28000000144_p31 trunc=0/10358 4.434s
[281/898] s28000000145_p34 trunc=0/10105 4.125s
[282/898] s28000000148_p17 trunc=0/10482 2.825s
[283/898] s28000000150_p11 trunc=0/10133 2.163s
[284/898] s28000000143_p46 trunc=0/9926 6.529s
[285/898] s28000000147_p41 trunc=0/10265 4.909s
[286/898] s28000000137_p96 trunc=0/10666 10.052s
[287/898] s28000000146_p39 trunc=0/10535 5.895s
[288/898] s28000000141_p82 trunc=0/10338 9.029s
[289/898] s28000000141_p94 trunc=0/10378 8.999s
[290/898] s28000000151_p26 trunc=0/10064 3.863s
[291/898] s28000000154_p16 trunc=0/10207 2.312s
[292/898] s28000000139_p86 trunc=0/10661 10.636s
[293/898] s28000000152_p29 trunc=0/10061 3.975s
[294/898] s28000000140_p105 trunc=0/9078 10.355s
[295/898] s28000000144_p97 trunc=0/10726 9.015s
[296/898] s28000000137_p125 trunc=0/8747 13.613s
[297/898] s28000000146_p88 trunc=0/9829 9.316s
[298/898] s28000000152_p50 trunc=0/10786 5.658s
[299/898] s28000000142_p124 trunc=0/9606 11.309s
[300/898] s28000000148_p85 trunc=0/10462 8.641s
[301/898] s28000000153_p59 trunc=0/10058 6.716s
[302/898] s28000000157_p20 trunc=0/10534 3.273s
[303/898] s28000000135_p141 trunc=0/1104 16.108s
[304/898] s28000000160_p7 trunc=0/9916 2.045s
[305/898] s28000000156_p45 trunc=0/9114 4.982s
[306/898] s28000000147_p128 trunc=0/8073 11.31s
[307/898] s28000000155_p47 trunc=0/10544 6.326s
[308/898] s28000000157_p48 trunc=0/9140 5.189s
[309/898] s28000000161_p23 trunc=0/10158 3.519s
[310/898] s28000000158_p49 trunc=0/10315 5.622s
[311/898] s28000000159_p39 trunc=0/10916 5.339s
[312/898] s28000000151_p95 trunc=0/10605 10.461s
[313/898] s28000000150_p103 trunc=0/9317 11.58s
[314/898] s28000000159_p40 trunc=0/10836 5.283s
[315/898] s28000000167_p2 trunc=0/10274 1.399s
[316/898] s28000000154_p104 trunc=0/10369 9.835s
[317/898] s28000000166_p11 trunc=0/9869 2.449s
[318/898] s28000000149_p114 trunc=0/9812 14.12s
[319/898] s28000000168_p1 trunc=0/10766 1.509s
[320/898] s28000000156_p127 trunc=0/8044 9.903s
[321/898] s28000000169_p5 trunc=0/10490 1.846s
[322/898] s28000000149_p123 trunc=0/10149 15.214s
[323/898] s28000000153_p115 trunc=0/10332 11.883s
[324/898] s28000000160_p68 trunc=0/10070 7.391s
[325/898] s28000000162_p56 trunc=0/10219 6.553s
[326/898] s28000000165_p46 trunc=0/9636 5.638s
[327/898] s28000000162_p88 trunc=0/10147 7.486s
[328/898] s28000000169_p18 trunc=0/10615 2.872s
[329/898] s28000000174_p3 trunc=0/10510 1.619s
[330/898] s28000000161_p132 trunc=0/9978 9.747s
[331/898] s28000000171_p27 trunc=0/9940 3.71s
[332/898] s28000000166_p69 trunc=0/10371 7.797s
[333/898] s28000000164_p73 trunc=0/10549 9.753s
[334/898] s28000000164_p83 trunc=0/10855 9.582s
[335/898] s28000000158_p118 trunc=0/10092 13.937s
[336/898] s28000000170_p49 trunc=0/10424 6.826s
[337/898] s28000000177_p3 trunc=0/9616 2.922s
[338/898] s28000000163_p78 trunc=0/10106 11.644s
[339/898] s28000000155_p116 trunc=0/9817 16.282s
[340/898] s28000000143_p139 trunc=0/5646 24.262s
[341/898] s28000000179_p7 trunc=0/10301 2.619s
[342/898] s28000000170_p88 trunc=0/10041 9.105s
[343/898] s28000000173_p59 trunc=0/10703 7.941s
[344/898] s28000000167_p132 trunc=0/9083 11.356s
[345/898] s28000000163_p108 trunc=0/9814 14.194s
[346/898] s28000000165_p105 trunc=0/8761 12.975s
[347/898] s28000000180_p24 trunc=0/10016 3.337s
[348/898] s28000000172_p67 trunc=0/10362 9.45s
[349/898] s28000000177_p53 trunc=0/9481 5.664s
[350/898] s28000000179_p38 trunc=0/10100 4.912s
[351/898] s28000000173_p120 trunc=0/8767 10.559s
[352/898] s28000000174_p65 trunc=0/10797 10.058s
[353/898] s28000000172_p82 trunc=0/10638 11.053s
[354/898] s28000000178_p58 trunc=0/9820 6.6s
[355/898] s28000000176_p68 trunc=0/9672 9.693s
[356/898] s28000000181_p52 trunc=0/9690 5.557s
[357/898] s28000000175_p86 trunc=0/10477 10.626s
[358/898] s28000000181_p76 trunc=0/10820 5.754s
[359/898] s28000000188_p3 trunc=0/10665 1.553s
[360/898] s28000000168_p121 trunc=0/10058 15.152s
[361/898] s28000000176_p92 trunc=0/10254 10.605s
[362/898] s28000000180_p94 trunc=0/9458 7.762s
[363/898] s28000000183_p63 trunc=0/9952 5.702s
[364/898] s28000000188_p19 trunc=0/10584 2.864s
[365/898] s28000000171_p120 trunc=0/10199 14.555s
[366/898] s28000000178_p96 trunc=0/10672 9.872s
[367/898] s28000000189_p20 trunc=0/9976 3.219s
[368/898] s28000000187_p34 trunc=0/10352 4.726s
[369/898] s28000000182_p84 trunc=0/9597 8.046s
[370/898] s28000000185_p69 trunc=0/10625 7.098s
[371/898] s28000000194_p16 trunc=0/10254 2.539s
[372/898] s28000000184_p75 trunc=0/10387 9.344s
[373/898] s28000000175_p135 trunc=0/9827 16.771s
[374/898] s28000000184_p77 trunc=0/9262 9.548s
[375/898] s28000000189_p68 trunc=0/10520 6.889s
[376/898] s28000000192_p46 trunc=0/9971 5.694s
[377/898] s28000000185_p102 trunc=0/10820 9.831s
[378/898] s28000000183_p91 trunc=0/10894 10.838s
[379/898] s28000000182_p111 trunc=0/10198 11.606s
[380/898] s28000000191_p57 trunc=0/10633 7.4s
[381/898] s28000000186_p116 trunc=0/9810 10.247s
[382/898] s28000000190_p88 trunc=0/10768 8.373s
[383/898] s28000000197_p25 trunc=0/9101 3.654s
[384/898] s28000000199_p15 trunc=0/9690 2.753s
[385/898] s28000000195_p61 trunc=0/10738 6.666s
[386/898] s28000000187_p133 trunc=0/6487 10.829s
[387/898] s28000000196_p57 trunc=0/9417 6.397s
[388/898] s28000000202_p7 trunc=0/10027 1.836s
[389/898] s28000000193_p83 trunc=0/8731 8.563s
[390/898] s28000000200_p23 trunc=0/9691 3.564s
[391/898] s28000000192_p74 trunc=0/10101 9.218s
[392/898] s28000000203_p15 trunc=0/10397 2.618s
[393/898] s28000000191_p86 trunc=0/10219 10.503s
[394/898] s28000000186_p132 trunc=0/8788 12.829s
[395/898] s28000000195_p79 trunc=0/9184 8.173s
[396/898] s28000000196_p73 trunc=0/9154 7.733s
[397/898] s28000000199_p60 trunc=0/9833 5.455s
[398/898] s28000000190_p106 trunc=0/10237 12.499s
[399/898] s28000000206_p16 trunc=0/10453 2.93s
[400/898] s28000000202_p50 trunc=0/10596 5.658s
[401/898] s28000000206_p25 trunc=0/10253 3.479s
[402/898] s28000000193_p94 trunc=0/10132 12.217s
[403/898] s28000000210_p12 trunc=0/10054 2.439s
[404/898] s28000000211_p9 trunc=0/9944 1.962s
[405/898] s28000000210_p15 trunc=0/8966 2.765s
[406/898] s28000000200_p108 trunc=0/9141 8.532s
[407/898] s28000000208_p41 trunc=0/9474 4.724s
[408/898] s28000000198_p82 trunc=0/9883 9.92s
[409/898] s28000000194_p131 trunc=0/9858 13.511s
[410/898] s28000000201_p105 trunc=0/9837 8.737s
[411/898] s28000000208_p84 trunc=0/9370 6.116s
[412/898] s28000000197_p105 trunc=0/9620 11.399s
[413/898] s28000000217_p142 trunc=None/None 0.0004990100860595703s
[414/898] s28000000203_p96 trunc=0/9324 8.322s
[415/898] s28000000198_p101 trunc=0/10198 11.445s
[416/898] s28000000201_p108 trunc=0/10566 10.126s
[417/898] s28000000216_p21 trunc=0/10823 3.266s
[418/898] s28000000205_p90 trunc=0/9692 9.54s
[419/898] s28000000212_p58 trunc=0/9953 5.518s
[420/898] s28000000204_p112 trunc=0/8843 10.726s
[421/898] s28000000207_p95 trunc=0/10442 9.48s
[422/898] s28000000213_p49 trunc=0/10553 6.076s
[423/898] s28000000207_p111 trunc=0/9023 10.078s
[424/898] s28000000204_p123 trunc=0/9444 11.693s
[425/898] s28000000209_p95 trunc=0/10183 10.137s
[426/898] s28000000205_p121 trunc=0/10006 11.717s
[427/898] s28000000222_p11 trunc=0/10272 2.063s
[428/898] s28000000215_p68 trunc=0/10500 7.598s
[429/898] s28000000218_p53 trunc=0/9558 6.612s
[430/898] s28000000209_p114 trunc=0/10304 12.923s
[431/898] s28000000218_p59 trunc=0/10060 7.379s
[432/898] s28000000222_p38 trunc=0/10323 4.524s
[433/898] s28000000215_p80 trunc=0/10078 9.4s
[434/898] s28000000223_p43 trunc=0/10643 4.344s
[435/898] s28000000216_p102 trunc=0/8706 9.275s
[436/898] s28000000211_p108 trunc=0/10187 12.328s
[437/898] s28000000224_p38 trunc=0/9275 4.661s
[438/898] s28000000213_p83 trunc=0/9947 11.406s
[439/898] s28000000219_p52 trunc=0/9957 8.712s
[440/898] s28000000226_p9 trunc=0/10293 2.684s
[441/898] s28000000228_p2 trunc=0/10435 1.921s
[442/898] s28000000220_p73 trunc=0/8591 7.979s
[443/898] s28000000232_p142 trunc=None/None 0.0005583763122558594s
[444/898] s28000000214_p97 trunc=0/9765 12.386s
[445/898] s28000000233_p142 trunc=None/None 0.00046706199645996094s
[446/898] s28000000220_p70 trunc=0/10461 8.182s
[447/898] s28000000214_p101 trunc=0/9510 11.894s
[448/898] s28000000217_p103 trunc=0/8523 10.982s
[449/898] s28000000230_p26 trunc=0/10680 3.233s
[450/898] s28000000219_p114 trunc=0/10172 11.503s
[451/898] s28000000226_p36 trunc=0/10271 5.243s
[452/898] s28000000228_p36 trunc=0/10302 5.078s
[453/898] s28000000230_p68 trunc=0/8619 4.123s
[454/898] s28000000223_p102 trunc=0/8671 9.942s
[455/898] s28000000225_p82 trunc=0/10344 9.329s
[456/898] s28000000227_p55 trunc=0/10433 7.015s
[457/898] s28000000236_p17 trunc=0/10457 2.592s
[458/898] s28000000227_p68 trunc=0/9988 7.071s
[459/898] s28000000229_p71 trunc=0/10337 7.399s
[460/898] s28000000224_p99 trunc=0/10766 11.126s
[461/898] s28000000221_p115 trunc=0/9214 13.455s
[462/898] s28000000237_p22 trunc=0/9982 3.357s
[463/898] s28000000212_p133 trunc=0/10099 19.633s
[464/898] s28000000229_p92 trunc=0/10059 7.842s
[465/898] s28000000239_p14 trunc=0/10356 2.498s
[466/898] s28000000241_p13 trunc=0/9619 2.48s
[467/898] s28000000234_p66 trunc=0/10557 8.4s
[468/898] s28000000225_p116 trunc=0/9613 12.441s
[469/898] s28000000235_p80 trunc=0/9967 7.961s
[470/898] s28000000239_p51 trunc=0/9798 5.306s
[471/898] s28000000235_p79 trunc=0/10394 9.617s
[472/898] s28000000236_p117 trunc=0/8680 7.661s
[473/898] s28000000244_p21 trunc=0/10580 3.139s
[474/898] s28000000233_p103 trunc=0/10064 10.469s
[475/898] s28000000221_p121 trunc=0/9937 17.878s
[476/898] s28000000240_p53 trunc=0/10242 5.951s
[477/898] s28000000249_p142 trunc=None/None 0.0006022453308105469s
[478/898] s28000000232_p122 trunc=0/10624 10.816s
[479/898] s28000000238_p71 trunc=0/10448 8.073s
[480/898] s28000000231_p111 trunc=0/10089 12.337s
[481/898] s28000000240_p59 trunc=0/10623 6.986s
[482/898] s28000000237_p85 trunc=0/9139 9.179s
[483/898] s28000000243_p43 trunc=0/10489 5.989s
[484/898] s28000000245_p27 trunc=0/9943 3.824s
[485/898] s28000000245_p28 trunc=0/10556 4.047s
[486/898] s28000000238_p76 trunc=0/10509 8.906s
[487/898] s28000000234_p124 trunc=0/11008 12.934s
[488/898] s28000000231_p119 trunc=0/9719 13.938s
[489/898] s28000000252_p1 trunc=0/10162 1.379s
[490/898] s28000000241_p87 trunc=0/10226 8.615s
[491/898] s28000000250_p23 trunc=0/9808 3.738s
[492/898] s28000000253_p9 trunc=0/10497 2.253s
[493/898] s28000000244_p70 trunc=0/11008 7.46s
[494/898] s28000000251_p38 trunc=0/7794 4.199s
[495/898] s28000000253_p25 trunc=0/10722 3.27s
[496/898] s28000000248_p66 trunc=0/9524 5.941s
[497/898] s28000000247_p50 trunc=0/10386 6.178s
[498/898] s28000000254_p27 trunc=0/9601 3.851s
[499/898] s28000000242_p133 trunc=0/9699 11.124s
[500/898] s28000000249_p62 trunc=0/9350 6.503s
[501/898] s28000000246_p95 trunc=0/10076 8.375s
[502/898] s28000000243_p136 trunc=0/10887 10.589s
[503/898] s28000000255_p49 trunc=0/9317 4.546s
[504/898] s28000000242_p136 trunc=0/9733 12.026s
[505/898] s28000000256_p46 trunc=0/9519 4.827s
[506/898] s28000000262_p6 trunc=0/10526 1.964s
[507/898] s28000000248_p85 trunc=0/10976 8.8s
[508/898] s28000000259_p31 trunc=0/9869 4.253s
[509/898] s28000000257_p47 trunc=0/9829 5.537s
[510/898] s28000000255_p70 trunc=0/10463 6.742s
[511/898] s28000000250_p98 trunc=0/10215 9.96s
[512/898] s28000000263_p19 trunc=0/10414 3.061s
[513/898] s28000000262_p26 trunc=0/9862 3.55s
[514/898] s28000000247_p93 trunc=0/9996 11.132s
[515/898] s28000000265_p4 trunc=0/10256 1.838s
[516/898] s28000000261_p33 trunc=0/10527 4.384s
[517/898] s28000000252_p81 trunc=0/10260 9.017s
[518/898] s28000000246_p126 trunc=0/10134 12.438s
[519/898] s28000000263_p32 trunc=0/10121 4.488s
[520/898] s28000000254_p122 trunc=0/7107 9.771s
[521/898] s28000000260_p62 trunc=0/9236 7.003s
[522/898] s28000000265_p27 trunc=0/10829 3.966s
[523/898] s28000000259_p108 trunc=0/10427 8.451s
[524/898] s28000000257_p92 trunc=0/9905 9.756s
[525/898] s28000000256_p114 trunc=0/9768 10.434s
[526/898] s28000000251_p128 trunc=0/10414 13.149s
[527/898] s28000000261_p59 trunc=0/10442 7.777s
[528/898] s28000000264_p80 trunc=0/8681 7.474s
[529/898] s28000000266_p49 trunc=0/10223 5.774s
[530/898] s28000000272_p15 trunc=0/9460 2.724s
[531/898] s28000000258_p100 trunc=0/10626 10.868s
[532/898] s28000000269_p52 trunc=0/9922 5.351s
[533/898] s28000000258_p132 trunc=0/9566 11.258s
[534/898] s28000000276_p2 trunc=0/10078 1.504s
[535/898] s28000000272_p35 trunc=0/9271 4.389s
[536/898] s28000000268_p74 trunc=0/9679 7.637s
[537/898] s28000000264_p107 trunc=0/9569 9.334s
[538/898] s28000000274_p29 trunc=0/10354 4.096s
[539/898] s28000000267_p74 trunc=0/10072 8.19s
[540/898] s28000000275_p25 trunc=0/10334 4.044s
[541/898] s28000000270_p61 trunc=0/10946 7.744s
[542/898] s28000000278_p23 trunc=0/10035 2.77s
[543/898] s28000000276_p29 trunc=0/9856 3.858s
[544/898] s28000000269_p82 trunc=0/10673 9.178s
[545/898] s28000000277_p25 trunc=0/9674 4.049s
[546/898] s28000000274_p47 trunc=0/10190 5.914s
[547/898] s28000000270_p67 trunc=0/10619 8.286s
[548/898] s28000000271_p73 trunc=0/10442 9.334s
[549/898] s28000000266_p119 trunc=0/10532 11.773s
[550/898] s28000000281_p17 trunc=0/9871 2.996s
[551/898] s28000000284_p22 trunc=0/9864 3.85s
[552/898] s28000000273_p86 trunc=0/10955 10.089s
[553/898] s28000000287_p140 trunc=None/None 0.0005064010620117188s
[554/898] s28000000273_p103 trunc=0/9188 10.49s
[555/898] s28000000279_p55 trunc=0/10634 6.903s
[556/898] s28000000268_p107 trunc=0/10062 14.391s
[557/898] s28000000282_p63 trunc=0/9999 7.114s
[558/898] s28000000278_p106 trunc=0/10554 9.233s
[559/898] s28000000277_p94 trunc=0/9755 10.148s
[560/898] s28000000267_p143 trunc=0/24 15.882s
[561/898] s28000000288_p12 trunc=0/9858 2.342s
[562/898] s28000000281_p70 trunc=0/10106 8.37s
[563/898] s28000000280_p78 trunc=0/9984 8.785s
[564/898] s28000000290_p1 trunc=0/10694 1.437s
[565/898] s28000000285_p63 trunc=0/10576 7.098s
[566/898] s28000000280_p85 trunc=0/10552 9.266s
[567/898] s28000000275_p125 trunc=0/9980 12.893s
[568/898] s28000000271_p139 trunc=0/3974 15.985s
[569/898] s28000000285_p79 trunc=0/9975 7.43s
[570/898] s28000000260_p137 trunc=0/9565 22.697s
[571/898] s28000000279_p120 trunc=0/9904 11.106s
[572/898] s28000000291_p19 trunc=0/10532 3.128s
[573/898] s28000000289_p36 trunc=0/10674 4.644s
[574/898] s28000000283_p92 trunc=0/10675 10.225s
[575/898] s28000000286_p98 trunc=0/9309 8.652s
[576/898] s28000000290_p28 trunc=0/8999 4.212s
[577/898] s28000000286_p100 trunc=0/10361 8.786s
[578/898] s28000000294_p23 trunc=0/10110 3.605s
[579/898] s28000000282_p114 trunc=0/10000 11.745s
[580/898] s28000000293_p29 trunc=0/10097 3.938s
[581/898] s28000000289_p65 trunc=0/10071 6.561s
[582/898] s28000000287_p77 trunc=0/8303 7.76s
[583/898] s28000000298_p8 trunc=0/10012 2.148s
[584/898] s28000000294_p29 trunc=0/10017 4.273s
[585/898] s28000000283_p128 trunc=0/10672 12.001s
[586/898] s28000000292_p43 trunc=0/10406 5.732s
[587/898] s28000000296_p30 trunc=0/10024 3.708s
[588/898] s28000000299_p14 trunc=0/9961 2.623s
[589/898] s28000000305_p140 trunc=None/None 0.00034618377685546875s
[590/898] s28000000304_p3 trunc=0/10579 1.63s
[591/898] s28000000292_p62 trunc=0/10020 7.276s
[592/898] s28000000288_p115 trunc=0/10139 10.085s
[593/898] s28000000306_p8 trunc=0/10743 2.184s
[594/898] s28000000284_p114 trunc=0/10134 14.714s
[595/898] s28000000293_p82 trunc=0/9590 7.714s
[596/898] s28000000298_p55 trunc=0/9974 5.76s
[597/898] s28000000300_p44 trunc=0/9951 5.062s
[598/898] s28000000296_p63 trunc=0/10651 6.617s
[599/898] s28000000295_p70 trunc=0/9600 7.326s
[600/898] s28000000302_p37 trunc=0/10463 4.538s
[601/898] s28000000302_p46 trunc=0/9095 4.699s
[602/898] s28000000310_p1 trunc=0/10311 1.383s
[603/898] s28000000299_p55 trunc=0/10206 6.583s
[604/898] s28000000301_p53 trunc=0/10317 6.041s
[605/898] s28000000306_p23 trunc=0/9338 3.343s
[606/898] s28000000295_p89 trunc=0/9316 9.293s
[607/898] s28000000310_p8 trunc=0/10692 2.303s
[608/898] s28000000308_p25 trunc=0/10783 3.772s
[609/898] s28000000291_p136 trunc=0/8469 13.347s
[610/898] s28000000301_p87 trunc=0/9922 9.005s
[611/898] s28000000297_p99 trunc=0/8763 11.496s
[612/898] s28000000315_p22 trunc=0/10294 3.178s
[613/898] s28000000307_p63 trunc=0/10409 6.781s
[614/898] s28000000313_p36 trunc=0/10066 4.372s
[615/898] s28000000304_p92 trunc=0/9804 9.174s
[616/898] s28000000303_p111 trunc=0/7997 9.854s
[617/898] s28000000319_p142 trunc=None/None 0.0007236003875732422s
[618/898] s28000000316_p18 trunc=0/10067 2.506s
[619/898] s28000000312_p46 trunc=0/10004 5.885s
[620/898] s28000000311_p65 trunc=0/9922 6.659s
[621/898] s28000000303_p105 trunc=0/9375 11.025s
[622/898] s28000000316_p21 trunc=0/9965 2.887s
[623/898] s28000000297_p112 trunc=0/10777 13.503s
[624/898] s28000000305_p97 trunc=0/9766 10.893s
[625/898] s28000000312_p58 trunc=0/9486 6.664s
[626/898] s28000000309_p99 trunc=0/9921 8.906s
[627/898] s28000000311_p68 trunc=0/9826 8.118s
[628/898] s28000000307_p108 trunc=0/9811 9.987s
[629/898] s28000000308_p88 trunc=0/9273 9.68s
[630/898] s28000000300_p138 trunc=0/10848 14.375s
[631/898] s28000000318_p32 trunc=0/9622 4.332s
[632/898] s28000000317_p37 trunc=0/10097 4.695s
[633/898] s28000000323_p14 trunc=0/10710 3.016s
[634/898] s28000000323_p22 trunc=0/10104 2.631s
[635/898] s28000000318_p39 trunc=0/9838 5.165s
[636/898] s28000000309_p101 trunc=0/9839 11.215s
[637/898] s28000000320_p39 trunc=0/10900 4.772s
[638/898] s28000000313_p83 trunc=0/9733 9.653s
[639/898] s28000000326_p9 trunc=0/10142 2.307s
[640/898] s28000000328_p8 trunc=0/10103 2.113s
[641/898] s28000000320_p55 trunc=0/10735 6.21s
[642/898] s28000000325_p32 trunc=0/10508 4.097s
[643/898] s28000000321_p61 trunc=0/10147 6.335s
[644/898] s28000000319_p76 trunc=0/10850 7.512s
[645/898] s28000000324_p54 trunc=0/10744 6.736s
[646/898] s28000000315_p124 trunc=0/10739 11.751s
[647/898] s28000000325_p64 trunc=0/9835 5.981s
[648/898] s28000000332_p16 trunc=0/10336 2.89s
[649/898] s28000000324_p74 trunc=0/9658 8.115s
[650/898] s28000000331_p37 trunc=0/10646 5.154s
[651/898] s28000000332_p26 trunc=0/10514 3.707s
[652/898] s28000000328_p58 trunc=0/10923 6.41s
[653/898] s28000000314_p126 trunc=0/9228 15.95s
[654/898] s28000000322_p112 trunc=0/10294 10.533s
[655/898] s28000000322_p114 trunc=0/10475 10.419s
[656/898] s28000000337_p1 trunc=0/10456 2.074s
[657/898] s28000000317_p115 trunc=0/9498 13.807s
[658/898] s28000000326_p70 trunc=0/9714 9.47s
[659/898] s28000000333_p51 trunc=0/10102 6.357s
[660/898] s28000000321_p127 trunc=0/9156 12.951s
[661/898] s28000000330_p73 trunc=0/10138 9.216s
[662/898] s28000000327_p91 trunc=0/10298 10.497s
[663/898] s28000000331_p73 trunc=0/9918 8.185s
[664/898] s28000000329_p102 trunc=0/10856 10.22s
[665/898] s28000000335_p53 trunc=0/10483 6.612s
[666/898] s28000000333_p75 trunc=0/10386 8.978s
[667/898] s28000000330_p99 trunc=0/10053 11.185s
[668/898] s28000000336_p44 trunc=0/10336 5.907s
[669/898] s28000000338_p41 trunc=0/9840 5.138s
[670/898] s28000000314_p136 trunc=0/9616 20.852s
[671/898] s28000000335_p73 trunc=0/10064 7.47s
[672/898] s28000000339_p49 trunc=0/10347 5.705s
[673/898] s28000000344_p16 trunc=0/10345 2.711s
[674/898] s28000000334_p91 trunc=0/10944 10.039s
[675/898] s28000000346_p11 trunc=0/10630 2.408s
[676/898] s28000000341_p70 trunc=0/10464 5.931s
[677/898] s28000000329_p115 trunc=0/10676 14.591s
[678/898] s28000000334_p143 trunc=0/24 10.909s
[679/898] s28000000340_p49 trunc=0/10388 6.641s
[680/898] s28000000338_p86 trunc=0/9318 8.602s
[681/898] s28000000348_p8 trunc=0/8942 2.023s
[682/898] s28000000339_p88 trunc=0/10696 7.989s
[683/898] s28000000342_p52 trunc=0/10212 6.861s
[684/898] s28000000337_p85 trunc=0/9765 10.182s
[685/898] s28000000343_p76 trunc=0/9113 6.163s
[686/898] s28000000343_p64 trunc=0/10413 7.267s
[687/898] s28000000347_p46 trunc=0/9776 4.839s
[688/898] s28000000327_p132 trunc=0/9596 18.268s
[689/898] s28000000345_p65 trunc=0/9885 6.532s
[690/898] s28000000345_p50 trunc=0/10313 6.676s
[691/898] s28000000354_p8 trunc=0/10336 1.932s
[692/898] s28000000347_p53 trunc=0/10429 5.786s
[693/898] s28000000351_p24 trunc=0/10736 3.39s
[694/898] s28000000342_p80 trunc=0/10184 8.905s
[695/898] s28000000340_p136 trunc=0/7660 10.434s
[696/898] s28000000344_p96 trunc=0/10089 7.601s
[697/898] s28000000346_p58 trunc=0/10863 7.077s
[698/898] s28000000341_p117 trunc=0/9954 10.605s
[699/898] s28000000356_p12 trunc=0/10665 2.138s
[700/898] s28000000353_p27 trunc=0/10595 4.128s
[701/898] s28000000361_p142 trunc=None/None 0.00035452842712402344s
[702/898] s28000000349_p59 trunc=0/10451 6.417s
[703/898] s28000000348_p64 trunc=0/10095 6.952s
[704/898] s28000000350_p50 trunc=0/10026 6.499s
[705/898] s28000000350_p78 trunc=0/10496 7.368s
[706/898] s28000000353_p47 trunc=0/9853 6.256s
[707/898] s28000000355_p51 trunc=0/10513 5.653s
[708/898] s28000000336_p126 trunc=0/10758 17.164s
[709/898] s28000000360_p23 trunc=0/10709 3.746s
[710/898] s28000000351_p70 trunc=0/10174 7.523s
[711/898] s28000000352_p78 trunc=0/9993 8.53s
[712/898] s28000000352_p118 trunc=0/8944 8.438s
[713/898] s28000000363_p29 trunc=0/10533 3.481s
[714/898] s28000000366_p22 trunc=0/10130 3.068s
[715/898] s28000000355_p132 trunc=0/11001 8.664s
[716/898] s28000000359_p68 trunc=0/10461 7.902s
[717/898] s28000000367_p17 trunc=0/9573 2.81s
[718/898] s28000000369_p5 trunc=0/10262 1.611s
[719/898] s28000000363_p67 trunc=0/10263 6.664s
[720/898] s28000000360_p74 trunc=0/10600 8.993s
[721/898] s28000000349_p116 trunc=0/10761 14.206s
[722/898] s28000000362_p77 trunc=0/9647 8.492s
[723/898] s28000000356_p133 trunc=0/7437 10.831s
[724/898] s28000000357_p108 trunc=0/10582 10.64s
[725/898] s28000000358_p117 trunc=0/9453 11.245s
[726/898] s28000000354_p133 trunc=0/9470 13.675s
[727/898] s28000000357_p131 trunc=0/10478 12.771s
[728/898] s28000000359_p108 trunc=0/9552 12.414s
[729/898] s28000000371_p26 trunc=0/10781 3.601s
[730/898] s28000000368_p61 trunc=0/10439 7.198s
[731/898] s28000000374_p20 trunc=0/10208 3.01s
[732/898] s28000000365_p115 trunc=0/9621 10.242s
[733/898] s28000000367_p95 trunc=0/9969 8.867s
[734/898] s28000000365_p124 trunc=0/10144 10.349s
[735/898] s28000000375_p14 trunc=0/10309 2.641s
[736/898] s28000000377_p1 trunc=0/10717 1.34s
[737/898] s28000000370_p55 trunc=0/9858 7.458s
[738/898] s28000000375_p25 trunc=0/9444 3.478s
[739/898] s28000000371_p60 trunc=0/9927 6.701s
[740/898] s28000000364_p117 trunc=0/9749 12.839s
[741/898] s28000000369_p88 trunc=0/9253 8.965s
[742/898] s28000000358_p131 trunc=0/10234 17.414s
[743/898] s28000000382_p142 trunc=None/None 0.0005578994750976562s
[744/898] s28000000373_p62 trunc=0/10191 6.955s
[745/898] s28000000364_p141 trunc=0/1936 13.436s
[746/898] s28000000370_p84 trunc=0/9450 9.047s
[747/898] s28000000368_p107 trunc=0/8893 11.195s
[748/898] s28000000374_p54 trunc=0/10330 6.634s
[749/898] s28000000372_p74 trunc=0/10051 8.924s
[750/898] s28000000362_p122 trunc=0/10996 17.318s
[751/898] s28000000373_p100 trunc=0/10282 9.006s
[752/898] s28000000376_p64 trunc=0/9259 6.595s
[753/898] s28000000384_p16 trunc=0/10729 2.74s
[754/898] s28000000372_p132 trunc=0/9746 10.017s
[755/898] s28000000388_p140 trunc=None/None 0.0005967617034912109s
[756/898] s28000000377_p62 trunc=0/9194 5.741s
[757/898] s28000000387_p1 trunc=0/10136 1.388s
[758/898] s28000000366_p136 trunc=0/10678 17.813s
[759/898] s28000000388_p6 trunc=0/10084 2.198s
[760/898] s28000000379_p68 trunc=0/10502 7.065s
[761/898] s28000000380_p62 trunc=0/10338 7.393s
[762/898] s28000000385_p28 trunc=0/10381 4.775s
[763/898] s28000000376_p122 trunc=0/10912 10.538s
[764/898] s28000000378_p70 trunc=0/10518 9.286s
[765/898] s28000000389_p22 trunc=0/10810 3.565s
[766/898] s28000000383_p52 trunc=0/10665 6.566s
[767/898] s28000000381_p68 trunc=0/10395 7.406s
[768/898] s28000000378_p84 trunc=0/10424 9.38s
[769/898] s28000000361_p138 trunc=0/7763 22.618s
[770/898] s28000000390_p32 trunc=0/10307 4.177s
[771/898] s28000000382_p70 trunc=0/10816 8.084s
[772/898] s28000000380_p94 trunc=0/9444 8.904s
[773/898] s28000000394_p10 trunc=0/8717 1.894s
[774/898] s28000000386_p72 trunc=0/10528 7.023s
[775/898] s28000000390_p36 trunc=0/10485 3.998s
[776/898] s28000000381_p75 trunc=0/10590 10.165s
[777/898] s28000000392_p27 trunc=0/10062 3.671s
[778/898] s28000000386_p88 trunc=0/10451 7.674s
[779/898] s28000000392_p35 trunc=0/9068 3.836s
[780/898] s28000000398_p2 trunc=0/9868 1.505s
[781/898] s28000000401_p140 trunc=None/None 0.0005643367767333984s
[782/898] s28000000396_p26 trunc=0/10580 3.291s
[783/898] s28000000400_p2 trunc=0/10247 1.596s
[784/898] s28000000393_p49 trunc=0/10661 5.336s
[785/898] s28000000383_p95 trunc=0/10461 11.697s
[786/898] s28000000396_p36 trunc=0/10495 4.406s
[787/898] s28000000402_p13 trunc=0/9930 2.268s
[788/898] s28000000403_p2 trunc=0/9988 1.323s
[789/898] s28000000391_p69 trunc=0/10765 7.648s
[790/898] s28000000387_p80 trunc=0/9739 10.611s
[791/898] s28000000399_p36 trunc=0/9208 3.93s
[792/898] s28000000385_p103 trunc=0/10040 11.42s
[793/898] s28000000393_p55 trunc=0/10081 6.632s
[794/898] s28000000384_p117 trunc=0/10516 12.97s
[795/898] s28000000379_p139 trunc=0/3800 15.639s
[796/898] s28000000401_p31 trunc=0/10259 4.116s
[797/898] s28000000389_p111 trunc=0/9929 11.344s
[798/898] s28000000391_p90 trunc=0/10621 9.486s
[799/898] s28000000397_p76 trunc=0/9860 7.301s
[800/898] s28000000399_p70 trunc=0/9921 5.788s
[801/898] s28000000408_p10 trunc=0/10133 2.155s
[802/898] s28000000397_p89 trunc=0/10338 7.812s
[803/898] s28000000407_p21 trunc=0/9729 3.26s
[804/898] s28000000406_p26 trunc=0/10927 3.474s
[805/898] s28000000408_p11 trunc=0/10298 2.4s
[806/898] s28000000398_p77 trunc=0/9795 7.814s
[807/898] s28000000404_p36 trunc=0/10666 4.882s
[808/898] s28000000403_p47 trunc=0/10560 5.597s
[809/898] s28000000395_p85 trunc=0/9960 10.518s
[810/898] s28000000407_p38 trunc=0/10155 4.72s
[811/898] s28000000402_p124 trunc=0/10331 7.995s
[812/898] s28000000411_p20 trunc=0/9943 3.47s
[813/898] s28000000395_p109 trunc=0/9641 12.135s
[814/898] s28000000410_p45 trunc=0/9271 4.666s
[815/898] s28000000414_p20 trunc=0/10171 2.847s
[816/898] s28000000410_p48 trunc=0/9592 4.869s
[817/898] s28000000404_p124 trunc=0/9064 7.305s
[818/898] s28000000416_p15 trunc=0/10143 2.613s
[819/898] s28000000400_p120 trunc=0/9956 10.453s
[820/898] s28000000409_p51 trunc=0/9974 6.365s
[821/898] s28000000418_p5 trunc=0/9596 1.575s
[822/898] s28000000394_p121 trunc=0/10252 14.36s
[823/898] s28000000422_p142 trunc=None/None 0.0003688335418701172s
[824/898] s28000000415_p34 trunc=0/10486 4.851s
[825/898] s28000000423_p140 trunc=None/None 0.0005276203155517578s
[826/898] s28000000416_p32 trunc=0/9883 4.03s
[827/898] s28000000405_p85 trunc=0/10819 10.053s
[828/898] s28000000423_p3 trunc=0/10915 1.588s
[829/898] s28000000417_p36 trunc=0/10505 4.734s
[830/898] s28000000411_p69 trunc=0/10371 7.956s
[831/898] s28000000406_p92 trunc=0/9542 10.561s
[832/898] s28000000413_p69 trunc=0/10630 8.193s
[833/898] s28000000427_p140 trunc=None/None 0.0005431175231933594s
[834/898] s28000000412_p81 trunc=0/10437 9.111s
[835/898] s28000000426_p11 trunc=0/9543 2.03s
[836/898] s28000000405_p109 trunc=0/10543 12.935s
[837/898] s28000000421_p52 trunc=0/10760 6.41s
[838/898] s28000000414_p96 trunc=0/9914 10.031s
[839/898] s28000000422_p66 trunc=0/9201 6.257s
[840/898] s28000000426_p29 trunc=0/10767 4.042s
[841/898] s28000000409_p129 trunc=0/10392 13.39s
[842/898] s28000000412_p117 trunc=0/10984 11.759s
[843/898] s28000000425_p48 trunc=0/9775 5.433s
[844/898] s28000000428_p34 trunc=0/10494 3.614s
[845/898] s28000000419_p81 trunc=0/9628 8.907s
[846/898] s28000000421_p112 trunc=0/10538 7.902s
[847/898] s28000000424_p68 trunc=0/10747 6.697s
[848/898] s28000000415_p112 trunc=0/10620 11.229s
[849/898] s28000000418_p90 trunc=0/10164 9.526s
[850/898] s28000000431_p12 trunc=0/10269 2.242s
[851/898] s28000000427_p54 trunc=0/9981 5.804s
[852/898] s28000000417_p97 trunc=0/9722 10.7s
[853/898] s28000000413_p107 trunc=0/9938 13.335s
[854/898] s28000000425_p69 trunc=0/10769 7.169s
[855/898] s28000000432_p18 trunc=0/9961 2.69s
[856/898] s28000000429_p46 trunc=0/10240 5.102s
[857/898] s28000000433_p14 trunc=0/10339 2.717s
[858/898] s28000000420_p96 trunc=0/10313 11.278s
[859/898] s28000000420_p97 trunc=0/10601 11.217s
[860/898] s28000000430_p45 trunc=0/10016 4.72s
[861/898] s28000000437_p9 trunc=0/10444 2.167s
[862/898] s28000000436_p26 trunc=0/9253 2.979s
[863/898] s28000000428_p103 trunc=0/9033 7.649s
[864/898] s28000000432_p46 trunc=0/10000 5.448s
[865/898] s28000000430_p52 trunc=0/10042 6.528s
[866/898] s28000000419_p130 trunc=0/9014 13.991s
[867/898] s28000000434_p47 trunc=0/10510 5.646s
[868/898] s28000000442_p16 trunc=0/9944 2.923s
[869/898] s28000000438_p50 trunc=0/9585 4.995s
[870/898] s28000000442_p24 trunc=0/10575 3.406s
[871/898] s28000000429_p141 trunc=0/2224 9.914s
[872/898] s28000000444_p14 trunc=0/10435 2.422s
[873/898] s28000000424_p139 trunc=0/2864 14.002s
[874/898] s28000000436_p116 trunc=0/8214 7.627s
[875/898] s28000000433_p74 trunc=0/9687 8.722s
[876/898] s28000000443_p38 trunc=0/9915 5.42s
[877/898] s28000000445_p26 trunc=0/10248 4.189s
[878/898] s28000000434_p100 trunc=0/9914 9.879s
[879/898] s28000000438_p65 trunc=0/10187 8.348s
[880/898] s28000000447_p17 trunc=0/10250 3.571s
[881/898] s28000000439_p79 trunc=0/10504 8.242s
[882/898] s28000000441_p59 trunc=0/9928 7.445s
[883/898] s28000000439_p69 trunc=0/10753 8.675s
[884/898] s28000000445_p31 trunc=0/10765 4.742s
[885/898] s28000000443_p54 trunc=0/10816 6.386s
[886/898] s28000000435_p103 trunc=0/10139 11.46s
[887/898] s28000000437_p103 trunc=0/8772 10.578s
[888/898] s28000000449_p40 trunc=0/10426 4.982s
[889/898] s28000000440_p143 trunc=0/16 10.365s
[890/898] s28000000431_p109 trunc=0/10876 14.039s
[891/898] s28000000449_p42 trunc=0/9278 4.913s
[892/898] s28000000441_p120 trunc=0/9665 10.815s
[893/898] s28000000447_p106 trunc=0/9350 7.435s
[894/898] s28000000448_p79 trunc=0/10695 7.429s
[895/898] s28000000435_p139 trunc=0/2580 14.827s
[896/898] s28000000444_p141 trunc=0/2872 9.914s
[897/898] s28000000448_p104 trunc=0/9774 7.899s
[898/898] s28000000440_p137 trunc=0/11008 14.812s
{
  "schema": "carcassonne-window-truncation-census/v1-summary",
  "n_rows": 898,
  "n_ok": 898,
  "n_skipped_forced": 0,
  "n_skipped_solver_region": 15,
  "n_censused_roots": 883,
  "roots_with_root_truncation": 0,
  "root_truncation_rate": 0.0,
  "nodes_censused": 8701287,
  "nodes_truncated": 0,
  "node_truncation_rate": 0.0,
  "nodes_empty_mask": 0,
  "empty_mask_rate": 0.0,
  "visits_total": 46808553,
  "visits_through_truncated": 0,
  "visit_weighted_truncation_rate": 0.0,
  "roots_with_any_search_truncation": 0,
  "root_incidence_rate": 0.0,
  "dropped_hist": {
    "0": 8701287
  },
  "by_depth": {
    "1": [
      100088,
      0,
      0
    ],
    "2": [
      469844,
      0,
      0
    ],
    "3": [
      1445041,
      0,
      0
    ],
    "4": [
      1790112,
      0,
      0
    ],
    "5": [
      2088312,
      0,
      0
    ],
    "6": [
      1375520,
      0,
      0
    ],
    "7": [
      837558,
      0,
      0
    ],
    "8": [
      364566,
      0,
      0
    ],
    "9": [
      146169,
      0,
      0
    ],
    "10": [
      51857,
      0,
      0
    ],
    "11": [
      23645,
      0,
      0
    ],
    "12": [
      5912,
      0,
      0
    ],
    "13": [
      2144,
      0,
      0
    ],
    "14": [
      374,
      0,
      0
    ],
    "15": [
      89,
      0,
      0
    ],
    "16": [
      48,
      0,
      0
    ],
    "17": [
      8,
      0,
      0
    ]
  },
  "by_node_phase": {
    "meeples": [
      5421116,
      0,
      0
    ],
    "tiles": [
      3280171,
      0,
      0
    ]
  },
  "by_k_bucket": {
    "early": [
      2775377,
      0,
      0
    ],
    "late": [
      2556851,
      0,
      0
    ],
    "mid": [
      3369059,
      0,
      0
    ]
  },
  "n_pick_comparable": 883,
  "n_pick_changed": 0,
  "pick_change_rate": 0.0,
  "iso_control_n": 883,
  "iso_control_violations": 0,
  "digest_gate_fail": 0,
  "encode_collisions": 0,
  "world_errors": 0,
  "n_error_rows": 0,
  "secs_total": 6657.7,
  "secs_per_root": 7.414,
  "wall_secs": 282.7,
  "workers": 24,
  "n_rows_resumed": 0,
  "n_rows_new": 898
}
[2026-08-13T21:58:53-04:00] leg walled: done
[2026-08-13T21:58:53-04:00] leg fixed_v1: starting (W=24, R9=1, out=measurement/window_truncation_20260813/census_fixed_v1, log=measurement/window_truncation_20260813/logs/census_fixed_v1.log)
[1/1548] e4_1785982194_705585_p31 trunc=None/None 0.00042891502380371094s
[2/1548] e4_1785982194_705585_p2 trunc=0/9736 1.661s
[3/1548] e4_1785982194_705585_p3 trunc=0/9801 1.729s
[4/1548] e4_1785982194_705585_p6 trunc=0/9940 1.985s
[5/1548] e4_1785982194_705585_p7 trunc=0/9941 2.084s
[6/1548] e4_1785982194_705585_p11 trunc=0/10422 2.452s
[7/1548] e4_1785982194_705585_p10 trunc=0/10284 2.523s
[8/1548] e4_1785982194_705585_p14 trunc=0/10509 2.666s
[9/1548] e4_1785982194_705585_p15 trunc=0/10935 2.822s
[10/1548] e4_1785982194_705585_p26 trunc=0/9298 2.867s
[11/1548] e4_1785982194_705585_p18 trunc=0/9690 2.995s
[12/1548] e4_1785982194_705585_p19 trunc=0/10054 3.003s
[13/1548] e4_1785982194_705585_p22 trunc=0/9890 3.103s
[14/1548] e4_1785982194_705585_p23 trunc=0/9900 3.415s
[15/1548] e4_1785982194_705585_p75 trunc=None/None 0.0003120899200439453s
[16/1548] e4_1785982194_705585_p27 trunc=0/10295 3.808s
[17/1548] e4_1785982194_705585_p79 trunc=None/None 0.00029206275939941406s
[18/1548] e4_1785982194_705585_p34 trunc=0/8832 3.99s
[19/1548] e4_1785982194_705585_p83 trunc=None/None 0.0003190040588378906s
[20/1548] e4_1785982194_705585_p30 trunc=0/10672 4.164s
[21/1548] e4_1785982194_705585_p87 trunc=None/None 0.0003299713134765625s
[22/1548] e4_1785982194_705585_p50 trunc=0/8627 4.686s
[23/1548] e4_1785982194_705585_p91 trunc=None/None 0.0003657341003417969s
[24/1548] e4_1785982194_705585_p35 trunc=0/10720 4.733s
[25/1548] e4_1785982194_705585_p46 trunc=0/10534 4.854s
[26/1548] e4_1785982194_705585_p39 trunc=0/10341 4.945s
[27/1548] e4_1785982194_705585_p99 trunc=None/None 0.00037360191345214844s
[28/1548] e4_1785982194_705585_p42 trunc=0/10062 5.054s
[29/1548] e4_1785982194_705585_p103 trunc=None/None 0.00024271011352539062s
[30/1548] e4_1785982194_705585_p38 trunc=0/9591 5.074s
[31/1548] e4_1785982194_705585_p107 trunc=None/None 0.0003075599670410156s
[32/1548] e4_1785982194_705585_p43 trunc=0/9572 5.35s
[33/1548] e4_1785982194_705585_p111 trunc=None/None 0.0003790855407714844s
[34/1548] e4_1785982194_705585_p47 trunc=0/9902 6.257s
[35/1548] e4_1785982194_705585_p115 trunc=None/None 0.00028777122497558594s
[36/1548] e4_1785982194_705585_p54 trunc=0/10320 5.682s
[37/1548] e4_1785982194_705585_p119 trunc=None/None 0.0004336833953857422s
[38/1548] e4_1785982194_705585_p51 trunc=0/10458 6.294s
[39/1548] e4_1785982194_705585_p123 trunc=None/None 0.0004832744598388672s
[40/1548] e4_1785982194_705585_p55 trunc=0/9621 6.576s
[41/1548] e4_1785982194_705585_p127 trunc=None/None 0.0004968643188476562s
[42/1548] e4_1785982194_705585_p58 trunc=0/9917 6.68s
[43/1548] e4_1785982194_705585_p131 trunc=None/None 0.0005021095275878906s
[44/1548] e4_1785982194_705585_p66 trunc=0/9700 6.382s
[45/1548] e4_1785982194_705585_p59 trunc=0/10371 7.023s
[46/1548] e4_1785982194_705585_p138 trunc=None/None 0.0005285739898681641s
[47/1548] e4_1785982194_705585_p70 trunc=0/9569 6.513s
[48/1548] e4_1785982194_705585_p62 trunc=0/10108 7.331s
[49/1548] e4_1785984310_1698417952_p127 trunc=None/None 0.0007805824279785156s
[50/1548] e4_1785982194_705585_p63 trunc=0/9942 7.936s
[51/1548] e4_1785984310_1698417952_p131 trunc=None/None 0.0003750324249267578s
[52/1548] e4_1785982194_705585_p78 trunc=0/9252 7.238s
[53/1548] e4_1785984310_1698417952_p135 trunc=None/None 0.00034737586975097656s
[54/1548] e4_1785984310_1698417952_p138 trunc=None/None 0.0003306865692138672s
[55/1548] e4_1785984310_1698417952_p139 trunc=None/None 0.0003173351287841797s
[56/1548] e4_1785982194_705585_p74 trunc=0/9013 7.658s
[57/1548] e4_1785982194_705585_p71 trunc=0/8271 7.827s
[58/1548] e4_1785982194_705585_p67 trunc=0/9387 8.304s
[59/1548] e4_1785982194_705585_p82 trunc=0/9200 7.637s
[60/1548] e4_1785982194_705585_p86 trunc=0/9563 7.942s
[61/1548] e4_1785986044_1911511187_p2 trunc=0/9779 1.599s
[62/1548] e4_1785986044_1911511187_p3 trunc=0/10679 1.801s
[63/1548] e4_1785986044_1911511187_p6 trunc=0/10162 2.141s
[64/1548] e4_1785986044_1911511187_p7 trunc=0/10671 1.97s
[65/1548] e4_1785982194_705585_p94 trunc=0/10192 8.482s
[66/1548] e4_1785982194_705585_p90 trunc=0/10119 9.153s
[67/1548] e4_1785986044_1911511187_p10 trunc=0/9643 2.305s
[68/1548] e4_1785982194_705585_p95 trunc=0/9195 9.192s
[69/1548] e4_1785986044_1911511187_p27 trunc=None/None 0.00018453598022460938s
[70/1548] e4_1785982194_705585_p114 trunc=0/9072 8.58s
[71/1548] e4_1785986044_1911511187_p11 trunc=0/10615 2.558s
[72/1548] e4_1785982194_705585_p98 trunc=0/9492 9.762s
[73/1548] e4_1785982194_705585_p102 trunc=0/8639 9.754s
[74/1548] e4_1785986044_1911511187_p14 trunc=0/10312 2.512s
[75/1548] e4_1785982194_705585_p110 trunc=0/9971 10.142s
[76/1548] e4_1785986044_1911511187_p15 trunc=0/10509 3.098s
[77/1548] e4_1785986044_1911511187_p18 trunc=0/10445 3.089s
[78/1548] e4_1785986044_1911511187_p19 trunc=0/10556 3.063s
[79/1548] e4_1785982194_705585_p118 trunc=0/9974 10.198s
[80/1548] e4_1785982194_705585_p106 trunc=0/10756 11.472s
[81/1548] e4_1785986044_1911511187_p22 trunc=0/10447 3.587s
[82/1548] e4_1785986044_1911511187_p23 trunc=0/9872 3.463s
[83/1548] e4_1785982194_705585_p122 trunc=0/9403 9.407s
[84/1548] e4_1785986044_1911511187_p26 trunc=0/10368 3.716s
[85/1548] e4_1785982194_705585_p126 trunc=0/9784 9.697s
[86/1548] e4_1785986044_1911511187_p30 trunc=0/9138 3.921s
[87/1548] e4_1785986044_1911511187_p31 trunc=0/10316 4.302s
[88/1548] e4_1785986044_1911511187_p34 trunc=0/9534 4.058s
[89/1548] e4_1785986044_1911511187_p38 trunc=0/9716 4.247s
[90/1548] e4_1785986044_1911511187_p35 trunc=0/9303 4.68s
[91/1548] e4_1785986044_1911511187_p39 trunc=0/10306 4.729s
[92/1548] e4_1785986044_1911511187_p42 trunc=0/9817 4.761s
[93/1548] e4_1785986044_1911511187_p46 trunc=0/9328 4.659s
[94/1548] e4_1785986044_1911511187_p43 trunc=0/9323 5.83s
[95/1548] e4_1785982194_705585_p130 trunc=0/8557 13.035s
[96/1548] e4_1785982194_705585_p134 trunc=0/8163 12.925s
[97/1548] e4_1785986044_1911511187_p50 trunc=0/8976 5.462s
[98/1548] e4_1785984310_1698417952_p130 trunc=0/9707 12.233s
[99/1548] e4_1785984310_1698417952_p134 trunc=0/8888 11.673s
[100/1548] e4_1785982194_705585_p135 trunc=0/7639 13.238s
[101/1548] e4_1785986044_1911511187_p47 trunc=0/9942 6.292s
[102/1548] e4_1785982194_705585_p139 trunc=0/1296 13.384s
[103/1548] e4_1785986044_1911511187_p51 trunc=0/10072 6.363s
[104/1548] e4_1785986044_1911511187_p58 trunc=0/10347 6.87s
[105/1548] e4_1785986044_1911511187_p54 trunc=0/9709 7.012s
[106/1548] e4_1785984310_1698417952_p126 trunc=0/9786 15.043s
[107/1548] e4_1785986044_1911511187_p55 trunc=0/10183 8.026s
[108/1548] e4_1785986044_1911511187_p62 trunc=0/9482 7.451s
[109/1548] e4_1785986044_1911511187_p59 trunc=0/10520 7.614s
[110/1548] e4_1785986044_1911511187_p66 trunc=0/9602 6.997s
[111/1548] e4_1785986044_1911511187_p63 trunc=0/9969 8.902s
[112/1548] e4_1785986044_1911511187_p67 trunc=0/9860 8.61s
[113/1548] e4_1785986044_1911511187_p74 trunc=0/10228 7.82s
[114/1548] e4_1785986044_1911511187_p70 trunc=0/10115 8.565s
[115/1548] e4_1785986044_1911511187_p71 trunc=0/9447 8.669s
[116/1548] e4_1785986044_1911511187_p75 trunc=0/9986 8.944s
[117/1548] e4_1785986044_1911511187_p78 trunc=0/8315 8.264s
[118/1548] e4_1785986044_1911511187_p79 trunc=0/10445 8.878s
[119/1548] e4_1785986044_1911511187_p127 trunc=None/None 0.0005002021789550781s
[120/1548] e4_1785986044_1911511187_p83 trunc=0/9118 9.031s
[121/1548] e4_1785986044_1911511187_p131 trunc=None/None 0.0005550384521484375s
[122/1548] e4_1785986044_1911511187_p86 trunc=0/9065 8.972s
[123/1548] e4_1785986044_1911511187_p135 trunc=None/None 0.0003685951232910156s
[124/1548] e4_1785986044_1911511187_p138 trunc=None/None 0.0005474090576171875s
[125/1548] e4_1785986044_1911511187_p139 trunc=None/None 0.0005774497985839844s
[126/1548] e4_1785986044_1911511187_p82 trunc=0/10098 9.403s
[127/1548] e4_1785986044_1911511187_p87 trunc=0/9497 9.468s
[128/1548] e4_1785986044_1911511187_p90 trunc=0/8964 9.774s
[129/1548] e4_1786045035_338139_p2 trunc=0/9112 1.504s
[130/1548] e4_1786045035_338139_p3 trunc=0/9699 1.636s
[131/1548] e4_1785986044_1911511187_p91 trunc=0/8806 10.559s
[132/1548] e4_1786045035_338139_p6 trunc=0/9712 1.835s
[133/1548] e4_1785986044_1911511187_p94 trunc=0/9330 11.518s
[134/1548] e4_1786045035_338139_p7 trunc=0/10956 2.057s
[135/1548] e4_1786045035_338139_p10 trunc=0/10008 2.292s
[136/1548] e4_1785986044_1911511187_p95 trunc=0/9200 11.868s
[137/1548] e4_1786045035_338139_p11 trunc=0/9698 2.422s
[138/1548] e4_1785986044_1911511187_p98 trunc=0/8521 12.189s
[139/1548] e4_1785986044_1911511187_p106 trunc=0/9860 10.518s
[140/1548] e4_1785986044_1911511187_p99 trunc=0/8910 11.783s
[141/1548] e4_1786045035_338139_p14 trunc=0/10743 2.675s
[142/1548] e4_1785986044_1911511187_p102 trunc=0/9233 12.132s
[143/1548] e4_1785986044_1911511187_p110 trunc=0/9356 10.969s
[144/1548] e4_1786045035_338139_p15 trunc=0/10747 2.87s
[145/1548] e4_1785986044_1911511187_p111 trunc=0/10108 11.657s
[146/1548] e4_1785986044_1911511187_p103 trunc=0/9222 12.528s
[147/1548] e4_1786045035_338139_p18 trunc=0/10061 3.103s
[148/1548] e4_1786045035_338139_p19 trunc=0/10364 3.543s
[149/1548] e4_1785986044_1911511187_p107 trunc=0/10250 12.823s
[150/1548] e4_1786045035_338139_p22 trunc=0/10375 3.316s
[151/1548] e4_1786045035_338139_p23 trunc=0/9636 3.511s
[152/1548] e4_1785986044_1911511187_p122 trunc=0/9361 10.48s
[153/1548] e4_1786045035_338139_p26 trunc=0/10101 3.436s
[154/1548] e4_1785986044_1911511187_p130 trunc=0/6737 8.428s
[155/1548] e4_1785986044_1911511187_p115 trunc=0/9037 11.658s
[156/1548] e4_1786045035_338139_p27 trunc=0/10178 3.782s
[157/1548] e4_1786045035_338139_p30 trunc=0/10663 4.136s
[158/1548] e4_1785986044_1911511187_p118 trunc=0/9956 12.158s
[159/1548] e4_1786045035_338139_p34 trunc=0/10280 4.031s
[160/1548] e4_1786045035_338139_p31 trunc=0/10493 4.479s
[161/1548] e4_1785986044_1911511187_p126 trunc=0/9822 11.038s
[162/1548] e4_1785986044_1911511187_p114 trunc=0/10400 13.354s
[163/1548] e4_1786045035_338139_p38 trunc=0/9720 4.515s
[164/1548] e4_1786045035_338139_p35 trunc=0/10235 4.819s
[165/1548] e4_1786045035_338139_p39 trunc=0/10431 4.803s
[166/1548] e4_1785986044_1911511187_p119 trunc=0/9263 13.812s
[167/1548] e4_1786045035_338139_p83 trunc=None/None 0.0003459453582763672s
[168/1548] e4_1786045035_338139_p42 trunc=0/9080 4.643s
[169/1548] e4_1786045035_338139_p87 trunc=None/None 0.0002722740173339844s
[170/1548] e4_1786045035_338139_p46 trunc=0/10611 5.068s
[171/1548] e4_1786045035_338139_p91 trunc=None/None 0.00022268295288085938s
[172/1548] e4_1785986044_1911511187_p123 trunc=0/9869 13.817s
[173/1548] e4_1786045035_338139_p95 trunc=None/None 0.00031566619873046875s
[174/1548] e4_1785986044_1911511187_p134 trunc=0/8864 12.267s
[175/1548] e4_1786045035_338139_p43 trunc=0/10812 6.045s
[176/1548] e4_1786045035_338139_p47 trunc=0/10258 5.559s
[177/1548] e4_1786045035_338139_p50 trunc=0/9843 5.795s
[178/1548] e4_1786045035_338139_p51 trunc=0/9878 5.841s
[179/1548] e4_1786045035_338139_p107 trunc=None/None 0.0002639293670654297s
[180/1548] e4_1786045035_338139_p58 trunc=0/9577 5.849s
[181/1548] e4_1786045035_338139_p111 trunc=None/None 0.00037789344787597656s
[182/1548] e4_1786045035_338139_p54 trunc=0/10337 6.13s
[183/1548] e4_1786045035_338139_p115 trunc=None/None 0.0002658367156982422s
[184/1548] e4_1786045035_338139_p55 trunc=0/9219 6.021s
[185/1548] e4_1786045035_338139_p119 trunc=None/None 0.0004038810729980469s
[186/1548] e4_1786045035_338139_p62 trunc=0/9384 6.203s
[187/1548] e4_1786045035_338139_p123 trunc=None/None 0.00043487548828125s
[188/1548] e4_1786045035_338139_p59 trunc=0/10103 6.86s
[189/1548] e4_1786045035_338139_p127 trunc=None/None 0.000453948974609375s
[190/1548] e4_1786045035_338139_p63 trunc=0/9585 6.873s
[191/1548] e4_1786045035_338139_p131 trunc=None/None 0.0004367828369140625s
[192/1548] e4_1786045035_338139_p67 trunc=0/10099 6.59s
[193/1548] e4_1786045035_338139_p135 trunc=None/None 0.00048470497131347656s
[194/1548] e4_1786045035_338139_p138 trunc=None/None 0.00043773651123046875s
[195/1548] e4_1786045035_338139_p139 trunc=None/None 0.0004253387451171875s
[196/1548] e4_1786045035_338139_p66 trunc=0/9856 6.982s
[197/1548] e4_1786045035_338139_p70 trunc=0/9999 7.638s
[198/1548] e4_1786074812_935815_p2 trunc=0/9915 1.424s
[199/1548] e4_1786045035_338139_p74 trunc=0/9989 7.951s
[200/1548] e4_1786045035_338139_p71 trunc=0/10551 8.137s
[201/1548] e4_1786074812_935815_p3 trunc=0/10023 1.657s
[202/1548] e4_1786045035_338139_p75 trunc=0/9493 8.203s
[203/1548] e4_1786045035_338139_p78 trunc=0/9786 8.204s
[204/1548] e4_1786045035_338139_p79 trunc=0/9909 8.054s
[205/1548] e4_1786074812_935815_p6 trunc=0/10653 1.976s
[206/1548] e4_1786074812_935815_p7 trunc=0/10139 1.948s
[207/1548] e4_1786045035_338139_p82 trunc=0/9256 8.587s
[208/1548] e4_1786074812_935815_p10 trunc=0/10539 2.123s
[209/1548] e4_1786045035_338139_p90 trunc=0/10248 8.745s
[210/1548] e4_1786074812_935815_p14 trunc=0/9471 2.423s
[211/1548] e4_1786074812_935815_p11 trunc=0/10761 2.66s
[212/1548] e4_1786074812_935815_p15 trunc=0/10123 2.522s
[213/1548] e4_1786045035_338139_p98 trunc=0/10186 8.733s
[214/1548] e4_1786045035_338139_p86 trunc=0/10498 10.215s
[215/1548] e4_1786074812_935815_p18 trunc=0/10349 3.098s
[216/1548] e4_1786074812_935815_p19 trunc=0/9481 3.284s
[217/1548] e4_1786045035_338139_p94 trunc=0/10454 9.97s
[218/1548] e4_1786045035_338139_p102 trunc=0/9629 9.777s
[219/1548] e4_1786074812_935815_p23 trunc=0/10309 3.459s
[220/1548] e4_1786074812_935815_p22 trunc=0/10254 3.643s
[221/1548] e4_1786074812_935815_p26 trunc=0/10025 3.59s
[222/1548] e4_1786074812_935815_p27 trunc=0/10487 3.656s
[223/1548] e4_1786045035_338139_p110 trunc=0/10479 10.078s
[224/1548] e4_1786074812_935815_p30 trunc=0/10504 4.126s
[225/1548] e4_1786045035_338139_p122 trunc=0/9622 10.044s
[226/1548] e4_1786074812_935815_p31 trunc=0/10415 4.334s
[227/1548] e4_1786045035_338139_p134 trunc=0/6396 9.13s
[228/1548] e4_1786045035_338139_p118 trunc=0/10457 10.568s
[229/1548] e4_1786074812_935815_p67 trunc=None/None 0.0002636909484863281s
[230/1548] e4_1786045035_338139_p103 trunc=0/10578 11.846s
[231/1548] e4_1786074812_935815_p71 trunc=None/None 0.0002961158752441406s
[232/1548] e4_1786045035_338139_p114 trunc=0/10162 10.811s
[233/1548] e4_1786074812_935815_p75 trunc=None/None 0.0002892017364501953s
[234/1548] e4_1786074812_935815_p34 trunc=0/10336 4.494s
[235/1548] e4_1786074812_935815_p79 trunc=None/None 0.0003390312194824219s
[236/1548] e4_1786045035_338139_p99 trunc=0/10484 12.334s
[237/1548] e4_1786074812_935815_p83 trunc=None/None 0.00022864341735839844s
[238/1548] e4_1786045035_338139_p126 trunc=0/8987 10.76s
[239/1548] e4_1786074812_935815_p87 trunc=None/None 0.0002815723419189453s
[240/1548] e4_1786045035_338139_p130 trunc=0/7269 10.31s
[241/1548] e4_1786074812_935815_p91 trunc=None/None 0.0004184246063232422s
[242/1548] e4_1786074812_935815_p35 trunc=0/10581 5.337s
[243/1548] e4_1786074812_935815_p95 trunc=None/None 0.00040793418884277344s
[244/1548] e4_1786074812_935815_p38 trunc=0/10676 4.717s
[245/1548] e4_1786074812_935815_p99 trunc=None/None 0.0004131793975830078s
[246/1548] e4_1786045035_338139_p106 trunc=0/10206 12.724s
[247/1548] e4_1786074812_935815_p39 trunc=0/10958 6.011s
[248/1548] e4_1786074812_935815_p42 trunc=0/10137 5.868s
[249/1548] e4_1786074812_935815_p43 trunc=0/10406 6.442s
[250/1548] e4_1786074812_935815_p46 trunc=0/10594 7.074s
[251/1548] e4_1786074812_935815_p54 trunc=0/9974 6.17s
[252/1548] e4_1786074812_935815_p50 trunc=0/10610 6.848s
[253/1548] e4_1786074812_935815_p47 trunc=0/10428 7.101s
[254/1548] e4_1786074812_935815_p51 trunc=0/10633 7.431s
[255/1548] e4_1786074812_935815_p55 trunc=0/10436 6.826s
[256/1548] e4_1786074812_935815_p58 trunc=0/10062 7.392s
[257/1548] e4_1786074812_935815_p123 trunc=None/None 0.00047588348388671875s
[258/1548] e4_1786074812_935815_p66 trunc=0/9929 7.567s
[259/1548] e4_1786074812_935815_p127 trunc=None/None 0.0003819465637207031s
[260/1548] e4_1786074812_935815_p59 trunc=0/10010 8.196s
[261/1548] e4_1786074812_935815_p131 trunc=None/None 0.0005125999450683594s
[262/1548] e4_1786074812_935815_p70 trunc=0/10116 7.866s
[263/1548] e4_1786074812_935815_p135 trunc=None/None 0.0005016326904296875s
[264/1548] e4_1786074812_935815_p138 trunc=None/None 0.00042819976806640625s
[265/1548] e4_1786074812_935815_p139 trunc=None/None 0.0004889965057373047s
[266/1548] e4_1786074812_935815_p62 trunc=0/10294 8.525s
[267/1548] e4_1786074812_935815_p63 trunc=0/10531 8.214s
[268/1548] e4_1786074812_935815_p74 trunc=0/10871 8.17s
[269/1548] e4_1786076853_2116173857_p2 trunc=0/10178 1.555s
[270/1548] e4_1786074812_935815_p78 trunc=0/10651 9.477s
[271/1548] e4_1786076853_2116173857_p3 trunc=0/9868 1.723s
[272/1548] e4_1786074812_935815_p82 trunc=0/10572 9.68s
[273/1548] e4_1786074812_935815_p86 trunc=0/10566 9.919s
[274/1548] e4_1786076853_2116173857_p7 trunc=0/9834 2.007s
[275/1548] e4_1786076853_2116173857_p6 trunc=0/10466 2.181s
[276/1548] e4_1786074812_935815_p94 trunc=0/10471 9.661s
[277/1548] e4_1786074812_935815_p90 trunc=0/9604 10.085s
[278/1548] e4_1786076853_2116173857_p10 trunc=0/9731 2.151s
[279/1548] e4_1786076853_2116173857_p11 trunc=0/9912 2.32s
[280/1548] e4_1786074812_935815_p98 trunc=0/9896 11.061s
[281/1548] e4_1786076853_2116173857_p14 trunc=0/10251 2.695s
[282/1548] e4_1786074812_935815_p106 trunc=0/10597 10.115s
[283/1548] e4_1786076853_2116173857_p15 trunc=0/10429 2.831s
[284/1548] e4_1786074812_935815_p102 trunc=0/10235 11.828s
[285/1548] e4_1786076853_2116173857_p22 trunc=0/9213 2.927s
[286/1548] e4_1786076853_2116173857_p18 trunc=0/9616 2.969s
[287/1548] e4_1786076853_2116173857_p43 trunc=None/None 0.00015044212341308594s
[288/1548] e4_1786074812_935815_p103 trunc=0/10233 11.777s
[289/1548] e4_1786076853_2116173857_p47 trunc=None/None 0.00025200843811035156s
[290/1548] e4_1786076853_2116173857_p19 trunc=0/10941 3.241s
[291/1548] e4_1786074812_935815_p114 trunc=0/10779 9.53s
[292/1548] e4_1786076853_2116173857_p26 trunc=0/9619 3.428s
[293/1548] e4_1786076853_2116173857_p23 trunc=0/10662 3.765s
[294/1548] e4_1786074812_935815_p122 trunc=0/8902 9.066s
[295/1548] e4_1786074812_935815_p107 trunc=0/10546 11.917s
[296/1548] e4_1786074812_935815_p110 trunc=0/10563 11.328s
[297/1548] e4_1786074812_935815_p118 trunc=0/10328 10.242s
[298/1548] e4_1786076853_2116173857_p27 trunc=0/9788 3.861s
[299/1548] e4_1786074812_935815_p115 trunc=0/9655 11.076s
[300/1548] e4_1786076853_2116173857_p30 trunc=0/10683 3.994s
[301/1548] e4_1786076853_2116173857_p31 trunc=0/10595 4.198s
[302/1548] e4_1786074812_935815_p111 trunc=0/10639 12.404s
[303/1548] e4_1786074812_935815_p119 trunc=0/9443 11.502s
[304/1548] e4_1786076853_2116173857_p34 trunc=0/10712 4.995s
[305/1548] e4_1786076853_2116173857_p35 trunc=0/10197 4.864s
[306/1548] e4_1786076853_2116173857_p39 trunc=0/10049 5.073s
[307/1548] e4_1786076853_2116173857_p38 trunc=0/10455 5.385s
[308/1548] e4_1786076853_2116173857_p42 trunc=0/9917 5.309s
[309/1548] e4_1786076853_2116173857_p46 trunc=0/9636 5.88s
[310/1548] e4_1786076853_2116173857_p54 trunc=0/9955 5.324s
[311/1548] e4_1786076853_2116173857_p50 trunc=0/10391 6.076s
[312/1548] e4_1786076853_2116173857_p51 trunc=0/9402 5.887s
[313/1548] e4_1786076853_2116173857_p95 trunc=None/None 0.0004220008850097656s
[314/1548] e4_1786074812_935815_p126 trunc=0/8962 13.326s
[315/1548] e4_1786076853_2116173857_p58 trunc=0/10234 6.791s
[316/1548] e4_1786076853_2116173857_p55 trunc=0/10609 6.924s
[317/1548] e4_1786076853_2116173857_p59 trunc=0/10734 7.115s
[318/1548] e4_1786076853_2116173857_p62 trunc=0/9687 7.244s
[319/1548] e4_1786074812_935815_p130 trunc=0/10424 14.791s
[320/1548] e4_1786076853_2116173857_p63 trunc=0/10571 7.717s
[321/1548] e4_1786076853_2116173857_p111 trunc=None/None 0.00043487548828125s
[322/1548] e4_1786076853_2116173857_p67 trunc=0/10464 7.612s
[323/1548] e4_1786076853_2116173857_p115 trunc=None/None 0.00039386749267578125s
[324/1548] e4_1786076853_2116173857_p66 trunc=0/10581 7.967s
[325/1548] e4_1786076853_2116173857_p119 trunc=None/None 0.0004134178161621094s
[326/1548] e4_1786076853_2116173857_p70 trunc=0/9555 7.548s
[327/1548] e4_1786076853_2116173857_p123 trunc=None/None 0.00037169456481933594s
[328/1548] e4_1786076853_2116173857_p71 trunc=0/10267 7.801s
[329/1548] e4_1786076853_2116173857_p127 trunc=None/None 0.0004591941833496094s
[330/1548] e4_1786076853_2116173857_p78 trunc=0/10794 7.386s
[331/1548] e4_1786076853_2116173857_p131 trunc=None/None 0.0002865791320800781s
[332/1548] e4_1786076853_2116173857_p75 trunc=0/9870 7.759s
[333/1548] e4_1786076853_2116173857_p135 trunc=None/None 0.000545501708984375s
[334/1548] e4_1786076853_2116173857_p138 trunc=None/None 0.0004563331604003906s
[335/1548] e4_1786076853_2116173857_p139 trunc=None/None 0.0004887580871582031s
[336/1548] e4_1786076853_2116173857_p74 trunc=0/10003 8.391s
[337/1548] e4_1786113542_627623_p2 trunc=0/9604 1.348s
[338/1548] e4_1786076853_2116173857_p82 trunc=0/10262 8.302s
[339/1548] e4_1786074812_935815_p134 trunc=0/9878 18.826s
[340/1548] e4_1786113542_627623_p3 trunc=0/9640 1.773s
[341/1548] e4_1786076853_2116173857_p79 trunc=0/10311 9.443s
[342/1548] e4_1786076853_2116173857_p83 trunc=0/10670 9.175s
[343/1548] e4_1786076853_2116173857_p86 trunc=0/9367 9.353s
[344/1548] e4_1786113542_627623_p6 trunc=0/9774 1.917s
[345/1548] e4_1786076853_2116173857_p98 trunc=0/9870 8.571s
[346/1548] e4_1786113542_627623_p7 trunc=0/10754 2.334s
[347/1548] e4_1786076853_2116173857_p94 trunc=0/9994 9.052s
[348/1548] e4_1786113542_627623_p10 trunc=0/9996 2.292s
[349/1548] e4_1786076853_2116173857_p87 trunc=0/10742 10.272s
[350/1548] e4_1786113542_627623_p11 trunc=0/10594 2.567s
[351/1548] e4_1786113542_627623_p14 trunc=0/10638 3.141s
[352/1548] e4_1786113542_627623_p15 trunc=0/10037 2.886s
[353/1548] e4_1786076853_2116173857_p99 trunc=0/9892 10.572s
[354/1548] e4_1786076853_2116173857_p91 trunc=0/11008 11.416s
[355/1548] e4_1786076853_2116173857_p90 trunc=0/10740 11.606s
[356/1548] e4_1786076853_2116173857_p102 trunc=0/8624 9.712s
[357/1548] e4_1786113542_627623_p18 trunc=0/9793 3.45s
[358/1548] e4_1786113542_627623_p22 trunc=0/10315 3.413s
[359/1548] e4_1786113542_627623_p19 trunc=0/10659 3.88s
[360/1548] e4_1786113542_627623_p23 trunc=0/10510 4.002s
[361/1548] e4_1786113542_627623_p26 trunc=0/10298 3.989s
[362/1548] e4_1786113542_627623_p27 trunc=0/9675 3.852s
[363/1548] e4_1786076853_2116173857_p103 trunc=0/10688 11.838s
[364/1548] e4_1786076853_2116173857_p106 trunc=0/10860 11.482s
[365/1548] e4_1786113542_627623_p30 trunc=0/10413 4.527s
[366/1548] e4_1786113542_627623_p31 trunc=0/10361 4.491s
[367/1548] e4_1786076853_2116173857_p107 trunc=0/9655 11.789s
[368/1548] e4_1786076853_2116173857_p122 trunc=0/10652 10.579s
[369/1548] e4_1786076853_2116173857_p110 trunc=0/9380 11.652s
[370/1548] e4_1786076853_2116173857_p114 trunc=0/10445 11.448s
[371/1548] e4_1786076853_2116173857_p118 trunc=0/10118 11.056s
[372/1548] e4_1786113542_627623_p34 trunc=0/10354 4.449s
[373/1548] e4_1786113542_627623_p35 trunc=0/10718 5.586s
[374/1548] e4_1786113542_627623_p38 trunc=0/10409 5.601s
[375/1548] e4_1786076853_2116173857_p130 trunc=0/10506 12.201s
[376/1548] e4_1786076853_2116173857_p134 trunc=0/7833 11.699s
[377/1548] e4_1786113542_627623_p39 trunc=0/10781 5.38s
[378/1548] e4_1786113542_627623_p42 trunc=0/9624 5.501s
[379/1548] e4_1786076853_2116173857_p126 trunc=0/9526 13.377s
[380/1548] e4_1786113542_627623_p46 trunc=0/11008 5.923s
[381/1548] e4_1786113542_627623_p43 trunc=0/10875 6.399s
[382/1548] e4_1786113542_627623_p47 trunc=0/10846 6.577s
[383/1548] e4_1786113542_627623_p50 trunc=0/10433 6.475s
[384/1548] e4_1786113542_627623_p51 trunc=0/10978 7.128s
[385/1548] e4_1786113542_627623_p54 trunc=0/10284 7.15s
[386/1548] e4_1786113542_627623_p55 trunc=0/10067 7.03s
[387/1548] e4_1786113542_627623_p58 trunc=0/10533 7.829s
[388/1548] e4_1786113542_627623_p63 trunc=0/10160 7.918s
[389/1548] e4_1786113542_627623_p71 trunc=0/10375 7.54s
[390/1548] e4_1786113542_627623_p59 trunc=0/10062 8.236s
[391/1548] e4_1786113542_627623_p112 trunc=None/None 0.0002570152282714844s
[392/1548] e4_1786113542_627623_p64 trunc=0/10826 8.061s
[393/1548] e4_1786113542_627623_p116 trunc=None/None 0.0003578662872314453s
[394/1548] e4_1786113542_627623_p67 trunc=0/10872 8.353s
[395/1548] e4_1786113542_627623_p120 trunc=None/None 0.0004172325134277344s
[396/1548] e4_1786113542_627623_p75 trunc=0/10118 8.509s
[397/1548] e4_1786113542_627623_p72 trunc=0/10593 8.567s
[398/1548] e4_1786113542_627623_p68 trunc=0/10647 8.847s
[399/1548] e4_1786113542_627623_p76 trunc=0/9807 8.487s
[400/1548] e4_1786113542_627623_p80 trunc=0/10309 8.536s
[401/1548] e4_1786113542_627623_p83 trunc=0/10537 8.93s
[402/1548] e4_1786113542_627623_p79 trunc=0/10285 9.315s
[403/1548] e4_1786113542_627623_p84 trunc=0/9670 9.367s
[404/1548] e4_1786113542_627623_p139 trunc=None/None 0.0004744529724121094s
[405/1548] e4_1786113542_627623_p140 trunc=None/None 0.000408172607421875s
[406/1548] e4_1786113542_627623_p91 trunc=0/10352 8.785s
[407/1548] e4_1786113542_627623_p87 trunc=0/10249 9.887s
[408/1548] e4_1786113542_627623_p88 trunc=0/10532 10.219s
[409/1548] e4_1786113542_627623_p92 trunc=0/9911 9.719s
[410/1548] e4_1786116818_134510_p2 trunc=0/9611 1.822s
[411/1548] e4_1786116818_134510_p3 trunc=0/9766 1.81s
[412/1548] e4_1786113542_627623_p95 trunc=0/10019 10.17s
[413/1548] e4_1786116818_134510_p15 trunc=None/None 0.00013065338134765625s
[414/1548] e4_1786116818_134510_p6 trunc=0/10372 1.957s
[415/1548] e4_1786113542_627623_p99 trunc=0/9739 10.297s
[416/1548] e4_1786116818_134510_p7 trunc=0/10274 2.152s
[417/1548] e4_1786113542_627623_p96 trunc=0/10839 10.707s
[418/1548] e4_1786116818_134510_p10 trunc=0/10353 2.479s
[419/1548] e4_1786113542_627623_p103 trunc=0/8914 9.598s
[420/1548] e4_1786113542_627623_p115 trunc=0/8803 7.771s
[421/1548] e4_1786116818_134510_p11 trunc=0/9068 2.194s
[422/1548] e4_1786113542_627623_p107 trunc=0/9725 8.739s
[423/1548] e4_1786113542_627623_p111 trunc=0/9899 8.21s
[424/1548] e4_1786116818_134510_p14 trunc=0/10201 2.464s
[425/1548] e4_1786113542_627623_p108 trunc=0/10555 9.064s
[426/1548] e4_1786116818_134510_p18 trunc=0/10182 3.013s
[427/1548] e4_1786113542_627623_p100 trunc=0/10588 11.546s
[428/1548] e4_1786113542_627623_p104 trunc=0/10775 11.299s
[429/1548] e4_1786116818_134510_p19 trunc=0/10566 3.345s
[430/1548] e4_1786116818_134510_p22 trunc=0/9990 3.632s
[431/1548] e4_1786116818_134510_p26 trunc=0/9559 3.426s
[432/1548] e4_1786116818_134510_p23 trunc=0/10314 4.026s
[433/1548] e4_1786116818_134510_p30 trunc=0/10158 3.882s
[434/1548] e4_1786116818_134510_p27 trunc=0/10399 3.971s
[435/1548] e4_1786113542_627623_p119 trunc=0/9395 11.638s
[436/1548] e4_1786116818_134510_p31 trunc=0/10059 4.419s
[437/1548] e4_1786116818_134510_p34 trunc=0/10178 4.555s
[438/1548] e4_1786116818_134510_p35 trunc=0/10209 4.798s
[439/1548] e4_1786116818_134510_p39 trunc=0/10195 4.741s
[440/1548] e4_1786116818_134510_p38 trunc=0/9723 5.053s
[441/1548] e4_1786116818_134510_p42 trunc=0/10003 5.429s
[442/1548] e4_1786116818_134510_p46 trunc=0/10477 5.131s
[443/1548] e4_1786113542_627623_p123 trunc=0/10315 14.186s
[444/1548] e4_1786116818_134510_p43 trunc=0/9437 5.938s
[445/1548] e4_1786113542_627623_p127 trunc=0/9731 14.133s
[446/1548] e4_1786113542_627623_p124 trunc=0/10496 14.252s
[447/1548] e4_1786116818_134510_p54 trunc=0/9314 4.745s
[448/1548] e4_1786113542_627623_p136 trunc=0/2512 12.127s
[449/1548] e4_1786116818_134510_p47 trunc=0/10483 6.414s
[450/1548] e4_1786116818_134510_p50 trunc=0/10168 6.263s
[451/1548] e4_1786116818_134510_p91 trunc=None/None 0.00039315223693847656s
[452/1548] e4_1786113542_627623_p128 trunc=0/9857 14.91s
[453/1548] e4_1786116818_134510_p51 trunc=0/10366 6.15s
[454/1548] e4_1786113542_627623_p131 trunc=0/10523 15.963s
[455/1548] e4_1786116818_134510_p58 trunc=0/10492 6.26s
[456/1548] e4_1786116818_134510_p55 trunc=0/10308 6.737s
[457/1548] e4_1786116818_134510_p59 trunc=0/9603 6.796s
[458/1548] e4_1786116818_134510_p62 trunc=0/10718 6.663s
[459/1548] e4_1786116818_134510_p107 trunc=None/None 0.0003924369812011719s
[460/1548] e4_1786113542_627623_p132 trunc=0/9728 16.076s
[461/1548] e4_1786116818_134510_p63 trunc=0/10198 6.895s
[462/1548] e4_1786116818_134510_p70 trunc=0/10490 6.61s
[463/1548] e4_1786116818_134510_p66 trunc=0/10321 7.396s
[464/1548] e4_1786113542_627623_p135 trunc=0/9508 17.239s
[465/1548] e4_1786116818_134510_p67 trunc=0/9979 7.717s
[466/1548] e4_1786116818_134510_p71 trunc=0/10605 8.12s
[467/1548] e4_1786116818_134510_p74 trunc=0/8676 7.572s
[468/1548] e4_1786116818_134510_p78 trunc=0/9488 7.802s
[469/1548] e4_1786116818_134510_p75 trunc=0/9659 8.29s
[470/1548] e4_1786116818_134510_p82 trunc=0/10195 8.485s
[471/1548] e4_1786116818_134510_p90 trunc=0/9907 8.007s
[472/1548] e4_1786116818_134510_p79 trunc=0/10764 9.389s
[473/1548] e4_1786116818_134510_p94 trunc=0/10049 8.341s
[474/1548] e4_1786116818_134510_p138 trunc=None/None 0.0005300045013427734s
[475/1548] e4_1786116818_134510_p86 trunc=0/10785 9.882s
[476/1548] e4_1786116818_134510_p98 trunc=0/10286 8.692s
[477/1548] e4_1786116818_134510_p95 trunc=0/9780 9.314s
[478/1548] e4_1786116818_134510_p83 trunc=0/10288 10.273s
[479/1548] e4_1786116818_134510_p87 trunc=0/10249 10.77s
[480/1548] e4_1786118143_1621601234_p2 trunc=0/10347 2.227s
[481/1548] e4_1786118143_1621601234_p3 trunc=0/10092 2.164s
[482/1548] e4_1786118143_1621601234_p6 trunc=0/10528 2.59s
[483/1548] e4_1786118143_1621601234_p7 trunc=0/10354 2.65s
[484/1548] e4_1786116818_134510_p99 trunc=0/10405 11.185s
[485/1548] e4_1786118143_1621601234_p10 trunc=0/10493 2.586s
[486/1548] e4_1786116818_134510_p110 trunc=0/9433 11.327s
[487/1548] e4_1786118143_1621601234_p11 trunc=0/9924 2.544s
[488/1548] e4_1786118143_1621601234_p15 trunc=0/9660 2.56s
[489/1548] e4_1786116818_134510_p102 trunc=0/10972 12.565s
[490/1548] e4_1786118143_1621601234_p16 trunc=0/10219 2.833s
[491/1548] e4_1786116818_134510_p114 trunc=0/10827 11.801s
[492/1548] e4_1786116818_134510_p122 trunc=0/10529 10.564s
[493/1548] e4_1786118143_1621601234_p19 trunc=0/9919 3.019s
[494/1548] e4_1786116818_134510_p126 trunc=0/8862 9.529s
[495/1548] e4_1786116818_134510_p106 trunc=0/10415 13.088s
[496/1548] e4_1786116818_134510_p111 trunc=0/10267 12.69s
[497/1548] e4_1786118143_1621601234_p20 trunc=0/9903 3.195s
[498/1548] e4_1786116818_134510_p103 trunc=0/10498 14.156s
[499/1548] e4_1786116818_134510_p118 trunc=0/10652 12.527s
[500/1548] e4_1786118143_1621601234_p23 trunc=0/10122 3.419s
[501/1548] e4_1786116818_134510_p119 trunc=0/10050 12.286s
[502/1548] e4_1786118143_1621601234_p24 trunc=0/9515 3.633s
[503/1548] e4_1786116818_134510_p115 trunc=0/10258 14.151s
[504/1548] e4_1786118143_1621601234_p27 trunc=0/10148 4.167s
[505/1548] e4_1786116818_134510_p123 trunc=0/10282 12.919s
[506/1548] e4_1786118143_1621601234_p28 trunc=0/9852 4.324s
[507/1548] e4_1786116818_134510_p130 trunc=0/10531 11.958s
[508/1548] e4_1786118143_1621601234_p31 trunc=0/10580 4.866s
[509/1548] e4_1786118143_1621601234_p68 trunc=None/None 0.0002734661102294922s
[510/1548] e4_1786118143_1621601234_p32 trunc=0/10688 4.617s
[511/1548] e4_1786118143_1621601234_p72 trunc=None/None 0.00028824806213378906s
[512/1548] e4_1786116818_134510_p131 trunc=0/10957 11.806s
[513/1548] e4_1786118143_1621601234_p76 trunc=None/None 0.00028824806213378906s
[514/1548] e4_1786116818_134510_p127 trunc=0/10199 13.253s
[515/1548] e4_1786118143_1621601234_p80 trunc=None/None 0.00030922889709472656s
[516/1548] e4_1786118143_1621601234_p35 trunc=0/10362 5.132s
[517/1548] e4_1786118143_1621601234_p84 trunc=None/None 0.00028061866760253906s
[518/1548] e4_1786116818_134510_p134 trunc=0/9300 12.587s
[519/1548] e4_1786118143_1621601234_p88 trunc=None/None 0.0003056526184082031s
[520/1548] e4_1786118143_1621601234_p36 trunc=0/10058 5.36s
[521/1548] e4_1786118143_1621601234_p92 trunc=None/None 0.00032591819763183594s
[522/1548] e4_1786118143_1621601234_p39 trunc=0/9888 5.406s
[523/1548] e4_1786118143_1621601234_p96 trunc=None/None 0.0003101825714111328s
[524/1548] e4_1786118143_1621601234_p43 trunc=0/9361 5.319s
[525/1548] e4_1786118143_1621601234_p100 trunc=None/None 0.0002219676971435547s
[526/1548] e4_1786118143_1621601234_p47 trunc=0/10413 5.322s
[527/1548] e4_1786118143_1621601234_p104 trunc=None/None 0.0004265308380126953s
[528/1548] e4_1786118143_1621601234_p40 trunc=0/10605 5.933s
[529/1548] e4_1786118143_1621601234_p44 trunc=0/10385 5.934s
[530/1548] e4_1786118143_1621601234_p48 trunc=0/10346 6.135s
[531/1548] e4_1786116818_134510_p139 trunc=0/3072 13.977s
[532/1548] e4_1786118143_1621601234_p51 trunc=0/10144 6.177s
[533/1548] e4_1786118143_1621601234_p55 trunc=0/10939 5.918s
[534/1548] e4_1786116818_134510_p135 trunc=0/9633 14.889s
[535/1548] e4_1786118143_1621601234_p52 trunc=0/10625 6.886s
[536/1548] e4_1786118143_1621601234_p56 trunc=0/10277 7.406s
[537/1548] e4_1786118143_1621601234_p63 trunc=0/10668 7.053s
[538/1548] e4_1786118143_1621601234_p75 trunc=0/10884 5.912s
[539/1548] e4_1786118143_1621601234_p59 trunc=0/10403 7.606s
[540/1548] e4_1786118143_1621601234_p60 trunc=0/10483 7.718s
[541/1548] e4_1786118143_1621601234_p67 trunc=0/10426 7.383s
[542/1548] e4_1786118143_1621601234_p64 trunc=0/10790 7.817s
[543/1548] e4_1786118143_1621601234_p71 trunc=0/10631 7.26s
[544/1548] e4_1786118143_1621601234_p139 trunc=None/None 0.0002989768981933594s
[545/1548] e4_1786118143_1621601234_p140 trunc=None/None 0.0003185272216796875s
[546/1548] e4_1786118143_1621601234_p79 trunc=0/10381 7.975s
[547/1548] e4_1786142936_703591_p2 trunc=0/10314 1.887s
[548/1548] e4_1786118143_1621601234_p87 trunc=0/10449 8.326s
[549/1548] e4_1786118143_1621601234_p83 trunc=0/10195 9.333s
[550/1548] e4_1786118143_1621601234_p99 trunc=0/9738 8.527s
[551/1548] e4_1786142936_703591_p3 trunc=0/9810 1.792s
[552/1548] e4_1786142936_703591_p6 trunc=0/10453 1.894s
[553/1548] e4_1786118143_1621601234_p103 trunc=0/10304 9.487s
[554/1548] e4_1786118143_1621601234_p91 trunc=0/10772 9.82s
[555/1548] e4_1786118143_1621601234_p95 trunc=0/10551 9.718s
[556/1548] e4_1786142936_703591_p7 trunc=0/9684 2.098s
[557/1548] e4_1786142936_703591_p14 trunc=0/9595 2.337s
[558/1548] e4_1786142936_703591_p10 trunc=0/10403 2.636s
[559/1548] e4_1786142936_703591_p11 trunc=0/9908 2.625s
[560/1548] e4_1786118143_1621601234_p107 trunc=0/10532 10.867s
[561/1548] e4_1786142936_703591_p15 trunc=0/9774 2.729s
[562/1548] e4_1786118143_1621601234_p108 trunc=0/10959 11.678s
[563/1548] e4_1786118143_1621601234_p111 trunc=0/10760 11.428s
[564/1548] e4_1786142936_703591_p18 trunc=0/10641 2.911s
[565/1548] e4_1786142936_703591_p22 trunc=0/7344 2.964s
[566/1548] e4_1786142936_703591_p19 trunc=0/10192 3.305s
[567/1548] e4_1786118143_1621601234_p112 trunc=0/9795 11.863s
[568/1548] e4_1786142936_703591_p23 trunc=0/10375 3.896s
[569/1548] e4_1786118143_1621601234_p115 trunc=0/11008 12.046s
[570/1548] e4_1786118143_1621601234_p116 trunc=0/10023 12.327s
[571/1548] e4_1786142936_703591_p26 trunc=0/9264 3.914s
[572/1548] e4_1786118143_1621601234_p119 trunc=0/10990 12.756s
[573/1548] e4_1786118143_1621601234_p123 trunc=0/11004 12.524s
[574/1548] e4_1786118143_1621601234_p120 trunc=0/9744 12.869s
[575/1548] e4_1786142936_703591_p27 trunc=0/9766 4.375s
[576/1548] e4_1786142936_703591_p31 trunc=0/10348 4.333s
[577/1548] e4_1786142936_703591_p30 trunc=0/9997 4.707s
[578/1548] e4_1786118143_1621601234_p124 trunc=0/10155 11.747s
[579/1548] e4_1786142936_703591_p35 trunc=0/9999 4.316s
[580/1548] e4_1786142936_703591_p34 trunc=0/10196 4.465s
[581/1548] e4_1786142936_703591_p71 trunc=None/None 0.00018405914306640625s
[582/1548] e4_1786142936_703591_p39 trunc=0/9239 4.719s
[583/1548] e4_1786142936_703591_p75 trunc=None/None 0.00028014183044433594s
[584/1548] e4_1786142936_703591_p38 trunc=0/10631 5.03s
[585/1548] e4_1786142936_703591_p79 trunc=None/None 0.0002834796905517578s
[586/1548] e4_1786142936_703591_p43 trunc=0/9647 4.913s
[587/1548] e4_1786142936_703591_p83 trunc=None/None 0.00026988983154296875s
[588/1548] e4_1786142936_703591_p42 trunc=0/10543 5.518s
[589/1548] e4_1786142936_703591_p87 trunc=None/None 0.0003674030303955078s
[590/1548] e4_1786118143_1621601234_p128 trunc=0/9792 13.542s
[591/1548] e4_1786142936_703591_p91 trunc=None/None 0.0003304481506347656s
[592/1548] e4_1786142936_703591_p46 trunc=0/10326 5.055s
[593/1548] e4_1786142936_703591_p95 trunc=None/None 0.0003998279571533203s
[594/1548] e4_1786142936_703591_p50 trunc=0/9099 4.727s
[595/1548] e4_1786142936_703591_p99 trunc=None/None 0.00034356117248535156s
[596/1548] e4_1786118143_1621601234_p136 trunc=0/6912 13.01s
[597/1548] e4_1786142936_703591_p103 trunc=None/None 0.0003459453582763672s
[598/1548] e4_1786118143_1621601234_p131 trunc=0/10161 14.574s
[599/1548] e4_1786142936_703591_p107 trunc=None/None 0.0004184246063232422s
[600/1548] e4_1786142936_703591_p47 trunc=0/10350 5.702s
[601/1548] e4_1786118143_1621601234_p127 trunc=0/10553 15.106s
[602/1548] e4_1786118143_1621601234_p132 trunc=0/8960 14.657s
[603/1548] e4_1786142936_703591_p51 trunc=0/10382 5.982s
[604/1548] e4_1786142936_703591_p54 trunc=0/9852 5.594s
[605/1548] e4_1786142936_703591_p55 trunc=0/9525 5.934s
[606/1548] e4_1786142936_703591_p62 trunc=0/11008 5.709s
[607/1548] e4_1786142936_703591_p58 trunc=0/9615 6.037s
[608/1548] e4_1786118143_1621601234_p135 trunc=0/8962 17.065s
[609/1548] e4_1786142936_703591_p59 trunc=0/9704 7.434s
[610/1548] e4_1786142936_703591_p74 trunc=0/9282 7.809s
[611/1548] e4_1786142936_703591_p70 trunc=0/9571 8.106s
[612/1548] e4_1786142936_703591_p63 trunc=0/10793 9.242s
[613/1548] e4_1786142936_703591_p135 trunc=None/None 0.0004734992980957031s
[614/1548] e4_1786142936_703591_p138 trunc=None/None 0.00043201446533203125s
[615/1548] e4_1786142936_703591_p139 trunc=None/None 0.00045871734619140625s
[616/1548] e4_1786142936_703591_p66 trunc=0/10556 9.98s
[617/1548] e4_1786142936_703591_p67 trunc=0/10295 10.038s
[618/1548] e4_1786142936_703591_p78 trunc=0/9252 8.906s
[619/1548] e4_1786142936_703591_p82 trunc=0/9695 8.933s
[620/1548] e4_1786142936_703591_p86 trunc=0/9110 8.811s
[621/1548] e4_1786242001_49628_p2 trunc=0/10431 1.792s
[622/1548] e4_1786242001_49628_p3 trunc=0/10432 1.705s
[623/1548] e4_1786142936_703591_p90 trunc=0/10897 10.028s
[624/1548] e4_1786242001_49628_p6 trunc=0/10083 2.241s
[625/1548] e4_1786242001_49628_p7 trunc=0/10040 2.356s
[626/1548] e4_1786242001_49628_p10 trunc=0/10701 2.426s
[627/1548] e4_1786142936_703591_p98 trunc=0/10362 10.662s
[628/1548] e4_1786242001_49628_p11 trunc=0/10218 2.432s
[629/1548] e4_1786142936_703591_p114 trunc=0/10862 9.623s
[630/1548] e4_1786242001_49628_p14 trunc=0/10125 2.79s
[631/1548] e4_1786142936_703591_p94 trunc=0/10687 11.54s
[632/1548] e4_1786142936_703591_p102 trunc=0/10818 11.595s
[633/1548] e4_1786242001_49628_p15 trunc=0/10575 3.078s
[634/1548] e4_1786242001_49628_p18 trunc=0/9160 2.927s
[635/1548] e4_1786142936_703591_p122 trunc=0/9285 10.386s
[636/1548] e4_1786142936_703591_p115 trunc=0/10449 11.697s
[637/1548] e4_1786142936_703591_p106 trunc=0/10434 13.042s
[638/1548] e4_1786142936_703591_p118 trunc=0/10678 11.487s
[639/1548] e4_1786242001_49628_p19 trunc=0/10454 3.44s
[640/1548] e4_1786242001_49628_p22 trunc=0/10159 3.466s
[641/1548] e4_1786242001_49628_p23 trunc=0/10085 3.665s
[642/1548] e4_1786142936_703591_p119 trunc=0/10163 12.118s
[643/1548] e4_1786142936_703591_p110 trunc=0/10861 13.559s
[644/1548] e4_1786242001_49628_p26 trunc=0/10009 4.017s
[645/1548] e4_1786242001_49628_p59 trunc=None/None 0.00027370452880859375s
[646/1548] e4_1786242001_49628_p27 trunc=0/9589 4.292s
[647/1548] e4_1786142936_703591_p126 trunc=0/9078 12.153s
[648/1548] e4_1786242001_49628_p30 trunc=0/10047 4.079s
[649/1548] e4_1786142936_703591_p111 trunc=0/10585 14.138s
[650/1548] e4_1786242001_49628_p31 trunc=0/10797 4.535s
[651/1548] e4_1786242001_49628_p34 trunc=0/10270 4.451s
[652/1548] e4_1786142936_703591_p127 trunc=0/9517 11.765s
[653/1548] e4_1786242001_49628_p35 trunc=0/10354 4.767s
[654/1548] e4_1786242001_49628_p38 trunc=0/10274 4.379s
[655/1548] e4_1786142936_703591_p134 trunc=0/8646 10.471s
[656/1548] e4_1786242001_49628_p42 trunc=0/10978 4.361s
[657/1548] e4_1786242001_49628_p39 trunc=0/10275 4.777s
[658/1548] e4_1786142936_703591_p130 trunc=0/9185 13.061s
[659/1548] e4_1786242001_49628_p46 trunc=0/9444 4.397s
[660/1548] e4_1786242001_49628_p54 trunc=0/8436 3.771s
[661/1548] e4_1786242001_49628_p43 trunc=0/10038 5.147s
[662/1548] e4_1786242001_49628_p50 trunc=0/10415 5.035s
[663/1548] e4_1786142936_703591_p123 trunc=0/10361 15.778s
[664/1548] e4_1786242001_49628_p47 trunc=0/9107 5.537s
[665/1548] e4_1786242001_49628_p58 trunc=0/9276 4.545s
[666/1548] e4_1786242001_49628_p51 trunc=0/10240 6.356s
[667/1548] e4_1786242001_49628_p103 trunc=None/None 0.00038504600524902344s
[668/1548] e4_1786242001_49628_p55 trunc=0/9782 5.716s
[669/1548] e4_1786242001_49628_p107 trunc=None/None 0.00038695335388183594s
[670/1548] e4_1786242001_49628_p66 trunc=0/7413 5.118s
[671/1548] e4_1786242001_49628_p111 trunc=None/None 0.0004730224609375s
[672/1548] e4_1786242001_49628_p62 trunc=0/9842 5.587s
[673/1548] e4_1786242001_49628_p115 trunc=None/None 0.0004942417144775391s
[674/1548] e4_1786142936_703591_p131 trunc=0/9290 14.183s
[675/1548] e4_1786242001_49628_p119 trunc=None/None 0.0004229545593261719s
[676/1548] e4_1786242001_49628_p70 trunc=0/10091 7.723s
[677/1548] e4_1786242001_49628_p63 trunc=0/10194 8.042s
[678/1548] e4_1786242001_49628_p74 trunc=0/9634 7.668s
[679/1548] e4_1786242001_49628_p67 trunc=0/10075 8.529s
[680/1548] e4_1786242001_49628_p71 trunc=0/10002 8.653s
[681/1548] e4_1786242001_49628_p78 trunc=0/9844 8.523s
[682/1548] e4_1786242001_49628_p86 trunc=0/9069 7.767s
[683/1548] e4_1786242001_49628_p75 trunc=0/9473 9.386s
[684/1548] e4_1786242001_49628_p138 trunc=None/None 0.0003199577331542969s
[685/1548] e4_1786242001_49628_p90 trunc=0/8722 8.154s
[686/1548] e4_1786242001_49628_p94 trunc=0/9119 8.218s
[687/1548] e4_1786242001_49628_p87 trunc=0/9871 9.071s
[688/1548] e4_1786242001_49628_p79 trunc=0/10702 10.061s
[689/1548] e4_1786242001_49628_p102 trunc=0/9575 7.657s
[690/1548] e4_1786242001_49628_p83 trunc=0/9452 9.683s
[691/1548] e4_1786243458_1382293676_p2 trunc=0/10695 1.525s
[692/1548] e4_1786242001_49628_p91 trunc=0/8596 9.611s
[693/1548] e4_1786242001_49628_p99 trunc=0/9168 8.707s
[694/1548] e4_1786242001_49628_p82 trunc=0/10119 10.848s
[695/1548] e4_1786242001_49628_p95 trunc=0/8239 9.369s
[696/1548] e4_1786243458_1382293676_p3 trunc=0/9767 1.66s
[697/1548] e4_1786242001_49628_p98 trunc=0/10702 9.881s
[698/1548] e4_1786243458_1382293676_p6 trunc=0/10278 1.871s
[699/1548] e4_1786243458_1382293676_p7 trunc=0/10543 2.115s
[700/1548] e4_1786243458_1382293676_p10 trunc=0/10497 2.077s
[701/1548] e4_1786243458_1382293676_p11 trunc=0/10593 2.496s
[702/1548] e4_1786242001_49628_p110 trunc=0/9325 9.599s
[703/1548] e4_1786242001_49628_p114 trunc=0/9752 9.455s
[704/1548] e4_1786243458_1382293676_p14 trunc=0/9976 2.687s
[705/1548] e4_1786243458_1382293676_p18 trunc=0/10436 2.837s
[706/1548] e4_1786243458_1382293676_p15 trunc=0/9995 2.999s
[707/1548] e4_1786243458_1382293676_p19 trunc=0/9763 2.865s
[708/1548] e4_1786242001_49628_p122 trunc=0/9082 11.166s
[709/1548] e4_1786243458_1382293676_p22 trunc=0/10448 3.785s
[710/1548] e4_1786243458_1382293676_p23 trunc=0/9368 3.443s
[711/1548] e4_1786243458_1382293676_p26 trunc=0/9919 3.502s
[712/1548] e4_1786242001_49628_p106 trunc=0/10410 12.308s
[713/1548] e4_1786242001_49628_p118 trunc=0/8908 12.199s
[714/1548] e4_1786243458_1382293676_p27 trunc=0/10064 4.198s
[715/1548] e4_1786243458_1382293676_p30 trunc=0/10626 4.133s
[716/1548] e4_1786243458_1382293676_p31 trunc=0/10120 4.2s
[717/1548] e4_1786243458_1382293676_p34 trunc=0/10589 4.515s
[718/1548] e4_1786243458_1382293676_p35 trunc=0/10651 4.921s
[719/1548] e4_1786242001_49628_p123 trunc=0/9344 11.666s
[720/1548] e4_1786242001_49628_p126 trunc=0/9680 11.71s
[721/1548] e4_1786243458_1382293676_p39 trunc=0/10178 5.121s
[722/1548] e4_1786243458_1382293676_p38 trunc=0/10642 5.493s
[723/1548] e4_1786242001_49628_p130 trunc=0/8833 11.675s
[724/1548] e4_1786243458_1382293676_p42 trunc=0/9845 5.312s
[725/1548] e4_1786242001_49628_p134 trunc=0/6103 10.828s
[726/1548] e4_1786242001_49628_p127 trunc=0/8907 12.81s
[727/1548] e4_1786243458_1382293676_p43 trunc=0/9982 6.686s
[728/1548] e4_1786242001_49628_p139 trunc=0/1392 11.864s
[729/1548] e4_1786243458_1382293676_p50 trunc=0/10027 5.65s
[730/1548] e4_1786243458_1382293676_p46 trunc=0/10659 7.408s
[731/1548] e4_1786242001_49628_p135 trunc=0/4880 12.998s
[732/1548] e4_1786243458_1382293676_p51 trunc=0/10640 6.985s
[733/1548] e4_1786243458_1382293676_p95 trunc=None/None 0.0003981590270996094s
[734/1548] e4_1786243458_1382293676_p47 trunc=0/10124 7.253s
[735/1548] e4_1786242001_49628_p131 trunc=0/9118 14.838s
[736/1548] e4_1786243458_1382293676_p55 trunc=0/10168 7.225s
[737/1548] e4_1786243458_1382293676_p54 trunc=0/10660 7.498s
[738/1548] e4_1786243458_1382293676_p58 trunc=0/9424 7.417s
[739/1548] e4_1786243458_1382293676_p62 trunc=0/10322 7.416s
[740/1548] e4_1786243458_1382293676_p63 trunc=0/10394 7.988s
[741/1548] e4_1786243458_1382293676_p59 trunc=0/10669 8.372s
[742/1548] e4_1786243458_1382293676_p66 trunc=0/10316 8.109s
[743/1548] e4_1786243458_1382293676_p115 trunc=None/None 0.0004076957702636719s
[744/1548] e4_1786243458_1382293676_p82 trunc=0/8373 6.466s
[745/1548] e4_1786243458_1382293676_p119 trunc=None/None 0.0003609657287597656s
[746/1548] e4_1786243458_1382293676_p78 trunc=0/11008 7.444s
[747/1548] e4_1786243458_1382293676_p67 trunc=0/9688 8.293s
[748/1548] e4_1786243458_1382293676_p74 trunc=0/10458 7.847s
[749/1548] e4_1786243458_1382293676_p70 trunc=0/10285 8.511s
[750/1548] e4_1786243458_1382293676_p71 trunc=0/9629 8.533s
[751/1548] e4_1786243458_1382293676_p131 trunc=None/None 0.0004413127899169922s
[752/1548] e4_1786243458_1382293676_p75 trunc=0/10511 9.433s
[753/1548] e4_1786243458_1382293676_p135 trunc=None/None 0.0004100799560546875s
[754/1548] e4_1786243458_1382293676_p138 trunc=None/None 0.0002930164337158203s
[755/1548] e4_1786243458_1382293676_p139 trunc=None/None 0.0002810955047607422s
[756/1548] e4_1786243458_1382293676_p79 trunc=0/10415 9.023s
[757/1548] e4_1786325073_523563_p2 trunc=0/10290 1.613s
[758/1548] e4_1786325073_523563_p3 trunc=0/8840 1.569s
[759/1548] e4_1786243458_1382293676_p90 trunc=0/10065 9.169s
[760/1548] e4_1786243458_1382293676_p98 trunc=0/10451 8.314s
[761/1548] e4_1786243458_1382293676_p83 trunc=0/9834 10.949s
[762/1548] e4_1786243458_1382293676_p86 trunc=0/10326 10.628s
[763/1548] e4_1786325073_523563_p6 trunc=0/10210 1.897s
[764/1548] e4_1786243458_1382293676_p87 trunc=0/10209 10.94s
[765/1548] e4_1786243458_1382293676_p94 trunc=0/10713 9.982s
[766/1548] e4_1786325073_523563_p7 trunc=0/10584 1.996s
[767/1548] e4_1786243458_1382293676_p91 trunc=0/10212 10.473s
[768/1548] e4_1786243458_1382293676_p102 trunc=0/10582 9.6s
[769/1548] e4_1786325073_523563_p10 trunc=0/10539 2.49s
[770/1548] e4_1786325073_523563_p11 trunc=0/10331 2.657s
[771/1548] e4_1786243458_1382293676_p99 trunc=0/9720 10.983s
[772/1548] e4_1786243458_1382293676_p103 trunc=0/10046 10.557s
[773/1548] e4_1786325073_523563_p14 trunc=0/10405 2.787s
[774/1548] e4_1786243458_1382293676_p107 trunc=0/9004 10.431s
[775/1548] e4_1786243458_1382293676_p111 trunc=0/10183 9.594s
[776/1548] e4_1786325073_523563_p15 trunc=0/9841 2.928s
[777/1548] e4_1786243458_1382293676_p114 trunc=0/9170 9.794s
[778/1548] e4_1786325073_523563_p18 trunc=0/10330 2.861s
[779/1548] e4_1786325073_523563_p47 trunc=None/None 0.00020742416381835938s
[780/1548] e4_1786325073_523563_p19 trunc=0/10342 3.001s
[781/1548] e4_1786325073_523563_p51 trunc=None/None 0.00023412704467773438s
[782/1548] e4_1786243458_1382293676_p110 trunc=0/10404 10.899s
[783/1548] e4_1786243458_1382293676_p130 trunc=0/8148 8.277s
[784/1548] e4_1786325073_523563_p22 trunc=0/10822 3.145s
[785/1548] e4_1786243458_1382293676_p106 trunc=0/10437 12.283s
[786/1548] e4_1786325073_523563_p23 trunc=0/9797 3.521s
[787/1548] e4_1786325073_523563_p26 trunc=0/10114 3.878s
[788/1548] e4_1786243458_1382293676_p134 trunc=0/6563 9.024s
[789/1548] e4_1786325073_523563_p27 trunc=0/10266 3.954s
[790/1548] e4_1786325073_523563_p30 trunc=0/10174 4.034s
[791/1548] e4_1786243458_1382293676_p127 trunc=0/10905 10.487s
[792/1548] e4_1786243458_1382293676_p122 trunc=0/10639 11.259s
[793/1548] e4_1786325073_523563_p34 trunc=0/9317 3.849s
[794/1548] e4_1786243458_1382293676_p118 trunc=0/9599 11.911s
[795/1548] e4_1786325073_523563_p31 trunc=0/10117 4.401s
[796/1548] e4_1786325073_523563_p35 trunc=0/10707 4.766s
[797/1548] e4_1786243458_1382293676_p123 trunc=0/9981 12.088s
[798/1548] e4_1786325073_523563_p38 trunc=0/10004 4.788s
[799/1548] e4_1786243458_1382293676_p126 trunc=0/9949 12.351s
[800/1548] e4_1786325073_523563_p42 trunc=0/9072 4.685s
[801/1548] e4_1786325073_523563_p39 trunc=0/10242 5.099s
[802/1548] e4_1786325073_523563_p43 trunc=0/9935 5.383s
[803/1548] e4_1786325073_523563_p46 trunc=0/10147 5.607s
[804/1548] e4_1786325073_523563_p50 trunc=0/9723 5.638s
[805/1548] e4_1786325073_523563_p58 trunc=0/9516 5.712s
[806/1548] e4_1786325073_523563_p54 trunc=0/10107 6.013s
[807/1548] e4_1786325073_523563_p66 trunc=0/8455 5.831s
[808/1548] e4_1786325073_523563_p55 trunc=0/10145 7.359s
[809/1548] e4_1786325073_523563_p59 trunc=0/9812 7.37s
[810/1548] e4_1786325073_523563_p62 trunc=0/10065 7.02s
[811/1548] e4_1786325073_523563_p63 trunc=0/9490 7.88s
[812/1548] e4_1786325073_523563_p67 trunc=0/8642 7.951s
[813/1548] e4_1786325073_523563_p70 trunc=0/9974 8.393s
[814/1548] e4_1786325073_523563_p71 trunc=0/10559 10.139s
[815/1548] e4_1786325073_523563_p74 trunc=0/10196 9.728s
[816/1548] e4_1786325073_523563_p78 trunc=0/9830 9.594s
[817/1548] e4_1786325073_523563_p75 trunc=0/9242 9.84s
[818/1548] e4_1786325073_523563_p79 trunc=0/10385 11.133s
[819/1548] e4_1786325073_523563_p127 trunc=None/None 0.0005128383636474609s
[820/1548] e4_1786325073_523563_p86 trunc=0/9082 10.576s
[821/1548] e4_1786325073_523563_p131 trunc=None/None 0.0003399848937988281s
[822/1548] e4_1786325073_523563_p82 trunc=0/10165 11.458s
[823/1548] e4_1786325073_523563_p135 trunc=None/None 0.0003688335418701172s
[824/1548] e4_1786325073_523563_p138 trunc=None/None 0.0004980564117431641s
[825/1548] e4_1786325073_523563_p87 trunc=0/9916 11.543s
[826/1548] e4_1786325073_523563_p83 trunc=0/10358 11.61s
[827/1548] e4_1786325073_523563_p90 trunc=0/10087 11.281s
[828/1548] e4_1786325073_523563_p98 trunc=0/10151 11.403s
[829/1548] e4_1786325073_523563_p94 trunc=0/10683 12.477s
[830/1548] e4_1786325073_523563_p95 trunc=0/10322 11.862s
[831/1548] e4_1786329790_523563_p3 trunc=0/8840 1.62s
[832/1548] e4_1786329790_523563_p2 trunc=0/10290 1.731s
[833/1548] e4_1786325073_523563_p99 trunc=0/9431 11.676s
[834/1548] e4_1786329790_523563_p6 trunc=0/10282 2.064s
[835/1548] e4_1786325073_523563_p91 trunc=0/10647 13.438s
[836/1548] e4_1786329790_523563_p7 trunc=0/10263 2.633s
[837/1548] e4_1786325073_523563_p103 trunc=0/9898 13.433s
[838/1548] e4_1786329790_523563_p10 trunc=0/10599 2.759s
[839/1548] e4_1786325073_523563_p106 trunc=0/9726 12.708s
[840/1548] e4_1786329790_523563_p11 trunc=0/10453 2.94s
[841/1548] e4_1786325073_523563_p102 trunc=0/10392 13.995s
[842/1548] e4_1786329790_523563_p14 trunc=0/10597 3.237s
[843/1548] e4_1786325073_523563_p114 trunc=0/8448 11.786s
[844/1548] e4_1786329790_523563_p15 trunc=0/10097 3.524s
[845/1548] e4_1786325073_523563_p110 trunc=0/10135 12.911s
[846/1548] e4_1786325073_523563_p111 trunc=0/9147 12.885s
[847/1548] e4_1786329790_523563_p18 trunc=0/9904 3.522s
[848/1548] e4_1786329790_523563_p19 trunc=0/9240 3.61s
[849/1548] e4_1786329790_523563_p47 trunc=None/None 0.0002522468566894531s
[850/1548] e4_1786329790_523563_p22 trunc=0/10650 3.511s
[851/1548] e4_1786325073_523563_p107 trunc=0/10088 14.271s
[852/1548] e4_1786325073_523563_p126 trunc=0/10463 10.33s
[853/1548] e4_1786329790_523563_p23 trunc=0/9740 3.551s
[854/1548] e4_1786329790_523563_p26 trunc=0/9693 3.502s
[855/1548] e4_1786329790_523563_p27 trunc=0/10084 3.964s
[856/1548] e4_1786329790_523563_p34 trunc=0/9292 3.655s
[857/1548] e4_1786329790_523563_p30 trunc=0/10022 4.005s
[858/1548] e4_1786325073_523563_p115 trunc=0/9653 14.771s
[859/1548] e4_1786329790_523563_p31 trunc=0/10255 4.28s
[860/1548] e4_1786329790_523563_p38 trunc=0/10473 4.11s
[861/1548] e4_1786325073_523563_p118 trunc=0/10229 14.466s
[862/1548] e4_1786325073_523563_p122 trunc=0/9824 12.562s
[863/1548] e4_1786329790_523563_p42 trunc=0/8447 4.161s
[864/1548] e4_1786329790_523563_p46 trunc=0/9427 4.115s
[865/1548] e4_1786329790_523563_p35 trunc=0/10512 4.931s
[866/1548] e4_1786325073_523563_p130 trunc=0/10447 11.195s
[867/1548] e4_1786329790_523563_p39 trunc=0/9969 4.981s
[868/1548] e4_1786329790_523563_p50 trunc=0/9255 4.666s
[869/1548] e4_1786329790_523563_p43 trunc=0/9787 5.082s
[870/1548] e4_1786325073_523563_p134 trunc=0/11006 11.725s
[871/1548] e4_1786325073_523563_p123 trunc=0/10181 13.96s
[872/1548] e4_1786325073_523563_p139 trunc=0/144 12.612s
[873/1548] e4_1786329790_523563_p51 trunc=0/9439 5.879s
[874/1548] e4_1786329790_523563_p54 trunc=0/9428 5.525s
[875/1548] e4_1786329790_523563_p99 trunc=None/None 0.0002830028533935547s
[876/1548] e4_1786325073_523563_p119 trunc=0/10344 16.629s
[877/1548] e4_1786329790_523563_p103 trunc=None/None 0.00048470497131347656s
[878/1548] e4_1786329790_523563_p55 trunc=0/10296 7.085s
[879/1548] e4_1786329790_523563_p107 trunc=None/None 0.0003714561462402344s
[880/1548] e4_1786329790_523563_p58 trunc=0/10017 6.845s
[881/1548] e4_1786329790_523563_p111 trunc=None/None 0.0004551410675048828s
[882/1548] e4_1786329790_523563_p59 trunc=0/9648 7.076s
[883/1548] e4_1786329790_523563_p115 trunc=None/None 0.000484466552734375s
[884/1548] e4_1786329790_523563_p62 trunc=0/10369 7.032s
[885/1548] e4_1786329790_523563_p119 trunc=None/None 0.00041937828063964844s
[886/1548] e4_1786329790_523563_p70 trunc=0/10220 7.17s
[887/1548] e4_1786329790_523563_p123 trunc=None/None 0.0005180835723876953s
[888/1548] e4_1786329790_523563_p63 trunc=0/9876 7.691s
[889/1548] e4_1786329790_523563_p127 trunc=None/None 0.0007314682006835938s
[890/1548] e4_1786329790_523563_p66 trunc=0/9488 7.578s
[891/1548] e4_1786329790_523563_p131 trunc=None/None 0.0005159378051757812s
[892/1548] e4_1786329790_523563_p67 trunc=0/9069 7.641s
[893/1548] e4_1786329790_523563_p135 trunc=None/None 0.0005209445953369141s
[894/1548] e4_1786329790_523563_p138 trunc=None/None 0.0005269050598144531s
[895/1548] e4_1786329790_523563_p139 trunc=None/None 0.000522613525390625s
[896/1548] e4_1786329790_523563_p74 trunc=0/9363 8.113s
[897/1548] e4_1786337185_638286_p2 trunc=0/9664 1.616s
[898/1548] e4_1786329790_523563_p75 trunc=0/8971 8.635s
[899/1548] e4_1786329790_523563_p71 trunc=0/10671 9.094s
[900/1548] e4_1786329790_523563_p78 trunc=0/9952 9.674s
[901/1548] e4_1786337185_638286_p3 trunc=0/10685 1.877s
[902/1548] e4_1786329790_523563_p79 trunc=0/10264 9.765s
[903/1548] e4_1786337185_638286_p6 trunc=0/10068 1.868s
[904/1548] e4_1786329790_523563_p82 trunc=0/9751 10.056s
[905/1548] e4_1786337185_638286_p7 trunc=0/10736 2.045s
[906/1548] e4_1786329790_523563_p83 trunc=0/10159 10.151s
[907/1548] e4_1786329790_523563_p98 trunc=0/9611 8.452s
[908/1548] e4_1786329790_523563_p90 trunc=0/10088 9.818s
[909/1548] e4_1786337185_638286_p10 trunc=0/10375 2.25s
[910/1548] e4_1786329790_523563_p87 trunc=0/10288 10.4s
[911/1548] e4_1786329790_523563_p86 trunc=0/9807 10.625s
[912/1548] e4_1786329790_523563_p102 trunc=0/9861 8.978s
[913/1548] e4_1786337185_638286_p14 trunc=0/9771 2.219s
[914/1548] e4_1786329790_523563_p94 trunc=0/10402 10.827s
[915/1548] e4_1786337185_638286_p11 trunc=0/10055 2.499s
[916/1548] e4_1786329790_523563_p91 trunc=0/10758 10.904s
[917/1548] e4_1786337185_638286_p15 trunc=0/10340 2.748s
[918/1548] e4_1786337185_638286_p18 trunc=0/9409 2.693s
[919/1548] e4_1786337185_638286_p22 trunc=0/9640 2.881s
[920/1548] e4_1786329790_523563_p106 trunc=0/8601 9.632s
[921/1548] e4_1786337185_638286_p19 trunc=0/9615 3.065s
[922/1548] e4_1786337185_638286_p23 trunc=0/10079 3.443s
[923/1548] e4_1786329790_523563_p95 trunc=0/10448 11.841s
[924/1548] e4_1786337185_638286_p26 trunc=0/9625 3.419s
[925/1548] e4_1786337185_638286_p59 trunc=None/None 0.00019121170043945312s
[926/1548] e4_1786329790_523563_p114 trunc=0/7746 9.384s
[927/1548] e4_1786329790_523563_p118 trunc=0/9629 9.315s
[928/1548] e4_1786337185_638286_p27 trunc=0/10019 3.963s
[929/1548] e4_1786329790_523563_p110 trunc=0/9764 9.774s
[930/1548] e4_1786337185_638286_p30 trunc=0/10511 4.3s
[931/1548] e4_1786329790_523563_p122 trunc=0/9418 9.643s
[932/1548] e4_1786337185_638286_p34 trunc=0/9263 4.183s
[933/1548] e4_1786337185_638286_p75 trunc=None/None 0.0003159046173095703s
[934/1548] e4_1786337185_638286_p31 trunc=0/10046 4.347s
[935/1548] e4_1786337185_638286_p35 trunc=0/10327 4.299s
[936/1548] e4_1786329790_523563_p126 trunc=0/10440 9.808s
[937/1548] e4_1786337185_638286_p42 trunc=0/8828 4.577s
[938/1548] e4_1786337185_638286_p38 trunc=0/10810 4.845s
[939/1548] e4_1786337185_638286_p87 trunc=None/None 0.0003707408905029297s
[940/1548] e4_1786329790_523563_p130 trunc=0/10580 10.459s
[941/1548] e4_1786337185_638286_p91 trunc=None/None 0.0003559589385986328s
[942/1548] e4_1786329790_523563_p134 trunc=0/11008 10.48s
[943/1548] e4_1786337185_638286_p95 trunc=None/None 0.00024247169494628906s
[944/1548] e4_1786337185_638286_p39 trunc=0/10132 5.021s
[945/1548] e4_1786337185_638286_p99 trunc=None/None 0.00043272972106933594s
[946/1548] e4_1786337185_638286_p43 trunc=0/10228 5.579s
[947/1548] e4_1786337185_638286_p103 trunc=None/None 0.0002617835998535156s
[948/1548] e4_1786337185_638286_p46 trunc=0/9785 5.567s
[949/1548] e4_1786337185_638286_p47 trunc=0/10108 5.587s
[950/1548] e4_1786337185_638286_p50 trunc=0/10093 5.984s
[951/1548] e4_1786337185_638286_p51 trunc=0/10118 6.228s
[952/1548] e4_1786337185_638286_p54 trunc=0/10283 6.808s
[953/1548] e4_1786337185_638286_p62 trunc=0/9318 6.255s
[954/1548] e4_1786337185_638286_p55 trunc=0/9957 6.896s
[955/1548] e4_1786337185_638286_p119 trunc=None/None 0.00029754638671875s
[956/1548] e4_1786337185_638286_p63 trunc=0/9371 6.721s
[957/1548] e4_1786337185_638286_p123 trunc=None/None 0.0004413127899169922s
[958/1548] e4_1786337185_638286_p70 trunc=0/8859 6.509s
[959/1548] e4_1786337185_638286_p127 trunc=None/None 0.0003173351287841797s
[960/1548] e4_1786337185_638286_p58 trunc=0/9904 7.667s
[961/1548] e4_1786337185_638286_p131 trunc=None/None 0.0004899501800537109s
[962/1548] e4_1786337185_638286_p66 trunc=0/9226 7.161s
[963/1548] e4_1786337185_638286_p135 trunc=None/None 0.0005195140838623047s
[964/1548] e4_1786337185_638286_p138 trunc=None/None 0.00047469139099121094s
[965/1548] e4_1786337185_638286_p139 trunc=None/None 0.0004382133483886719s
[966/1548] e4_1786337185_638286_p67 trunc=0/9008 7.928s
[967/1548] e4_1786367787_389099_p2 trunc=0/9883 1.461s
[968/1548] e4_1786337185_638286_p74 trunc=0/10148 8.082s
[969/1548] e4_1786337185_638286_p83 trunc=0/7610 7.587s
[970/1548] e4_1786337185_638286_p78 trunc=0/9921 8.438s
[971/1548] e4_1786337185_638286_p90 trunc=0/7987 7.204s
[972/1548] e4_1786337185_638286_p82 trunc=0/8810 8.468s
[973/1548] e4_1786367787_389099_p3 trunc=0/9768 1.795s
[974/1548] e4_1786337185_638286_p94 trunc=0/8022 7.53s
[975/1548] e4_1786337185_638286_p86 trunc=0/8980 7.886s
[976/1548] e4_1786337185_638286_p71 trunc=0/10241 9.484s
[977/1548] e4_1786337185_638286_p79 trunc=0/9616 9.524s
[978/1548] e4_1786367787_389099_p6 trunc=0/10356 1.988s
[979/1548] e4_1786367787_389099_p7 trunc=0/9902 2.024s
[980/1548] e4_1786367787_389099_p10 trunc=0/10310 2.778s
[981/1548] e4_1786337185_638286_p98 trunc=0/10130 9.843s
[982/1548] e4_1786367787_389099_p14 trunc=0/10795 2.911s
[983/1548] e4_1786367787_389099_p11 trunc=0/10211 2.967s
[984/1548] e4_1786367787_389099_p15 trunc=0/10892 3.082s
[985/1548] e4_1786367787_389099_p39 trunc=None/None 0.00012946128845214844s
[986/1548] e4_1786367787_389099_p18 trunc=0/9603 3.057s
[987/1548] e4_1786367787_389099_p19 trunc=0/9556 3.098s
[988/1548] e4_1786337185_638286_p102 trunc=0/8436 10.505s
[989/1548] e4_1786367787_389099_p22 trunc=0/10390 3.586s
[990/1548] e4_1786367787_389099_p23 trunc=0/10281 3.558s
[991/1548] e4_1786367787_389099_p26 trunc=0/10047 3.763s
[992/1548] e4_1786367787_389099_p27 trunc=0/10687 3.768s
[993/1548] e4_1786337185_638286_p106 trunc=0/10258 11.364s
[994/1548] e4_1786367787_389099_p30 trunc=0/10356 4.202s
[995/1548] e4_1786337185_638286_p118 trunc=0/10439 9.389s
[996/1548] e4_1786337185_638286_p110 trunc=0/9208 11.609s
[997/1548] e4_1786367787_389099_p31 trunc=0/10478 3.758s
[998/1548] e4_1786337185_638286_p122 trunc=0/6997 9.517s
[999/1548] e4_1786367787_389099_p34 trunc=0/9939 3.825s
[1000/1548] e4_1786337185_638286_p130 trunc=0/7147 9.57s
[1001/1548] e4_1786367787_389099_p71 trunc=None/None 0.00018143653869628906s
[1002/1548] e4_1786337185_638286_p111 trunc=0/9897 11.573s
[1003/1548] e4_1786367787_389099_p35 trunc=0/10218 4.045s
[1004/1548] e4_1786337185_638286_p126 trunc=0/8486 10.231s
[1005/1548] e4_1786337185_638286_p115 trunc=0/9839 11.141s
[1006/1548] e4_1786337185_638286_p114 trunc=0/9073 11.756s
[1007/1548] e4_1786337185_638286_p107 trunc=0/9723 13.511s
[1008/1548] e4_1786367787_389099_p38 trunc=0/9920 5.062s
[1009/1548] e4_1786367787_389099_p42 trunc=0/10202 4.983s
[1010/1548] e4_1786367787_389099_p43 trunc=0/9921 5.209s
[1011/1548] e4_1786367787_389099_p46 trunc=0/9774 5.428s
[1012/1548] e4_1786367787_389099_p47 trunc=0/10104 5.92s
[1013/1548] e4_1786367787_389099_p50 trunc=0/10238 5.532s
[1014/1548] e4_1786367787_389099_p58 trunc=0/9705 5.17s
[1015/1548] e4_1786367787_389099_p51 trunc=0/9892 6.691s
[1016/1548] e4_1786367787_389099_p55 trunc=0/10175 6.481s
[1017/1548] e4_1786367787_389099_p66 trunc=0/8040 5.183s
[1018/1548] e4_1786367787_389099_p54 trunc=0/9997 6.782s
[1019/1548] e4_1786367787_389099_p107 trunc=None/None 0.00023603439331054688s
[1020/1548] e4_1786337185_638286_p134 trunc=0/7584 14.076s
[1021/1548] e4_1786367787_389099_p111 trunc=None/None 0.00036215782165527344s
[1022/1548] e4_1786367787_389099_p62 trunc=0/9767 6.525s
[1023/1548] e4_1786367787_389099_p115 trunc=None/None 0.00035858154296875s
[1024/1548] e4_1786367787_389099_p59 trunc=0/9372 6.832s
[1025/1548] e4_1786367787_389099_p119 trunc=None/None 0.0003726482391357422s
[1026/1548] e4_1786367787_389099_p67 trunc=0/9042 6.459s
[1027/1548] e4_1786367787_389099_p123 trunc=None/None 0.00036978721618652344s
[1028/1548] e4_1786367787_389099_p63 trunc=0/10117 6.871s
[1029/1548] e4_1786367787_389099_p127 trunc=None/None 0.0002872943878173828s
[1030/1548] e4_1786367787_389099_p74 trunc=0/9699 7.53s
[1031/1548] e4_1786367787_389099_p131 trunc=None/None 0.0004410743713378906s
[1032/1548] e4_1786367787_389099_p75 trunc=0/10085 7.532s
[1033/1548] e4_1786367787_389099_p135 trunc=None/None 0.00041556358337402344s
[1034/1548] e4_1786367787_389099_p138 trunc=None/None 0.0004305839538574219s
[1035/1548] e4_1786367787_389099_p139 trunc=None/None 0.0004372596740722656s
[1036/1548] e4_1786367787_389099_p70 trunc=0/9383 7.844s
[1037/1548] e4_1786403231_207028_p3 trunc=None/None 0.00010967254638671875s
[1038/1548] e4_1786367787_389099_p78 trunc=0/10094 7.737s
[1039/1548] e4_1786367787_389099_p86 trunc=0/9954 8.349s
[1040/1548] e4_1786367787_389099_p82 trunc=0/10068 8.828s
[1041/1548] e4_1786403231_207028_p2 trunc=0/9875 2.025s
[1042/1548] e4_1786367787_389099_p79 trunc=0/9727 9.255s
[1043/1548] e4_1786403231_207028_p6 trunc=0/10560 2.103s
[1044/1548] e4_1786403231_207028_p7 trunc=0/10012 2.098s
[1045/1548] e4_1786367787_389099_p83 trunc=0/10321 9.947s
[1046/1548] e4_1786403231_207028_p10 trunc=0/8634 2.131s
[1047/1548] e4_1786403231_207028_p11 trunc=0/9197 2.258s
[1048/1548] e4_1786367787_389099_p87 trunc=0/8887 10.895s
[1049/1548] e4_1786403231_207028_p15 trunc=0/9747 2.6s
[1050/1548] e4_1786403231_207028_p14 trunc=0/9970 2.756s
[1051/1548] e4_1786367787_389099_p91 trunc=0/10333 10.632s
[1052/1548] e4_1786367787_389099_p98 trunc=0/9369 9.648s
[1053/1548] e4_1786367787_389099_p90 trunc=0/10868 11.639s
[1054/1548] e4_1786403231_207028_p18 trunc=0/10522 3.427s
[1055/1548] e4_1786403231_207028_p19 trunc=0/10307 3.304s
[1056/1548] e4_1786403231_207028_p22 trunc=0/10321 3.629s
[1057/1548] e4_1786367787_389099_p103 trunc=0/10172 9.623s
[1058/1548] e4_1786367787_389099_p94 trunc=0/10350 12.28s
[1059/1548] e4_1786367787_389099_p102 trunc=0/10988 10.363s
[1060/1548] e4_1786367787_389099_p95 trunc=0/10505 12.091s
[1061/1548] e4_1786367787_389099_p99 trunc=0/10114 11.478s
[1062/1548] e4_1786403231_207028_p23 trunc=0/9813 3.697s
[1063/1548] e4_1786367787_389099_p114 trunc=0/10914 10.379s
[1064/1548] e4_1786403231_207028_p26 trunc=0/9994 4.18s
[1065/1548] e4_1786367787_389099_p106 trunc=0/10617 11.096s
[1066/1548] e4_1786367787_389099_p134 trunc=0/10836 9.025s
[1067/1548] e4_1786367787_389099_p118 trunc=0/10748 11.066s
[1068/1548] e4_1786403231_207028_p27 trunc=0/10377 4.643s
[1069/1548] e4_1786367787_389099_p130 trunc=0/11008 10.822s
[1070/1548] e4_1786367787_389099_p110 trunc=0/10366 12.276s
[1071/1548] e4_1786403231_207028_p71 trunc=None/None 0.0001990795135498047s
[1072/1548] e4_1786403231_207028_p31 trunc=0/10226 4.705s
[1073/1548] e4_1786403231_207028_p75 trunc=None/None 0.0002770423889160156s
[1074/1548] e4_1786403231_207028_p30 trunc=0/10604 4.823s
[1075/1548] e4_1786403231_207028_p34 trunc=0/10335 4.89s
[1076/1548] e4_1786403231_207028_p35 trunc=0/10137 5.026s
[1077/1548] e4_1786367787_389099_p122 trunc=0/10648 12.157s
[1078/1548] e4_1786403231_207028_p38 trunc=0/10255 5.014s
[1079/1548] e4_1786403231_207028_p42 trunc=0/10744 5.392s
[1080/1548] e4_1786403231_207028_p39 trunc=0/9890 5.656s
[1081/1548] e4_1786367787_389099_p126 trunc=0/11008 13.324s
[1082/1548] e4_1786403231_207028_p46 trunc=0/10173 5.364s
[1083/1548] e4_1786403231_207028_p43 trunc=0/10129 5.753s
[1084/1548] e4_1786403231_207028_p50 trunc=0/10926 5.958s
[1085/1548] e4_1786403231_207028_p47 trunc=0/10668 6.309s
[1086/1548] e4_1786403231_207028_p51 trunc=0/9812 6.068s
[1087/1548] e4_1786403231_207028_p55 trunc=0/10189 6.259s
[1088/1548] e4_1786403231_207028_p54 trunc=0/10735 6.485s
[1089/1548] e4_1786403231_207028_p58 trunc=0/10027 6.664s
[1090/1548] e4_1786403231_207028_p62 trunc=0/10501 6.509s
[1091/1548] e4_1786403231_207028_p59 trunc=0/9809 6.573s
[1092/1548] e4_1786403231_207028_p63 trunc=0/10675 6.615s
[1093/1548] e4_1786403231_207028_p115 trunc=None/None 0.0004131793975830078s
[1094/1548] e4_1786403231_207028_p70 trunc=0/9491 6.076s
[1095/1548] e4_1786403231_207028_p119 trunc=None/None 0.000301361083984375s
[1096/1548] e4_1786403231_207028_p66 trunc=0/10107 6.718s
[1097/1548] e4_1786403231_207028_p123 trunc=None/None 0.0003235340118408203s
[1098/1548] e4_1786403231_207028_p67 trunc=0/9594 6.751s
[1099/1548] e4_1786403231_207028_p127 trunc=None/None 0.0004856586456298828s
[1100/1548] e4_1786403231_207028_p74 trunc=0/9716 7.314s
[1101/1548] e4_1786403231_207028_p131 trunc=None/None 0.00051116943359375s
[1102/1548] e4_1786403231_207028_p78 trunc=0/9885 7.642s
[1103/1548] e4_1786403231_207028_p135 trunc=None/None 0.0005195140838623047s
[1104/1548] e4_1786403231_207028_p138 trunc=None/None 0.0005178451538085938s
[1105/1548] e4_1786403231_207028_p139 trunc=None/None 0.00048661231994628906s
[1106/1548] e4_1786403231_207028_p83 trunc=0/9523 7.604s
[1107/1548] e4_1786403231_207028_p82 trunc=0/9053 8.007s
[1108/1548] e4_1786403231_207028_p79 trunc=0/10363 8.48s
[1109/1548] e4_1786417055_68387_p2 trunc=0/10083 1.706s
[1110/1548] e4_1786403231_207028_p86 trunc=0/9118 8.617s
[1111/1548] e4_1786403231_207028_p87 trunc=0/10420 8.794s
[1112/1548] e4_1786417055_68387_p3 trunc=0/9517 1.811s
[1113/1548] e4_1786417055_68387_p6 trunc=0/10501 2.034s
[1114/1548] e4_1786417055_68387_p7 trunc=0/10132 2.142s
[1115/1548] e4_1786417055_68387_p10 trunc=0/9326 2.642s
[1116/1548] e4_1786417055_68387_p11 trunc=0/10755 3.102s
[1117/1548] e4_1786403231_207028_p90 trunc=0/10179 11.148s
[1118/1548] e4_1786417055_68387_p14 trunc=0/9373 3.212s
[1119/1548] e4_1786417055_68387_p15 trunc=0/10327 3.378s
[1120/1548] e4_1786403231_207028_p91 trunc=0/10850 11.844s
[1121/1548] e4_1786417055_68387_p18 trunc=0/10222 3.469s
[1122/1548] e4_1786417055_68387_p19 trunc=0/10204 3.947s
[1123/1548] e4_1786417055_68387_p22 trunc=0/9976 3.414s
[1124/1548] e4_1786417055_68387_p26 trunc=0/8881 3.166s
[1125/1548] e4_1786417055_68387_p23 trunc=0/9663 3.56s
[1126/1548] e4_1786403231_207028_p98 trunc=0/10300 13.353s
[1127/1548] e4_1786417055_68387_p43 trunc=None/None 0.0001614093780517578s
[1128/1548] e4_1786403231_207028_p110 trunc=0/10568 11.245s
[1129/1548] e4_1786417055_68387_p47 trunc=None/None 0.00020694732666015625s
[1130/1548] e4_1786403231_207028_p95 trunc=0/10343 13.705s
[1131/1548] e4_1786403231_207028_p106 trunc=0/9765 12.404s
[1132/1548] e4_1786417055_68387_p27 trunc=0/9454 3.548s
[1133/1548] e4_1786417055_68387_p30 trunc=0/9604 3.678s
[1134/1548] e4_1786417055_68387_p34 trunc=0/10389 3.624s
[1135/1548] e4_1786403231_207028_p94 trunc=0/10136 15.16s
[1136/1548] e4_1786403231_207028_p99 trunc=0/10558 14.005s
[1137/1548] e4_1786403231_207028_p122 trunc=0/10576 11.524s
[1138/1548] e4_1786403231_207028_p130 trunc=0/11008 11.183s
[1139/1548] e4_1786403231_207028_p114 trunc=0/11008 12.436s
[1140/1548] e4_1786403231_207028_p103 trunc=0/10675 14.045s
[1141/1548] e4_1786403231_207028_p111 trunc=0/10306 12.891s
[1142/1548] e4_1786417055_68387_p31 trunc=0/9971 4.523s
[1143/1548] e4_1786403231_207028_p102 trunc=0/9690 14.969s
[1144/1548] e4_1786403231_207028_p126 trunc=0/11008 12.618s
[1145/1548] e4_1786417055_68387_p79 trunc=None/None 0.00023436546325683594s
[1146/1548] e4_1786403231_207028_p118 trunc=0/11008 13.237s
[1147/1548] e4_1786417055_68387_p35 trunc=0/10171 5.134s
[1148/1548] e4_1786417055_68387_p38 trunc=0/9889 4.67s
[1149/1548] e4_1786417055_68387_p42 trunc=0/8830 4.318s
[1150/1548] e4_1786417055_68387_p39 trunc=0/10031 4.996s
[1151/1548] e4_1786417055_68387_p50 trunc=0/9230 5.161s
[1152/1548] e4_1786403231_207028_p107 trunc=0/10515 17.637s
[1153/1548] e4_1786417055_68387_p51 trunc=0/9405 6.408s
[1154/1548] e4_1786403231_207028_p134 trunc=0/10990 15.312s
[1155/1548] e4_1786417055_68387_p58 trunc=0/10168 5.839s
[1156/1548] e4_1786417055_68387_p46 trunc=0/10321 6.731s
[1157/1548] e4_1786417055_68387_p54 trunc=0/10621 6.408s
[1158/1548] e4_1786417055_68387_p55 trunc=0/10612 6.641s
[1159/1548] e4_1786417055_68387_p59 trunc=0/9140 6.794s
[1160/1548] e4_1786417055_68387_p62 trunc=0/9797 7.383s
[1161/1548] e4_1786417055_68387_p63 trunc=0/9585 7.77s
[1162/1548] e4_1786417055_68387_p66 trunc=0/10017 7.746s
[1163/1548] e4_1786417055_68387_p70 trunc=0/9616 8.14s
[1164/1548] e4_1786417055_68387_p67 trunc=0/10531 8.301s
[1165/1548] e4_1786417055_68387_p71 trunc=0/10091 8.514s
[1166/1548] e4_1786417055_68387_p78 trunc=0/10089 8.499s
[1167/1548] e4_1786417055_68387_p75 trunc=0/9977 9.021s
[1168/1548] e4_1786417055_68387_p82 trunc=0/9764 8.752s
[1169/1548] e4_1786417055_68387_p86 trunc=0/7526 8.085s
[1170/1548] e4_1786417055_68387_p74 trunc=0/10434 9.839s
[1171/1548] e4_1786417055_68387_p83 trunc=0/10541 10.533s
[1172/1548] e4_1786417055_68387_p94 trunc=0/8903 9.774s
[1173/1548] e4_1786417055_68387_p90 trunc=0/9443 10.925s
[1174/1548] e4_1786417055_68387_p138 trunc=None/None 0.0004906654357910156s
[1175/1548] e4_1786417055_68387_p98 trunc=0/9564 9.575s
[1176/1548] e4_1786417055_68387_p95 trunc=0/9410 10.681s
[1177/1548] e4_1786417055_68387_p87 trunc=0/10409 12.565s
[1178/1548] e4_1786417055_68387_p110 trunc=0/9868 8.668s
[1179/1548] e4_1786417055_68387_p106 trunc=0/8997 10.391s
[1180/1548] e4_1786417055_68387_p91 trunc=0/10366 12.665s
[1181/1548] e4_1786417055_68387_p102 trunc=0/9653 11.122s
[1182/1548] e4_1786418867_411846845_p2 trunc=0/10679 1.698s
[1183/1548] e4_1786417055_68387_p99 trunc=0/10614 11.426s
[1184/1548] e4_1786418867_411846845_p3 trunc=0/10103 1.618s
[1185/1548] e4_1786417055_68387_p107 trunc=0/8909 11.073s
[1186/1548] e4_1786418867_411846845_p6 trunc=0/9792 1.857s
[1187/1548] e4_1786418867_411846845_p7 trunc=0/9587 1.884s
[1188/1548] e4_1786418867_411846845_p10 trunc=0/9876 2.066s
[1189/1548] e4_1786417055_68387_p114 trunc=0/8503 10.329s
[1190/1548] e4_1786418867_411846845_p11 trunc=0/10625 2.617s
[1191/1548] e4_1786417055_68387_p103 trunc=0/9418 13.597s
[1192/1548] e4_1786418867_411846845_p15 trunc=0/10289 2.627s
[1193/1548] e4_1786417055_68387_p118 trunc=0/8953 10.702s
[1194/1548] e4_1786418867_411846845_p14 trunc=0/10501 2.675s
[1195/1548] e4_1786418867_411846845_p22 trunc=0/9385 2.597s
[1196/1548] e4_1786418867_411846845_p18 trunc=0/10038 3.217s
[1197/1548] e4_1786418867_411846845_p19 trunc=0/10525 3.123s
[1198/1548] e4_1786418867_411846845_p26 trunc=0/9487 3.404s
[1199/1548] e4_1786418867_411846845_p23 trunc=0/10469 3.635s
[1200/1548] e4_1786417055_68387_p111 trunc=0/9799 13.448s
[1201/1548] e4_1786417055_68387_p115 trunc=0/9123 13.514s
[1202/1548] e4_1786417055_68387_p126 trunc=0/9198 11.772s
[1203/1548] e4_1786418867_411846845_p27 trunc=0/10334 3.899s
[1204/1548] e4_1786418867_411846845_p30 trunc=0/10079 3.958s
[1205/1548] e4_1786418867_411846845_p31 trunc=0/10105 4.065s
[1206/1548] e4_1786418867_411846845_p38 trunc=0/10979 4.128s
[1207/1548] e4_1786418867_411846845_p34 trunc=0/10091 4.43s
[1208/1548] e4_1786417055_68387_p122 trunc=0/9683 14.581s
[1209/1548] e4_1786418867_411846845_p35 trunc=0/9939 4.455s
[1210/1548] e4_1786417055_68387_p123 trunc=0/10218 13.87s
[1211/1548] e4_1786418867_411846845_p39 trunc=0/10066 4.661s
[1212/1548] e4_1786417055_68387_p130 trunc=0/8539 13.35s
[1213/1548] e4_1786417055_68387_p127 trunc=0/9313 13.815s
[1214/1548] e4_1786418867_411846845_p42 trunc=0/9999 4.632s
[1215/1548] e4_1786417055_68387_p119 trunc=0/10760 15.735s
[1216/1548] e4_1786418867_411846845_p43 trunc=0/9774 5.248s
[1217/1548] e4_1786418867_411846845_p46 trunc=0/10040 5.224s
[1218/1548] e4_1786417055_68387_p134 trunc=0/7976 13.361s
[1219/1548] e4_1786418867_411846845_p47 trunc=0/9694 5.082s
[1220/1548] e4_1786418867_411846845_p50 trunc=0/9854 5.148s
[1221/1548] e4_1786418867_411846845_p51 trunc=0/10722 6.423s
[1222/1548] e4_1786417055_68387_p139 trunc=0/2736 13.355s
[1223/1548] e4_1786418867_411846845_p54 trunc=0/10233 6.171s
[1224/1548] e4_1786417055_68387_p131 trunc=0/9249 17.248s
[1225/1548] e4_1786418867_411846845_p99 trunc=None/None 0.0002636909484863281s
[1226/1548] e4_1786417055_68387_p135 trunc=0/9184 14.68s
[1227/1548] e4_1786418867_411846845_p103 trunc=None/None 0.0002770423889160156s
[1228/1548] e4_1786418867_411846845_p58 trunc=0/9565 6.517s
[1229/1548] e4_1786418867_411846845_p107 trunc=None/None 0.0004470348358154297s
[1230/1548] e4_1786418867_411846845_p55 trunc=0/10153 6.987s
[1231/1548] e4_1786418867_411846845_p111 trunc=None/None 0.00044798851013183594s
[1232/1548] e4_1786418867_411846845_p59 trunc=0/10037 6.837s
[1233/1548] e4_1786418867_411846845_p115 trunc=None/None 0.0004093647003173828s
[1234/1548] e4_1786418867_411846845_p62 trunc=0/10837 7.313s
[1235/1548] e4_1786418867_411846845_p119 trunc=None/None 0.0004668235778808594s
[1236/1548] e4_1786418867_411846845_p74 trunc=0/9215 6.328s
[1237/1548] e4_1786418867_411846845_p123 trunc=None/None 0.0005109310150146484s
[1238/1548] e4_1786418867_411846845_p70 trunc=0/9961 6.981s
[1239/1548] e4_1786418867_411846845_p127 trunc=None/None 0.00033855438232421875s
[1240/1548] e4_1786418867_411846845_p66 trunc=0/10081 7.138s
[1241/1548] e4_1786418867_411846845_p82 trunc=0/8620 6.736s
[1242/1548] e4_1786418867_411846845_p67 trunc=0/9797 7.518s
[1243/1548] e4_1786418867_411846845_p63 trunc=0/10018 7.827s
[1244/1548] e4_1786418867_411846845_p138 trunc=None/None 0.0003407001495361328s
[1245/1548] e4_1786418867_411846845_p78 trunc=0/9031 7.336s
[1246/1548] e4_1786418867_411846845_p71 trunc=0/10446 8.339s
[1247/1548] e4_1786454767_166575_p2 trunc=0/10312 1.792s
[1248/1548] e4_1786418867_411846845_p79 trunc=0/10730 9.0s
[1249/1548] e4_1786454767_166575_p3 trunc=0/9032 1.401s
[1250/1548] e4_1786418867_411846845_p75 trunc=0/10750 10.177s
[1251/1548] e4_1786418867_411846845_p86 trunc=0/10293 8.905s
[1252/1548] e4_1786418867_411846845_p83 trunc=0/10567 9.688s
[1253/1548] e4_1786418867_411846845_p90 trunc=0/9744 9.082s
[1254/1548] e4_1786454767_166575_p6 trunc=0/10259 1.976s
[1255/1548] e4_1786418867_411846845_p91 trunc=0/9694 9.159s
[1256/1548] e4_1786454767_166575_p7 trunc=0/10354 2.251s
[1257/1548] e4_1786454767_166575_p10 trunc=0/10126 2.11s
[1258/1548] e4_1786418867_411846845_p87 trunc=0/9609 9.963s
[1259/1548] e4_1786418867_411846845_p94 trunc=0/9228 8.545s
[1260/1548] e4_1786454767_166575_p11 trunc=0/9716 2.534s
[1261/1548] e4_1786454767_166575_p14 trunc=0/10377 2.59s
[1262/1548] e4_1786418867_411846845_p106 trunc=0/8954 8.711s
[1263/1548] e4_1786418867_411846845_p98 trunc=0/9718 9.77s
[1264/1548] e4_1786454767_166575_p15 trunc=0/10730 2.83s
[1265/1548] e4_1786454767_166575_p39 trunc=None/None 0.0002605915069580078s
[1266/1548] e4_1786454767_166575_p18 trunc=0/10527 2.897s
[1267/1548] e4_1786454767_166575_p43 trunc=None/None 0.0002655982971191406s
[1268/1548] e4_1786418867_411846845_p95 trunc=0/10352 10.613s
[1269/1548] e4_1786454767_166575_p47 trunc=None/None 0.00030875205993652344s
[1270/1548] e4_1786418867_411846845_p102 trunc=0/10299 10.139s
[1271/1548] e4_1786454767_166575_p19 trunc=0/9756 2.977s
[1272/1548] e4_1786454767_166575_p22 trunc=0/10186 3.515s
[1273/1548] e4_1786454767_166575_p55 trunc=None/None 0.00030112266540527344s
[1274/1548] e4_1786454767_166575_p23 trunc=0/10779 3.758s
[1275/1548] e4_1786454767_166575_p59 trunc=None/None 0.0002608299255371094s
[1276/1548] e4_1786454767_166575_p26 trunc=0/10297 3.721s
[1277/1548] e4_1786454767_166575_p63 trunc=None/None 0.00038433074951171875s
[1278/1548] e4_1786418867_411846845_p122 trunc=0/10250 9.1s
[1279/1548] e4_1786454767_166575_p67 trunc=None/None 0.0004165172576904297s
[1280/1548] e4_1786418867_411846845_p114 trunc=0/9414 11.031s
[1281/1548] e4_1786454767_166575_p27 trunc=0/9469 3.867s
[1282/1548] e4_1786418867_411846845_p110 trunc=0/10000 11.407s
[1283/1548] e4_1786454767_166575_p30 trunc=0/10141 4.319s
[1284/1548] e4_1786418867_411846845_p118 trunc=0/9635 11.689s
[1285/1548] e4_1786454767_166575_p31 trunc=0/9300 4.509s
[1286/1548] e4_1786454767_166575_p34 trunc=0/9592 4.582s
[1287/1548] e4_1786418867_411846845_p126 trunc=0/9904 11.36s
[1288/1548] e4_1786454767_166575_p35 trunc=0/9409 4.913s
[1289/1548] e4_1786454767_166575_p38 trunc=0/9744 5.035s
[1290/1548] e4_1786454767_166575_p42 trunc=0/9411 5.31s
[1291/1548] e4_1786454767_166575_p46 trunc=0/9091 5.631s
[1292/1548] e4_1786418867_411846845_p135 trunc=0/9365 12.689s
[1293/1548] e4_1786454767_166575_p51 trunc=0/10191 7.093s
[1294/1548] e4_1786454767_166575_p50 trunc=0/10133 7.147s
[1295/1548] e4_1786418867_411846845_p134 trunc=0/10079 14.589s
[1296/1548] e4_1786454767_166575_p54 trunc=0/10231 7.731s
[1297/1548] e4_1786418867_411846845_p130 trunc=0/9626 15.187s
[1298/1548] e4_1786454767_166575_p58 trunc=0/9519 7.156s
[1299/1548] e4_1786418867_411846845_p131 trunc=0/9334 15.229s
[1300/1548] e4_1786454767_166575_p66 trunc=0/9486 6.74s
[1301/1548] e4_1786454767_166575_p111 trunc=None/None 0.00031447410583496094s
[1302/1548] e4_1786418867_411846845_p139 trunc=0/664 15.216s
[1303/1548] e4_1786454767_166575_p115 trunc=None/None 0.0004591941833496094s
[1304/1548] e4_1786454767_166575_p70 trunc=0/10353 7.398s
[1305/1548] e4_1786454767_166575_p119 trunc=None/None 0.00029778480529785156s
[1306/1548] e4_1786454767_166575_p62 trunc=0/9770 7.501s
[1307/1548] e4_1786454767_166575_p123 trunc=None/None 0.0004858970642089844s
[1308/1548] e4_1786454767_166575_p74 trunc=0/9788 9.353s
[1309/1548] e4_1786454767_166575_p79 trunc=0/9518 8.937s
[1310/1548] e4_1786454767_166575_p78 trunc=0/10349 9.478s
[1311/1548] e4_1786454767_166575_p75 trunc=0/10501 9.855s
[1312/1548] e4_1786454767_166575_p71 trunc=0/10266 10.267s
[1313/1548] e4_1786454767_166575_p135 trunc=None/None 0.0003941059112548828s
[1314/1548] e4_1786454767_166575_p138 trunc=None/None 0.0003848075866699219s
[1315/1548] e4_1786454767_166575_p83 trunc=0/9815 10.606s
[1316/1548] e4_1786454767_166575_p82 trunc=0/9672 10.854s
[1317/1548] e4_1786454767_166575_p90 trunc=0/10617 9.59s
[1318/1548] e4_1786454767_166575_p86 trunc=0/9944 10.768s
[1319/1548] e4_1786454767_166575_p87 trunc=0/10168 10.628s
[1320/1548] e4_1786454767_166575_p91 trunc=0/8918 10.096s
[1321/1548] e4_1786501074_943197_p2 trunc=0/9485 1.458s
[1322/1548] e4_1786501074_943197_p3 trunc=0/10116 1.59s
[1323/1548] e4_1786501074_943197_p6 trunc=0/9716 1.772s
[1324/1548] e4_1786501074_943197_p7 trunc=0/10956 1.98s
[1325/1548] e4_1786454767_166575_p95 trunc=0/10162 10.604s
[1326/1548] e4_1786454767_166575_p94 trunc=0/10288 10.944s
[1327/1548] e4_1786501074_943197_p10 trunc=0/10598 2.163s
[1328/1548] e4_1786501074_943197_p11 trunc=0/10052 2.246s
[1329/1548] e4_1786454767_166575_p114 trunc=0/9090 9.634s
[1330/1548] e4_1786454767_166575_p110 trunc=0/9338 9.99s
[1331/1548] e4_1786501074_943197_p15 trunc=0/9871 2.52s
[1332/1548] e4_1786501074_943197_p14 trunc=0/10542 2.803s
[1333/1548] e4_1786454767_166575_p102 trunc=0/10201 10.89s
[1334/1548] e4_1786454767_166575_p118 trunc=0/10844 10.149s
[1335/1548] e4_1786501074_943197_p18 trunc=0/10061 2.913s
[1336/1548] e4_1786454767_166575_p106 trunc=0/9337 11.17s
[1337/1548] e4_1786454767_166575_p103 trunc=0/10057 11.371s
[1338/1548] e4_1786501074_943197_p19 trunc=0/10359 3.067s
[1339/1548] e4_1786454767_166575_p99 trunc=0/10477 12.337s
[1340/1548] e4_1786454767_166575_p107 trunc=0/10188 11.661s
[1341/1548] e4_1786454767_166575_p98 trunc=0/10528 12.496s
[1342/1548] e4_1786501074_943197_p22 trunc=0/10126 3.332s
[1343/1548] e4_1786501074_943197_p23 trunc=0/10310 3.602s
[1344/1548] e4_1786501074_943197_p26 trunc=0/10805 3.886s
[1345/1548] e4_1786454767_166575_p122 trunc=0/10529 13.094s
[1346/1548] e4_1786501074_943197_p30 trunc=0/10085 4.297s
[1347/1548] e4_1786501074_943197_p27 trunc=0/10704 4.793s
[1348/1548] e4_1786454767_166575_p126 trunc=0/10079 14.257s
[1349/1548] e4_1786501074_943197_p35 trunc=0/9638 4.975s
[1350/1548] e4_1786501074_943197_p31 trunc=0/10061 5.317s
[1351/1548] e4_1786501074_943197_p34 trunc=0/10346 5.166s
[1352/1548] e4_1786501074_943197_p38 trunc=0/9483 4.984s
[1353/1548] e4_1786501074_943197_p39 trunc=0/9869 5.535s
[1354/1548] e4_1786454767_166575_p127 trunc=0/9607 13.235s
[1355/1548] e4_1786501074_943197_p42 trunc=0/10022 6.264s
[1356/1548] e4_1786501074_943197_p46 trunc=0/9444 6.185s
[1357/1548] e4_1786454767_166575_p130 trunc=0/9886 13.992s
[1358/1548] e4_1786501074_943197_p43 trunc=0/9997 6.737s
[1359/1548] e4_1786501074_943197_p47 trunc=0/10254 6.655s
[1360/1548] e4_1786454767_166575_p131 trunc=0/9253 14.448s
[1361/1548] e4_1786501074_943197_p50 trunc=0/10849 7.213s
[1362/1548] e4_1786501074_943197_p51 trunc=0/10242 7.27s
[1363/1548] e4_1786454767_166575_p139 trunc=0/232 14.953s
[1364/1548] e4_1786501074_943197_p55 trunc=0/9497 7.128s
[1365/1548] e4_1786501074_943197_p54 trunc=0/10383 7.924s
[1366/1548] e4_1786501074_943197_p58 trunc=0/10340 8.23s
[1367/1548] e4_1786454767_166575_p134 trunc=0/8060 17.715s
[1368/1548] e4_1786501074_943197_p59 trunc=0/10555 8.918s
[1369/1548] e4_1786501074_943197_p66 trunc=0/10533 7.752s
[1370/1548] e4_1786501074_943197_p62 trunc=0/10143 8.202s
[1371/1548] e4_1786501074_943197_p111 trunc=None/None 0.0004246234893798828s
[1372/1548] e4_1786501074_943197_p63 trunc=0/10368 8.114s
[1373/1548] e4_1786501074_943197_p74 trunc=0/9915 6.804s
[1374/1548] e4_1786501074_943197_p70 trunc=0/10035 7.82s
[1375/1548] e4_1786501074_943197_p67 trunc=0/10616 8.045s
[1376/1548] e4_1786501074_943197_p71 trunc=0/9640 7.964s
[1377/1548] e4_1786501074_943197_p123 trunc=None/None 0.0005571842193603516s
[1378/1548] e4_1786501074_943197_p75 trunc=0/9902 7.921s
[1379/1548] e4_1786501074_943197_p127 trunc=None/None 0.0003914833068847656s
[1380/1548] e4_1786501074_943197_p78 trunc=0/10579 7.52s
[1381/1548] e4_1786501074_943197_p131 trunc=None/None 0.00034046173095703125s
[1382/1548] e4_1786501074_943197_p79 trunc=0/9145 7.519s
[1383/1548] e4_1786501074_943197_p135 trunc=None/None 0.0005695819854736328s
[1384/1548] e4_1786501074_943197_p138 trunc=None/None 0.0005242824554443359s
[1385/1548] e4_1786501074_943197_p139 trunc=None/None 0.0005183219909667969s
[1386/1548] e4_1786501074_943197_p90 trunc=0/9803 6.48s
[1387/1548] e4_1786501074_943197_p86 trunc=0/9894 7.272s
[1388/1548] e4_1786503336_446661_p2 trunc=0/10618 1.659s
[1389/1548] e4_1786503336_446661_p3 trunc=0/10438 1.863s
[1390/1548] e4_1786501074_943197_p87 trunc=0/10392 8.688s
[1391/1548] e4_1786501074_943197_p82 trunc=0/9731 9.95s
[1392/1548] e4_1786503336_446661_p6 trunc=0/10028 1.985s
[1393/1548] e4_1786503336_446661_p7 trunc=0/9771 1.845s
[1394/1548] e4_1786501074_943197_p94 trunc=0/9628 8.947s
[1395/1548] e4_1786501074_943197_p91 trunc=0/10166 9.591s
[1396/1548] e4_1786501074_943197_p83 trunc=0/10507 10.753s
[1397/1548] e4_1786503336_446661_p10 trunc=0/9743 2.182s
[1398/1548] e4_1786503336_446661_p11 trunc=0/10217 2.455s
[1399/1548] e4_1786503336_446661_p15 trunc=0/8994 2.398s
[1400/1548] e4_1786503336_446661_p14 trunc=0/10178 2.63s
[1401/1548] e4_1786503336_446661_p18 trunc=0/8860 2.539s
[1402/1548] e4_1786501074_943197_p98 trunc=0/10149 11.416s
[1403/1548] e4_1786501074_943197_p95 trunc=0/10630 11.671s
[1404/1548] e4_1786501074_943197_p99 trunc=0/10394 11.852s
[1405/1548] e4_1786503336_446661_p19 trunc=0/10605 3.366s
[1406/1548] e4_1786501074_943197_p106 trunc=0/9412 9.54s
[1407/1548] e4_1786501074_943197_p102 trunc=0/11007 11.519s
[1408/1548] e4_1786503336_446661_p22 trunc=0/10478 3.37s
[1409/1548] e4_1786503336_446661_p23 trunc=0/10090 3.591s
[1410/1548] e4_1786503336_446661_p26 trunc=0/10312 3.457s
[1411/1548] e4_1786503336_446661_p27 trunc=0/10602 3.903s
[1412/1548] e4_1786501074_943197_p103 trunc=0/10215 12.782s
[1413/1548] e4_1786503336_446661_p30 trunc=0/9970 3.942s
[1414/1548] e4_1786503336_446661_p31 trunc=0/10207 3.723s
[1415/1548] e4_1786501074_943197_p114 trunc=0/9766 11.606s
[1416/1548] e4_1786503336_446661_p34 trunc=0/9054 4.15s
[1417/1548] e4_1786501074_943197_p122 trunc=0/10923 10.956s
[1418/1548] e4_1786501074_943197_p110 trunc=0/10007 12.422s
[1419/1548] e4_1786501074_943197_p107 trunc=0/10634 13.612s
[1420/1548] e4_1786503336_446661_p38 trunc=0/10219 4.89s
[1421/1548] e4_1786501074_943197_p134 trunc=0/9986 11.786s
[1422/1548] e4_1786501074_943197_p130 trunc=0/8869 12.163s
[1423/1548] e4_1786503336_446661_p39 trunc=0/10046 5.015s
[1424/1548] e4_1786503336_446661_p35 trunc=0/10532 5.508s
[1425/1548] e4_1786501074_943197_p118 trunc=0/10438 13.794s
[1426/1548] e4_1786503336_446661_p42 trunc=0/9217 4.949s
[1427/1548] e4_1786501074_943197_p126 trunc=0/10504 13.24s
[1428/1548] e4_1786503336_446661_p43 trunc=0/10592 5.545s
[1429/1548] e4_1786503336_446661_p46 trunc=0/10313 5.623s
[1430/1548] e4_1786503336_446661_p47 trunc=0/10424 6.13s
[1431/1548] e4_1786503336_446661_p50 trunc=0/10349 6.072s
[1432/1548] e4_1786503336_446661_p51 trunc=0/9946 6.005s
[1433/1548] e4_1786501074_943197_p115 trunc=0/10475 16.702s
[1434/1548] e4_1786503336_446661_p54 trunc=0/9905 6.836s
[1435/1548] e4_1786501074_943197_p119 trunc=0/10479 16.988s
[1436/1548] e4_1786503336_446661_p55 trunc=0/10085 7.332s
[1437/1548] e4_1786503336_446661_p62 trunc=0/10024 7.151s
[1438/1548] e4_1786503336_446661_p58 trunc=0/10587 7.495s
[1439/1548] e4_1786503336_446661_p107 trunc=None/None 0.0004584789276123047s
[1440/1548] e4_1786503336_446661_p59 trunc=0/10144 7.724s
[1441/1548] e4_1786503336_446661_p111 trunc=None/None 0.0003495216369628906s
[1442/1548] e4_1786503336_446661_p63 trunc=0/10885 8.624s
[1443/1548] e4_1786503336_446661_p115 trunc=None/None 0.0003218650817871094s
[1444/1548] e4_1786503336_446661_p70 trunc=0/10199 7.96s
[1445/1548] e4_1786503336_446661_p119 trunc=None/None 0.00030517578125s
[1446/1548] e4_1786503336_446661_p66 trunc=0/10271 9.22s
[1447/1548] e4_1786503336_446661_p123 trunc=None/None 0.0004565715789794922s
[1448/1548] e4_1786503336_446661_p71 trunc=0/9442 8.853s
[1449/1548] e4_1786503336_446661_p127 trunc=None/None 0.0004324913024902344s
[1450/1548] e4_1786503336_446661_p74 trunc=0/10186 9.013s
[1451/1548] e4_1786503336_446661_p131 trunc=None/None 0.0005035400390625s
[1452/1548] e4_1786503336_446661_p67 trunc=0/10426 10.096s
[1453/1548] e4_1786503336_446661_p135 trunc=None/None 0.0005605220794677734s
[1454/1548] e4_1786503336_446661_p138 trunc=None/None 0.0005173683166503906s
[1455/1548] e4_1786503336_446661_p78 trunc=0/8766 8.713s
[1456/1548] e4_1786503336_446661_p75 trunc=0/9962 9.161s
[1457/1548] e4_1786503336_446661_p82 trunc=0/10390 9.694s
[1458/1548] e4_1786511848_634689_p2 trunc=0/9924 2.054s
[1459/1548] e4_1786503336_446661_p83 trunc=0/9662 11.036s
[1460/1548] e4_1786503336_446661_p87 trunc=0/10416 10.474s
[1461/1548] e4_1786511848_634689_p3 trunc=0/10831 2.311s
[1462/1548] e4_1786503336_446661_p79 trunc=0/10655 11.585s
[1463/1548] e4_1786511848_634689_p6 trunc=0/9594 2.629s
[1464/1548] e4_1786511848_634689_p7 trunc=0/10062 1.992s
[1465/1548] e4_1786503336_446661_p86 trunc=0/8518 12.295s
[1466/1548] e4_1786503336_446661_p94 trunc=0/10223 11.047s
[1467/1548] e4_1786503336_446661_p90 trunc=0/10515 12.59s
[1468/1548] e4_1786503336_446661_p91 trunc=0/10811 12.106s
[1469/1548] e4_1786511848_634689_p10 trunc=0/10603 2.624s
[1470/1548] e4_1786511848_634689_p14 trunc=0/9562 2.801s
[1471/1548] e4_1786511848_634689_p11 trunc=0/10674 2.904s
[1472/1548] e4_1786511848_634689_p15 trunc=0/9693 2.588s
[1473/1548] e4_1786503336_446661_p98 trunc=0/10518 11.461s
[1474/1548] e4_1786503336_446661_p106 trunc=0/9278 9.59s
[1475/1548] e4_1786503336_446661_p102 trunc=0/9610 10.444s
[1476/1548] e4_1786503336_446661_p110 trunc=0/8208 10.069s
[1477/1548] e4_1786503336_446661_p95 trunc=0/9869 12.797s
[1478/1548] e4_1786503336_446661_p103 trunc=0/9864 10.641s
[1479/1548] e4_1786511848_634689_p18 trunc=0/10297 3.23s
[1480/1548] e4_1786511848_634689_p19 trunc=0/10691 3.143s
[1481/1548] e4_1786511848_634689_p22 trunc=0/10589 3.268s
[1482/1548] e4_1786503336_446661_p99 trunc=0/10884 12.517s
[1483/1548] e4_1786511848_634689_p23 trunc=0/10612 3.531s
[1484/1548] e4_1786511848_634689_p26 trunc=0/10539 3.84s
[1485/1548] e4_1786511848_634689_p27 trunc=0/10589 4.204s
[1486/1548] e4_1786511848_634689_p30 trunc=0/9767 4.205s
[1487/1548] e4_1786511848_634689_p63 trunc=None/None 0.0002808570861816406s
[1488/1548] e4_1786503336_446661_p118 trunc=0/10351 11.26s
[1489/1548] e4_1786511848_634689_p67 trunc=None/None 0.00029921531677246094s
[1490/1548] e4_1786503336_446661_p122 trunc=0/9436 10.945s
[1491/1548] e4_1786511848_634689_p71 trunc=None/None 0.00021457672119140625s
[1492/1548] e4_1786511848_634689_p34 trunc=0/10234 4.359s
[1493/1548] e4_1786511848_634689_p75 trunc=None/None 0.00037026405334472656s
[1494/1548] e4_1786503336_446661_p130 trunc=0/7010 10.392s
[1495/1548] e4_1786511848_634689_p79 trunc=None/None 0.00037932395935058594s
[1496/1548] e4_1786511848_634689_p31 trunc=0/10594 5.133s
[1497/1548] e4_1786511848_634689_p83 trunc=None/None 0.0002620220184326172s
[1498/1548] e4_1786511848_634689_p35 trunc=0/10404 5.134s
[1499/1548] e4_1786511848_634689_p87 trunc=None/None 0.00042891502380371094s
[1500/1548] e4_1786503336_446661_p114 trunc=0/10118 14.309s
[1501/1548] e4_1786511848_634689_p91 trunc=None/None 0.00040841102600097656s
[1502/1548] e4_1786511848_634689_p38 trunc=0/10082 5.441s
[1503/1548] e4_1786511848_634689_p39 trunc=0/10374 5.429s
[1504/1548] e4_1786503336_446661_p139 trunc=0/104 11.345s
[1505/1548] e4_1786511848_634689_p99 trunc=None/None 0.00031828880310058594s
[1506/1548] e4_1786511848_634689_p42 trunc=0/10470 5.46s
[1507/1548] e4_1786511848_634689_p103 trunc=None/None 0.00031566619873046875s
[1508/1548] e4_1786503336_446661_p126 trunc=0/10182 12.891s
[1509/1548] e4_1786511848_634689_p107 trunc=None/None 0.0005016326904296875s
[1510/1548] e4_1786511848_634689_p43 trunc=0/10401 5.833s
[1511/1548] e4_1786511848_634689_p46 trunc=0/10585 5.875s
[1512/1548] e4_1786511848_634689_p47 trunc=0/10306 5.938s
[1513/1548] e4_1786511848_634689_p50 trunc=0/10209 6.166s
[1514/1548] e4_1786511848_634689_p51 trunc=0/9908 5.966s
[1515/1548] e4_1786511848_634689_p54 trunc=0/10020 6.6s
[1516/1548] e4_1786511848_634689_p58 trunc=0/10147 6.299s
[1517/1548] e4_1786511848_634689_p55 trunc=0/10523 7.034s
[1518/1548] e4_1786503336_446661_p134 trunc=0/8521 16.185s
[1519/1548] e4_1786511848_634689_p59 trunc=0/10309 7.501s
[1520/1548] e4_1786511848_634689_p70 trunc=0/10411 6.904s
[1521/1548] e4_1786511848_634689_p66 trunc=0/9593 6.961s
[1522/1548] e4_1786511848_634689_p62 trunc=0/9979 7.257s
[1523/1548] e4_1786511848_634689_p135 trunc=None/None 0.0005714893341064453s
[1524/1548] e4_1786511848_634689_p138 trunc=None/None 0.0005102157592773438s
[1525/1548] e4_1786511848_634689_p139 trunc=None/None 0.0004980564117431641s
[1526/1548] e4_1786511848_634689_p74 trunc=0/9121 7.129s
[1527/1548] e4_1786511848_634689_p78 trunc=0/9884 7.444s
[1528/1548] e4_1786511848_634689_p82 trunc=0/10120 7.942s
[1529/1548] e4_1786511848_634689_p90 trunc=0/9783 8.06s
[1530/1548] e4_1786511848_634689_p98 trunc=0/9937 7.816s
[1531/1548] e4_1786511848_634689_p102 trunc=0/8827 7.897s
[1532/1548] e4_1786511848_634689_p86 trunc=0/9978 8.888s
[1533/1548] e4_1786511848_634689_p94 trunc=0/10111 8.597s
[1534/1548] e4_1786511848_634689_p95 trunc=0/8515 8.603s
[1535/1548] e4_1786511848_634689_p106 trunc=0/10270 9.117s
[1536/1548] e4_1786511848_634689_p114 trunc=0/9064 8.358s
[1537/1548] e4_1786511848_634689_p110 trunc=0/8696 9.665s
[1538/1548] e4_1786511848_634689_p111 trunc=0/9905 10.698s
[1539/1548] e4_1786511848_634689_p118 trunc=0/9963 9.866s
[1540/1548] e4_1786511848_634689_p115 trunc=0/8781 11.126s
[1541/1548] e4_1786511848_634689_p130 trunc=0/8998 8.608s
[1542/1548] e4_1786511848_634689_p123 trunc=0/8991 10.93s
[1543/1548] e4_1786511848_634689_p119 trunc=0/9641 12.176s
[1544/1548] e4_1786511848_634689_p134 trunc=0/10474 9.139s
[1545/1548] e4_1786511848_634689_p122 trunc=0/10222 11.86s
[1546/1548] e4_1786511848_634689_p126 trunc=0/10477 11.963s
[1547/1548] e4_1786511848_634689_p131 trunc=0/10291 11.856s
[1548/1548] e4_1786511848_634689_p127 trunc=0/10180 12.412s
{
  "schema": "carcassonne-window-truncation-census/v1-summary",
  "n_rows": 1548,
  "n_ok": 1548,
  "n_skipped_forced": 205,
  "n_skipped_solver_region": 23,
  "n_censused_roots": 1320,
  "roots_with_root_truncation": 0,
  "root_truncation_rate": 0.0,
  "nodes_censused": 13090516,
  "nodes_truncated": 0,
  "node_truncation_rate": 0.0,
  "nodes_empty_mask": 0,
  "empty_mask_rate": 0.0,
  "visits_total": 69195509,
  "visits_through_truncated": 0,
  "visit_weighted_truncation_rate": 0.0,
  "roots_with_any_search_truncation": 0,
  "root_incidence_rate": 0.0,
  "dropped_hist": {
    "0": 13090516
  },
  "by_depth": {
    "1": [
      160679,
      0,
      0
    ],
    "2": [
      737669,
      0,
      0
    ],
    "3": [
      2580651,
      0,
      0
    ],
    "4": [
      2494200,
      0,
      0
    ],
    "5": [
      2977648,
      0,
      0
    ],
    "6": [
      2094311,
      0,
      0
    ],
    "7": [
      1231211,
      0,
      0
    ],
    "8": [
      502442,
      0,
      0
    ],
    "9": [
      184165,
      0,
      0
    ],
    "10": [
      82004,
      0,
      0
    ],
    "11": [
      33539,
      0,
      0
    ],
    "12": [
      8798,
      0,
      0
    ],
    "13": [
      2200,
      0,
      0
    ],
    "14": [
      715,
      0,
      0
    ],
    "15": [
      227,
      0,
      0
    ],
    "16": [
      54,
      0,
      0
    ],
    "17": [
      3,
      0,
      0
    ]
  },
  "by_node_phase": {
    "meeples": [
      8256490,
      0,
      0
    ],
    "tiles": [
      4834026,
      0,
      0
    ]
  },
  "by_k_bucket": {
    "early": [
      4606032,
      0,
      0
    ],
    "late": [
      3723807,
      0,
      0
    ],
    "mid": [
      4760677,
      0,
      0
    ]
  },
  "n_pick_comparable": 1320,
  "n_pick_changed": 0,
  "pick_change_rate": 0.0,
  "iso_control_n": 1320,
  "iso_control_violations": 0,
  "digest_gate_fail": 0,
  "encode_collisions": 0,
  "world_errors": 0,
  "n_error_rows": 0,
  "secs_total": 9720.4,
  "secs_per_root": 6.279,
  "wall_secs": 412.0,
  "workers": 24,
  "n_rows_resumed": 0,
  "n_rows_new": 1548
}
[2026-08-13T22:05:45-04:00] leg fixed_v1: done
[2026-08-13T22:05:45-04:00] both legs complete in 695s — writing CENSUS_RESULT.md
wrote measurement/window_truncation_20260813/CENSUS_RESULT.md
[2026-08-13T22:05:45-04:00] DONE — measurement/window_truncation_20260813/DONE_CENSUS written; see measurement/window_truncation_20260813/CENSUS_RESULT.md
