=== scheduler dispatch window_truncation_census W=22 2026-08-13T11:21:44-04:00 ===
[2026-08-13T11:21:44-04:00] window-truncation census: box=laptop job=window_truncation_census W=22 smoke=0 share=/mnt/c/carc-shared
[2026-08-13T11:21:44-04:00] FATAL: CL-070 root bank missing at /mnt/c/carc-shared/classical_search/move_agreement_k4_b28e9/roots.jsonl
=== scheduler dispatch window_truncation_census EXIT rc=13 2026-08-13T11:21:44-04:00 ===
=== scheduler dispatch window_truncation_census W=22 2026-08-13T11:46:12-04:00 ===
[2026-08-13T11:46:12-04:00]   share candidate /mnt/c/carc-shared: REJECTED (exists, but no sentinel classical_search/move_agreement_k4_b28e9/roots.jsonl — 1 entries; wrong mount for this box)
[2026-08-13T11:46:12-04:00]   share candidate /mnt/carc-shared: ACCEPTED (sentinel present)
[2026-08-13T11:46:12-04:00] window-truncation census: box=laptop job=window_truncation_census W=22 smoke=0 share=/mnt/carc-shared
[2026-08-13T11:46:12-04:00] preflight ok — git 8fe245422, leg-A bank 898 roots, 26 e4 archives
[2026-08-13T11:46:12-04:00] leg walled: starting (W=22, R9=0, out=measurement/window_truncation_20260813/census_walled, log=measurement/window_truncation_20260813/logs/census_walled.log)
[1/898] s28000000004_p1 trunc=0/9957 1.372s
[2/898] s28000000007_p3 trunc=0/10348 1.528s
[3/898] s28000000008_p15 trunc=0/10552 2.68s
[4/898] s28000000005_p19 trunc=0/10498 3.145s
[5/898] s28000000011_p24 trunc=0/9186 2.606s
[6/898] s28000000010_p48 trunc=0/9227 4.798s
[7/898] s28000000004_p44 trunc=0/10219 5.184s
[8/898] s28000000007_p53 trunc=0/10254 5.206s
[9/898] s28000000009_p47 trunc=0/10420 5.371s
[10/898] s28000000002_p67 trunc=0/9245 5.851s
[11/898] s28000000006_p90 trunc=0/10464 6.256s
[12/898] s28000000000_p66 trunc=0/10245 6.504s
[13/898] s28000000003_p66 trunc=0/9318 6.646s
[14/898] s28000000010_p69 trunc=0/9848 6.776s
[15/898] s28000000014_p7 trunc=0/9898 1.71s
[16/898] s28000000013_p20 trunc=0/10301 3.44s
[17/898] s28000000008_p124 trunc=0/9906 7.559s
[18/898] s28000000000_p75 trunc=0/10444 8.099s
[19/898] s28000000006_p108 trunc=0/11008 8.343s
[20/898] s28000000003_p80 trunc=0/9714 8.498s
[21/898] s28000000002_p115 trunc=0/9462 8.986s
[22/898] s28000000012_p69 trunc=0/10271 6.869s
[23/898] s28000000001_p104 trunc=0/10014 9.678s
[24/898] s28000000005_p91 trunc=0/10402 9.706s
[25/898] s28000000015_p42 trunc=0/9380 4.375s
[26/898] s28000000016_p34 trunc=0/9466 3.766s
[27/898] s28000000014_p45 trunc=0/9449 4.967s
[28/898] s28000000012_p71 trunc=0/9470 7.392s
[29/898] s28000000019_p30 trunc=0/9304 3.164s
[30/898] s28000000001_p102 trunc=0/10273 10.843s
[31/898] s28000000011_p109 trunc=0/8862 9.562s
[32/898] s28000000016_p45 trunc=0/10631 4.96s
[33/898] s28000000019_p35 trunc=0/10169 3.837s
[34/898] s28000000024_p6 trunc=0/10038 1.809s
[35/898] s28000000018_p83 trunc=0/8232 5.345s
[36/898] s28000000009_p137 trunc=0/9899 12.32s
[37/898] s28000000025_p13 trunc=0/10944 2.356s
[38/898] s28000000017_p73 trunc=0/9418 6.894s
[39/898] s28000000027_p15 trunc=0/9734 2.211s
[40/898] s28000000022_p52 trunc=0/10565 5.074s
[41/898] s28000000029_p11 trunc=0/10486 2.033s
[42/898] s28000000020_p61 trunc=0/9703 6.784s
[43/898] s28000000026_p38 trunc=0/9828 4.156s
[44/898] s28000000024_p52 trunc=0/9354 5.194s
[45/898] s28000000026_p46 trunc=0/9537 4.345s
[46/898] s28000000018_p93 trunc=0/10070 8.442s
[47/898] s28000000020_p96 trunc=0/8088 8.066s
[48/898] s28000000013_p126 trunc=0/10254 12.153s
[49/898] s28000000021_p112 trunc=0/10394 8.247s
[50/898] s28000000017_p136 trunc=0/7531 11.419s
[51/898] s28000000015_p131 trunc=0/9060 13.157s
[52/898] s28000000021_p126 trunc=0/8409 9.981s
[53/898] s28000000022_p108 trunc=0/9971 10.019s
[54/898] s28000000028_p61 trunc=0/10065 7.594s
[55/898] s28000000031_p45 trunc=0/10126 4.754s
[56/898] s28000000029_p70 trunc=0/9840 6.852s
[57/898] s28000000035_p25 trunc=0/10768 3.343s
[58/898] s28000000023_p98 trunc=0/10194 10.961s
[59/898] s28000000025_p118 trunc=0/9858 10.288s
[60/898] s28000000023_p107 trunc=0/10844 11.388s
[61/898] s28000000036_p16 trunc=0/10465 2.678s
[62/898] s28000000038_p10 trunc=0/10439 2.14s
[63/898] s28000000039_p5 trunc=0/9991 1.59s
[64/898] s28000000027_p94 trunc=0/9990 10.329s
[65/898] s28000000030_p85 trunc=0/9135 8.554s
[66/898] s28000000037_p24 trunc=0/10319 3.249s
[67/898] s28000000031_p80 trunc=0/10351 7.859s
[68/898] s28000000034_p59 trunc=0/9952 6.691s
[69/898] s28000000041_p5 trunc=0/10370 1.598s
[70/898] s28000000032_p124 trunc=0/10032 9.177s
[71/898] s28000000030_p88 trunc=0/10277 9.712s
[72/898] s28000000045_p2 trunc=0/9875 1.356s
[73/898] s28000000041_p17 trunc=0/10379 2.678s
[74/898] s28000000044_p5 trunc=0/10571 1.868s
[75/898] s28000000037_p44 trunc=0/10712 5.439s
[76/898] s28000000036_p66 trunc=0/7950 6.048s
[77/898] s28000000032_p131 trunc=0/10479 10.066s
[78/898] s28000000034_p84 trunc=0/9419 9.1s
[79/898] s28000000033_p111 trunc=0/9908 10.863s
[80/898] s28000000040_p58 trunc=0/8682 5.919s
[81/898] s28000000038_p63 trunc=0/10627 6.826s
[82/898] s28000000047_p13 trunc=0/10425 2.566s
[83/898] s28000000040_p60 trunc=0/10787 5.969s
[84/898] s28000000048_p16 trunc=0/9477 2.526s
[85/898] s28000000043_p62 trunc=0/10323 5.181s
[86/898] s28000000033_p122 trunc=0/9888 12.829s
[87/898] s28000000049_p18 trunc=0/10363 3.031s
[88/898] s28000000035_p120 trunc=0/9707 11.007s
[89/898] s28000000047_p43 trunc=0/10190 4.648s
[90/898] s28000000048_p55 trunc=0/10502 5.495s
[91/898] s28000000028_p139 trunc=0/2518 18.935s
[92/898] s28000000042_p111 trunc=0/7923 10.168s
[93/898] s28000000049_p66 trunc=0/10758 6.784s
[94/898] s28000000039_p109 trunc=0/10440 12.453s
[95/898] s28000000056_p8 trunc=0/9873 1.909s
[96/898] s28000000044_p134 trunc=0/8891 9.997s
[97/898] s28000000051_p52 trunc=0/10018 6.055s
[98/898] s28000000046_p86 trunc=0/10284 9.079s
[99/898] s28000000050_p64 trunc=0/9390 7.029s
[100/898] s28000000043_p109 trunc=0/9961 11.047s
[101/898] s28000000053_p70 trunc=0/10131 7.003s
[102/898] s28000000054_p61 trunc=0/10016 7.277s
[103/898] s28000000052_p86 trunc=0/9052 8.874s
[104/898] s28000000051_p112 trunc=0/10587 9.271s
[105/898] s28000000045_p126 trunc=0/10749 12.26s
[106/898] s28000000059_p39 trunc=0/10389 3.891s
[107/898] s28000000050_p122 trunc=0/9735 10.26s
[108/898] s28000000053_p104 trunc=0/10661 9.972s
[109/898] s28000000059_p51 trunc=0/9742 5.307s
[110/898] s28000000058_p50 trunc=0/9496 5.664s
[111/898] s28000000042_p135 trunc=0/9888 16.577s
[112/898] s28000000061_p36 trunc=0/9901 4.237s
[113/898] s28000000060_p46 trunc=0/10722 5.895s
[114/898] s28000000055_p114 trunc=0/9196 10.525s
[115/898] s28000000056_p68 trunc=0/9680 7.97s
[116/898] s28000000052_p126 trunc=0/10428 12.502s
[117/898] s28000000063_p34 trunc=0/9821 3.967s
[118/898] s28000000058_p124 trunc=0/8789 7.988s
[119/898] s28000000061_p77 trunc=0/9099 5.864s
[120/898] s28000000055_p118 trunc=0/9214 11.463s
[121/898] s28000000057_p112 trunc=0/10044 9.954s
[122/898] s28000000069_p11 trunc=0/10169 2.429s
[123/898] s28000000067_p22 trunc=0/10533 3.758s
[124/898] s28000000054_p117 trunc=0/9869 14.134s
[125/898] s28000000063_p51 trunc=0/10170 6.279s
[126/898] s28000000060_p100 trunc=0/10061 9.704s
[127/898] s28000000071_p10 trunc=0/10232 2.163s
[128/898] s28000000072_p4 trunc=0/10266 1.736s
[129/898] s28000000071_p11 trunc=0/10545 2.37s
[130/898] s28000000062_p89 trunc=0/9940 9.797s
[131/898] s28000000070_p30 trunc=0/10407 4.271s
[132/898] s28000000064_p104 trunc=0/8342 9.792s
[133/898] s28000000062_p96 trunc=0/9994 11.166s
[134/898] s28000000074_p20 trunc=0/10101 2.767s
[135/898] s28000000073_p37 trunc=0/9669 4.382s
[136/898] s28000000057_p135 trunc=0/5165 14.765s
[137/898] s28000000068_p83 trunc=0/10366 8.985s
[138/898] s28000000066_p85 trunc=0/9569 11.157s
[139/898] s28000000078_p17 trunc=0/9996 2.76s
[140/898] s28000000070_p81 trunc=0/10001 8.548s
[141/898] s28000000080_p140 trunc=None/None 0.0005114078521728516s
[142/898] s28000000075_p82 trunc=0/8926 6.102s
[143/898] s28000000064_p136 trunc=0/9333 13.034s
[144/898] s28000000073_p76 trunc=0/10320 8.119s
[145/898] s28000000065_p143 trunc=0/24 13.089s
[146/898] s28000000068_p124 trunc=0/10617 12.029s
[147/898] s28000000067_p132 trunc=0/10917 12.358s
[148/898] s28000000076_p52 trunc=0/10275 6.18s
[149/898] s28000000066_p121 trunc=0/9688 13.897s
[150/898] s28000000046_p137 trunc=0/10279 28.371s
[151/898] s28000000083_p8 trunc=0/10559 1.956s
[152/898] s28000000069_p124 trunc=0/8671 13.1s
[153/898] s28000000084_p11 trunc=0/10192 2.137s
[154/898] s28000000080_p26 trunc=0/10571 4.456s
[155/898] s28000000072_p95 trunc=0/9535 11.705s
[156/898] s28000000079_p62 trunc=0/8950 6.062s
[157/898] s28000000065_p133 trunc=0/10334 16.527s
[158/898] s28000000078_p66 trunc=0/10795 7.55s
[159/898] s28000000074_p103 trunc=0/10799 11.363s
[160/898] s28000000085_p30 trunc=0/9591 3.556s
[161/898] s28000000079_p68 trunc=0/10004 7.434s
[162/898] s28000000081_p55 trunc=0/10509 6.573s
[163/898] s28000000075_p101 trunc=0/10715 11.75s
[164/898] s28000000087_p29 trunc=0/10479 4.135s
[165/898] s28000000082_p57 trunc=0/9894 7.363s
[166/898] s28000000092_p1 trunc=0/10047 1.386s
[167/898] s28000000077_p110 trunc=0/9960 12.023s
[168/898] s28000000083_p94 trunc=0/7558 7.78s
[169/898] s28000000077_p130 trunc=0/10700 13.787s
[170/898] s28000000081_p80 trunc=0/10602 10.051s
[171/898] s28000000089_p56 trunc=0/10112 6.584s
[172/898] s28000000090_p52 trunc=0/9080 5.788s
[173/898] s28000000089_p76 trunc=0/9028 6.979s
[174/898] s28000000087_p60 trunc=0/10171 7.524s
[175/898] s28000000093_p25 trunc=0/10301 3.588s
[176/898] s28000000094_p19 trunc=0/10804 3.174s
[177/898] s28000000085_p96 trunc=0/9606 9.949s
[178/898] s28000000076_p136 trunc=0/10994 16.365s
[179/898] s28000000094_p24 trunc=0/10629 3.785s
[180/898] s28000000088_p76 trunc=0/10679 9.02s
[181/898] s28000000095_p18 trunc=0/9695 3.166s
[182/898] s28000000086_p102 trunc=0/10304 10.846s
[183/898] s28000000082_p114 trunc=0/9949 13.095s
[184/898] s28000000092_p56 trunc=0/9512 7.158s
[185/898] s28000000088_p102 trunc=0/10534 11.131s
[186/898] s28000000086_p107 trunc=0/9925 12.208s
[187/898] s28000000096_p44 trunc=0/9574 4.823s
[188/898] s28000000091_p84 trunc=0/10176 9.479s
[189/898] s28000000102_p10 trunc=0/10044 2.325s
[190/898] s28000000091_p88 trunc=0/10711 10.136s
[191/898] s28000000097_p37 trunc=0/10475 5.362s
[192/898] s28000000099_p49 trunc=0/10036 4.945s
[193/898] s28000000090_p116 trunc=0/9875 11.428s
[194/898] s28000000101_p29 trunc=0/9721 3.73s
[195/898] s28000000084_p143 trunc=0/16 16.164s
[196/898] s28000000103_p9 trunc=0/9851 2.149s
[197/898] s28000000096_p57 trunc=0/9734 7.081s
[198/898] s28000000098_p60 trunc=0/9160 6.703s
[199/898] s28000000105_p10 trunc=0/9946 2.137s
[200/898] s28000000093_p98 trunc=0/9795 10.73s
[201/898] s28000000104_p30 trunc=0/9664 3.831s
[202/898] s28000000105_p16 trunc=0/10311 2.845s
[203/898] s28000000102_p37 trunc=0/10169 5.189s
[204/898] s28000000100_p66 trunc=0/10172 7.673s
[205/898] s28000000107_p24 trunc=0/10381 3.825s
[206/898] s28000000106_p30 trunc=0/10237 4.321s
[207/898] s28000000095_p130 trunc=0/7408 10.749s
[208/898] s28000000099_p120 trunc=0/9820 10.285s
[209/898] s28000000101_p103 trunc=0/10836 9.463s
[210/898] s28000000100_p86 trunc=0/10603 10.582s
[211/898] s28000000097_p116 trunc=0/9584 12.143s
[212/898] s28000000103_p71 trunc=0/9835 8.529s
[213/898] s28000000111_p33 trunc=0/8796 4.811s
[214/898] s28000000104_p91 trunc=0/9711 8.684s
[215/898] s28000000107_p73 trunc=0/9940 7.825s
[216/898] s28000000110_p94 trunc=0/10363 7.552s
[217/898] s28000000112_p70 trunc=0/8998 6.285s
[218/898] s28000000098_p125 trunc=0/8941 14.837s
[219/898] s28000000108_p93 trunc=0/9647 9.452s
[220/898] s28000000114_p62 trunc=0/8722 5.807s
[221/898] s28000000110_p98 trunc=0/9090 8.429s
[222/898] s28000000115_p35 trunc=0/9226 4.217s
[223/898] s28000000111_p76 trunc=0/10581 7.938s
[224/898] s28000000118_p14 trunc=0/10625 2.354s
[225/898] s28000000113_p66 trunc=0/9542 6.965s
[226/898] s28000000109_p96 trunc=0/9016 9.856s
[227/898] s28000000106_p89 trunc=0/10122 11.485s
[228/898] s28000000113_p80 trunc=0/9231 8.023s
[229/898] s28000000122_p5 trunc=0/9895 1.803s
[230/898] s28000000114_p81 trunc=0/9500 7.548s
[231/898] s28000000108_p102 trunc=0/10429 13.078s
[232/898] s28000000115_p65 trunc=0/10545 7.733s
[233/898] s28000000116_p57 trunc=0/10293 7.792s
[234/898] s28000000112_p118 trunc=0/10378 11.602s
[235/898] s28000000123_p33 trunc=0/9980 4.816s
[236/898] s28000000120_p55 trunc=0/10527 5.687s
[237/898] s28000000124_p37 trunc=0/9168 4.528s
[238/898] s28000000119_p54 trunc=0/10069 7.3s
[239/898] s28000000109_p133 trunc=0/8117 15.372s
[240/898] s28000000116_p106 trunc=0/10182 9.833s
[241/898] s28000000126_p30 trunc=0/9993 3.888s
[242/898] s28000000129_p8 trunc=0/10181 2.165s
[243/898] s28000000130_p7 trunc=0/10406 2.142s
[244/898] s28000000127_p47 trunc=0/9812 4.979s
[245/898] s28000000124_p72 trunc=0/9122 7.451s
[246/898] s28000000118_p100 trunc=0/8703 11.321s
[247/898] s28000000130_p20 trunc=0/10647 3.589s
[248/898] s28000000123_p114 trunc=0/9799 9.78s
[249/898] s28000000121_p112 trunc=0/10057 10.662s
[250/898] s28000000125_p94 trunc=0/9767 8.904s
[251/898] s28000000120_p111 trunc=0/9606 11.635s
[252/898] s28000000117_p124 trunc=0/9802 14.559s
[253/898] s28000000122_p103 trunc=0/9620 11.581s
[254/898] s28000000133_p12 trunc=0/10399 2.577s
[255/898] s28000000119_p126 trunc=0/10461 12.483s
[256/898] s28000000125_p96 trunc=0/9802 9.062s
[257/898] s28000000121_p141 trunc=0/552 12.812s
[258/898] s28000000131_p43 trunc=0/10786 5.827s
[259/898] s28000000128_p78 trunc=0/9348 7.791s
[260/898] s28000000117_p130 trunc=0/9596 16.799s
[261/898] s28000000128_p72 trunc=0/9798 8.937s
[262/898] s28000000132_p47 trunc=0/10460 5.845s
[263/898] s28000000131_p52 trunc=0/10182 6.697s
[264/898] s28000000136_p21 trunc=0/9482 3.307s
[265/898] s28000000138_p16 trunc=0/10201 2.955s
[266/898] s28000000136_p24 trunc=0/9864 3.441s
[267/898] s28000000134_p49 trunc=0/9987 5.029s
[268/898] s28000000138_p24 trunc=0/10968 3.345s
[269/898] s28000000140_p10 trunc=0/9899 2.177s
[270/898] s28000000126_p104 trunc=0/9579 12.025s
[271/898] s28000000129_p115 trunc=0/9725 10.594s
[272/898] s28000000133_p74 trunc=0/9424 7.095s
[273/898] s28000000142_p16 trunc=0/9830 2.686s
[274/898] s28000000145_p10 trunc=0/9734 2.018s
[275/898] s28000000127_p119 trunc=0/9063 12.759s
[276/898] s28000000135_p76 trunc=0/9948 7.463s
[277/898] s28000000132_p105 trunc=0/9996 9.359s
[278/898] s28000000139_p51 trunc=0/9014 6.195s
[279/898] s28000000134_p67 trunc=0/10500 8.645s
[280/898] s28000000144_p31 trunc=0/10358 4.335s
[281/898] s28000000145_p34 trunc=0/10105 4.134s
[282/898] s28000000148_p17 trunc=0/10482 2.815s
[283/898] s28000000143_p46 trunc=0/9926 6.458s
[284/898] s28000000150_p11 trunc=0/10133 2.346s
[285/898] s28000000147_p41 trunc=0/10265 5.104s
[286/898] s28000000137_p96 trunc=0/10666 10.672s
[287/898] s28000000146_p39 trunc=0/10535 5.826s
[288/898] s28000000141_p82 trunc=0/10338 8.704s
[289/898] s28000000141_p94 trunc=0/10378 8.844s
[290/898] s28000000139_p86 trunc=0/10661 10.565s
[291/898] s28000000144_p97 trunc=0/10726 8.776s
[292/898] s28000000151_p26 trunc=0/10064 4.048s
[293/898] s28000000140_p105 trunc=0/9078 10.379s
[294/898] s28000000154_p16 trunc=0/10207 2.556s
[295/898] s28000000152_p29 trunc=0/10061 3.961s
[296/898] s28000000137_p125 trunc=0/8747 13.657s
[297/898] s28000000146_p88 trunc=0/9829 9.303s
[298/898] s28000000142_p124 trunc=0/9606 11.622s
[299/898] s28000000148_p85 trunc=0/10462 9.18s
[300/898] s28000000152_p50 trunc=0/10786 5.737s
[301/898] s28000000157_p20 trunc=0/10534 3.303s
[302/898] s28000000135_p141 trunc=0/1104 17.427s
[303/898] s28000000153_p59 trunc=0/10058 6.657s
[304/898] s28000000147_p128 trunc=0/8073 11.904s
[305/898] s28000000160_p7 trunc=0/9916 2.045s
[306/898] s28000000156_p45 trunc=0/9114 5.25s
[307/898] s28000000155_p47 trunc=0/10544 6.666s
[308/898] s28000000157_p48 trunc=0/9140 4.911s
[309/898] s28000000158_p49 trunc=0/10315 5.484s
[310/898] s28000000151_p95 trunc=0/10605 10.52s
[311/898] s28000000150_p103 trunc=0/9317 11.537s
[312/898] s28000000161_p23 trunc=0/10158 3.687s
[313/898] s28000000159_p39 trunc=0/10916 5.195s
[314/898] s28000000159_p40 trunc=0/10836 5.533s
[315/898] s28000000149_p114 trunc=0/9812 14.162s
[316/898] s28000000167_p2 trunc=0/10274 1.399s
[317/898] s28000000154_p104 trunc=0/10369 10.548s
[318/898] s28000000166_p11 trunc=0/9869 2.542s
[319/898] s28000000149_p123 trunc=0/10149 14.853s
[320/898] s28000000168_p1 trunc=0/10766 1.481s
[321/898] s28000000156_p127 trunc=0/8044 10.426s
[322/898] s28000000153_p115 trunc=0/10332 12.218s
[323/898] s28000000160_p68 trunc=0/10070 7.564s
[324/898] s28000000169_p5 trunc=0/10490 1.901s
[325/898] s28000000162_p56 trunc=0/10219 6.666s
[326/898] s28000000165_p46 trunc=0/9636 5.644s
[327/898] s28000000169_p18 trunc=0/10615 3.044s
[328/898] s28000000162_p88 trunc=0/10147 7.921s
[329/898] s28000000174_p3 trunc=0/10510 1.599s
[330/898] s28000000155_p116 trunc=0/9817 14.81s
[331/898] s28000000171_p27 trunc=0/9940 3.808s
[332/898] s28000000166_p69 trunc=0/10371 7.151s
[333/898] s28000000164_p73 trunc=0/10549 8.949s
[334/898] s28000000164_p83 trunc=0/10855 8.724s
[335/898] s28000000158_p118 trunc=0/10092 13.365s
[336/898] s28000000161_p132 trunc=0/9978 10.654s
[337/898] s28000000143_p139 trunc=0/5646 24.258s
[338/898] s28000000170_p49 trunc=0/10424 5.785s
[339/898] s28000000177_p3 trunc=0/9616 1.531s
[340/898] s28000000163_p78 trunc=0/10106 11.11s
[341/898] s28000000179_p7 trunc=0/10301 2.119s
[342/898] s28000000173_p59 trunc=0/10703 6.734s
[343/898] s28000000167_p132 trunc=0/9083 10.347s
[344/898] s28000000170_p88 trunc=0/10041 8.263s
[345/898] s28000000163_p108 trunc=0/9814 13.092s
[346/898] s28000000165_p105 trunc=0/8761 11.664s
[347/898] s28000000172_p67 trunc=0/10362 8.204s
[348/898] s28000000180_p24 trunc=0/10016 3.509s
[349/898] s28000000177_p53 trunc=0/9481 5.468s
[350/898] s28000000179_p38 trunc=0/10100 5.027s
[351/898] s28000000178_p58 trunc=0/9820 6.187s
[352/898] s28000000172_p82 trunc=0/10638 9.945s
[353/898] s28000000174_p65 trunc=0/10797 8.612s
[354/898] s28000000173_p120 trunc=0/8767 9.98s
[355/898] s28000000176_p68 trunc=0/9672 8.226s
[356/898] s28000000168_p121 trunc=0/10058 14.108s
[357/898] s28000000181_p52 trunc=0/9690 5.741s
[358/898] s28000000175_p86 trunc=0/10477 9.823s
[359/898] s28000000181_p76 trunc=0/10820 5.953s
[360/898] s28000000183_p63 trunc=0/9952 5.872s
[361/898] s28000000188_p3 trunc=0/10665 1.6s
[362/898] s28000000176_p92 trunc=0/10254 9.715s
[363/898] s28000000171_p120 trunc=0/10199 13.878s
[364/898] s28000000180_p94 trunc=0/9458 8.226s
[365/898] s28000000178_p96 trunc=0/10672 10.118s
[366/898] s28000000188_p19 trunc=0/10584 2.851s
[367/898] s28000000189_p20 trunc=0/9976 3.258s
[368/898] s28000000182_p84 trunc=0/9597 8.368s
[369/898] s28000000187_p34 trunc=0/10352 4.86s
[370/898] s28000000185_p69 trunc=0/10625 7.419s
[371/898] s28000000184_p75 trunc=0/10387 9.54s
[372/898] s28000000194_p16 trunc=0/10254 2.721s
[373/898] s28000000183_p91 trunc=0/10894 10.952s
[374/898] s28000000184_p77 trunc=0/9262 9.853s
[375/898] s28000000182_p111 trunc=0/10198 12.061s
[376/898] s28000000192_p46 trunc=0/9971 5.983s
[377/898] s28000000189_p68 trunc=0/10520 6.786s
[378/898] s28000000175_p135 trunc=0/9827 16.577s
[379/898] s28000000185_p102 trunc=0/10820 10.289s
[380/898] s28000000186_p116 trunc=0/9810 10.333s
[381/898] s28000000191_p57 trunc=0/10633 7.475s
[382/898] s28000000190_p88 trunc=0/10768 8.734s
[383/898] s28000000195_p61 trunc=0/10738 6.691s
[384/898] s28000000197_p25 trunc=0/9101 3.871s
[385/898] s28000000187_p133 trunc=0/6487 11.313s
[386/898] s28000000199_p15 trunc=0/9690 2.837s
[387/898] s28000000193_p83 trunc=0/8731 8.924s
[388/898] s28000000192_p74 trunc=0/10101 9.667s
[389/898] s28000000186_p132 trunc=0/8788 13.234s
[390/898] s28000000200_p23 trunc=0/9691 3.642s
[391/898] s28000000202_p7 trunc=0/10027 1.866s
[392/898] s28000000191_p86 trunc=0/10219 10.992s
[393/898] s28000000196_p57 trunc=0/9417 6.785s
[394/898] s28000000195_p79 trunc=0/9184 8.606s
[395/898] s28000000203_p15 trunc=0/10397 2.701s
[396/898] s28000000199_p60 trunc=0/9833 6.026s
[397/898] s28000000190_p106 trunc=0/10237 13.079s
[398/898] s28000000196_p73 trunc=0/9154 8.316s
[399/898] s28000000206_p16 trunc=0/10453 3.049s
[400/898] s28000000206_p25 trunc=0/10253 3.44s
[401/898] s28000000193_p94 trunc=0/10132 12.894s
[402/898] s28000000202_p50 trunc=0/10596 6.113s
[403/898] s28000000200_p108 trunc=0/9141 9.192s
[404/898] s28000000198_p82 trunc=0/9883 10.325s
[405/898] s28000000194_p131 trunc=0/9858 14.19s
[406/898] s28000000210_p12 trunc=0/10054 2.548s
[407/898] s28000000201_p105 trunc=0/9837 9.125s
[408/898] s28000000211_p9 trunc=0/9944 2.158s
[409/898] s28000000208_p41 trunc=0/9474 4.792s
[410/898] s28000000197_p105 trunc=0/9620 11.751s
[411/898] s28000000210_p15 trunc=0/8966 2.835s
[412/898] s28000000203_p96 trunc=0/9324 8.563s
[413/898] s28000000198_p101 trunc=0/10198 11.746s
[414/898] s28000000201_p108 trunc=0/10566 10.586s
[415/898] s28000000217_p142 trunc=None/None 0.0004990100860595703s
[416/898] s28000000208_p84 trunc=0/9370 6.836s
[417/898] s28000000205_p90 trunc=0/9692 10.131s
[418/898] s28000000216_p21 trunc=0/10823 3.265s
[419/898] s28000000204_p112 trunc=0/8843 10.889s
[420/898] s28000000207_p95 trunc=0/10442 9.663s
[421/898] s28000000212_p58 trunc=0/9953 5.618s
[422/898] s28000000205_p121 trunc=0/10006 11.747s
[423/898] s28000000204_p123 trunc=0/9444 12.141s
[424/898] s28000000207_p111 trunc=0/9023 10.632s
[425/898] s28000000213_p49 trunc=0/10553 6.391s
[426/898] s28000000209_p95 trunc=0/10183 10.826s
[427/898] s28000000222_p11 trunc=0/10272 2.242s
[428/898] s28000000215_p68 trunc=0/10500 7.998s
[429/898] s28000000218_p53 trunc=0/9558 6.987s
[430/898] s28000000209_p114 trunc=0/10304 13.783s
[431/898] s28000000218_p59 trunc=0/10060 7.695s
[432/898] s28000000215_p80 trunc=0/10078 10.289s
[433/898] s28000000216_p102 trunc=0/8706 9.628s
[434/898] s28000000222_p38 trunc=0/10323 4.909s
[435/898] s28000000223_p43 trunc=0/10643 4.794s
[436/898] s28000000211_p108 trunc=0/10187 12.686s
[437/898] s28000000213_p83 trunc=0/9947 11.512s
[438/898] s28000000214_p101 trunc=0/9510 11.882s
[439/898] s28000000220_p73 trunc=0/8591 7.947s
[440/898] s28000000214_p97 trunc=0/9765 12.106s
[441/898] s28000000220_p70 trunc=0/10461 8.178s
[442/898] s28000000219_p52 trunc=0/9957 8.575s
[443/898] s28000000224_p38 trunc=0/9275 4.568s
[444/898] s28000000228_p2 trunc=0/10435 1.526s
[445/898] s28000000232_p142 trunc=None/None 0.0006108283996582031s
[446/898] s28000000217_p103 trunc=0/8523 11.233s
[447/898] s28000000233_p142 trunc=None/None 0.0005657672882080078s
[448/898] s28000000226_p9 trunc=0/10293 2.178s
[449/898] s28000000219_p114 trunc=0/10172 11.052s
[450/898] s28000000230_p26 trunc=0/10680 3.35s
[451/898] s28000000226_p36 trunc=0/10271 5.019s
[452/898] s28000000228_p36 trunc=0/10302 4.977s
[453/898] s28000000230_p68 trunc=0/8619 4.405s
[454/898] s28000000223_p102 trunc=0/8671 9.577s
[455/898] s28000000227_p55 trunc=0/10433 6.7s
[456/898] s28000000227_p68 trunc=0/9988 6.901s
[457/898] s28000000229_p71 trunc=0/10337 6.992s
[458/898] s28000000236_p17 trunc=0/10457 2.734s
[459/898] s28000000221_p115 trunc=0/9214 13.677s
[460/898] s28000000224_p99 trunc=0/10766 10.844s
[461/898] s28000000225_p82 trunc=0/10344 9.563s
[462/898] s28000000212_p133 trunc=0/10099 19.42s
[463/898] s28000000237_p22 trunc=0/9982 3.749s
[464/898] s28000000229_p92 trunc=0/10059 8.498s
[465/898] s28000000234_p66 trunc=0/10557 8.41s
[466/898] s28000000239_p14 trunc=0/10356 2.776s
[467/898] s28000000241_p13 trunc=0/9619 2.599s
[468/898] s28000000221_p121 trunc=0/9937 17.499s
[469/898] s28000000225_p116 trunc=0/9613 12.816s
[470/898] s28000000233_p103 trunc=0/10064 11.463s
[471/898] s28000000239_p51 trunc=0/9798 5.599s
[472/898] s28000000235_p80 trunc=0/9967 8.886s
[473/898] s28000000232_p122 trunc=0/10624 11.959s
[474/898] s28000000236_p117 trunc=0/8680 8.093s
[475/898] s28000000235_p79 trunc=0/10394 9.823s
[476/898] s28000000231_p111 trunc=0/10089 12.862s
[477/898] s28000000244_p21 trunc=0/10580 3.462s
[478/898] s28000000240_p53 trunc=0/10242 6.318s
[479/898] s28000000249_p142 trunc=None/None 0.0004467964172363281s
[480/898] s28000000238_p71 trunc=0/10448 8.283s
[481/898] s28000000240_p59 trunc=0/10623 7.274s
[482/898] s28000000231_p119 trunc=0/9719 14.237s
[483/898] s28000000234_p124 trunc=0/11008 13.763s
[484/898] s28000000237_p85 trunc=0/9139 9.966s
[485/898] s28000000245_p27 trunc=0/9943 3.729s
[486/898] s28000000243_p43 trunc=0/10489 5.83s
[487/898] s28000000238_p76 trunc=0/10509 9.229s
[488/898] s28000000252_p1 trunc=0/10162 1.463s
[489/898] s28000000245_p28 trunc=0/10556 4.11s
[490/898] s28000000241_p87 trunc=0/10226 9.009s
[491/898] s28000000253_p9 trunc=0/10497 2.232s
[492/898] s28000000250_p23 trunc=0/9808 3.965s
[493/898] s28000000253_p25 trunc=0/10722 3.46s
[494/898] s28000000247_p50 trunc=0/10386 6.237s
[495/898] s28000000244_p70 trunc=0/11008 7.689s
[496/898] s28000000251_p38 trunc=0/7794 4.35s
[497/898] s28000000248_p66 trunc=0/9524 6.158s
[498/898] s28000000254_p27 trunc=0/9601 4.135s
[499/898] s28000000242_p133 trunc=0/9699 11.41s
[500/898] s28000000249_p62 trunc=0/9350 6.482s
[501/898] s28000000243_p136 trunc=0/10887 11.555s
[502/898] s28000000255_p49 trunc=0/9317 4.826s
[503/898] s28000000246_p95 trunc=0/10076 9.046s
[504/898] s28000000242_p136 trunc=0/9733 12.916s
[505/898] s28000000248_p85 trunc=0/10976 9.067s
[506/898] s28000000256_p46 trunc=0/9519 5.087s
[507/898] s28000000255_p70 trunc=0/10463 6.771s
[508/898] s28000000259_p31 trunc=0/9869 4.212s
[509/898] s28000000262_p6 trunc=0/10526 2.062s
[510/898] s28000000247_p93 trunc=0/9996 11.628s
[511/898] s28000000252_p81 trunc=0/10260 9.292s
[512/898] s28000000257_p47 trunc=0/9829 5.854s
[513/898] s28000000246_p126 trunc=0/10134 12.38s
[514/898] s28000000250_p98 trunc=0/10215 10.867s
[515/898] s28000000262_p26 trunc=0/9862 3.618s
[516/898] s28000000261_p33 trunc=0/10527 4.362s
[517/898] s28000000263_p19 trunc=0/10414 3.118s
[518/898] s28000000265_p4 trunc=0/10256 1.972s
[519/898] s28000000254_p122 trunc=0/7107 10.312s
[520/898] s28000000260_p62 trunc=0/9236 7.002s
[521/898] s28000000263_p32 trunc=0/10121 4.669s
[522/898] s28000000251_p128 trunc=0/10414 13.415s
[523/898] s28000000256_p114 trunc=0/9768 10.832s
[524/898] s28000000265_p27 trunc=0/10829 4.203s
[525/898] s28000000257_p92 trunc=0/9905 9.777s
[526/898] s28000000259_p108 trunc=0/10427 9.133s
[527/898] s28000000261_p59 trunc=0/10442 7.61s
[528/898] s28000000258_p100 trunc=0/10626 11.358s
[529/898] s28000000266_p49 trunc=0/10223 6.102s
[530/898] s28000000258_p132 trunc=0/9566 12.162s
[531/898] s28000000269_p52 trunc=0/9922 5.783s
[532/898] s28000000272_p15 trunc=0/9460 2.96s
[533/898] s28000000264_p80 trunc=0/8681 8.044s
[534/898] s28000000276_p2 trunc=0/10078 1.607s
[535/898] s28000000272_p35 trunc=0/9271 4.508s
[536/898] s28000000274_p29 trunc=0/10354 4.147s
[537/898] s28000000268_p74 trunc=0/9679 8.068s
[538/898] s28000000264_p107 trunc=0/9569 10.137s
[539/898] s28000000267_p74 trunc=0/10072 8.867s
[540/898] s28000000269_p82 trunc=0/10673 9.196s
[541/898] s28000000275_p25 trunc=0/10334 4.25s
[542/898] s28000000270_p61 trunc=0/10946 8.343s
[543/898] s28000000276_p29 trunc=0/9856 4.019s
[544/898] s28000000270_p67 trunc=0/10619 8.447s
[545/898] s28000000277_p25 trunc=0/9674 4.148s
[546/898] s28000000278_p23 trunc=0/10035 2.919s
[547/898] s28000000266_p119 trunc=0/10532 11.796s
[548/898] s28000000274_p47 trunc=0/10190 5.97s
[549/898] s28000000271_p73 trunc=0/10442 9.183s
[550/898] s28000000281_p17 trunc=0/9871 2.658s
[551/898] s28000000273_p86 trunc=0/10955 10.167s
[552/898] s28000000273_p103 trunc=0/9188 10.592s
[553/898] s28000000268_p107 trunc=0/10062 14.181s
[554/898] s28000000284_p22 trunc=0/9864 3.423s
[555/898] s28000000287_p140 trunc=None/None 0.0005176067352294922s
[556/898] s28000000279_p55 trunc=0/10634 6.85s
[557/898] s28000000288_p12 trunc=0/9858 2.588s
[558/898] s28000000282_p63 trunc=0/9999 7.08s
[559/898] s28000000278_p106 trunc=0/10554 9.401s
[560/898] s28000000280_p78 trunc=0/9984 8.648s
[561/898] s28000000267_p143 trunc=0/24 17.686s
[562/898] s28000000281_p70 trunc=0/10106 8.163s
[563/898] s28000000285_p63 trunc=0/10576 6.886s
[564/898] s28000000277_p94 trunc=0/9755 10.316s
[565/898] s28000000280_p85 trunc=0/10552 9.049s
[566/898] s28000000290_p1 trunc=0/10694 1.51s
[567/898] s28000000275_p125 trunc=0/9980 13.327s
[568/898] s28000000260_p137 trunc=0/9565 24.777s
[569/898] s28000000271_p139 trunc=0/3974 16.833s
[570/898] s28000000279_p120 trunc=0/9904 11.52s
[571/898] s28000000285_p79 trunc=0/9975 8.048s
[572/898] s28000000283_p92 trunc=0/10675 10.023s
[573/898] s28000000291_p19 trunc=0/10532 3.289s
[574/898] s28000000290_p28 trunc=0/8999 4.444s
[575/898] s28000000289_p36 trunc=0/10674 4.723s
[576/898] s28000000282_p114 trunc=0/10000 11.841s
[577/898] s28000000287_p77 trunc=0/8303 7.756s
[578/898] s28000000286_p98 trunc=0/9309 9.008s
[579/898] s28000000293_p29 trunc=0/10097 4.051s
[580/898] s28000000294_p23 trunc=0/10110 3.618s
[581/898] s28000000283_p128 trunc=0/10672 12.298s
[582/898] s28000000289_p65 trunc=0/10071 6.42s
[583/898] s28000000286_p100 trunc=0/10361 9.631s
[584/898] s28000000292_p43 trunc=0/10406 5.703s
[585/898] s28000000294_p29 trunc=0/10017 4.247s
[586/898] s28000000298_p8 trunc=0/10012 2.031s
[587/898] s28000000296_p30 trunc=0/10024 3.793s
[588/898] s28000000299_p14 trunc=0/9961 2.64s
[589/898] s28000000288_p115 trunc=0/10139 10.345s
[590/898] s28000000292_p62 trunc=0/10020 7.256s
[591/898] s28000000305_p140 trunc=None/None 0.0005238056182861328s
[592/898] s28000000284_p114 trunc=0/10134 14.326s
[593/898] s28000000304_p3 trunc=0/10579 1.668s
[594/898] s28000000293_p82 trunc=0/9590 8.098s
[595/898] s28000000296_p63 trunc=0/10651 6.806s
[596/898] s28000000306_p8 trunc=0/10743 2.276s
[597/898] s28000000295_p70 trunc=0/9600 7.794s
[598/898] s28000000298_p55 trunc=0/9974 5.773s
[599/898] s28000000300_p44 trunc=0/9951 5.452s
[600/898] s28000000302_p37 trunc=0/10463 4.664s
[601/898] s28000000302_p46 trunc=0/9095 4.782s
[602/898] s28000000306_p23 trunc=0/9338 3.474s
[603/898] s28000000301_p53 trunc=0/10317 6.256s
[604/898] s28000000295_p89 trunc=0/9316 9.538s
[605/898] s28000000310_p1 trunc=0/10311 1.406s
[606/898] s28000000299_p55 trunc=0/10206 7.093s
[607/898] s28000000310_p8 trunc=0/10692 2.237s
[608/898] s28000000308_p25 trunc=0/10783 3.687s
[609/898] s28000000291_p136 trunc=0/8469 14.359s
[610/898] s28000000307_p63 trunc=0/10409 7.036s
[611/898] s28000000297_p99 trunc=0/8763 12.198s
[612/898] s28000000301_p87 trunc=0/9922 9.416s
[613/898] s28000000303_p111 trunc=0/7997 10.108s
[614/898] s28000000313_p36 trunc=0/10066 4.66s
[615/898] s28000000304_p92 trunc=0/9804 9.616s
[616/898] s28000000303_p105 trunc=0/9375 10.887s
[617/898] s28000000312_p46 trunc=0/10004 5.963s
[618/898] s28000000297_p112 trunc=0/10777 13.864s
[619/898] s28000000319_p142 trunc=None/None 0.0004885196685791016s
[620/898] s28000000311_p65 trunc=0/9922 7.137s
[621/898] s28000000315_p22 trunc=0/10294 3.441s
[622/898] s28000000316_p18 trunc=0/10067 2.699s
[623/898] s28000000316_p21 trunc=0/9965 3.074s
[624/898] s28000000312_p58 trunc=0/9486 6.985s
[625/898] s28000000305_p97 trunc=0/9766 11.301s
[626/898] s28000000307_p108 trunc=0/9811 10.151s
[627/898] s28000000309_p99 trunc=0/9921 9.381s
[628/898] s28000000311_p68 trunc=0/9826 8.35s
[629/898] s28000000308_p88 trunc=0/9273 9.736s
[630/898] s28000000300_p138 trunc=0/10848 15.152s
[631/898] s28000000318_p32 trunc=0/9622 4.131s
[632/898] s28000000317_p37 trunc=0/10097 4.826s
[633/898] s28000000309_p101 trunc=0/9839 11.327s
[634/898] s28000000323_p14 trunc=0/10710 2.788s
[635/898] s28000000313_p83 trunc=0/9733 9.858s
[636/898] s28000000323_p22 trunc=0/10104 2.652s
[637/898] s28000000318_p39 trunc=0/9838 5.046s
[638/898] s28000000320_p39 trunc=0/10900 4.499s
[639/898] s28000000326_p9 trunc=0/10142 2.244s
[640/898] s28000000325_p32 trunc=0/10508 4.032s
[641/898] s28000000328_p8 trunc=0/10103 2.079s
[642/898] s28000000321_p61 trunc=0/10147 6.075s
[643/898] s28000000320_p55 trunc=0/10735 6.216s
[644/898] s28000000319_p76 trunc=0/10850 7.48s
[645/898] s28000000324_p54 trunc=0/10744 6.905s
[646/898] s28000000325_p64 trunc=0/9835 6.034s
[647/898] s28000000315_p124 trunc=0/10739 11.862s
[648/898] s28000000332_p16 trunc=0/10336 2.938s
[649/898] s28000000324_p74 trunc=0/9658 8.418s
[650/898] s28000000328_p58 trunc=0/10923 6.84s
[651/898] s28000000332_p26 trunc=0/10514 3.85s
[652/898] s28000000322_p112 trunc=0/10294 10.521s
[653/898] s28000000314_p126 trunc=0/9228 16.173s
[654/898] s28000000331_p37 trunc=0/10646 5.509s
[655/898] s28000000322_p114 trunc=0/10475 10.873s
[656/898] s28000000317_p115 trunc=0/9498 13.343s
[657/898] s28000000326_p70 trunc=0/9714 8.98s
[658/898] s28000000337_p1 trunc=0/10456 1.561s
[659/898] s28000000321_p127 trunc=0/9156 13.033s
[660/898] s28000000327_p91 trunc=0/10298 10.05s
[661/898] s28000000330_p73 trunc=0/10138 8.925s
[662/898] s28000000331_p73 trunc=0/9918 8.135s
[663/898] s28000000329_p102 trunc=0/10856 10.432s
[664/898] s28000000333_p51 trunc=0/10102 6.277s
[665/898] s28000000314_p136 trunc=0/9616 20.79s
[666/898] s28000000338_p41 trunc=0/9840 4.704s
[667/898] s28000000335_p53 trunc=0/10483 6.409s
[668/898] s28000000336_p44 trunc=0/10336 5.79s
[669/898] s28000000330_p99 trunc=0/10053 11.124s
[670/898] s28000000333_p75 trunc=0/10386 8.875s
[671/898] s28000000339_p49 trunc=0/10347 5.447s
[672/898] s28000000335_p73 trunc=0/10064 7.442s
[673/898] s28000000329_p115 trunc=0/10676 14.359s
[674/898] s28000000344_p16 trunc=0/10345 2.591s
[675/898] s28000000334_p91 trunc=0/10944 10.191s
[676/898] s28000000340_p49 trunc=0/10388 6.863s
[677/898] s28000000346_p11 trunc=0/10630 2.466s
[678/898] s28000000338_p86 trunc=0/9318 8.242s
[679/898] s28000000341_p70 trunc=0/10464 6.142s
[680/898] s28000000334_p143 trunc=0/24 11.274s
[681/898] s28000000339_p88 trunc=0/10696 8.232s
[682/898] s28000000348_p8 trunc=0/8942 1.98s
[683/898] s28000000342_p52 trunc=0/10212 7.004s
[684/898] s28000000337_p85 trunc=0/9765 10.046s
[685/898] s28000000327_p132 trunc=0/9596 18.188s
[686/898] s28000000343_p76 trunc=0/9113 6.338s
[687/898] s28000000343_p64 trunc=0/10413 7.583s
[688/898] s28000000342_p80 trunc=0/10184 9.191s
[689/898] s28000000347_p46 trunc=0/9776 5.036s
[690/898] s28000000345_p50 trunc=0/10313 7.14s
[691/898] s28000000345_p65 trunc=0/9885 6.88s
[692/898] s28000000351_p24 trunc=0/10736 3.476s
[693/898] s28000000340_p136 trunc=0/7660 10.957s
[694/898] s28000000344_p96 trunc=0/10089 8.19s
[695/898] s28000000347_p53 trunc=0/10429 6.221s
[696/898] s28000000346_p58 trunc=0/10863 7.004s
[697/898] s28000000341_p117 trunc=0/9954 11.147s
[698/898] s28000000354_p8 trunc=0/10336 1.97s
[699/898] s28000000353_p27 trunc=0/10595 4.303s
[700/898] s28000000356_p12 trunc=0/10665 2.474s
[701/898] s28000000349_p59 trunc=0/10451 6.756s
[702/898] s28000000350_p50 trunc=0/10026 6.839s
[703/898] s28000000361_p142 trunc=None/None 0.0005741119384765625s
[704/898] s28000000348_p64 trunc=0/10095 7.357s
[705/898] s28000000350_p78 trunc=0/10496 7.561s
[706/898] s28000000336_p126 trunc=0/10758 17.19s
[707/898] s28000000351_p70 trunc=0/10174 7.627s
[708/898] s28000000353_p47 trunc=0/9853 6.487s
[709/898] s28000000360_p23 trunc=0/10709 3.791s
[710/898] s28000000355_p51 trunc=0/10513 6.229s
[711/898] s28000000352_p78 trunc=0/9993 8.736s
[712/898] s28000000352_p118 trunc=0/8944 9.187s
[713/898] s28000000363_p29 trunc=0/10533 4.021s
[714/898] s28000000366_p22 trunc=0/10130 3.162s
[715/898] s28000000359_p68 trunc=0/10461 8.085s
[716/898] s28000000355_p132 trunc=0/11001 9.97s
[717/898] s28000000349_p116 trunc=0/10761 14.675s
[718/898] s28000000367_p17 trunc=0/9573 2.854s
[719/898] s28000000363_p67 trunc=0/10263 6.794s
[720/898] s28000000362_p77 trunc=0/9647 8.914s
[721/898] s28000000357_p108 trunc=0/10582 11.428s
[722/898] s28000000356_p133 trunc=0/7437 11.835s
[723/898] s28000000360_p74 trunc=0/10600 9.842s
[724/898] s28000000369_p5 trunc=0/10262 1.797s
[725/898] s28000000358_p117 trunc=0/9453 12.18s
[726/898] s28000000357_p131 trunc=0/10478 13.813s
[727/898] s28000000354_p133 trunc=0/9470 14.959s
[728/898] s28000000359_p108 trunc=0/9552 13.183s
[729/898] s28000000371_p26 trunc=0/10781 3.836s
[730/898] s28000000365_p115 trunc=0/9621 11.205s
[731/898] s28000000365_p124 trunc=0/10144 11.199s
[732/898] s28000000368_p61 trunc=0/10439 7.84s
[733/898] s28000000374_p20 trunc=0/10208 3.167s
[734/898] s28000000364_p117 trunc=0/9749 13.469s
[735/898] s28000000375_p14 trunc=0/10309 2.8s
[736/898] s28000000370_p55 trunc=0/9858 7.708s
[737/898] s28000000367_p95 trunc=0/9969 9.488s
[738/898] s28000000358_p131 trunc=0/10234 17.821s
[739/898] s28000000377_p1 trunc=0/10717 1.519s
[740/898] s28000000371_p60 trunc=0/9927 7.245s
[741/898] s28000000369_p88 trunc=0/9253 9.39s
[742/898] s28000000373_p62 trunc=0/10191 7.32s
[743/898] s28000000364_p141 trunc=0/1936 15.678s
[744/898] s28000000375_p25 trunc=0/9444 3.792s
[745/898] s28000000382_p142 trunc=None/None 0.0005340576171875s
[746/898] s28000000368_p107 trunc=0/8893 11.596s
[747/898] s28000000374_p54 trunc=0/10330 6.875s
[748/898] s28000000362_p122 trunc=0/10996 18.261s
[749/898] s28000000372_p74 trunc=0/10051 9.287s
[750/898] s28000000370_p84 trunc=0/9450 9.876s
[751/898] s28000000372_p132 trunc=0/9746 11.053s
[752/898] s28000000376_p64 trunc=0/9259 6.635s
[753/898] s28000000373_p100 trunc=0/10282 9.829s
[754/898] s28000000384_p16 trunc=0/10729 3.004s
[755/898] s28000000377_p62 trunc=0/9194 6.462s
[756/898] s28000000366_p136 trunc=0/10678 18.783s
[757/898] s28000000388_p140 trunc=None/None 0.0005917549133300781s
[758/898] s28000000379_p68 trunc=0/10502 6.66s
[759/898] s28000000387_p1 trunc=0/10136 1.446s
[760/898] s28000000385_p28 trunc=0/10381 4.447s
[761/898] s28000000380_p62 trunc=0/10338 7.09s
[762/898] s28000000388_p6 trunc=0/10084 1.962s
[763/898] s28000000383_p52 trunc=0/10665 6.186s
[764/898] s28000000378_p70 trunc=0/10518 8.89s
[765/898] s28000000381_p68 trunc=0/10395 7.289s
[766/898] s28000000361_p138 trunc=0/7763 25.2s
[767/898] s28000000378_p84 trunc=0/10424 9.424s
[768/898] s28000000380_p94 trunc=0/9444 9.109s
[769/898] s28000000376_p122 trunc=0/10912 11.259s
[770/898] s28000000382_p70 trunc=0/10816 7.845s
[771/898] s28000000389_p22 trunc=0/10810 3.226s
[772/898] s28000000390_p32 trunc=0/10307 3.664s
[773/898] s28000000394_p10 trunc=0/8717 2.009s
[774/898] s28000000390_p36 trunc=0/10485 4.258s
[775/898] s28000000386_p72 trunc=0/10528 7.049s
[776/898] s28000000381_p75 trunc=0/10590 10.226s
[777/898] s28000000392_p27 trunc=0/10062 3.844s
[778/898] s28000000392_p35 trunc=0/9068 3.866s
[779/898] s28000000386_p88 trunc=0/10451 7.57s
[780/898] s28000000398_p2 trunc=0/9868 1.555s
[781/898] s28000000396_p26 trunc=0/10580 3.567s
[782/898] s28000000400_p2 trunc=0/10247 1.68s
[783/898] s28000000401_p140 trunc=None/None 0.0005578994750976562s
[784/898] s28000000393_p49 trunc=0/10661 5.708s
[785/898] s28000000383_p95 trunc=0/10461 11.904s
[786/898] s28000000385_p103 trunc=0/10040 11.799s
[787/898] s28000000396_p36 trunc=0/10495 4.716s
[788/898] s28000000391_p69 trunc=0/10765 8.321s
[789/898] s28000000403_p2 trunc=0/9988 1.363s
[790/898] s28000000384_p117 trunc=0/10516 13.244s
[791/898] s28000000393_p55 trunc=0/10081 7.092s
[792/898] s28000000387_p80 trunc=0/9739 10.483s
[793/898] s28000000399_p36 trunc=0/9208 4.162s
[794/898] s28000000402_p13 trunc=0/9930 2.364s
[795/898] s28000000379_p139 trunc=0/3800 16.899s
[796/898] s28000000401_p31 trunc=0/10259 4.382s
[797/898] s28000000391_p90 trunc=0/10621 10.483s
[798/898] s28000000399_p70 trunc=0/9921 5.906s
[799/898] s28000000389_p111 trunc=0/9929 11.905s
[800/898] s28000000397_p76 trunc=0/9860 7.641s
[801/898] s28000000408_p10 trunc=0/10133 2.154s
[802/898] s28000000407_p21 trunc=0/9729 3.432s
[803/898] s28000000406_p26 trunc=0/10927 3.776s
[804/898] s28000000397_p89 trunc=0/10338 8.55s
[805/898] s28000000408_p11 trunc=0/10298 2.437s
[806/898] s28000000398_p77 trunc=0/9795 8.263s
[807/898] s28000000404_p36 trunc=0/10666 4.991s
[808/898] s28000000403_p47 trunc=0/10560 6.038s
[809/898] s28000000395_p85 trunc=0/9960 11.082s
[810/898] s28000000407_p38 trunc=0/10155 5.126s
[811/898] s28000000395_p109 trunc=0/9641 12.781s
[812/898] s28000000411_p20 trunc=0/9943 3.696s
[813/898] s28000000402_p124 trunc=0/10331 8.832s
[814/898] s28000000414_p20 trunc=0/10171 3.017s
[815/898] s28000000410_p45 trunc=0/9271 4.869s
[816/898] s28000000410_p48 trunc=0/9592 5.113s
[817/898] s28000000404_p124 trunc=0/9064 8.117s
[818/898] s28000000400_p120 trunc=0/9956 11.026s
[819/898] s28000000394_p121 trunc=0/10252 14.852s
[820/898] s28000000418_p5 trunc=0/9596 1.612s
[821/898] s28000000416_p15 trunc=0/10143 2.629s
[822/898] s28000000409_p51 trunc=0/9974 7.089s
[823/898] s28000000405_p85 trunc=0/10819 10.296s
[824/898] s28000000415_p34 trunc=0/10486 5.506s
[825/898] s28000000422_p142 trunc=None/None 0.0005497932434082031s
[826/898] s28000000406_p92 trunc=0/9542 11.082s
[827/898] s28000000423_p140 trunc=None/None 0.0005815029144287109s
[828/898] s28000000416_p32 trunc=0/9883 4.303s
[829/898] s28000000423_p3 trunc=0/10915 1.639s
[830/898] s28000000411_p69 trunc=0/10371 8.377s
[831/898] s28000000413_p69 trunc=0/10630 8.386s
[832/898] s28000000417_p36 trunc=0/10505 5.541s
[833/898] s28000000405_p109 trunc=0/10543 13.353s
[834/898] s28000000412_p81 trunc=0/10437 9.424s
[835/898] s28000000427_p140 trunc=None/None 0.0005521774291992188s
[836/898] s28000000426_p11 trunc=0/9543 2.311s
[837/898] s28000000414_p96 trunc=0/9914 10.428s
[838/898] s28000000409_p129 trunc=0/10392 13.883s
[839/898] s28000000421_p52 trunc=0/10760 6.989s
[840/898] s28000000422_p66 trunc=0/9201 6.651s
[841/898] s28000000412_p117 trunc=0/10984 12.8s
[842/898] s28000000426_p29 trunc=0/10767 4.408s
[843/898] s28000000428_p34 trunc=0/10494 3.779s
[844/898] s28000000419_p81 trunc=0/9628 9.227s
[845/898] s28000000415_p112 trunc=0/10620 11.856s
[846/898] s28000000425_p48 trunc=0/9775 6.043s
[847/898] s28000000421_p112 trunc=0/10538 8.884s
[848/898] s28000000424_p68 trunc=0/10747 7.035s
[849/898] s28000000418_p90 trunc=0/10164 10.348s
[850/898] s28000000413_p107 trunc=0/9938 14.123s
[851/898] s28000000417_p97 trunc=0/9722 11.129s
[852/898] s28000000431_p12 trunc=0/10269 2.615s
[853/898] s28000000427_p54 trunc=0/9981 6.339s
[854/898] s28000000425_p69 trunc=0/10769 7.586s
[855/898] s28000000432_p18 trunc=0/9961 2.905s
[856/898] s28000000433_p14 trunc=0/10339 2.98s
[857/898] s28000000420_p97 trunc=0/10601 11.583s
[858/898] s28000000429_p46 trunc=0/10240 5.503s
[859/898] s28000000420_p96 trunc=0/10313 12.201s
[860/898] s28000000430_p45 trunc=0/10016 5.187s
[861/898] s28000000436_p26 trunc=0/9253 3.304s
[862/898] s28000000437_p9 trunc=0/10444 2.398s
[863/898] s28000000432_p46 trunc=0/10000 5.89s
[864/898] s28000000419_p130 trunc=0/9014 14.964s
[865/898] s28000000428_p103 trunc=0/9033 8.411s
[866/898] s28000000430_p52 trunc=0/10042 6.936s
[867/898] s28000000434_p47 trunc=0/10510 6.053s
[868/898] s28000000438_p50 trunc=0/9585 5.458s
[869/898] s28000000442_p16 trunc=0/9944 3.062s
[870/898] s28000000444_p14 trunc=0/10435 2.502s
[871/898] s28000000442_p24 trunc=0/10575 3.564s
[872/898] s28000000433_p74 trunc=0/9687 9.065s
[873/898] s28000000424_p139 trunc=0/2864 16.145s
[874/898] s28000000429_p141 trunc=0/2224 11.381s
[875/898] s28000000436_p116 trunc=0/8214 8.654s
[876/898] s28000000434_p100 trunc=0/9914 9.949s
[877/898] s28000000443_p38 trunc=0/9915 5.08s
[878/898] s28000000438_p65 trunc=0/10187 8.152s
[879/898] s28000000439_p79 trunc=0/10504 8.346s
[880/898] s28000000441_p59 trunc=0/9928 7.381s
[881/898] s28000000439_p69 trunc=0/10753 8.729s
[882/898] s28000000443_p54 trunc=0/10816 6.163s
[883/898] s28000000445_p26 trunc=0/10248 3.811s
[884/898] s28000000435_p103 trunc=0/10139 11.687s
[885/898] s28000000447_p17 trunc=0/10250 3.163s
[886/898] s28000000445_p31 trunc=0/10765 4.096s
[887/898] s28000000437_p103 trunc=0/8772 11.286s
[888/898] s28000000431_p109 trunc=0/10876 14.327s
[889/898] s28000000440_p143 trunc=0/16 10.811s
[890/898] s28000000449_p40 trunc=0/10426 4.12s
[891/898] s28000000449_p42 trunc=0/9278 4.136s
[892/898] s28000000441_p120 trunc=0/9665 10.554s
[893/898] s28000000447_p106 trunc=0/9350 6.517s
[894/898] s28000000448_p79 trunc=0/10695 6.439s
[895/898] s28000000435_p139 trunc=0/2580 15.651s
[896/898] s28000000448_p104 trunc=0/9774 6.983s
[897/898] s28000000440_p137 trunc=0/11008 14.338s
[898/898] s28000000444_p141 trunc=0/2872 9.556s
{
  "schema": "carcassonne-window-truncation-census/v1-summary",
  "n_rows": 898,
  "n_ok": 898,
  "n_skipped_forced": 0,
  "n_skipped_solver_region": 15,
  "n_censused_roots": 883,
  "roots_with_root_truncation": 0,
  "root_truncation_rate": 0.0,
  "nodes_censused": 8701287,
  "nodes_truncated": 0,
  "node_truncation_rate": 0.0,
  "nodes_empty_mask": 0,
  "empty_mask_rate": 0.0,
  "visits_total": 46808553,
  "visits_through_truncated": 0,
  "visit_weighted_truncation_rate": 0.0,
  "roots_with_any_search_truncation": 0,
  "root_incidence_rate": 0.0,
  "dropped_hist": {
    "0": 8701287
  },
  "by_depth": {
    "1": [
      100088,
      0,
      0
    ],
    "2": [
      469844,
      0,
      0
    ],
    "3": [
      1445041,
      0,
      0
    ],
    "4": [
      1790112,
      0,
      0
    ],
    "5": [
      2088312,
      0,
      0
    ],
    "6": [
      1375520,
      0,
      0
    ],
    "7": [
      837558,
      0,
      0
    ],
    "8": [
      364566,
      0,
      0
    ],
    "9": [
      146169,
      0,
      0
    ],
    "10": [
      51857,
      0,
      0
    ],
    "11": [
      23645,
      0,
      0
    ],
    "12": [
      5912,
      0,
      0
    ],
    "13": [
      2144,
      0,
      0
    ],
    "14": [
      374,
      0,
      0
    ],
    "15": [
      89,
      0,
      0
    ],
    "16": [
      48,
      0,
      0
    ],
    "17": [
      8,
      0,
      0
    ]
  },
  "by_node_phase": {
    "meeples": [
      5421116,
      0,
      0
    ],
    "tiles": [
      3280171,
      0,
      0
    ]
  },
  "by_k_bucket": {
    "early": [
      2775377,
      0,
      0
    ],
    "late": [
      2556851,
      0,
      0
    ],
    "mid": [
      3369059,
      0,
      0
    ]
  },
  "n_pick_comparable": 883,
  "n_pick_changed": 0,
  "pick_change_rate": 0.0,
  "iso_control_n": 883,
  "iso_control_violations": 0,
  "digest_gate_fail": 0,
  "encode_collisions": 0,
  "world_errors": 0,
  "n_error_rows": 0,
  "secs_total": 6738.1,
  "secs_per_root": 7.503,
  "wall_secs": 310.1,
  "workers": 22,
  "n_rows_resumed": 0,
  "n_rows_new": 898
}
[2026-08-13T11:51:22-04:00] leg walled: done
[2026-08-13T11:51:22-04:00] leg fixed_v1: starting (W=22, R9=1, out=measurement/window_truncation_20260813/census_fixed_v1, log=measurement/window_truncation_20260813/logs/census_fixed_v1.log)
[1/1548] e4_1785982194_705585_p31 trunc=None/None 0.0004184246063232422s
[2/1548] e4_1785982194_705585_p2 trunc=0/9736 1.595s
[3/1548] e4_1785982194_705585_p3 trunc=0/9801 1.775s
[4/1548] e4_1785982194_705585_p6 trunc=0/9940 1.951s
[5/1548] e4_1785982194_705585_p7 trunc=0/9941 2.12s
[6/1548] e4_1785982194_705585_p10 trunc=0/10284 2.472s
[7/1548] e4_1785982194_705585_p11 trunc=0/10422 2.551s
[8/1548] e4_1785982194_705585_p14 trunc=0/10509 2.825s
[9/1548] e4_1785982194_705585_p26 trunc=0/9298 2.863s
[10/1548] e4_1785982194_705585_p15 trunc=0/10935 2.961s
[11/1548] e4_1785982194_705585_p18 trunc=0/9690 2.954s
[12/1548] e4_1785982194_705585_p19 trunc=0/10054 3.031s
[13/1548] e4_1785982194_705585_p22 trunc=0/9890 3.168s
[14/1548] e4_1785982194_705585_p23 trunc=0/9900 3.605s
[15/1548] e4_1785982194_705585_p34 trunc=0/8832 3.802s
[16/1548] e4_1785982194_705585_p27 trunc=0/10295 3.933s
[17/1548] e4_1785982194_705585_p75 trunc=None/None 0.00027251243591308594s
[18/1548] e4_1785982194_705585_p30 trunc=0/10672 4.072s
[19/1548] e4_1785982194_705585_p79 trunc=None/None 0.000274658203125s
[20/1548] e4_1785982194_705585_p35 trunc=0/10720 4.73s
[21/1548] e4_1785982194_705585_p83 trunc=None/None 0.0003399848937988281s
[22/1548] e4_1785982194_705585_p38 trunc=0/9591 4.867s
[23/1548] e4_1785982194_705585_p87 trunc=None/None 0.00026488304138183594s
[24/1548] e4_1785982194_705585_p46 trunc=0/10534 4.879s
[25/1548] e4_1785982194_705585_p91 trunc=None/None 0.0003790855407714844s
[26/1548] e4_1785982194_705585_p39 trunc=0/10341 5.123s
[27/1548] e4_1785982194_705585_p42 trunc=0/10062 5.564s
[28/1548] e4_1785982194_705585_p43 trunc=0/9572 5.67s
[29/1548] e4_1785982194_705585_p99 trunc=None/None 0.00033593177795410156s
[30/1548] e4_1785982194_705585_p50 trunc=0/8627 4.622s
[31/1548] e4_1785982194_705585_p103 trunc=None/None 0.00038909912109375s
[32/1548] e4_1785982194_705585_p47 trunc=0/9902 6.193s
[33/1548] e4_1785982194_705585_p107 trunc=None/None 0.00036334991455078125s
[34/1548] e4_1785982194_705585_p54 trunc=0/10320 5.973s
[35/1548] e4_1785982194_705585_p111 trunc=None/None 0.0003819465637207031s
[36/1548] e4_1785982194_705585_p51 trunc=0/10458 6.589s
[37/1548] e4_1785982194_705585_p115 trunc=None/None 0.00043272972106933594s
[38/1548] e4_1785982194_705585_p58 trunc=0/9917 6.539s
[39/1548] e4_1785982194_705585_p119 trunc=None/None 0.00042724609375s
[40/1548] e4_1785982194_705585_p55 trunc=0/9621 6.881s
[41/1548] e4_1785982194_705585_p123 trunc=None/None 0.0004730224609375s
[42/1548] e4_1785982194_705585_p66 trunc=0/9700 6.814s
[43/1548] e4_1785982194_705585_p127 trunc=None/None 0.00038623809814453125s
[44/1548] e4_1785982194_705585_p70 trunc=0/9569 6.823s
[45/1548] e4_1785982194_705585_p131 trunc=None/None 0.0005016326904296875s
[46/1548] e4_1785982194_705585_p59 trunc=0/10371 7.262s
[47/1548] e4_1785982194_705585_p62 trunc=0/10108 7.375s
[48/1548] e4_1785982194_705585_p138 trunc=None/None 0.0004742145538330078s
[49/1548] e4_1785982194_705585_p63 trunc=0/9942 8.053s
[50/1548] e4_1785982194_705585_p74 trunc=0/9013 7.569s
[51/1548] e4_1785984310_1698417952_p127 trunc=None/None 0.0005631446838378906s
[52/1548] e4_1785982194_705585_p67 trunc=0/9387 8.414s
[53/1548] e4_1785984310_1698417952_p131 trunc=None/None 0.0005190372467041016s
[54/1548] e4_1785982194_705585_p78 trunc=0/9252 7.634s
[55/1548] e4_1785984310_1698417952_p135 trunc=None/None 0.00047469139099121094s
[56/1548] e4_1785984310_1698417952_p138 trunc=None/None 0.0004763603210449219s
[57/1548] e4_1785984310_1698417952_p139 trunc=None/None 0.00042319297790527344s
[58/1548] e4_1785982194_705585_p71 trunc=0/8271 8.255s
[59/1548] e4_1785982194_705585_p82 trunc=0/9200 7.798s
[60/1548] e4_1785986044_1911511187_p2 trunc=0/9779 1.659s
[61/1548] e4_1785982194_705585_p86 trunc=0/9563 8.563s
[62/1548] e4_1785986044_1911511187_p3 trunc=0/10679 1.899s
[63/1548] e4_1785982194_705585_p94 trunc=0/10192 8.935s
[64/1548] e4_1785986044_1911511187_p6 trunc=0/10162 2.179s
[65/1548] e4_1785982194_705585_p90 trunc=0/10119 9.454s
[66/1548] e4_1785982194_705585_p95 trunc=0/9195 10.023s
[67/1548] e4_1785986044_1911511187_p7 trunc=0/10671 2.115s
[68/1548] e4_1785986044_1911511187_p10 trunc=0/9643 2.345s
[69/1548] e4_1785982194_705585_p102 trunc=0/8639 10.118s
[70/1548] e4_1785982194_705585_p98 trunc=0/9492 10.397s
[71/1548] e4_1785986044_1911511187_p27 trunc=None/None 0.0001811981201171875s
[72/1548] e4_1785986044_1911511187_p14 trunc=0/10312 2.77s
[73/1548] e4_1785986044_1911511187_p11 trunc=0/10615 2.936s
[74/1548] e4_1785986044_1911511187_p15 trunc=0/10509 3.329s
[75/1548] e4_1785986044_1911511187_p18 trunc=0/10445 3.143s
[76/1548] e4_1785982194_705585_p114 trunc=0/9072 9.603s
[77/1548] e4_1785982194_705585_p110 trunc=0/9971 10.758s
[78/1548] e4_1785986044_1911511187_p19 trunc=0/10556 3.45s
[79/1548] e4_1785982194_705585_p106 trunc=0/10756 12.451s
[80/1548] e4_1785982194_705585_p122 trunc=0/9403 9.896s
[81/1548] e4_1785986044_1911511187_p22 trunc=0/10447 3.684s
[82/1548] e4_1785982194_705585_p118 trunc=0/9974 10.644s
[83/1548] e4_1785986044_1911511187_p23 trunc=0/9872 3.542s
[84/1548] e4_1785982194_705585_p126 trunc=0/9784 10.213s
[85/1548] e4_1785986044_1911511187_p26 trunc=0/10368 3.768s
[86/1548] e4_1785986044_1911511187_p30 trunc=0/9138 3.977s
[87/1548] e4_1785986044_1911511187_p34 trunc=0/9534 4.053s
[88/1548] e4_1785986044_1911511187_p31 trunc=0/10316 4.562s
[89/1548] e4_1785986044_1911511187_p38 trunc=0/9716 4.303s
[90/1548] e4_1785986044_1911511187_p35 trunc=0/9303 4.71s
[91/1548] e4_1785986044_1911511187_p39 trunc=0/10306 5.188s
[92/1548] e4_1785986044_1911511187_p46 trunc=0/9328 4.533s
[93/1548] e4_1785986044_1911511187_p42 trunc=0/9817 4.856s
[94/1548] e4_1785982194_705585_p134 trunc=0/8163 13.471s
[95/1548] e4_1785982194_705585_p130 trunc=0/8557 14.3s
[96/1548] e4_1785984310_1698417952_p134 trunc=0/8888 12.79s
[97/1548] e4_1785986044_1911511187_p43 trunc=0/9323 5.825s
[98/1548] e4_1785982194_705585_p135 trunc=0/7639 14.55s
[99/1548] e4_1785984310_1698417952_p130 trunc=0/9707 13.264s
[100/1548] e4_1785986044_1911511187_p50 trunc=0/8976 5.67s
[101/1548] e4_1785982194_705585_p139 trunc=0/1296 15.002s
[102/1548] e4_1785986044_1911511187_p47 trunc=0/9942 6.363s
[103/1548] e4_1785986044_1911511187_p51 trunc=0/10072 6.604s
[104/1548] e4_1785984310_1698417952_p126 trunc=0/9786 15.037s
[105/1548] e4_1785986044_1911511187_p54 trunc=0/9709 7.096s
[106/1548] e4_1785986044_1911511187_p58 trunc=0/10347 6.707s
[107/1548] e4_1785986044_1911511187_p55 trunc=0/10183 7.545s
[108/1548] e4_1785986044_1911511187_p59 trunc=0/10520 7.369s
[109/1548] e4_1785986044_1911511187_p62 trunc=0/9482 7.309s
[110/1548] e4_1785986044_1911511187_p66 trunc=0/9602 7.124s
[111/1548] e4_1785986044_1911511187_p63 trunc=0/9969 8.54s
[112/1548] e4_1785986044_1911511187_p67 trunc=0/9860 8.256s
[113/1548] e4_1785986044_1911511187_p70 trunc=0/10115 8.124s
[114/1548] e4_1785986044_1911511187_p74 trunc=0/10228 8.12s
[115/1548] e4_1785986044_1911511187_p71 trunc=0/9447 8.667s
[116/1548] e4_1785986044_1911511187_p78 trunc=0/8315 7.988s
[117/1548] e4_1785986044_1911511187_p75 trunc=0/9986 8.637s
[118/1548] e4_1785986044_1911511187_p86 trunc=0/9065 8.521s
[119/1548] e4_1785986044_1911511187_p79 trunc=0/10445 9.164s
[120/1548] e4_1785986044_1911511187_p83 trunc=0/9118 9.121s
[121/1548] e4_1785986044_1911511187_p127 trunc=None/None 0.0005748271942138672s
[122/1548] e4_1785986044_1911511187_p82 trunc=0/10098 9.447s
[123/1548] e4_1785986044_1911511187_p131 trunc=None/None 0.0005292892456054688s
[124/1548] e4_1785986044_1911511187_p87 trunc=0/9497 9.557s
[125/1548] e4_1785986044_1911511187_p135 trunc=None/None 0.0005099773406982422s
[126/1548] e4_1785986044_1911511187_p138 trunc=None/None 0.0004832744598388672s
[127/1548] e4_1785986044_1911511187_p139 trunc=None/None 0.0005736351013183594s
[128/1548] e4_1785986044_1911511187_p90 trunc=0/8964 9.738s
[129/1548] e4_1786045035_338139_p2 trunc=0/9112 1.58s
[130/1548] e4_1785986044_1911511187_p91 trunc=0/8806 10.67s
[131/1548] e4_1786045035_338139_p3 trunc=0/9699 1.671s
[132/1548] e4_1785986044_1911511187_p94 trunc=0/9330 11.418s
[133/1548] e4_1786045035_338139_p6 trunc=0/9712 1.975s
[134/1548] e4_1785986044_1911511187_p99 trunc=0/8910 11.57s
[135/1548] e4_1785986044_1911511187_p95 trunc=0/9200 12.187s
[136/1548] e4_1786045035_338139_p7 trunc=0/10956 2.272s
[137/1548] e4_1785986044_1911511187_p98 trunc=0/8521 12.334s
[138/1548] e4_1785986044_1911511187_p106 trunc=0/9860 10.957s
[139/1548] e4_1786045035_338139_p10 trunc=0/10008 2.52s
[140/1548] e4_1785986044_1911511187_p102 trunc=0/9233 12.302s
[141/1548] e4_1786045035_338139_p11 trunc=0/9698 2.618s
[142/1548] e4_1785986044_1911511187_p103 trunc=0/9222 12.806s
[143/1548] e4_1786045035_338139_p14 trunc=0/10743 2.833s
[144/1548] e4_1786045035_338139_p15 trunc=0/10747 3.058s
[145/1548] e4_1786045035_338139_p18 trunc=0/10061 3.269s
[146/1548] e4_1785986044_1911511187_p110 trunc=0/9356 11.778s
[147/1548] e4_1786045035_338139_p19 trunc=0/10364 3.72s
[148/1548] e4_1786045035_338139_p22 trunc=0/10375 3.46s
[149/1548] e4_1785986044_1911511187_p107 trunc=0/10250 13.737s
[150/1548] e4_1786045035_338139_p23 trunc=0/9636 3.891s
[151/1548] e4_1786045035_338139_p26 trunc=0/10101 3.754s
[152/1548] e4_1785986044_1911511187_p130 trunc=0/6737 9.244s
[153/1548] e4_1785986044_1911511187_p111 trunc=0/10108 12.848s
[154/1548] e4_1785986044_1911511187_p122 trunc=0/9361 11.15s
[155/1548] e4_1786045035_338139_p27 trunc=0/10178 4.392s
[156/1548] e4_1786045035_338139_p30 trunc=0/10663 4.279s
[157/1548] e4_1785986044_1911511187_p115 trunc=0/9037 12.966s
[158/1548] e4_1786045035_338139_p31 trunc=0/10493 4.777s
[159/1548] e4_1786045035_338139_p34 trunc=0/10280 4.352s
[160/1548] e4_1785986044_1911511187_p114 trunc=0/10400 14.078s
[161/1548] e4_1785986044_1911511187_p126 trunc=0/9822 11.933s
[162/1548] e4_1785986044_1911511187_p118 trunc=0/9956 13.343s
[163/1548] e4_1786045035_338139_p35 trunc=0/10235 5.1s
[164/1548] e4_1786045035_338139_p38 trunc=0/9720 4.863s
[165/1548] e4_1785986044_1911511187_p119 trunc=0/9263 14.359s
[166/1548] e4_1786045035_338139_p39 trunc=0/10431 5.175s
[167/1548] e4_1785986044_1911511187_p134 trunc=0/8864 12.89s
[168/1548] e4_1786045035_338139_p42 trunc=0/9080 5.076s
[169/1548] e4_1786045035_338139_p83 trunc=None/None 0.000324249267578125s
[170/1548] e4_1785986044_1911511187_p123 trunc=0/9869 14.648s
[171/1548] e4_1786045035_338139_p87 trunc=None/None 0.00032639503479003906s
[172/1548] e4_1786045035_338139_p46 trunc=0/10611 5.354s
[173/1548] e4_1786045035_338139_p91 trunc=None/None 0.00030684471130371094s
[174/1548] e4_1786045035_338139_p43 trunc=0/10812 6.292s
[175/1548] e4_1786045035_338139_p95 trunc=None/None 0.0003628730773925781s
[176/1548] e4_1786045035_338139_p51 trunc=0/9878 5.879s
[177/1548] e4_1786045035_338139_p47 trunc=0/10258 6.111s
[178/1548] e4_1786045035_338139_p50 trunc=0/9843 6.131s
[179/1548] e4_1786045035_338139_p55 trunc=0/9219 6.183s
[180/1548] e4_1786045035_338139_p54 trunc=0/10337 6.796s
[181/1548] e4_1786045035_338139_p107 trunc=None/None 0.0004010200500488281s
[182/1548] e4_1786045035_338139_p58 trunc=0/9577 6.377s
[183/1548] e4_1786045035_338139_p111 trunc=None/None 0.0004181861877441406s
[184/1548] e4_1786045035_338139_p59 trunc=0/10103 6.982s
[185/1548] e4_1786045035_338139_p115 trunc=None/None 0.0003848075866699219s
[186/1548] e4_1786045035_338139_p62 trunc=0/9384 6.68s
[187/1548] e4_1786045035_338139_p119 trunc=None/None 0.0005524158477783203s
[188/1548] e4_1786045035_338139_p67 trunc=0/10099 7.212s
[189/1548] e4_1786045035_338139_p123 trunc=None/None 0.00045490264892578125s
[190/1548] e4_1786045035_338139_p63 trunc=0/9585 7.415s
[191/1548] e4_1786045035_338139_p127 trunc=None/None 0.0004532337188720703s
[192/1548] e4_1786045035_338139_p66 trunc=0/9856 7.425s
[193/1548] e4_1786045035_338139_p131 trunc=None/None 0.0004394054412841797s
[194/1548] e4_1786045035_338139_p70 trunc=0/9999 8.283s
[195/1548] e4_1786045035_338139_p135 trunc=None/None 0.0003387928009033203s
[196/1548] e4_1786045035_338139_p138 trunc=None/None 0.0002892017364501953s
[197/1548] e4_1786045035_338139_p139 trunc=None/None 0.00027823448181152344s
[198/1548] e4_1786045035_338139_p71 trunc=0/10551 8.625s
[199/1548] e4_1786045035_338139_p74 trunc=0/9989 8.654s
[200/1548] e4_1786045035_338139_p75 trunc=0/9493 8.645s
[201/1548] e4_1786045035_338139_p78 trunc=0/9786 8.61s
[202/1548] e4_1786045035_338139_p79 trunc=0/9909 8.422s
[203/1548] e4_1786074812_935815_p2 trunc=0/9915 1.574s
[204/1548] e4_1786074812_935815_p3 trunc=0/10023 1.702s
[205/1548] e4_1786045035_338139_p82 trunc=0/9256 9.225s
[206/1548] e4_1786045035_338139_p90 trunc=0/10248 9.032s
[207/1548] e4_1786074812_935815_p6 trunc=0/10653 2.184s
[208/1548] e4_1786074812_935815_p7 trunc=0/10139 2.162s
[209/1548] e4_1786045035_338139_p86 trunc=0/10498 10.147s
[210/1548] e4_1786074812_935815_p10 trunc=0/10539 2.228s
[211/1548] e4_1786045035_338139_p98 trunc=0/10186 9.099s
[212/1548] e4_1786074812_935815_p11 trunc=0/10761 2.569s
[213/1548] e4_1786074812_935815_p14 trunc=0/9471 2.528s
[214/1548] e4_1786045035_338139_p94 trunc=0/10454 10.262s
[215/1548] e4_1786074812_935815_p15 trunc=0/10123 2.657s
[216/1548] e4_1786045035_338139_p102 trunc=0/9629 9.885s
[217/1548] e4_1786074812_935815_p18 trunc=0/10349 3.533s
[218/1548] e4_1786074812_935815_p19 trunc=0/9481 3.353s
[219/1548] e4_1786045035_338139_p110 trunc=0/10479 10.449s
[220/1548] e4_1786074812_935815_p22 trunc=0/10254 3.892s
[221/1548] e4_1786074812_935815_p26 trunc=0/10025 3.651s
[222/1548] e4_1786074812_935815_p23 trunc=0/10309 3.846s
[223/1548] e4_1786074812_935815_p27 trunc=0/10487 4.032s
[224/1548] e4_1786045035_338139_p103 trunc=0/10578 12.308s
[225/1548] e4_1786045035_338139_p99 trunc=0/10484 12.533s
[226/1548] e4_1786045035_338139_p122 trunc=0/9622 10.581s
[227/1548] e4_1786074812_935815_p30 trunc=0/10504 4.459s
[228/1548] e4_1786045035_338139_p114 trunc=0/10162 11.869s
[229/1548] e4_1786074812_935815_p31 trunc=0/10415 4.416s
[230/1548] e4_1786074812_935815_p34 trunc=0/10336 4.505s
[231/1548] e4_1786074812_935815_p67 trunc=None/None 0.0002663135528564453s
[232/1548] e4_1786045035_338139_p118 trunc=0/10457 11.278s
[233/1548] e4_1786074812_935815_p71 trunc=None/None 0.0002675056457519531s
[234/1548] e4_1786045035_338139_p106 trunc=0/10206 13.112s
[235/1548] e4_1786074812_935815_p75 trunc=None/None 0.00030422210693359375s
[236/1548] e4_1786045035_338139_p134 trunc=0/6396 10.405s
[237/1548] e4_1786074812_935815_p79 trunc=None/None 0.00032782554626464844s
[238/1548] e4_1786045035_338139_p130 trunc=0/7269 10.758s
[239/1548] e4_1786074812_935815_p83 trunc=None/None 0.00031280517578125s
[240/1548] e4_1786074812_935815_p38 trunc=0/10676 4.835s
[241/1548] e4_1786074812_935815_p87 trunc=None/None 0.0003540515899658203s
[242/1548] e4_1786074812_935815_p35 trunc=0/10581 5.589s
[243/1548] e4_1786074812_935815_p91 trunc=None/None 0.0003719329833984375s
[244/1548] e4_1786045035_338139_p126 trunc=0/8987 11.641s
[245/1548] e4_1786074812_935815_p95 trunc=None/None 0.0004985332489013672s
[246/1548] e4_1786074812_935815_p39 trunc=0/10958 5.714s
[247/1548] e4_1786074812_935815_p99 trunc=None/None 0.0003979206085205078s
[248/1548] e4_1786074812_935815_p42 trunc=0/10137 5.804s
[249/1548] e4_1786074812_935815_p43 trunc=0/10406 6.289s
[250/1548] e4_1786074812_935815_p46 trunc=0/10594 6.745s
[251/1548] e4_1786074812_935815_p54 trunc=0/9974 6.071s
[252/1548] e4_1786074812_935815_p50 trunc=0/10610 6.757s
[253/1548] e4_1786074812_935815_p47 trunc=0/10428 6.974s
[254/1548] e4_1786074812_935815_p55 trunc=0/10436 6.83s
[255/1548] e4_1786074812_935815_p51 trunc=0/10633 7.381s
[256/1548] e4_1786074812_935815_p58 trunc=0/10062 7.122s
[257/1548] e4_1786074812_935815_p66 trunc=0/9929 7.686s
[258/1548] e4_1786074812_935815_p70 trunc=0/10116 7.598s
[259/1548] e4_1786074812_935815_p123 trunc=None/None 0.0004763603210449219s
[260/1548] e4_1786074812_935815_p59 trunc=0/10010 8.169s
[261/1548] e4_1786074812_935815_p127 trunc=None/None 0.00032782554626464844s
[262/1548] e4_1786074812_935815_p63 trunc=0/10531 8.14s
[263/1548] e4_1786074812_935815_p131 trunc=None/None 0.0005388259887695312s
[264/1548] e4_1786074812_935815_p62 trunc=0/10294 8.444s
[265/1548] e4_1786074812_935815_p135 trunc=None/None 0.0006284713745117188s
[266/1548] e4_1786074812_935815_p138 trunc=None/None 0.0005292892456054688s
[267/1548] e4_1786074812_935815_p139 trunc=None/None 0.0004978179931640625s
[268/1548] e4_1786074812_935815_p74 trunc=0/10871 8.298s
[269/1548] e4_1786076853_2116173857_p2 trunc=0/10178 1.622s
[270/1548] e4_1786074812_935815_p78 trunc=0/10651 9.512s
[271/1548] e4_1786076853_2116173857_p3 trunc=0/9868 1.618s
[272/1548] e4_1786074812_935815_p82 trunc=0/10572 9.591s
[273/1548] e4_1786074812_935815_p86 trunc=0/10566 9.798s
[274/1548] e4_1786074812_935815_p90 trunc=0/9604 10.193s
[275/1548] e4_1786074812_935815_p94 trunc=0/10471 9.682s
[276/1548] e4_1786076853_2116173857_p7 trunc=0/9834 2.15s
[277/1548] e4_1786076853_2116173857_p6 trunc=0/10466 2.293s
[278/1548] e4_1786076853_2116173857_p10 trunc=0/9731 2.303s
[279/1548] e4_1786076853_2116173857_p11 trunc=0/9912 2.601s
[280/1548] e4_1786074812_935815_p98 trunc=0/9896 11.4s
[281/1548] e4_1786076853_2116173857_p14 trunc=0/10251 2.743s
[282/1548] e4_1786076853_2116173857_p15 trunc=0/10429 2.959s
[283/1548] e4_1786074812_935815_p102 trunc=0/10235 11.778s
[284/1548] e4_1786076853_2116173857_p18 trunc=0/9616 3.111s
[285/1548] e4_1786074812_935815_p106 trunc=0/10597 10.497s
[286/1548] e4_1786074812_935815_p103 trunc=0/10233 11.882s
[287/1548] e4_1786076853_2116173857_p22 trunc=0/9213 2.951s
[288/1548] e4_1786076853_2116173857_p19 trunc=0/10941 3.306s
[289/1548] e4_1786076853_2116173857_p43 trunc=None/None 0.0002079010009765625s
[290/1548] e4_1786074812_935815_p114 trunc=0/10779 10.23s
[291/1548] e4_1786076853_2116173857_p47 trunc=None/None 0.00021648406982421875s
[292/1548] e4_1786076853_2116173857_p23 trunc=0/10662 3.727s
[293/1548] e4_1786076853_2116173857_p26 trunc=0/9619 3.581s
[294/1548] e4_1786074812_935815_p118 trunc=0/10328 10.577s
[295/1548] e4_1786074812_935815_p110 trunc=0/10563 11.926s
[296/1548] e4_1786076853_2116173857_p27 trunc=0/9788 4.079s
[297/1548] e4_1786074812_935815_p122 trunc=0/8902 9.866s
[298/1548] e4_1786076853_2116173857_p30 trunc=0/10683 4.219s
[299/1548] e4_1786074812_935815_p107 trunc=0/10546 12.83s
[300/1548] e4_1786074812_935815_p115 trunc=0/9655 12.047s
[301/1548] e4_1786074812_935815_p111 trunc=0/10639 12.874s
[302/1548] e4_1786076853_2116173857_p31 trunc=0/10595 4.337s
[303/1548] e4_1786074812_935815_p119 trunc=0/9443 12.226s
[304/1548] e4_1786076853_2116173857_p34 trunc=0/10712 4.915s
[305/1548] e4_1786076853_2116173857_p35 trunc=0/10197 4.958s
[306/1548] e4_1786076853_2116173857_p39 trunc=0/10049 5.138s
[307/1548] e4_1786076853_2116173857_p38 trunc=0/10455 5.521s
[308/1548] e4_1786076853_2116173857_p42 trunc=0/9917 5.341s
[309/1548] e4_1786074812_935815_p126 trunc=0/8962 13.634s
[310/1548] e4_1786076853_2116173857_p46 trunc=0/9636 5.958s
[311/1548] e4_1786076853_2116173857_p50 trunc=0/10391 6.249s
[312/1548] e4_1786076853_2116173857_p54 trunc=0/9955 5.756s
[313/1548] e4_1786076853_2116173857_p51 trunc=0/9402 6.128s
[314/1548] e4_1786074812_935815_p130 trunc=0/10424 15.437s
[315/1548] e4_1786076853_2116173857_p95 trunc=None/None 0.0004458427429199219s
[316/1548] e4_1786076853_2116173857_p55 trunc=0/10609 7.13s
[317/1548] e4_1786076853_2116173857_p58 trunc=0/10234 7.016s
[318/1548] e4_1786076853_2116173857_p59 trunc=0/10734 7.753s
[319/1548] e4_1786076853_2116173857_p62 trunc=0/9687 7.515s
[320/1548] e4_1786076853_2116173857_p63 trunc=0/10571 7.906s
[321/1548] e4_1786076853_2116173857_p66 trunc=0/10581 8.238s
[322/1548] e4_1786076853_2116173857_p70 trunc=0/9555 8.14s
[323/1548] e4_1786076853_2116173857_p111 trunc=None/None 0.0004611015319824219s
[324/1548] e4_1786076853_2116173857_p67 trunc=0/10464 8.538s
[325/1548] e4_1786076853_2116173857_p115 trunc=None/None 0.0004277229309082031s
[326/1548] e4_1786076853_2116173857_p71 trunc=0/10267 8.163s
[327/1548] e4_1786076853_2116173857_p119 trunc=None/None 0.0006411075592041016s
[328/1548] e4_1786076853_2116173857_p78 trunc=0/10794 7.858s
[329/1548] e4_1786076853_2116173857_p123 trunc=None/None 0.00042891502380371094s
[330/1548] e4_1786076853_2116173857_p75 trunc=0/9870 8.262s
[331/1548] e4_1786076853_2116173857_p127 trunc=None/None 0.0004444122314453125s
[332/1548] e4_1786076853_2116173857_p74 trunc=0/10003 8.856s
[333/1548] e4_1786076853_2116173857_p131 trunc=None/None 0.0004439353942871094s
[334/1548] e4_1786074812_935815_p134 trunc=0/9878 20.466s
[335/1548] e4_1786076853_2116173857_p135 trunc=None/None 0.0005524158477783203s
[336/1548] e4_1786076853_2116173857_p138 trunc=None/None 0.0004775524139404297s
[337/1548] e4_1786076853_2116173857_p139 trunc=None/None 0.0004811286926269531s
[338/1548] e4_1786076853_2116173857_p82 trunc=0/10262 8.649s
[339/1548] e4_1786076853_2116173857_p79 trunc=0/10311 9.473s
[340/1548] e4_1786113542_627623_p2 trunc=0/9604 1.477s
[341/1548] e4_1786076853_2116173857_p83 trunc=0/10670 9.537s
[342/1548] e4_1786076853_2116173857_p86 trunc=0/9367 9.349s
[343/1548] e4_1786113542_627623_p3 trunc=0/9640 1.837s
[344/1548] e4_1786076853_2116173857_p87 trunc=0/10742 10.176s
[345/1548] e4_1786113542_627623_p6 trunc=0/9774 2.124s
[346/1548] e4_1786076853_2116173857_p94 trunc=0/9994 9.686s
[347/1548] e4_1786076853_2116173857_p98 trunc=0/9870 8.957s
[348/1548] e4_1786113542_627623_p10 trunc=0/9996 2.388s
[349/1548] e4_1786113542_627623_p7 trunc=0/10754 2.474s
[350/1548] e4_1786113542_627623_p11 trunc=0/10594 2.724s
[351/1548] e4_1786076853_2116173857_p90 trunc=0/10740 11.741s
[352/1548] e4_1786113542_627623_p14 trunc=0/10638 3.016s
[353/1548] e4_1786076853_2116173857_p102 trunc=0/8624 9.714s
[354/1548] e4_1786076853_2116173857_p91 trunc=0/11008 11.755s
[355/1548] e4_1786113542_627623_p15 trunc=0/10037 3.072s
[356/1548] e4_1786076853_2116173857_p99 trunc=0/9892 10.973s
[357/1548] e4_1786113542_627623_p18 trunc=0/9793 3.237s
[358/1548] e4_1786113542_627623_p22 trunc=0/10315 3.49s
[359/1548] e4_1786113542_627623_p19 trunc=0/10659 3.943s
[360/1548] e4_1786113542_627623_p23 trunc=0/10510 3.816s
[361/1548] e4_1786113542_627623_p26 trunc=0/10298 3.821s
[362/1548] e4_1786076853_2116173857_p106 trunc=0/10860 11.493s
[363/1548] e4_1786113542_627623_p27 trunc=0/9675 3.813s
[364/1548] e4_1786076853_2116173857_p103 trunc=0/10688 12.229s
[365/1548] e4_1786076853_2116173857_p122 trunc=0/10652 10.789s
[366/1548] e4_1786076853_2116173857_p107 trunc=0/9655 12.345s
[367/1548] e4_1786076853_2116173857_p114 trunc=0/10445 11.537s
[368/1548] e4_1786076853_2116173857_p110 trunc=0/9380 12.034s
[369/1548] e4_1786113542_627623_p31 trunc=0/10361 4.292s
[370/1548] e4_1786113542_627623_p30 trunc=0/10413 4.368s
[371/1548] e4_1786076853_2116173857_p118 trunc=0/10118 11.566s
[372/1548] e4_1786113542_627623_p34 trunc=0/10354 4.36s
[373/1548] e4_1786076853_2116173857_p134 trunc=0/7833 11.562s
[374/1548] e4_1786113542_627623_p35 trunc=0/10718 5.057s
[375/1548] e4_1786113542_627623_p38 trunc=0/10409 5.018s
[376/1548] e4_1786113542_627623_p39 trunc=0/10781 4.914s
[377/1548] e4_1786113542_627623_p42 trunc=0/9624 4.803s
[378/1548] e4_1786076853_2116173857_p130 trunc=0/10506 12.537s
[379/1548] e4_1786076853_2116173857_p126 trunc=0/9526 13.401s
[380/1548] e4_1786113542_627623_p46 trunc=0/11008 5.119s
[381/1548] e4_1786113542_627623_p43 trunc=0/10875 5.68s
[382/1548] e4_1786113542_627623_p47 trunc=0/10846 5.969s
[383/1548] e4_1786113542_627623_p50 trunc=0/10433 5.905s
[384/1548] e4_1786113542_627623_p51 trunc=0/10978 6.382s
[385/1548] e4_1786113542_627623_p55 trunc=0/10067 6.745s
[386/1548] e4_1786113542_627623_p54 trunc=0/10284 6.819s
[387/1548] e4_1786113542_627623_p58 trunc=0/10533 7.235s
[388/1548] e4_1786113542_627623_p64 trunc=0/10826 7.318s
[389/1548] e4_1786113542_627623_p71 trunc=0/10375 7.284s
[390/1548] e4_1786113542_627623_p63 trunc=0/10160 7.469s
[391/1548] e4_1786113542_627623_p67 trunc=0/10872 7.613s
[392/1548] e4_1786113542_627623_p59 trunc=0/10062 7.841s
[393/1548] e4_1786113542_627623_p112 trunc=None/None 0.0003628730773925781s
[394/1548] e4_1786113542_627623_p68 trunc=0/10647 8.354s
[395/1548] e4_1786113542_627623_p116 trunc=None/None 0.0003292560577392578s
[396/1548] e4_1786113542_627623_p72 trunc=0/10593 8.372s
[397/1548] e4_1786113542_627623_p120 trunc=None/None 0.0004494190216064453s
[398/1548] e4_1786113542_627623_p75 trunc=0/10118 8.042s
[399/1548] e4_1786113542_627623_p76 trunc=0/9807 8.289s
[400/1548] e4_1786113542_627623_p79 trunc=0/10285 9.139s
[401/1548] e4_1786113542_627623_p80 trunc=0/10309 9.46s
[402/1548] e4_1786113542_627623_p83 trunc=0/10537 9.618s
[403/1548] e4_1786113542_627623_p84 trunc=0/9670 9.713s
[404/1548] e4_1786113542_627623_p91 trunc=0/10352 9.37s
[405/1548] e4_1786113542_627623_p87 trunc=0/10249 10.207s
[406/1548] e4_1786113542_627623_p139 trunc=None/None 0.00039386749267578125s
[407/1548] e4_1786113542_627623_p140 trunc=None/None 0.00036787986755371094s
[408/1548] e4_1786113542_627623_p88 trunc=0/10532 10.517s
[409/1548] e4_1786113542_627623_p92 trunc=0/9911 9.827s
[410/1548] e4_1786113542_627623_p95 trunc=0/10019 10.502s
[411/1548] e4_1786116818_134510_p2 trunc=0/9611 1.876s
[412/1548] e4_1786116818_134510_p3 trunc=0/9766 1.845s
[413/1548] e4_1786113542_627623_p96 trunc=0/10839 11.122s
[414/1548] e4_1786116818_134510_p6 trunc=0/10372 2.075s
[415/1548] e4_1786116818_134510_p15 trunc=None/None 0.00012826919555664062s
[416/1548] e4_1786113542_627623_p115 trunc=0/8803 8.414s
[417/1548] e4_1786113542_627623_p99 trunc=0/9739 10.593s
[418/1548] e4_1786113542_627623_p107 trunc=0/9725 9.162s
[419/1548] e4_1786113542_627623_p111 trunc=0/9899 8.902s
[420/1548] e4_1786116818_134510_p7 trunc=0/10274 2.027s
[421/1548] e4_1786113542_627623_p103 trunc=0/8914 10.013s
[422/1548] e4_1786113542_627623_p108 trunc=0/10555 9.639s
[423/1548] e4_1786116818_134510_p10 trunc=0/10353 2.461s
[424/1548] e4_1786116818_134510_p11 trunc=0/9068 2.337s
[425/1548] e4_1786113542_627623_p100 trunc=0/10588 12.288s
[426/1548] e4_1786116818_134510_p14 trunc=0/10201 2.677s
[427/1548] e4_1786113542_627623_p104 trunc=0/10775 11.57s
[428/1548] e4_1786116818_134510_p18 trunc=0/10182 3.088s
[429/1548] e4_1786116818_134510_p19 trunc=0/10566 3.307s
[430/1548] e4_1786116818_134510_p26 trunc=0/9559 3.574s
[431/1548] e4_1786116818_134510_p22 trunc=0/9990 3.849s
[432/1548] e4_1786113542_627623_p119 trunc=0/9395 12.139s
[433/1548] e4_1786116818_134510_p23 trunc=0/10314 4.106s
[434/1548] e4_1786116818_134510_p30 trunc=0/10158 4.078s
[435/1548] e4_1786116818_134510_p27 trunc=0/10399 4.272s
[436/1548] e4_1786116818_134510_p31 trunc=0/10059 4.778s
[437/1548] e4_1786116818_134510_p34 trunc=0/10178 4.814s
[438/1548] e4_1786116818_134510_p35 trunc=0/10209 5.083s
[439/1548] e4_1786113542_627623_p123 trunc=0/10315 14.463s
[440/1548] e4_1786113542_627623_p124 trunc=0/10496 14.36s
[441/1548] e4_1786113542_627623_p127 trunc=0/9731 14.371s
[442/1548] e4_1786116818_134510_p39 trunc=0/10195 5.199s
[443/1548] e4_1786116818_134510_p38 trunc=0/9723 5.595s
[444/1548] e4_1786116818_134510_p42 trunc=0/10003 5.445s
[445/1548] e4_1786116818_134510_p46 trunc=0/10477 5.432s
[446/1548] e4_1786116818_134510_p43 trunc=0/9437 6.332s
[447/1548] e4_1786113542_627623_p136 trunc=0/2512 13.075s
[448/1548] e4_1786116818_134510_p54 trunc=0/9314 5.094s
[449/1548] e4_1786113542_627623_p128 trunc=0/9857 15.177s
[450/1548] e4_1786116818_134510_p47 trunc=0/10483 6.745s
[451/1548] e4_1786116818_134510_p50 trunc=0/10168 6.761s
[452/1548] e4_1786116818_134510_p51 trunc=0/10366 6.749s
[453/1548] e4_1786116818_134510_p91 trunc=None/None 0.0004036426544189453s
[454/1548] e4_1786116818_134510_p58 trunc=0/10492 6.456s
[455/1548] e4_1786113542_627623_p131 trunc=0/10523 16.187s
[456/1548] e4_1786116818_134510_p55 trunc=0/10308 6.815s
[457/1548] e4_1786113542_627623_p132 trunc=0/9728 17.251s
[458/1548] e4_1786116818_134510_p62 trunc=0/10718 6.729s
[459/1548] e4_1786116818_134510_p59 trunc=0/9603 6.945s
[460/1548] e4_1786116818_134510_p63 trunc=0/10198 7.151s
[461/1548] e4_1786116818_134510_p107 trunc=None/None 0.00044345855712890625s
[462/1548] e4_1786113542_627623_p135 trunc=0/9508 18.412s
[463/1548] e4_1786116818_134510_p70 trunc=0/10490 6.794s
[464/1548] e4_1786116818_134510_p66 trunc=0/10321 7.606s
[465/1548] e4_1786116818_134510_p67 trunc=0/9979 7.874s
[466/1548] e4_1786116818_134510_p74 trunc=0/8676 7.635s
[467/1548] e4_1786116818_134510_p71 trunc=0/10605 8.07s
[468/1548] e4_1786116818_134510_p78 trunc=0/9488 7.904s
[469/1548] e4_1786116818_134510_p75 trunc=0/9659 8.617s
[470/1548] e4_1786116818_134510_p82 trunc=0/10195 8.72s
[471/1548] e4_1786116818_134510_p79 trunc=0/10764 9.43s
[472/1548] e4_1786116818_134510_p90 trunc=0/9907 7.998s
[473/1548] e4_1786116818_134510_p86 trunc=0/10785 9.939s
[474/1548] e4_1786116818_134510_p94 trunc=0/10049 8.762s
[475/1548] e4_1786116818_134510_p83 trunc=0/10288 10.394s
[476/1548] e4_1786116818_134510_p138 trunc=None/None 0.0005645751953125s
[477/1548] e4_1786116818_134510_p98 trunc=0/10286 9.269s
[478/1548] e4_1786116818_134510_p95 trunc=0/9780 9.635s
[479/1548] e4_1786116818_134510_p87 trunc=0/10249 10.59s
[480/1548] e4_1786118143_1621601234_p2 trunc=0/10347 1.702s
[481/1548] e4_1786118143_1621601234_p3 trunc=0/10092 1.823s
[482/1548] e4_1786116818_134510_p99 trunc=0/10405 11.406s
[483/1548] e4_1786118143_1621601234_p6 trunc=0/10528 2.265s
[484/1548] e4_1786118143_1621601234_p7 trunc=0/10354 2.182s
[485/1548] e4_1786116818_134510_p110 trunc=0/9433 11.508s
[486/1548] e4_1786116818_134510_p102 trunc=0/10972 12.738s
[487/1548] e4_1786116818_134510_p106 trunc=0/10415 12.663s
[488/1548] e4_1786118143_1621601234_p10 trunc=0/10493 2.739s
[489/1548] e4_1786118143_1621601234_p11 trunc=0/9924 2.692s
[490/1548] e4_1786116818_134510_p122 trunc=0/10529 10.335s
[491/1548] e4_1786116818_134510_p126 trunc=0/8862 9.505s
[492/1548] e4_1786116818_134510_p103 trunc=0/10498 13.865s
[493/1548] e4_1786118143_1621601234_p15 trunc=0/9660 2.835s
[494/1548] e4_1786116818_134510_p114 trunc=0/10827 12.34s
[495/1548] e4_1786116818_134510_p111 trunc=0/10267 12.759s
[496/1548] e4_1786118143_1621601234_p16 trunc=0/10219 3.002s
[497/1548] e4_1786116818_134510_p118 trunc=0/10652 12.917s
[498/1548] e4_1786116818_134510_p119 trunc=0/10050 12.675s
[499/1548] e4_1786118143_1621601234_p19 trunc=0/9919 3.08s
[500/1548] e4_1786118143_1621601234_p20 trunc=0/9903 3.269s
[501/1548] e4_1786118143_1621601234_p23 trunc=0/10122 3.349s
[502/1548] e4_1786116818_134510_p115 trunc=0/10258 14.626s
[503/1548] e4_1786118143_1621601234_p24 trunc=0/9515 3.726s
[504/1548] e4_1786116818_134510_p123 trunc=0/10282 12.8s
[505/1548] e4_1786118143_1621601234_p27 trunc=0/10148 4.196s
[506/1548] e4_1786118143_1621601234_p28 trunc=0/9852 4.306s
[507/1548] e4_1786116818_134510_p130 trunc=0/10531 12.059s
[508/1548] e4_1786118143_1621601234_p32 trunc=0/10688 4.358s
[509/1548] e4_1786118143_1621601234_p31 trunc=0/10580 4.796s
[510/1548] e4_1786116818_134510_p131 trunc=0/10957 12.265s
[511/1548] e4_1786118143_1621601234_p68 trunc=None/None 0.0002467632293701172s
[512/1548] e4_1786116818_134510_p127 trunc=0/10199 13.025s
[513/1548] e4_1786118143_1621601234_p72 trunc=None/None 0.00029158592224121094s
[514/1548] e4_1786118143_1621601234_p35 trunc=0/10362 5.165s
[515/1548] e4_1786118143_1621601234_p76 trunc=None/None 0.0002510547637939453s
[516/1548] e4_1786118143_1621601234_p39 trunc=0/9888 5.218s
[517/1548] e4_1786118143_1621601234_p80 trunc=None/None 0.0002846717834472656s
[518/1548] e4_1786118143_1621601234_p36 trunc=0/10058 5.319s
[519/1548] e4_1786118143_1621601234_p84 trunc=None/None 0.00022125244140625s
[520/1548] e4_1786116818_134510_p134 trunc=0/9300 12.814s
[521/1548] e4_1786118143_1621601234_p88 trunc=None/None 0.0002949237823486328s
[522/1548] e4_1786118143_1621601234_p43 trunc=0/9361 5.023s
[523/1548] e4_1786118143_1621601234_p92 trunc=None/None 0.0003380775451660156s
[524/1548] e4_1786118143_1621601234_p40 trunc=0/10605 5.836s
[525/1548] e4_1786118143_1621601234_p96 trunc=None/None 0.0003342628479003906s
[526/1548] e4_1786118143_1621601234_p47 trunc=0/10413 5.251s
[527/1548] e4_1786118143_1621601234_p100 trunc=None/None 0.00033855438232421875s
[528/1548] e4_1786118143_1621601234_p44 trunc=0/10385 5.8s
[529/1548] e4_1786118143_1621601234_p104 trunc=None/None 0.00041103363037109375s
[530/1548] e4_1786118143_1621601234_p48 trunc=0/10346 6.054s
[531/1548] e4_1786118143_1621601234_p51 trunc=0/10144 6.116s
[532/1548] e4_1786116818_134510_p139 trunc=0/3072 14.775s
[533/1548] e4_1786116818_134510_p135 trunc=0/9633 14.994s
[534/1548] e4_1786118143_1621601234_p55 trunc=0/10939 5.861s
[535/1548] e4_1786118143_1621601234_p52 trunc=0/10625 6.894s
[536/1548] e4_1786118143_1621601234_p56 trunc=0/10277 7.111s
[537/1548] e4_1786118143_1621601234_p59 trunc=0/10403 7.509s
[538/1548] e4_1786118143_1621601234_p75 trunc=0/10884 6.032s
[539/1548] e4_1786118143_1621601234_p63 trunc=0/10668 7.065s
[540/1548] e4_1786118143_1621601234_p60 trunc=0/10483 7.642s
[541/1548] e4_1786118143_1621601234_p71 trunc=0/10631 7.366s
[542/1548] e4_1786118143_1621601234_p64 trunc=0/10790 7.929s
[543/1548] e4_1786118143_1621601234_p67 trunc=0/10426 7.629s
[544/1548] e4_1786118143_1621601234_p79 trunc=0/10381 8.086s
[545/1548] e4_1786118143_1621601234_p87 trunc=0/10449 8.78s
[546/1548] e4_1786118143_1621601234_p139 trunc=None/None 0.0005061626434326172s
[547/1548] e4_1786118143_1621601234_p140 trunc=None/None 0.0004761219024658203s
[548/1548] e4_1786118143_1621601234_p83 trunc=0/10195 9.013s
[549/1548] e4_1786118143_1621601234_p99 trunc=0/9738 8.703s
[550/1548] e4_1786118143_1621601234_p91 trunc=0/10772 9.996s
[551/1548] e4_1786142936_703591_p2 trunc=0/10314 1.849s
[552/1548] e4_1786142936_703591_p3 trunc=0/9810 1.829s
[553/1548] e4_1786118143_1621601234_p95 trunc=0/10551 9.754s
[554/1548] e4_1786118143_1621601234_p103 trunc=0/10304 9.934s
[555/1548] e4_1786142936_703591_p6 trunc=0/10453 2.105s
[556/1548] e4_1786142936_703591_p7 trunc=0/9684 2.273s
[557/1548] e4_1786142936_703591_p14 trunc=0/9595 2.491s
[558/1548] e4_1786142936_703591_p10 trunc=0/10403 2.712s
[559/1548] e4_1786118143_1621601234_p107 trunc=0/10532 11.503s
[560/1548] e4_1786142936_703591_p11 trunc=0/9908 2.768s
[561/1548] e4_1786142936_703591_p15 trunc=0/9774 2.929s
[562/1548] e4_1786118143_1621601234_p108 trunc=0/10959 11.973s
[563/1548] e4_1786118143_1621601234_p111 trunc=0/10760 11.793s
[564/1548] e4_1786118143_1621601234_p112 trunc=0/9795 11.782s
[565/1548] e4_1786142936_703591_p18 trunc=0/10641 2.966s
[566/1548] e4_1786118143_1621601234_p115 trunc=0/11008 12.334s
[567/1548] e4_1786118143_1621601234_p116 trunc=0/10023 12.88s
[568/1548] e4_1786142936_703591_p19 trunc=0/10192 3.27s
[569/1548] e4_1786142936_703591_p22 trunc=0/7344 2.88s
[570/1548] e4_1786142936_703591_p23 trunc=0/10375 3.87s
[571/1548] e4_1786142936_703591_p26 trunc=0/9264 4.033s
[572/1548] e4_1786118143_1621601234_p124 trunc=0/10155 12.136s
[573/1548] e4_1786118143_1621601234_p119 trunc=0/10990 13.515s
[574/1548] e4_1786118143_1621601234_p120 trunc=0/9744 13.183s
[575/1548] e4_1786142936_703591_p27 trunc=0/9766 4.397s
[576/1548] e4_1786118143_1621601234_p123 trunc=0/11004 12.816s
[577/1548] e4_1786142936_703591_p31 trunc=0/10348 4.424s
[578/1548] e4_1786142936_703591_p35 trunc=0/9999 4.505s
[579/1548] e4_1786142936_703591_p30 trunc=0/9997 4.677s
[580/1548] e4_1786142936_703591_p34 trunc=0/10196 4.582s
[581/1548] e4_1786118143_1621601234_p128 trunc=0/9792 13.795s
[582/1548] e4_1786142936_703591_p39 trunc=0/9239 4.754s
[583/1548] e4_1786142936_703591_p71 trunc=None/None 0.0002739429473876953s
[584/1548] e4_1786142936_703591_p38 trunc=0/10631 5.272s
[585/1548] e4_1786142936_703591_p75 trunc=None/None 0.0003147125244140625s
[586/1548] e4_1786142936_703591_p43 trunc=0/9647 4.909s
[587/1548] e4_1786142936_703591_p79 trunc=None/None 0.00030803680419921875s
[588/1548] e4_1786118143_1621601234_p127 trunc=0/10553 15.203s
[589/1548] e4_1786142936_703591_p83 trunc=None/None 0.0003104209899902344s
[590/1548] e4_1786142936_703591_p46 trunc=0/10326 4.947s
[591/1548] e4_1786142936_703591_p87 trunc=None/None 0.0003380775451660156s
[592/1548] e4_1786142936_703591_p42 trunc=0/10543 5.334s
[593/1548] e4_1786142936_703591_p91 trunc=None/None 0.00032448768615722656s
[594/1548] e4_1786118143_1621601234_p132 trunc=0/8960 15.327s
[595/1548] e4_1786142936_703591_p95 trunc=None/None 0.0003364086151123047s
[596/1548] e4_1786142936_703591_p50 trunc=0/9099 4.792s
[597/1548] e4_1786142936_703591_p99 trunc=None/None 0.0003421306610107422s
[598/1548] e4_1786118143_1621601234_p131 trunc=0/10161 15.643s
[599/1548] e4_1786142936_703591_p103 trunc=None/None 0.0003409385681152344s
[600/1548] e4_1786118143_1621601234_p136 trunc=0/6912 14.646s
[601/1548] e4_1786142936_703591_p107 trunc=None/None 0.0004928112030029297s
[602/1548] e4_1786142936_703591_p54 trunc=0/9852 5.765s
[603/1548] e4_1786142936_703591_p47 trunc=0/10350 6.17s
[604/1548] e4_1786142936_703591_p51 trunc=0/10382 6.097s
[605/1548] e4_1786142936_703591_p58 trunc=0/9615 6.034s
[606/1548] e4_1786142936_703591_p55 trunc=0/9525 6.424s
[607/1548] e4_1786118143_1621601234_p135 trunc=0/8962 17.718s
[608/1548] e4_1786142936_703591_p59 trunc=0/9704 6.75s
[609/1548] e4_1786142936_703591_p62 trunc=0/11008 5.844s
[610/1548] e4_1786142936_703591_p70 trunc=0/9571 7.456s
[611/1548] e4_1786142936_703591_p74 trunc=0/9282 7.326s
[612/1548] e4_1786142936_703591_p63 trunc=0/10793 8.737s
[613/1548] e4_1786142936_703591_p66 trunc=0/10556 9.307s
[614/1548] e4_1786142936_703591_p67 trunc=0/10295 9.281s
[615/1548] e4_1786142936_703591_p135 trunc=None/None 0.0005526542663574219s
[616/1548] e4_1786142936_703591_p138 trunc=None/None 0.00035119056701660156s
[617/1548] e4_1786142936_703591_p139 trunc=None/None 0.0003037452697753906s
[618/1548] e4_1786142936_703591_p78 trunc=0/9252 8.27s
[619/1548] e4_1786142936_703591_p86 trunc=0/9110 8.206s
[620/1548] e4_1786142936_703591_p82 trunc=0/9695 8.673s
[621/1548] e4_1786242001_49628_p2 trunc=0/10431 1.76s
[622/1548] e4_1786242001_49628_p3 trunc=0/10432 1.752s
[623/1548] e4_1786142936_703591_p90 trunc=0/10897 9.497s
[624/1548] e4_1786242001_49628_p6 trunc=0/10083 2.091s
[625/1548] e4_1786242001_49628_p7 trunc=0/10040 2.31s
[626/1548] e4_1786142936_703591_p98 trunc=0/10362 9.961s
[627/1548] e4_1786142936_703591_p94 trunc=0/10687 10.948s
[628/1548] e4_1786142936_703591_p114 trunc=0/10862 8.843s
[629/1548] e4_1786242001_49628_p10 trunc=0/10701 2.573s
[630/1548] e4_1786242001_49628_p11 trunc=0/10218 2.45s
[631/1548] e4_1786142936_703591_p102 trunc=0/10818 11.125s
[632/1548] e4_1786242001_49628_p14 trunc=0/10125 2.815s
[633/1548] e4_1786242001_49628_p15 trunc=0/10575 3.182s
[634/1548] e4_1786242001_49628_p18 trunc=0/9160 2.876s
[635/1548] e4_1786142936_703591_p115 trunc=0/10449 11.322s
[636/1548] e4_1786142936_703591_p122 trunc=0/9285 10.488s
[637/1548] e4_1786142936_703591_p118 trunc=0/10678 11.243s
[638/1548] e4_1786142936_703591_p106 trunc=0/10434 13.077s
[639/1548] e4_1786242001_49628_p22 trunc=0/10159 3.311s
[640/1548] e4_1786242001_49628_p19 trunc=0/10454 3.503s
[641/1548] e4_1786142936_703591_p110 trunc=0/10861 13.325s
[642/1548] e4_1786242001_49628_p23 trunc=0/10085 3.836s
[643/1548] e4_1786142936_703591_p119 trunc=0/10163 12.104s
[644/1548] e4_1786242001_49628_p26 trunc=0/10009 3.846s
[645/1548] e4_1786142936_703591_p126 trunc=0/9078 12.209s
[646/1548] e4_1786242001_49628_p27 trunc=0/9589 4.338s
[647/1548] e4_1786242001_49628_p59 trunc=None/None 0.0002899169921875s
[648/1548] e4_1786242001_49628_p30 trunc=0/10047 3.934s
[649/1548] e4_1786142936_703591_p111 trunc=0/10585 14.247s
[650/1548] e4_1786242001_49628_p31 trunc=0/10797 4.58s
[651/1548] e4_1786242001_49628_p34 trunc=0/10270 4.566s
[652/1548] e4_1786142936_703591_p134 trunc=0/8646 10.724s
[653/1548] e4_1786242001_49628_p38 trunc=0/10274 4.578s
[654/1548] e4_1786242001_49628_p35 trunc=0/10354 4.824s
[655/1548] e4_1786142936_703591_p127 trunc=0/9517 12.353s
[656/1548] e4_1786142936_703591_p123 trunc=0/10361 14.99s
[657/1548] e4_1786242001_49628_p42 trunc=0/10978 4.64s
[658/1548] e4_1786242001_49628_p39 trunc=0/10275 4.97s
[659/1548] e4_1786242001_49628_p46 trunc=0/9444 4.603s
[660/1548] e4_1786242001_49628_p54 trunc=0/8436 4.007s
[661/1548] e4_1786242001_49628_p50 trunc=0/10415 5.061s
[662/1548] e4_1786242001_49628_p43 trunc=0/10038 5.568s
[663/1548] e4_1786142936_703591_p130 trunc=0/9185 13.513s
[664/1548] e4_1786242001_49628_p47 trunc=0/9107 5.641s
[665/1548] e4_1786242001_49628_p58 trunc=0/9276 4.924s
[666/1548] e4_1786242001_49628_p51 trunc=0/10240 6.286s
[667/1548] e4_1786242001_49628_p62 trunc=0/9842 5.455s
[668/1548] e4_1786242001_49628_p55 trunc=0/9782 6.161s
[669/1548] e4_1786242001_49628_p103 trunc=None/None 0.00037932395935058594s
[670/1548] e4_1786242001_49628_p66 trunc=0/7413 5.451s
[671/1548] e4_1786242001_49628_p107 trunc=None/None 0.00037097930908203125s
[672/1548] e4_1786142936_703591_p131 trunc=0/9290 15.222s
[673/1548] e4_1786242001_49628_p111 trunc=None/None 0.0004467964172363281s
[674/1548] e4_1786242001_49628_p63 trunc=0/10194 8.157s
[675/1548] e4_1786242001_49628_p115 trunc=None/None 0.0005125999450683594s
[676/1548] e4_1786242001_49628_p67 trunc=0/10075 8.583s
[677/1548] e4_1786242001_49628_p119 trunc=None/None 0.0004477500915527344s
[678/1548] e4_1786242001_49628_p70 trunc=0/10091 7.708s
[679/1548] e4_1786242001_49628_p74 trunc=0/9634 7.756s
[680/1548] e4_1786242001_49628_p71 trunc=0/10002 8.741s
[681/1548] e4_1786242001_49628_p86 trunc=0/9069 7.974s
[682/1548] e4_1786242001_49628_p78 trunc=0/9844 8.861s
[683/1548] e4_1786242001_49628_p75 trunc=0/9473 9.73s
[684/1548] e4_1786242001_49628_p90 trunc=0/8722 8.8s
[685/1548] e4_1786242001_49628_p87 trunc=0/9871 9.415s
[686/1548] e4_1786242001_49628_p138 trunc=None/None 0.0005397796630859375s
[687/1548] e4_1786242001_49628_p94 trunc=0/9119 8.894s
[688/1548] e4_1786242001_49628_p79 trunc=0/10702 10.077s
[689/1548] e4_1786242001_49628_p83 trunc=0/9452 9.89s
[690/1548] e4_1786242001_49628_p82 trunc=0/10119 11.007s
[691/1548] e4_1786242001_49628_p95 trunc=0/8239 9.63s
[692/1548] e4_1786242001_49628_p102 trunc=0/9575 8.348s
[693/1548] e4_1786242001_49628_p91 trunc=0/8596 10.327s
[694/1548] e4_1786243458_1382293676_p2 trunc=0/10695 1.578s
[695/1548] e4_1786242001_49628_p99 trunc=0/9168 9.146s
[696/1548] e4_1786243458_1382293676_p3 trunc=0/9767 1.707s
[697/1548] e4_1786243458_1382293676_p6 trunc=0/10278 1.73s
[698/1548] e4_1786242001_49628_p98 trunc=0/10702 9.845s
[699/1548] e4_1786243458_1382293676_p7 trunc=0/10543 2.307s
[700/1548] e4_1786243458_1382293676_p10 trunc=0/10497 2.303s
[701/1548] e4_1786242001_49628_p114 trunc=0/9752 10.064s
[702/1548] e4_1786242001_49628_p110 trunc=0/9325 10.306s
[703/1548] e4_1786243458_1382293676_p11 trunc=0/10593 2.687s
[704/1548] e4_1786243458_1382293676_p14 trunc=0/9976 2.906s
[705/1548] e4_1786243458_1382293676_p15 trunc=0/9995 2.927s
[706/1548] e4_1786243458_1382293676_p19 trunc=0/9763 2.808s
[707/1548] e4_1786243458_1382293676_p18 trunc=0/10436 2.95s
[708/1548] e4_1786242001_49628_p106 trunc=0/10410 12.617s
[709/1548] e4_1786243458_1382293676_p22 trunc=0/10448 3.89s
[710/1548] e4_1786243458_1382293676_p23 trunc=0/9368 3.767s
[711/1548] e4_1786243458_1382293676_p26 trunc=0/9919 3.579s
[712/1548] e4_1786243458_1382293676_p27 trunc=0/10064 4.334s
[713/1548] e4_1786243458_1382293676_p30 trunc=0/10626 4.442s
[714/1548] e4_1786243458_1382293676_p31 trunc=0/10120 4.44s
[715/1548] e4_1786242001_49628_p122 trunc=0/9082 11.591s
[716/1548] e4_1786242001_49628_p118 trunc=0/8908 12.923s
[717/1548] e4_1786243458_1382293676_p34 trunc=0/10589 4.826s
[718/1548] e4_1786243458_1382293676_p35 trunc=0/10651 5.28s
[719/1548] e4_1786242001_49628_p123 trunc=0/9344 12.857s
[720/1548] e4_1786243458_1382293676_p42 trunc=0/9845 5.452s
[721/1548] e4_1786242001_49628_p126 trunc=0/9680 12.641s
[722/1548] e4_1786243458_1382293676_p39 trunc=0/10178 5.596s
[723/1548] e4_1786242001_49628_p130 trunc=0/8833 11.925s
[724/1548] e4_1786243458_1382293676_p38 trunc=0/10642 5.869s
[725/1548] e4_1786242001_49628_p134 trunc=0/6103 11.714s
[726/1548] e4_1786242001_49628_p127 trunc=0/8907 13.373s
[727/1548] e4_1786243458_1382293676_p43 trunc=0/9982 6.207s
[728/1548] e4_1786243458_1382293676_p50 trunc=0/10027 5.304s
[729/1548] e4_1786243458_1382293676_p47 trunc=0/10124 6.796s
[730/1548] e4_1786243458_1382293676_p46 trunc=0/10659 6.988s
[731/1548] e4_1786242001_49628_p139 trunc=0/1392 13.301s
[732/1548] e4_1786242001_49628_p135 trunc=0/4880 13.818s
[733/1548] e4_1786242001_49628_p131 trunc=0/9118 15.608s
[734/1548] e4_1786243458_1382293676_p51 trunc=0/10640 6.95s
[735/1548] e4_1786243458_1382293676_p95 trunc=None/None 0.00037169456481933594s
[736/1548] e4_1786243458_1382293676_p55 trunc=0/10168 6.971s
[737/1548] e4_1786243458_1382293676_p54 trunc=0/10660 7.336s
[738/1548] e4_1786243458_1382293676_p58 trunc=0/9424 7.07s
[739/1548] e4_1786243458_1382293676_p62 trunc=0/10322 7.471s
[740/1548] e4_1786243458_1382293676_p59 trunc=0/10669 8.311s
[741/1548] e4_1786243458_1382293676_p63 trunc=0/10394 8.167s
[742/1548] e4_1786243458_1382293676_p66 trunc=0/10316 8.152s
[743/1548] e4_1786243458_1382293676_p74 trunc=0/10458 8.051s
[744/1548] e4_1786243458_1382293676_p82 trunc=0/8373 6.531s
[745/1548] e4_1786243458_1382293676_p115 trunc=None/None 0.0004036426544189453s
[746/1548] e4_1786243458_1382293676_p67 trunc=0/9688 8.421s
[747/1548] e4_1786243458_1382293676_p119 trunc=None/None 0.0004487037658691406s
[748/1548] e4_1786243458_1382293676_p78 trunc=0/11008 7.316s
[749/1548] e4_1786243458_1382293676_p70 trunc=0/10285 8.514s
[750/1548] e4_1786243458_1382293676_p71 trunc=0/9629 8.676s
[751/1548] e4_1786243458_1382293676_p75 trunc=0/10511 9.364s
[752/1548] e4_1786243458_1382293676_p79 trunc=0/10415 9.141s
[753/1548] e4_1786243458_1382293676_p131 trunc=None/None 0.00043010711669921875s
[754/1548] e4_1786243458_1382293676_p83 trunc=0/9834 10.489s
[755/1548] e4_1786243458_1382293676_p135 trunc=None/None 0.000518798828125s
[756/1548] e4_1786243458_1382293676_p138 trunc=None/None 0.0004334449768066406s
[757/1548] e4_1786243458_1382293676_p139 trunc=None/None 0.0004100799560546875s
[758/1548] e4_1786243458_1382293676_p90 trunc=0/10065 9.556s
[759/1548] e4_1786243458_1382293676_p98 trunc=0/10451 8.798s
[760/1548] e4_1786243458_1382293676_p86 trunc=0/10326 10.863s
[761/1548] e4_1786243458_1382293676_p87 trunc=0/10209 11.366s
[762/1548] e4_1786325073_523563_p2 trunc=0/10290 1.635s
[763/1548] e4_1786243458_1382293676_p91 trunc=0/10212 10.801s
[764/1548] e4_1786325073_523563_p3 trunc=0/8840 1.713s
[765/1548] e4_1786243458_1382293676_p94 trunc=0/10713 10.395s
[766/1548] e4_1786325073_523563_p6 trunc=0/10210 2.065s
[767/1548] e4_1786243458_1382293676_p102 trunc=0/10582 10.502s
[768/1548] e4_1786325073_523563_p7 trunc=0/10584 2.208s
[769/1548] e4_1786243458_1382293676_p103 trunc=0/10046 10.924s
[770/1548] e4_1786243458_1382293676_p99 trunc=0/9720 11.734s
[771/1548] e4_1786325073_523563_p10 trunc=0/10539 2.683s
[772/1548] e4_1786325073_523563_p11 trunc=0/10331 2.713s
[773/1548] e4_1786325073_523563_p14 trunc=0/10405 2.847s
[774/1548] e4_1786325073_523563_p15 trunc=0/9841 3.177s
[775/1548] e4_1786243458_1382293676_p107 trunc=0/9004 10.889s
[776/1548] e4_1786325073_523563_p18 trunc=0/10330 3.009s
[777/1548] e4_1786243458_1382293676_p111 trunc=0/10183 10.612s
[778/1548] e4_1786243458_1382293676_p114 trunc=0/9170 10.484s
[779/1548] e4_1786325073_523563_p19 trunc=0/10342 3.417s
[780/1548] e4_1786243458_1382293676_p106 trunc=0/10437 12.907s
[781/1548] e4_1786325073_523563_p47 trunc=None/None 0.00020599365234375s
[782/1548] e4_1786325073_523563_p22 trunc=0/10822 3.458s
[783/1548] e4_1786325073_523563_p51 trunc=None/None 0.00040221214294433594s
[784/1548] e4_1786243458_1382293676_p130 trunc=0/8148 9.357s
[785/1548] e4_1786325073_523563_p23 trunc=0/9797 3.69s
[786/1548] e4_1786243458_1382293676_p110 trunc=0/10404 11.926s
[787/1548] e4_1786243458_1382293676_p127 trunc=0/10905 11.12s
[788/1548] e4_1786325073_523563_p26 trunc=0/10114 3.992s
[789/1548] e4_1786243458_1382293676_p122 trunc=0/10639 12.208s
[790/1548] e4_1786325073_523563_p27 trunc=0/10266 4.286s
[791/1548] e4_1786243458_1382293676_p123 trunc=0/9981 12.39s
[792/1548] e4_1786325073_523563_p30 trunc=0/10174 4.253s
[793/1548] e4_1786243458_1382293676_p134 trunc=0/6563 10.41s
[794/1548] e4_1786243458_1382293676_p118 trunc=0/9599 12.831s
[795/1548] e4_1786325073_523563_p34 trunc=0/9317 3.981s
[796/1548] e4_1786243458_1382293676_p126 trunc=0/9949 12.827s
[797/1548] e4_1786325073_523563_p31 trunc=0/10117 4.442s
[798/1548] e4_1786325073_523563_p35 trunc=0/10707 4.815s
[799/1548] e4_1786325073_523563_p39 trunc=0/10242 5.03s
[800/1548] e4_1786325073_523563_p38 trunc=0/10004 5.076s
[801/1548] e4_1786325073_523563_p42 trunc=0/9072 4.909s
[802/1548] e4_1786325073_523563_p43 trunc=0/9935 5.745s
[803/1548] e4_1786325073_523563_p46 trunc=0/10147 5.742s
[804/1548] e4_1786325073_523563_p50 trunc=0/9723 5.98s
[805/1548] e4_1786325073_523563_p58 trunc=0/9516 5.952s
[806/1548] e4_1786325073_523563_p54 trunc=0/10107 6.216s
[807/1548] e4_1786325073_523563_p66 trunc=0/8455 6.059s
[808/1548] e4_1786325073_523563_p55 trunc=0/10145 7.791s
[809/1548] e4_1786325073_523563_p59 trunc=0/9812 7.246s
[810/1548] e4_1786325073_523563_p62 trunc=0/10065 7.184s
[811/1548] e4_1786325073_523563_p63 trunc=0/9490 8.455s
[812/1548] e4_1786325073_523563_p67 trunc=0/8642 8.314s
[813/1548] e4_1786325073_523563_p70 trunc=0/9974 8.842s
[814/1548] e4_1786325073_523563_p78 trunc=0/9830 9.899s
[815/1548] e4_1786325073_523563_p74 trunc=0/10196 10.198s
[816/1548] e4_1786325073_523563_p71 trunc=0/10559 10.4s
[817/1548] e4_1786325073_523563_p75 trunc=0/9242 10.532s
[818/1548] e4_1786325073_523563_p79 trunc=0/10385 11.745s
[819/1548] e4_1786325073_523563_p82 trunc=0/10165 11.875s
[820/1548] e4_1786325073_523563_p86 trunc=0/9082 11.008s
[821/1548] e4_1786325073_523563_p127 trunc=None/None 0.0005247592926025391s
[822/1548] e4_1786325073_523563_p87 trunc=0/9916 11.867s
[823/1548] e4_1786325073_523563_p131 trunc=None/None 0.0004649162292480469s
[824/1548] e4_1786325073_523563_p83 trunc=0/10358 12.181s
[825/1548] e4_1786325073_523563_p135 trunc=None/None 0.00054168701171875s
[826/1548] e4_1786325073_523563_p138 trunc=None/None 0.0005080699920654297s
[827/1548] e4_1786325073_523563_p90 trunc=0/10087 11.998s
[828/1548] e4_1786325073_523563_p95 trunc=0/10322 11.918s
[829/1548] e4_1786329790_523563_p2 trunc=0/10290 1.735s
[830/1548] e4_1786325073_523563_p98 trunc=0/10151 12.076s
[831/1548] e4_1786325073_523563_p94 trunc=0/10683 12.979s
[832/1548] e4_1786325073_523563_p99 trunc=0/9431 12.761s
[833/1548] e4_1786325073_523563_p91 trunc=0/10647 14.117s
[834/1548] e4_1786329790_523563_p3 trunc=0/8840 1.681s
[835/1548] e4_1786325073_523563_p106 trunc=0/9726 12.371s
[836/1548] e4_1786329790_523563_p6 trunc=0/10282 2.197s
[837/1548] e4_1786329790_523563_p7 trunc=0/10263 2.245s
[838/1548] e4_1786329790_523563_p10 trunc=0/10599 2.406s
[839/1548] e4_1786329790_523563_p11 trunc=0/10453 2.443s
[840/1548] e4_1786325073_523563_p102 trunc=0/10392 13.996s
[841/1548] e4_1786325073_523563_p103 trunc=0/9898 13.983s
[842/1548] e4_1786325073_523563_p110 trunc=0/10135 12.597s
[843/1548] e4_1786329790_523563_p14 trunc=0/10597 2.854s
[844/1548] e4_1786325073_523563_p107 trunc=0/10088 14.361s
[845/1548] e4_1786329790_523563_p15 trunc=0/10097 3.107s
[846/1548] e4_1786325073_523563_p114 trunc=0/8448 12.156s
[847/1548] e4_1786329790_523563_p18 trunc=0/9904 3.039s
[848/1548] e4_1786325073_523563_p111 trunc=0/9147 13.499s
[849/1548] e4_1786329790_523563_p19 trunc=0/9240 3.27s
[850/1548] e4_1786329790_523563_p22 trunc=0/10650 3.277s
[851/1548] e4_1786329790_523563_p47 trunc=None/None 0.00022602081298828125s
[852/1548] e4_1786329790_523563_p23 trunc=0/9740 3.637s
[853/1548] e4_1786329790_523563_p26 trunc=0/9693 3.877s
[854/1548] e4_1786325073_523563_p126 trunc=0/10463 11.21s
[855/1548] e4_1786325073_523563_p122 trunc=0/9824 13.103s
[856/1548] e4_1786329790_523563_p27 trunc=0/10084 4.178s
[857/1548] e4_1786329790_523563_p30 trunc=0/10022 4.245s
[858/1548] e4_1786325073_523563_p130 trunc=0/10447 11.489s
[859/1548] e4_1786329790_523563_p34 trunc=0/9292 4.018s
[860/1548] e4_1786329790_523563_p31 trunc=0/10255 4.485s
[861/1548] e4_1786325073_523563_p118 trunc=0/10229 14.844s
[862/1548] e4_1786329790_523563_p38 trunc=0/10473 4.516s
[863/1548] e4_1786325073_523563_p115 trunc=0/9653 15.263s
[864/1548] e4_1786325073_523563_p134 trunc=0/11006 11.894s
[865/1548] e4_1786329790_523563_p35 trunc=0/10512 5.021s
[866/1548] e4_1786329790_523563_p42 trunc=0/8447 4.333s
[867/1548] e4_1786329790_523563_p39 trunc=0/9969 5.149s
[868/1548] e4_1786329790_523563_p46 trunc=0/9427 4.461s
[869/1548] e4_1786325073_523563_p123 trunc=0/10181 14.291s
[870/1548] e4_1786325073_523563_p119 trunc=0/10344 16.43s
[871/1548] e4_1786329790_523563_p50 trunc=0/9255 5.135s
[872/1548] e4_1786325073_523563_p139 trunc=0/144 13.678s
[873/1548] e4_1786329790_523563_p43 trunc=0/9787 5.682s
[874/1548] e4_1786329790_523563_p51 trunc=0/9439 6.579s
[875/1548] e4_1786329790_523563_p54 trunc=0/9428 6.074s
[876/1548] e4_1786329790_523563_p58 trunc=0/10017 7.092s
[877/1548] e4_1786329790_523563_p99 trunc=None/None 0.0003933906555175781s
[878/1548] e4_1786329790_523563_p55 trunc=0/10296 7.54s
[879/1548] e4_1786329790_523563_p103 trunc=None/None 0.0004551410675048828s
[880/1548] e4_1786329790_523563_p62 trunc=0/10369 7.357s
[881/1548] e4_1786329790_523563_p107 trunc=None/None 0.0004718303680419922s
[882/1548] e4_1786329790_523563_p59 trunc=0/9648 7.556s
[883/1548] e4_1786329790_523563_p111 trunc=None/None 0.0005586147308349609s
[884/1548] e4_1786329790_523563_p66 trunc=0/9488 7.84s
[885/1548] e4_1786329790_523563_p115 trunc=None/None 0.0005061626434326172s
[886/1548] e4_1786329790_523563_p70 trunc=0/10220 7.516s
[887/1548] e4_1786329790_523563_p119 trunc=None/None 0.0005028247833251953s
[888/1548] e4_1786329790_523563_p63 trunc=0/9876 8.58s
[889/1548] e4_1786329790_523563_p123 trunc=None/None 0.0004832744598388672s
[890/1548] e4_1786329790_523563_p67 trunc=0/9069 8.077s
[891/1548] e4_1786329790_523563_p127 trunc=None/None 0.0005085468292236328s
[892/1548] e4_1786329790_523563_p74 trunc=0/9363 8.74s
[893/1548] e4_1786329790_523563_p131 trunc=None/None 0.0005238056182861328s
[894/1548] e4_1786329790_523563_p71 trunc=0/10671 9.542s
[895/1548] e4_1786329790_523563_p135 trunc=None/None 0.00047016143798828125s
[896/1548] e4_1786329790_523563_p138 trunc=None/None 0.000457763671875s
[897/1548] e4_1786329790_523563_p139 trunc=None/None 0.0004630088806152344s
[898/1548] e4_1786329790_523563_p75 trunc=0/8971 9.255s
[899/1548] e4_1786329790_523563_p78 trunc=0/9952 10.124s
[900/1548] e4_1786329790_523563_p79 trunc=0/10264 10.437s
[901/1548] e4_1786329790_523563_p82 trunc=0/9751 10.245s
[902/1548] e4_1786337185_638286_p2 trunc=0/9664 1.718s
[903/1548] e4_1786337185_638286_p3 trunc=0/10685 1.951s
[904/1548] e4_1786329790_523563_p83 trunc=0/10159 10.582s
[905/1548] e4_1786329790_523563_p86 trunc=0/9807 10.882s
[906/1548] e4_1786329790_523563_p90 trunc=0/10088 10.59s
[907/1548] e4_1786337185_638286_p6 trunc=0/10068 2.011s
[908/1548] e4_1786329790_523563_p87 trunc=0/10288 11.425s
[909/1548] e4_1786337185_638286_p7 trunc=0/10736 2.187s
[910/1548] e4_1786329790_523563_p91 trunc=0/10758 11.177s
[911/1548] e4_1786337185_638286_p10 trunc=0/10375 2.448s
[912/1548] e4_1786329790_523563_p98 trunc=0/9611 9.424s
[913/1548] e4_1786329790_523563_p94 trunc=0/10402 11.65s
[914/1548] e4_1786337185_638286_p11 trunc=0/10055 2.561s
[915/1548] e4_1786337185_638286_p14 trunc=0/9771 2.359s
[916/1548] e4_1786337185_638286_p15 trunc=0/10340 2.845s
[917/1548] e4_1786337185_638286_p18 trunc=0/9409 2.703s
[918/1548] e4_1786329790_523563_p102 trunc=0/9861 9.593s
[919/1548] e4_1786337185_638286_p22 trunc=0/9640 3.06s
[920/1548] e4_1786337185_638286_p19 trunc=0/9615 3.185s
[921/1548] e4_1786329790_523563_p106 trunc=0/8601 10.228s
[922/1548] e4_1786329790_523563_p114 trunc=0/7746 9.872s
[923/1548] e4_1786329790_523563_p95 trunc=0/10448 12.214s
[924/1548] e4_1786337185_638286_p23 trunc=0/10079 3.529s
[925/1548] e4_1786337185_638286_p26 trunc=0/9625 3.651s
[926/1548] e4_1786329790_523563_p110 trunc=0/9764 10.519s
[927/1548] e4_1786337185_638286_p59 trunc=None/None 0.0002548694610595703s
[928/1548] e4_1786329790_523563_p118 trunc=0/9629 10.131s
[929/1548] e4_1786337185_638286_p27 trunc=0/10019 4.014s
[930/1548] e4_1786329790_523563_p122 trunc=0/9418 10.207s
[931/1548] e4_1786337185_638286_p34 trunc=0/9263 4.191s
[932/1548] e4_1786337185_638286_p30 trunc=0/10511 4.452s
[933/1548] e4_1786329790_523563_p126 trunc=0/10440 10.548s
[934/1548] e4_1786337185_638286_p31 trunc=0/10046 4.615s
[935/1548] e4_1786337185_638286_p75 trunc=None/None 0.0003294944763183594s
[936/1548] e4_1786337185_638286_p35 trunc=0/10327 4.77s
[937/1548] e4_1786329790_523563_p130 trunc=0/10580 11.111s
[938/1548] e4_1786337185_638286_p38 trunc=0/10810 5.231s
[939/1548] e4_1786337185_638286_p42 trunc=0/8828 4.765s
[940/1548] e4_1786337185_638286_p39 trunc=0/10132 5.3s
[941/1548] e4_1786337185_638286_p87 trunc=None/None 0.0003712177276611328s
[942/1548] e4_1786329790_523563_p134 trunc=0/11008 11.145s
[943/1548] e4_1786337185_638286_p91 trunc=None/None 0.0003643035888671875s
[944/1548] e4_1786337185_638286_p46 trunc=0/9785 5.698s
[945/1548] e4_1786337185_638286_p95 trunc=None/None 0.0003757476806640625s
[946/1548] e4_1786337185_638286_p43 trunc=0/10228 5.993s
[947/1548] e4_1786337185_638286_p99 trunc=None/None 0.00039958953857421875s
[948/1548] e4_1786337185_638286_p47 trunc=0/10108 6.196s
[949/1548] e4_1786337185_638286_p103 trunc=None/None 0.00040030479431152344s
[950/1548] e4_1786337185_638286_p50 trunc=0/10093 6.379s
[951/1548] e4_1786337185_638286_p51 trunc=0/10118 6.522s
[952/1548] e4_1786337185_638286_p54 trunc=0/10283 7.033s
[953/1548] e4_1786337185_638286_p55 trunc=0/9957 6.788s
[954/1548] e4_1786337185_638286_p62 trunc=0/9318 6.833s
[955/1548] e4_1786337185_638286_p63 trunc=0/9371 6.95s
[956/1548] e4_1786337185_638286_p58 trunc=0/9904 7.989s
[957/1548] e4_1786337185_638286_p119 trunc=None/None 0.0004227161407470703s
[958/1548] e4_1786337185_638286_p66 trunc=0/9226 7.499s
[959/1548] e4_1786337185_638286_p123 trunc=None/None 0.0005033016204833984s
[960/1548] e4_1786337185_638286_p70 trunc=0/8859 7.038s
[961/1548] e4_1786337185_638286_p127 trunc=None/None 0.00045680999755859375s
[962/1548] e4_1786337185_638286_p67 trunc=0/9008 8.389s
[963/1548] e4_1786337185_638286_p131 trunc=None/None 0.0005054473876953125s
[964/1548] e4_1786337185_638286_p74 trunc=0/10148 8.436s
[965/1548] e4_1786337185_638286_p135 trunc=None/None 0.0005147457122802734s
[966/1548] e4_1786337185_638286_p138 trunc=None/None 0.0004458427429199219s
[967/1548] e4_1786337185_638286_p139 trunc=None/None 0.0003981590270996094s
[968/1548] e4_1786337185_638286_p78 trunc=0/9921 8.749s
[969/1548] e4_1786337185_638286_p83 trunc=0/7610 7.957s
[970/1548] e4_1786337185_638286_p90 trunc=0/7987 7.766s
[971/1548] e4_1786337185_638286_p82 trunc=0/8810 8.925s
[972/1548] e4_1786337185_638286_p71 trunc=0/10241 9.805s
[973/1548] e4_1786337185_638286_p86 trunc=0/8980 8.419s
[974/1548] e4_1786367787_389099_p2 trunc=0/9883 1.594s
[975/1548] e4_1786337185_638286_p94 trunc=0/8022 8.356s
[976/1548] e4_1786337185_638286_p79 trunc=0/9616 9.906s
[977/1548] e4_1786367787_389099_p3 trunc=0/9768 1.853s
[978/1548] e4_1786367787_389099_p6 trunc=0/10356 2.033s
[979/1548] e4_1786367787_389099_p7 trunc=0/9902 2.102s
[980/1548] e4_1786367787_389099_p10 trunc=0/10310 2.3s
[981/1548] e4_1786367787_389099_p11 trunc=0/10211 2.467s
[982/1548] e4_1786367787_389099_p14 trunc=0/10795 2.557s
[983/1548] e4_1786367787_389099_p15 trunc=0/10892 2.716s
[984/1548] e4_1786367787_389099_p18 trunc=0/9603 2.703s
[985/1548] e4_1786337185_638286_p98 trunc=0/10130 9.952s
[986/1548] e4_1786367787_389099_p19 trunc=0/9556 2.743s
[987/1548] e4_1786367787_389099_p39 trunc=None/None 0.00019741058349609375s
[988/1548] e4_1786337185_638286_p102 trunc=0/8436 10.378s
[989/1548] e4_1786367787_389099_p22 trunc=0/10390 3.387s
[990/1548] e4_1786367787_389099_p23 trunc=0/10281 3.373s
[991/1548] e4_1786367787_389099_p26 trunc=0/10047 3.412s
[992/1548] e4_1786337185_638286_p106 trunc=0/10258 11.249s
[993/1548] e4_1786367787_389099_p27 trunc=0/10687 3.65s
[994/1548] e4_1786337185_638286_p118 trunc=0/10439 9.745s
[995/1548] e4_1786337185_638286_p122 trunc=0/6997 9.426s
[996/1548] e4_1786367787_389099_p30 trunc=0/10356 3.909s
[997/1548] e4_1786367787_389099_p31 trunc=0/10478 4.01s
[998/1548] e4_1786337185_638286_p110 trunc=0/9208 12.036s
[999/1548] e4_1786337185_638286_p115 trunc=0/9839 11.094s
[1000/1548] e4_1786337185_638286_p111 trunc=0/9897 11.475s
[1001/1548] e4_1786367787_389099_p34 trunc=0/9939 3.973s
[1002/1548] e4_1786337185_638286_p114 trunc=0/9073 11.592s
[1003/1548] e4_1786367787_389099_p71 trunc=None/None 0.0002777576446533203s
[1004/1548] e4_1786337185_638286_p126 trunc=0/8486 10.259s
[1005/1548] e4_1786337185_638286_p130 trunc=0/7147 10.0s
[1006/1548] e4_1786367787_389099_p35 trunc=0/10218 4.328s
[1007/1548] e4_1786337185_638286_p107 trunc=0/9723 13.459s
[1008/1548] e4_1786367787_389099_p38 trunc=0/9920 5.21s
[1009/1548] e4_1786367787_389099_p42 trunc=0/10202 5.307s
[1010/1548] e4_1786367787_389099_p43 trunc=0/9921 5.477s
[1011/1548] e4_1786367787_389099_p46 trunc=0/9774 5.757s
[1012/1548] e4_1786367787_389099_p47 trunc=0/10104 6.147s
[1013/1548] e4_1786367787_389099_p50 trunc=0/10238 6.092s
[1014/1548] e4_1786367787_389099_p58 trunc=0/9705 5.412s
[1015/1548] e4_1786367787_389099_p66 trunc=0/8040 5.439s
[1016/1548] e4_1786367787_389099_p51 trunc=0/9892 7.135s
[1017/1548] e4_1786367787_389099_p54 trunc=0/9997 6.772s
[1018/1548] e4_1786367787_389099_p55 trunc=0/10175 6.913s
[1019/1548] e4_1786337185_638286_p134 trunc=0/7584 15.149s
[1020/1548] e4_1786367787_389099_p59 trunc=0/9372 7.176s
[1021/1548] e4_1786367787_389099_p107 trunc=None/None 0.0003173351287841797s
[1022/1548] e4_1786367787_389099_p62 trunc=0/9767 7.08s
[1023/1548] e4_1786367787_389099_p111 trunc=None/None 0.00036716461181640625s
[1024/1548] e4_1786367787_389099_p67 trunc=0/9042 6.925s
[1025/1548] e4_1786367787_389099_p115 trunc=None/None 0.0004737377166748047s
[1026/1548] e4_1786367787_389099_p63 trunc=0/10117 7.566s
[1027/1548] e4_1786367787_389099_p119 trunc=None/None 0.00041222572326660156s
[1028/1548] e4_1786367787_389099_p74 trunc=0/9699 7.776s
[1029/1548] e4_1786367787_389099_p123 trunc=None/None 0.0003669261932373047s
[1030/1548] e4_1786367787_389099_p70 trunc=0/9383 8.345s
[1031/1548] e4_1786367787_389099_p127 trunc=None/None 0.0003859996795654297s
[1032/1548] e4_1786367787_389099_p75 trunc=0/10085 8.184s
[1033/1548] e4_1786367787_389099_p131 trunc=None/None 0.000537872314453125s
[1034/1548] e4_1786367787_389099_p78 trunc=0/10094 8.188s
[1035/1548] e4_1786367787_389099_p135 trunc=None/None 0.000675201416015625s
[1036/1548] e4_1786367787_389099_p138 trunc=None/None 0.00042700767517089844s
[1037/1548] e4_1786367787_389099_p139 trunc=None/None 0.00043654441833496094s
[1038/1548] e4_1786367787_389099_p79 trunc=0/9727 9.548s
[1039/1548] e4_1786403231_207028_p3 trunc=None/None 0.00011968612670898438s
[1040/1548] e4_1786367787_389099_p82 trunc=0/10068 9.098s
[1041/1548] e4_1786367787_389099_p86 trunc=0/9954 8.868s
[1042/1548] e4_1786403231_207028_p2 trunc=0/9875 2.188s
[1043/1548] e4_1786367787_389099_p83 trunc=0/10321 10.126s
[1044/1548] e4_1786403231_207028_p6 trunc=0/10560 2.113s
[1045/1548] e4_1786403231_207028_p7 trunc=0/10012 2.242s
[1046/1548] e4_1786403231_207028_p10 trunc=0/8634 2.377s
[1047/1548] e4_1786403231_207028_p11 trunc=0/9197 2.415s
[1048/1548] e4_1786367787_389099_p87 trunc=0/8887 11.083s
[1049/1548] e4_1786403231_207028_p14 trunc=0/9970 3.06s
[1050/1548] e4_1786403231_207028_p15 trunc=0/9747 2.806s
[1051/1548] e4_1786367787_389099_p91 trunc=0/10333 11.289s
[1052/1548] e4_1786367787_389099_p98 trunc=0/9369 10.135s
[1053/1548] e4_1786367787_389099_p90 trunc=0/10868 12.247s
[1054/1548] e4_1786403231_207028_p18 trunc=0/10522 3.708s
[1055/1548] e4_1786367787_389099_p103 trunc=0/10172 10.215s
[1056/1548] e4_1786403231_207028_p19 trunc=0/10307 3.669s
[1057/1548] e4_1786367787_389099_p102 trunc=0/10988 11.002s
[1058/1548] e4_1786403231_207028_p22 trunc=0/10321 3.684s
[1059/1548] e4_1786367787_389099_p94 trunc=0/10350 12.657s
[1060/1548] e4_1786403231_207028_p23 trunc=0/9813 3.836s
[1061/1548] e4_1786367787_389099_p99 trunc=0/10114 11.93s
[1062/1548] e4_1786367787_389099_p95 trunc=0/10505 12.862s
[1063/1548] e4_1786367787_389099_p106 trunc=0/10617 11.397s
[1064/1548] e4_1786367787_389099_p114 trunc=0/10914 10.957s
[1065/1548] e4_1786367787_389099_p118 trunc=0/10748 11.784s
[1066/1548] e4_1786367787_389099_p134 trunc=0/10836 10.256s
[1067/1548] e4_1786367787_389099_p110 trunc=0/10366 12.386s
[1068/1548] e4_1786403231_207028_p26 trunc=0/9994 4.4s
[1069/1548] e4_1786403231_207028_p27 trunc=0/10377 4.672s
[1070/1548] e4_1786403231_207028_p30 trunc=0/10604 4.8s
[1071/1548] e4_1786367787_389099_p122 trunc=0/10648 12.768s
[1072/1548] e4_1786367787_389099_p130 trunc=0/11008 11.885s
[1073/1548] e4_1786403231_207028_p71 trunc=None/None 0.0002779960632324219s
[1074/1548] e4_1786403231_207028_p31 trunc=0/10226 4.96s
[1075/1548] e4_1786403231_207028_p75 trunc=None/None 0.0003299713134765625s
[1076/1548] e4_1786403231_207028_p34 trunc=0/10335 5.298s
[1077/1548] e4_1786403231_207028_p38 trunc=0/10255 5.358s
[1078/1548] e4_1786403231_207028_p35 trunc=0/10137 5.619s
[1079/1548] e4_1786367787_389099_p126 trunc=0/11008 14.364s
[1080/1548] e4_1786403231_207028_p42 trunc=0/10744 5.668s
[1081/1548] e4_1786403231_207028_p43 trunc=0/10129 5.707s
[1082/1548] e4_1786403231_207028_p39 trunc=0/9890 5.978s
[1083/1548] e4_1786403231_207028_p46 trunc=0/10173 5.772s
[1084/1548] e4_1786403231_207028_p50 trunc=0/10926 6.436s
[1085/1548] e4_1786403231_207028_p47 trunc=0/10668 6.731s
[1086/1548] e4_1786403231_207028_p51 trunc=0/9812 6.573s
[1087/1548] e4_1786403231_207028_p55 trunc=0/10189 6.637s
[1088/1548] e4_1786403231_207028_p54 trunc=0/10735 6.982s
[1089/1548] e4_1786403231_207028_p59 trunc=0/9809 6.921s
[1090/1548] e4_1786403231_207028_p58 trunc=0/10027 6.975s
[1091/1548] e4_1786403231_207028_p62 trunc=0/10501 6.969s
[1092/1548] e4_1786403231_207028_p63 trunc=0/10675 7.115s
[1093/1548] e4_1786403231_207028_p70 trunc=0/9491 6.751s
[1094/1548] e4_1786403231_207028_p66 trunc=0/10107 7.245s
[1095/1548] e4_1786403231_207028_p115 trunc=None/None 0.0004591941833496094s
[1096/1548] e4_1786403231_207028_p67 trunc=0/9594 7.128s
[1097/1548] e4_1786403231_207028_p119 trunc=None/None 0.00042891502380371094s
[1098/1548] e4_1786403231_207028_p74 trunc=0/9716 7.605s
[1099/1548] e4_1786403231_207028_p123 trunc=None/None 0.00047087669372558594s
[1100/1548] e4_1786403231_207028_p78 trunc=0/9885 8.107s
[1101/1548] e4_1786403231_207028_p127 trunc=None/None 0.00042247772216796875s
[1102/1548] e4_1786403231_207028_p79 trunc=0/10363 8.893s
[1103/1548] e4_1786403231_207028_p131 trunc=None/None 0.0005545616149902344s
[1104/1548] e4_1786403231_207028_p82 trunc=0/9053 8.314s
[1105/1548] e4_1786403231_207028_p135 trunc=None/None 0.0004858970642089844s
[1106/1548] e4_1786403231_207028_p138 trunc=None/None 0.0004565715789794922s
[1107/1548] e4_1786403231_207028_p139 trunc=None/None 0.0004413127899169922s
[1108/1548] e4_1786403231_207028_p83 trunc=0/9523 8.369s
[1109/1548] e4_1786403231_207028_p86 trunc=0/9118 9.238s
[1110/1548] e4_1786417055_68387_p2 trunc=0/10083 1.823s
[1111/1548] e4_1786403231_207028_p87 trunc=0/10420 9.45s
[1112/1548] e4_1786417055_68387_p3 trunc=0/9517 1.903s
[1113/1548] e4_1786417055_68387_p6 trunc=0/10501 2.177s
[1114/1548] e4_1786403231_207028_p90 trunc=0/10179 11.371s
[1115/1548] e4_1786417055_68387_p7 trunc=0/10132 2.131s
[1116/1548] e4_1786417055_68387_p10 trunc=0/9326 2.26s
[1117/1548] e4_1786417055_68387_p11 trunc=0/10755 2.591s
[1118/1548] e4_1786403231_207028_p91 trunc=0/10850 12.029s
[1119/1548] e4_1786417055_68387_p14 trunc=0/9373 2.828s
[1120/1548] e4_1786417055_68387_p15 trunc=0/10327 3.023s
[1121/1548] e4_1786403231_207028_p98 trunc=0/10300 12.932s
[1122/1548] e4_1786417055_68387_p18 trunc=0/10222 3.054s
[1123/1548] e4_1786403231_207028_p110 trunc=0/10568 11.093s
[1124/1548] e4_1786403231_207028_p95 trunc=0/10343 13.732s
[1125/1548] e4_1786417055_68387_p19 trunc=0/10204 3.545s
[1126/1548] e4_1786403231_207028_p94 trunc=0/10136 15.101s
[1127/1548] e4_1786403231_207028_p106 trunc=0/9765 12.6s
[1128/1548] e4_1786417055_68387_p22 trunc=0/9976 3.571s
[1129/1548] e4_1786417055_68387_p43 trunc=None/None 0.00022983551025390625s
[1130/1548] e4_1786417055_68387_p23 trunc=0/9663 3.584s
[1131/1548] e4_1786417055_68387_p47 trunc=None/None 0.00021409988403320312s
[1132/1548] e4_1786403231_207028_p99 trunc=0/10558 14.255s
[1133/1548] e4_1786403231_207028_p122 trunc=0/10576 12.006s
[1134/1548] e4_1786403231_207028_p103 trunc=0/10675 14.402s
[1135/1548] e4_1786403231_207028_p111 trunc=0/10306 13.02s
[1136/1548] e4_1786403231_207028_p114 trunc=0/11008 12.385s
[1137/1548] e4_1786403231_207028_p102 trunc=0/9690 15.004s
[1138/1548] e4_1786403231_207028_p130 trunc=0/11008 10.949s
[1139/1548] e4_1786417055_68387_p26 trunc=0/8881 3.398s
[1140/1548] e4_1786403231_207028_p118 trunc=0/11008 13.381s
[1141/1548] e4_1786417055_68387_p27 trunc=0/9454 3.896s
[1142/1548] e4_1786417055_68387_p30 trunc=0/9604 3.852s
[1143/1548] e4_1786417055_68387_p34 trunc=0/10389 3.742s
[1144/1548] e4_1786403231_207028_p126 trunc=0/11008 13.421s
[1145/1548] e4_1786417055_68387_p31 trunc=0/9971 4.67s
[1146/1548] e4_1786417055_68387_p42 trunc=0/8830 4.303s
[1147/1548] e4_1786417055_68387_p79 trunc=None/None 0.00041675567626953125s
[1148/1548] e4_1786417055_68387_p38 trunc=0/9889 4.914s
[1149/1548] e4_1786403231_207028_p107 trunc=0/10515 16.935s
[1150/1548] e4_1786417055_68387_p35 trunc=0/10171 5.27s
[1151/1548] e4_1786417055_68387_p39 trunc=0/10031 5.257s
[1152/1548] e4_1786417055_68387_p50 trunc=0/9230 5.215s
[1153/1548] e4_1786403231_207028_p134 trunc=0/10990 15.222s
[1154/1548] e4_1786417055_68387_p51 trunc=0/9405 6.464s
[1155/1548] e4_1786417055_68387_p46 trunc=0/10321 6.734s
[1156/1548] e4_1786417055_68387_p54 trunc=0/10621 6.515s
[1157/1548] e4_1786417055_68387_p58 trunc=0/10168 6.519s
[1158/1548] e4_1786417055_68387_p55 trunc=0/10612 6.88s
[1159/1548] e4_1786417055_68387_p59 trunc=0/9140 7.118s
[1160/1548] e4_1786417055_68387_p62 trunc=0/9797 7.638s
[1161/1548] e4_1786417055_68387_p63 trunc=0/9585 7.961s
[1162/1548] e4_1786417055_68387_p66 trunc=0/10017 8.203s
[1163/1548] e4_1786417055_68387_p67 trunc=0/10531 8.301s
[1164/1548] e4_1786417055_68387_p70 trunc=0/9616 8.139s
[1165/1548] e4_1786417055_68387_p71 trunc=0/10091 9.062s
[1166/1548] e4_1786417055_68387_p75 trunc=0/9977 9.194s
[1167/1548] e4_1786417055_68387_p86 trunc=0/7526 8.045s
[1168/1548] e4_1786417055_68387_p78 trunc=0/10089 9.018s
[1169/1548] e4_1786417055_68387_p74 trunc=0/10434 9.985s
[1170/1548] e4_1786417055_68387_p82 trunc=0/9764 9.672s
[1171/1548] e4_1786417055_68387_p83 trunc=0/10541 10.795s
[1172/1548] e4_1786417055_68387_p90 trunc=0/9443 11.122s
[1173/1548] e4_1786417055_68387_p98 trunc=0/9564 9.754s
[1174/1548] e4_1786417055_68387_p94 trunc=0/8903 10.11s
[1175/1548] e4_1786417055_68387_p87 trunc=0/10409 13.224s
[1176/1548] e4_1786417055_68387_p138 trunc=None/None 0.0005307197570800781s
[1177/1548] e4_1786417055_68387_p95 trunc=0/9410 11.228s
[1178/1548] e4_1786417055_68387_p91 trunc=0/10366 12.994s
[1179/1548] e4_1786417055_68387_p110 trunc=0/9868 9.201s
[1180/1548] e4_1786417055_68387_p106 trunc=0/8997 10.865s
[1181/1548] e4_1786417055_68387_p99 trunc=0/10614 11.802s
[1182/1548] e4_1786417055_68387_p102 trunc=0/9653 11.953s
[1183/1548] e4_1786418867_411846845_p2 trunc=0/10679 1.736s
[1184/1548] e4_1786418867_411846845_p3 trunc=0/10103 1.747s
[1185/1548] e4_1786418867_411846845_p6 trunc=0/9792 2.058s
[1186/1548] e4_1786417055_68387_p107 trunc=0/8909 11.882s
[1187/1548] e4_1786418867_411846845_p7 trunc=0/9587 2.041s
[1188/1548] e4_1786417055_68387_p103 trunc=0/9418 13.532s
[1189/1548] e4_1786417055_68387_p114 trunc=0/8503 10.887s
[1190/1548] e4_1786418867_411846845_p10 trunc=0/9876 2.23s
[1191/1548] e4_1786418867_411846845_p11 trunc=0/10625 2.723s
[1192/1548] e4_1786417055_68387_p118 trunc=0/8953 10.907s
[1193/1548] e4_1786418867_411846845_p14 trunc=0/10501 2.901s
[1194/1548] e4_1786418867_411846845_p15 trunc=0/10289 2.949s
[1195/1548] e4_1786418867_411846845_p18 trunc=0/10038 3.271s
[1196/1548] e4_1786418867_411846845_p22 trunc=0/9385 2.833s
[1197/1548] e4_1786418867_411846845_p19 trunc=0/10525 3.386s
[1198/1548] e4_1786417055_68387_p111 trunc=0/9799 14.191s
[1199/1548] e4_1786417055_68387_p126 trunc=0/9198 12.23s
[1200/1548] e4_1786417055_68387_p115 trunc=0/9123 14.189s
[1201/1548] e4_1786418867_411846845_p26 trunc=0/9487 3.561s
[1202/1548] e4_1786418867_411846845_p23 trunc=0/10469 4.104s
[1203/1548] e4_1786418867_411846845_p27 trunc=0/10334 4.223s
[1204/1548] e4_1786418867_411846845_p30 trunc=0/10079 4.257s
[1205/1548] e4_1786418867_411846845_p31 trunc=0/10105 4.147s
[1206/1548] e4_1786417055_68387_p122 trunc=0/9683 14.843s
[1207/1548] e4_1786418867_411846845_p34 trunc=0/10091 4.671s
[1208/1548] e4_1786417055_68387_p123 trunc=0/10218 14.983s
[1209/1548] e4_1786418867_411846845_p38 trunc=0/10979 4.127s
[1210/1548] e4_1786418867_411846845_p35 trunc=0/9939 4.974s
[1211/1548] e4_1786417055_68387_p119 trunc=0/10760 16.05s
[1212/1548] e4_1786418867_411846845_p42 trunc=0/9999 4.824s
[1213/1548] e4_1786417055_68387_p127 trunc=0/9313 14.993s
[1214/1548] e4_1786417055_68387_p130 trunc=0/8539 13.847s
[1215/1548] e4_1786418867_411846845_p39 trunc=0/10066 5.14s
[1216/1548] e4_1786418867_411846845_p43 trunc=0/9774 5.487s
[1217/1548] e4_1786418867_411846845_p46 trunc=0/10040 5.401s
[1218/1548] e4_1786418867_411846845_p47 trunc=0/9694 5.402s
[1219/1548] e4_1786418867_411846845_p50 trunc=0/9854 5.483s
[1220/1548] e4_1786418867_411846845_p54 trunc=0/10233 5.816s
[1221/1548] e4_1786417055_68387_p134 trunc=0/7976 14.907s
[1222/1548] e4_1786418867_411846845_p51 trunc=0/10722 6.484s
[1223/1548] e4_1786417055_68387_p135 trunc=0/9184 15.528s
[1224/1548] e4_1786417055_68387_p139 trunc=0/2736 14.6s
[1225/1548] e4_1786418867_411846845_p58 trunc=0/9565 6.405s
[1226/1548] e4_1786417055_68387_p131 trunc=0/9249 17.14s
[1227/1548] e4_1786418867_411846845_p99 trunc=None/None 0.0003769397735595703s
[1228/1548] e4_1786418867_411846845_p55 trunc=0/10153 6.612s
[1229/1548] e4_1786418867_411846845_p103 trunc=None/None 0.0006318092346191406s
[1230/1548] e4_1786418867_411846845_p59 trunc=0/10037 6.917s
[1231/1548] e4_1786418867_411846845_p107 trunc=None/None 0.0004208087921142578s
[1232/1548] e4_1786418867_411846845_p62 trunc=0/10837 7.322s
[1233/1548] e4_1786418867_411846845_p111 trunc=None/None 0.0004661083221435547s
[1234/1548] e4_1786418867_411846845_p63 trunc=0/10018 7.576s
[1235/1548] e4_1786418867_411846845_p115 trunc=None/None 0.0004203319549560547s
[1236/1548] e4_1786418867_411846845_p66 trunc=0/10081 7.073s
[1237/1548] e4_1786418867_411846845_p119 trunc=None/None 0.0004305839538574219s
[1238/1548] e4_1786418867_411846845_p74 trunc=0/9215 6.2s
[1239/1548] e4_1786418867_411846845_p123 trunc=None/None 0.0005478858947753906s
[1240/1548] e4_1786418867_411846845_p70 trunc=0/9961 6.817s
[1241/1548] e4_1786418867_411846845_p127 trunc=None/None 0.0005109310150146484s
[1242/1548] e4_1786418867_411846845_p67 trunc=0/9797 7.544s
[1243/1548] e4_1786418867_411846845_p78 trunc=0/9031 7.344s
[1244/1548] e4_1786418867_411846845_p82 trunc=0/8620 6.601s
[1245/1548] e4_1786418867_411846845_p71 trunc=0/10446 8.488s
[1246/1548] e4_1786418867_411846845_p138 trunc=None/None 0.0005409717559814453s
[1247/1548] e4_1786418867_411846845_p79 trunc=0/10730 9.009s
[1248/1548] e4_1786418867_411846845_p75 trunc=0/10750 9.83s
[1249/1548] e4_1786418867_411846845_p86 trunc=0/10293 8.703s
[1250/1548] e4_1786418867_411846845_p83 trunc=0/10567 9.679s
[1251/1548] e4_1786454767_166575_p3 trunc=0/9032 1.603s
[1252/1548] e4_1786454767_166575_p2 trunc=0/10312 1.913s
[1253/1548] e4_1786418867_411846845_p90 trunc=0/9744 9.145s
[1254/1548] e4_1786454767_166575_p6 trunc=0/10259 2.178s
[1255/1548] e4_1786418867_411846845_p91 trunc=0/9694 9.586s
[1256/1548] e4_1786418867_411846845_p94 trunc=0/9228 9.295s
[1257/1548] e4_1786418867_411846845_p87 trunc=0/9609 10.284s
[1258/1548] e4_1786454767_166575_p7 trunc=0/10354 2.377s
[1259/1548] e4_1786418867_411846845_p106 trunc=0/8954 9.192s
[1260/1548] e4_1786454767_166575_p10 trunc=0/10126 2.201s
[1261/1548] e4_1786454767_166575_p11 trunc=0/9716 2.606s
[1262/1548] e4_1786454767_166575_p14 trunc=0/10377 2.7s
[1263/1548] e4_1786418867_411846845_p95 trunc=0/10352 10.971s
[1264/1548] e4_1786418867_411846845_p98 trunc=0/9718 10.529s
[1265/1548] e4_1786418867_411846845_p102 trunc=0/10299 10.811s
[1266/1548] e4_1786454767_166575_p15 trunc=0/10730 2.941s
[1267/1548] e4_1786454767_166575_p39 trunc=None/None 0.0002346038818359375s
[1268/1548] e4_1786454767_166575_p18 trunc=0/10527 3.217s
[1269/1548] e4_1786454767_166575_p43 trunc=None/None 0.00029349327087402344s
[1270/1548] e4_1786454767_166575_p19 trunc=0/9756 3.16s
[1271/1548] e4_1786454767_166575_p47 trunc=None/None 0.00036716461181640625s
[1272/1548] e4_1786418867_411846845_p122 trunc=0/10250 9.978s
[1273/1548] e4_1786454767_166575_p22 trunc=0/10186 3.762s
[1274/1548] e4_1786418867_411846845_p114 trunc=0/9414 11.861s
[1275/1548] e4_1786454767_166575_p55 trunc=None/None 0.0003387928009033203s
[1276/1548] e4_1786454767_166575_p23 trunc=0/10779 4.17s
[1277/1548] e4_1786454767_166575_p59 trunc=None/None 0.0005285739898681641s
[1278/1548] e4_1786454767_166575_p26 trunc=0/10297 4.162s
[1279/1548] e4_1786454767_166575_p63 trunc=None/None 0.0003349781036376953s
[1280/1548] e4_1786418867_411846845_p110 trunc=0/10000 12.374s
[1281/1548] e4_1786454767_166575_p67 trunc=None/None 0.00035691261291503906s
[1282/1548] e4_1786454767_166575_p27 trunc=0/9469 4.215s
[1283/1548] e4_1786418867_411846845_p126 trunc=0/9904 12.289s
[1284/1548] e4_1786418867_411846845_p118 trunc=0/9635 12.53s
[1285/1548] e4_1786454767_166575_p30 trunc=0/10141 4.496s
[1286/1548] e4_1786454767_166575_p31 trunc=0/9300 4.683s
[1287/1548] e4_1786454767_166575_p34 trunc=0/9592 4.864s
[1288/1548] e4_1786454767_166575_p35 trunc=0/9409 5.313s
[1289/1548] e4_1786454767_166575_p38 trunc=0/9744 5.466s
[1290/1548] e4_1786454767_166575_p42 trunc=0/9411 5.455s
[1291/1548] e4_1786418867_411846845_p135 trunc=0/9365 13.591s
[1292/1548] e4_1786454767_166575_p46 trunc=0/9091 6.215s
[1293/1548] e4_1786418867_411846845_p130 trunc=0/9626 16.258s
[1294/1548] e4_1786418867_411846845_p131 trunc=0/9334 15.954s
[1295/1548] e4_1786418867_411846845_p134 trunc=0/10079 15.371s
[1296/1548] e4_1786454767_166575_p50 trunc=0/10133 7.404s
[1297/1548] e4_1786454767_166575_p51 trunc=0/10191 7.603s
[1298/1548] e4_1786454767_166575_p54 trunc=0/10231 8.444s
[1299/1548] e4_1786418867_411846845_p139 trunc=0/664 16.49s
[1300/1548] e4_1786454767_166575_p66 trunc=0/9486 7.495s
[1301/1548] e4_1786454767_166575_p58 trunc=0/9519 7.662s
[1302/1548] e4_1786454767_166575_p70 trunc=0/10353 7.983s
[1303/1548] e4_1786454767_166575_p111 trunc=None/None 0.00047469139099121094s
[1304/1548] e4_1786454767_166575_p62 trunc=0/9770 8.253s
[1305/1548] e4_1786454767_166575_p115 trunc=None/None 0.0006172657012939453s
[1306/1548] e4_1786454767_166575_p79 trunc=0/9518 9.332s
[1307/1548] e4_1786454767_166575_p119 trunc=None/None 0.0004534721374511719s
[1308/1548] e4_1786454767_166575_p74 trunc=0/9788 10.076s
[1309/1548] e4_1786454767_166575_p123 trunc=None/None 0.0004894733428955078s
[1310/1548] e4_1786454767_166575_p71 trunc=0/10266 10.921s
[1311/1548] e4_1786454767_166575_p78 trunc=0/10349 10.119s
[1312/1548] e4_1786454767_166575_p75 trunc=0/10501 10.522s
[1313/1548] e4_1786454767_166575_p82 trunc=0/9672 11.179s
[1314/1548] e4_1786454767_166575_p83 trunc=0/9815 10.952s
[1315/1548] e4_1786454767_166575_p135 trunc=None/None 0.0006043910980224609s
[1316/1548] e4_1786454767_166575_p138 trunc=None/None 0.0005617141723632812s
[1317/1548] e4_1786454767_166575_p87 trunc=0/10168 11.122s
[1318/1548] e4_1786454767_166575_p90 trunc=0/10617 10.475s
[1319/1548] e4_1786454767_166575_p86 trunc=0/9944 11.461s
[1320/1548] e4_1786454767_166575_p91 trunc=0/8918 10.566s
[1321/1548] e4_1786501074_943197_p2 trunc=0/9485 1.54s
[1322/1548] e4_1786501074_943197_p3 trunc=0/10116 1.722s
[1323/1548] e4_1786501074_943197_p6 trunc=0/9716 2.013s
[1324/1548] e4_1786454767_166575_p94 trunc=0/10288 11.684s
[1325/1548] e4_1786454767_166575_p95 trunc=0/10162 11.897s
[1326/1548] e4_1786501074_943197_p7 trunc=0/10956 2.074s
[1327/1548] e4_1786454767_166575_p102 trunc=0/10201 11.393s
[1328/1548] e4_1786454767_166575_p98 trunc=0/10528 12.546s
[1329/1548] e4_1786501074_943197_p10 trunc=0/10598 2.216s
[1330/1548] e4_1786454767_166575_p110 trunc=0/9338 10.644s
[1331/1548] e4_1786501074_943197_p11 trunc=0/10052 2.26s
[1332/1548] e4_1786454767_166575_p114 trunc=0/9090 10.326s
[1333/1548] e4_1786454767_166575_p99 trunc=0/10477 12.814s
[1334/1548] e4_1786454767_166575_p118 trunc=0/10844 10.903s
[1335/1548] e4_1786501074_943197_p15 trunc=0/9871 2.599s
[1336/1548] e4_1786501074_943197_p14 trunc=0/10542 2.965s
[1337/1548] e4_1786454767_166575_p106 trunc=0/9337 12.088s
[1338/1548] e4_1786454767_166575_p103 trunc=0/10057 12.562s
[1339/1548] e4_1786501074_943197_p18 trunc=0/10061 3.179s
[1340/1548] e4_1786454767_166575_p107 trunc=0/10188 12.889s
[1341/1548] e4_1786501074_943197_p19 trunc=0/10359 3.474s
[1342/1548] e4_1786501074_943197_p22 trunc=0/10126 3.505s
[1343/1548] e4_1786501074_943197_p23 trunc=0/10310 3.962s
[1344/1548] e4_1786501074_943197_p26 trunc=0/10805 3.943s
[1345/1548] e4_1786501074_943197_p30 trunc=0/10085 4.077s
[1346/1548] e4_1786501074_943197_p27 trunc=0/10704 4.418s
[1347/1548] e4_1786501074_943197_p34 trunc=0/10346 4.525s
[1348/1548] e4_1786501074_943197_p31 trunc=0/10061 5.012s
[1349/1548] e4_1786501074_943197_p38 trunc=0/9483 4.484s
[1350/1548] e4_1786501074_943197_p35 trunc=0/9638 4.662s
[1351/1548] e4_1786454767_166575_p122 trunc=0/10529 13.184s
[1352/1548] e4_1786501074_943197_p39 trunc=0/9869 5.171s
[1353/1548] e4_1786454767_166575_p127 trunc=0/9607 13.559s
[1354/1548] e4_1786454767_166575_p126 trunc=0/10079 14.582s
[1355/1548] e4_1786454767_166575_p130 trunc=0/9886 14.403s
[1356/1548] e4_1786501074_943197_p42 trunc=0/10022 6.155s
[1357/1548] e4_1786454767_166575_p131 trunc=0/9253 14.253s
[1358/1548] e4_1786501074_943197_p46 trunc=0/9444 5.866s
[1359/1548] e4_1786501074_943197_p43 trunc=0/9997 6.56s
[1360/1548] e4_1786501074_943197_p47 trunc=0/10254 6.647s
[1361/1548] e4_1786501074_943197_p50 trunc=0/10849 7.123s
[1362/1548] e4_1786501074_943197_p51 trunc=0/10242 7.182s
[1363/1548] e4_1786501074_943197_p55 trunc=0/9497 6.978s
[1364/1548] e4_1786454767_166575_p139 trunc=0/232 15.916s
[1365/1548] e4_1786501074_943197_p54 trunc=0/10383 7.596s
[1366/1548] e4_1786501074_943197_p58 trunc=0/10340 8.427s
[1367/1548] e4_1786501074_943197_p59 trunc=0/10555 8.494s
[1368/1548] e4_1786454767_166575_p134 trunc=0/8060 18.388s
[1369/1548] e4_1786501074_943197_p62 trunc=0/10143 8.569s
[1370/1548] e4_1786501074_943197_p63 trunc=0/10368 8.405s
[1371/1548] e4_1786501074_943197_p74 trunc=0/9915 6.974s
[1372/1548] e4_1786501074_943197_p66 trunc=0/10533 8.136s
[1373/1548] e4_1786501074_943197_p111 trunc=None/None 0.0004942417144775391s
[1374/1548] e4_1786501074_943197_p70 trunc=0/10035 8.34s
[1375/1548] e4_1786501074_943197_p67 trunc=0/10616 8.588s
[1376/1548] e4_1786501074_943197_p71 trunc=0/9640 8.389s
[1377/1548] e4_1786501074_943197_p78 trunc=0/10579 7.936s
[1378/1548] e4_1786501074_943197_p75 trunc=0/9902 8.1s
[1379/1548] e4_1786501074_943197_p123 trunc=None/None 0.0004849433898925781s
[1380/1548] e4_1786501074_943197_p79 trunc=0/9145 8.13s
[1381/1548] e4_1786501074_943197_p127 trunc=None/None 0.0004673004150390625s
[1382/1548] e4_1786501074_943197_p86 trunc=0/9894 8.004s
[1383/1548] e4_1786501074_943197_p131 trunc=None/None 0.0004773139953613281s
[1384/1548] e4_1786501074_943197_p90 trunc=0/9803 7.119s
[1385/1548] e4_1786501074_943197_p135 trunc=None/None 0.00052642822265625s
[1386/1548] e4_1786501074_943197_p138 trunc=None/None 0.0005259513854980469s
[1387/1548] e4_1786501074_943197_p139 trunc=None/None 0.0005109310150146484s
[1388/1548] e4_1786501074_943197_p87 trunc=0/10392 9.089s
[1389/1548] e4_1786501074_943197_p82 trunc=0/9731 10.783s
[1390/1548] e4_1786503336_446661_p2 trunc=0/10618 1.897s
[1391/1548] e4_1786501074_943197_p83 trunc=0/10507 11.465s
[1392/1548] e4_1786503336_446661_p3 trunc=0/10438 2.083s
[1393/1548] e4_1786501074_943197_p91 trunc=0/10166 10.09s
[1394/1548] e4_1786501074_943197_p94 trunc=0/9628 9.354s
[1395/1548] e4_1786503336_446661_p7 trunc=0/9771 2.016s
[1396/1548] e4_1786503336_446661_p6 trunc=0/10028 2.168s
[1397/1548] e4_1786503336_446661_p10 trunc=0/9743 2.419s
[1398/1548] e4_1786503336_446661_p11 trunc=0/10217 2.649s
[1399/1548] e4_1786503336_446661_p15 trunc=0/8994 2.659s
[1400/1548] e4_1786503336_446661_p14 trunc=0/10178 2.844s
[1401/1548] e4_1786501074_943197_p98 trunc=0/10149 12.027s
[1402/1548] e4_1786501074_943197_p106 trunc=0/9412 10.06s
[1403/1548] e4_1786503336_446661_p18 trunc=0/8860 3.044s
[1404/1548] e4_1786501074_943197_p95 trunc=0/10630 12.834s
[1405/1548] e4_1786503336_446661_p19 trunc=0/10605 3.582s
[1406/1548] e4_1786501074_943197_p102 trunc=0/11007 11.88s
[1407/1548] e4_1786503336_446661_p22 trunc=0/10478 3.57s
[1408/1548] e4_1786501074_943197_p99 trunc=0/10394 13.113s
[1409/1548] e4_1786501074_943197_p114 trunc=0/9766 12.159s
[1410/1548] e4_1786501074_943197_p110 trunc=0/10007 12.676s
[1411/1548] e4_1786503336_446661_p23 trunc=0/10090 3.857s
[1412/1548] e4_1786503336_446661_p26 trunc=0/10312 3.819s
[1413/1548] e4_1786501074_943197_p103 trunc=0/10215 13.835s
[1414/1548] e4_1786503336_446661_p27 trunc=0/10602 4.166s
[1415/1548] e4_1786503336_446661_p30 trunc=0/9970 4.184s
[1416/1548] e4_1786503336_446661_p31 trunc=0/10207 4.098s
[1417/1548] e4_1786501074_943197_p122 trunc=0/10923 12.458s
[1418/1548] e4_1786501074_943197_p107 trunc=0/10634 14.374s
[1419/1548] e4_1786503336_446661_p34 trunc=0/9054 4.541s
[1420/1548] e4_1786501074_943197_p130 trunc=0/8869 12.788s
[1421/1548] e4_1786501074_943197_p118 trunc=0/10438 14.34s
[1422/1548] e4_1786501074_943197_p134 trunc=0/9986 12.366s
[1423/1548] e4_1786501074_943197_p126 trunc=0/10504 13.209s
[1424/1548] e4_1786503336_446661_p38 trunc=0/10219 5.256s
[1425/1548] e4_1786503336_446661_p35 trunc=0/10532 5.889s
[1426/1548] e4_1786503336_446661_p39 trunc=0/10046 5.412s
[1427/1548] e4_1786503336_446661_p42 trunc=0/9217 5.262s
[1428/1548] e4_1786503336_446661_p46 trunc=0/10313 5.636s
[1429/1548] e4_1786501074_943197_p115 trunc=0/10475 17.407s
[1430/1548] e4_1786503336_446661_p43 trunc=0/10592 6.057s
[1431/1548] e4_1786501074_943197_p119 trunc=0/10479 17.686s
[1432/1548] e4_1786503336_446661_p47 trunc=0/10424 6.334s
[1433/1548] e4_1786503336_446661_p50 trunc=0/10349 6.57s
[1434/1548] e4_1786503336_446661_p51 trunc=0/9946 6.617s
[1435/1548] e4_1786503336_446661_p54 trunc=0/9905 7.329s
[1436/1548] e4_1786503336_446661_p55 trunc=0/10085 7.583s
[1437/1548] e4_1786503336_446661_p62 trunc=0/10024 7.705s
[1438/1548] e4_1786503336_446661_p58 trunc=0/10587 8.154s
[1439/1548] e4_1786503336_446661_p59 trunc=0/10144 8.392s
[1440/1548] e4_1786503336_446661_p70 trunc=0/10199 8.405s
[1441/1548] e4_1786503336_446661_p107 trunc=None/None 0.0004436969757080078s
[1442/1548] e4_1786503336_446661_p63 trunc=0/10885 9.535s
[1443/1548] e4_1786503336_446661_p111 trunc=None/None 0.00045990943908691406s
[1444/1548] e4_1786503336_446661_p66 trunc=0/10271 9.891s
[1445/1548] e4_1786503336_446661_p115 trunc=None/None 0.0005435943603515625s
[1446/1548] e4_1786503336_446661_p74 trunc=0/10186 9.356s
[1447/1548] e4_1786503336_446661_p119 trunc=None/None 0.00045990943908691406s
[1448/1548] e4_1786503336_446661_p71 trunc=0/9442 9.704s
[1449/1548] e4_1786503336_446661_p123 trunc=None/None 0.00047588348388671875s
[1450/1548] e4_1786503336_446661_p75 trunc=0/9962 9.406s
[1451/1548] e4_1786503336_446661_p127 trunc=None/None 0.0004715919494628906s
[1452/1548] e4_1786503336_446661_p67 trunc=0/10426 10.39s
[1453/1548] e4_1786503336_446661_p131 trunc=None/None 0.0006597042083740234s
[1454/1548] e4_1786503336_446661_p78 trunc=0/8766 9.354s
[1455/1548] e4_1786503336_446661_p135 trunc=None/None 0.0004949569702148438s
[1456/1548] e4_1786503336_446661_p138 trunc=None/None 0.0005040168762207031s
[1457/1548] e4_1786503336_446661_p82 trunc=0/10390 10.174s
[1458/1548] e4_1786503336_446661_p79 trunc=0/10655 11.376s
[1459/1548] e4_1786503336_446661_p83 trunc=0/9662 10.396s
[1460/1548] e4_1786511848_634689_p2 trunc=0/9924 1.652s
[1461/1548] e4_1786503336_446661_p87 trunc=0/10416 10.6s
[1462/1548] e4_1786503336_446661_p86 trunc=0/8518 11.768s
[1463/1548] e4_1786511848_634689_p3 trunc=0/10831 1.794s
[1464/1548] e4_1786503336_446661_p91 trunc=0/10811 11.483s
[1465/1548] e4_1786511848_634689_p6 trunc=0/9594 2.291s
[1466/1548] e4_1786503336_446661_p94 trunc=0/10223 11.056s
[1467/1548] e4_1786511848_634689_p7 trunc=0/10062 2.163s
[1468/1548] e4_1786503336_446661_p90 trunc=0/10515 12.53s
[1469/1548] e4_1786511848_634689_p10 trunc=0/10603 2.714s
[1470/1548] e4_1786503336_446661_p106 trunc=0/9278 9.789s
[1471/1548] e4_1786503336_446661_p98 trunc=0/10518 11.862s
[1472/1548] e4_1786503336_446661_p95 trunc=0/9869 12.849s
[1473/1548] e4_1786503336_446661_p102 trunc=0/9610 10.568s
[1474/1548] e4_1786511848_634689_p11 trunc=0/10674 2.872s
[1475/1548] e4_1786511848_634689_p14 trunc=0/9562 2.947s
[1476/1548] e4_1786511848_634689_p15 trunc=0/9693 2.676s
[1477/1548] e4_1786503336_446661_p103 trunc=0/9864 11.349s
[1478/1548] e4_1786503336_446661_p99 trunc=0/10884 12.357s
[1479/1548] e4_1786503336_446661_p110 trunc=0/8208 10.373s
[1480/1548] e4_1786511848_634689_p18 trunc=0/10297 3.295s
[1481/1548] e4_1786511848_634689_p19 trunc=0/10691 3.536s
[1482/1548] e4_1786511848_634689_p22 trunc=0/10589 3.48s
[1483/1548] e4_1786511848_634689_p23 trunc=0/10612 3.851s
[1484/1548] e4_1786511848_634689_p26 trunc=0/10539 3.957s
[1485/1548] e4_1786503336_446661_p122 trunc=0/9436 11.098s
[1486/1548] e4_1786503336_446661_p130 trunc=0/7010 10.978s
[1487/1548] e4_1786511848_634689_p27 trunc=0/10589 4.156s
[1488/1548] e4_1786503336_446661_p118 trunc=0/10351 11.922s
[1489/1548] e4_1786511848_634689_p63 trunc=None/None 0.00027060508728027344s
[1490/1548] e4_1786511848_634689_p30 trunc=0/9767 4.223s
[1491/1548] e4_1786511848_634689_p67 trunc=None/None 0.0003135204315185547s
[1492/1548] e4_1786503336_446661_p139 trunc=0/104 11.628s
[1493/1548] e4_1786511848_634689_p71 trunc=None/None 0.0003383159637451172s
[1494/1548] e4_1786511848_634689_p34 trunc=0/10234 4.854s
[1495/1548] e4_1786511848_634689_p75 trunc=None/None 0.0003497600555419922s
[1496/1548] e4_1786511848_634689_p31 trunc=0/10594 5.202s
[1497/1548] e4_1786511848_634689_p79 trunc=None/None 0.00038170814514160156s
[1498/1548] e4_1786511848_634689_p35 trunc=0/10404 5.397s
[1499/1548] e4_1786511848_634689_p83 trunc=None/None 0.0004291534423828125s
[1500/1548] e4_1786503336_446661_p126 trunc=0/10182 13.336s
[1501/1548] e4_1786511848_634689_p87 trunc=None/None 0.0004069805145263672s
[1502/1548] e4_1786511848_634689_p38 trunc=0/10082 5.615s
[1503/1548] e4_1786511848_634689_p91 trunc=None/None 0.0004267692565917969s
[1504/1548] e4_1786503336_446661_p114 trunc=0/10118 14.738s
[1505/1548] e4_1786511848_634689_p39 trunc=0/10374 5.656s
[1506/1548] e4_1786511848_634689_p42 trunc=0/10470 5.813s
[1507/1548] e4_1786511848_634689_p99 trunc=None/None 0.0004658699035644531s
[1508/1548] e4_1786511848_634689_p43 trunc=0/10401 5.975s
[1509/1548] e4_1786511848_634689_p103 trunc=None/None 0.0004885196685791016s
[1510/1548] e4_1786511848_634689_p47 trunc=0/10306 6.156s
[1511/1548] e4_1786511848_634689_p107 trunc=None/None 0.0004811286926269531s
[1512/1548] e4_1786511848_634689_p46 trunc=0/10585 6.368s
[1513/1548] e4_1786511848_634689_p50 trunc=0/10209 6.339s
[1514/1548] e4_1786511848_634689_p51 trunc=0/9908 6.357s
[1515/1548] e4_1786503336_446661_p134 trunc=0/8521 15.644s
[1516/1548] e4_1786511848_634689_p54 trunc=0/10020 6.505s
[1517/1548] e4_1786511848_634689_p58 trunc=0/10147 6.606s
[1518/1548] e4_1786511848_634689_p55 trunc=0/10523 7.403s
[1519/1548] e4_1786511848_634689_p66 trunc=0/9593 7.434s
[1520/1548] e4_1786511848_634689_p59 trunc=0/10309 7.82s
[1521/1548] e4_1786511848_634689_p62 trunc=0/9979 7.714s
[1522/1548] e4_1786511848_634689_p70 trunc=0/10411 7.46s
[1523/1548] e4_1786511848_634689_p74 trunc=0/9121 7.658s
[1524/1548] e4_1786511848_634689_p78 trunc=0/9884 8.39s
[1525/1548] e4_1786511848_634689_p135 trunc=None/None 0.0005059242248535156s
[1526/1548] e4_1786511848_634689_p138 trunc=None/None 0.0004799365997314453s
[1527/1548] e4_1786511848_634689_p139 trunc=None/None 0.0004811286926269531s
[1528/1548] e4_1786511848_634689_p82 trunc=0/10120 8.784s
[1529/1548] e4_1786511848_634689_p90 trunc=0/9783 8.743s
[1530/1548] e4_1786511848_634689_p86 trunc=0/9978 9.44s
[1531/1548] e4_1786511848_634689_p98 trunc=0/9937 8.7s
[1532/1548] e4_1786511848_634689_p102 trunc=0/8827 8.634s
[1533/1548] e4_1786511848_634689_p94 trunc=0/10111 9.551s
[1534/1548] e4_1786511848_634689_p95 trunc=0/8515 9.384s
[1535/1548] e4_1786511848_634689_p106 trunc=0/10270 9.792s
[1536/1548] e4_1786511848_634689_p114 trunc=0/9064 9.358s
[1537/1548] e4_1786511848_634689_p110 trunc=0/8696 10.025s
[1538/1548] e4_1786511848_634689_p118 trunc=0/9963 10.522s
[1539/1548] e4_1786511848_634689_p115 trunc=0/8781 11.383s
[1540/1548] e4_1786511848_634689_p111 trunc=0/9905 11.963s
[1541/1548] e4_1786511848_634689_p130 trunc=0/8998 9.07s
[1542/1548] e4_1786511848_634689_p123 trunc=0/8991 10.389s
[1543/1548] e4_1786511848_634689_p134 trunc=0/10474 8.618s
[1544/1548] e4_1786511848_634689_p122 trunc=0/10222 11.479s
[1545/1548] e4_1786511848_634689_p119 trunc=0/9641 12.434s
[1546/1548] e4_1786511848_634689_p126 trunc=0/10477 11.058s
[1547/1548] e4_1786511848_634689_p127 trunc=0/10180 11.728s
[1548/1548] e4_1786511848_634689_p131 trunc=0/10291 11.558s
{
  "schema": "carcassonne-window-truncation-census/v1-summary",
  "n_rows": 1548,
  "n_ok": 1548,
  "n_skipped_forced": 205,
  "n_skipped_solver_region": 23,
  "n_censused_roots": 1320,
  "roots_with_root_truncation": 0,
  "root_truncation_rate": 0.0,
  "nodes_censused": 13090516,
  "nodes_truncated": 0,
  "node_truncation_rate": 0.0,
  "nodes_empty_mask": 0,
  "empty_mask_rate": 0.0,
  "visits_total": 69195509,
  "visits_through_truncated": 0,
  "visit_weighted_truncation_rate": 0.0,
  "roots_with_any_search_truncation": 0,
  "root_incidence_rate": 0.0,
  "dropped_hist": {
    "0": 13090516
  },
  "by_depth": {
    "1": [
      160679,
      0,
      0
    ],
    "2": [
      737669,
      0,
      0
    ],
    "3": [
      2580651,
      0,
      0
    ],
    "4": [
      2494200,
      0,
      0
    ],
    "5": [
      2977648,
      0,
      0
    ],
    "6": [
      2094311,
      0,
      0
    ],
    "7": [
      1231211,
      0,
      0
    ],
    "8": [
      502442,
      0,
      0
    ],
    "9": [
      184165,
      0,
      0
    ],
    "10": [
      82004,
      0,
      0
    ],
    "11": [
      33539,
      0,
      0
    ],
    "12": [
      8798,
      0,
      0
    ],
    "13": [
      2200,
      0,
      0
    ],
    "14": [
      715,
      0,
      0
    ],
    "15": [
      227,
      0,
      0
    ],
    "16": [
      54,
      0,
      0
    ],
    "17": [
      3,
      0,
      0
    ]
  },
  "by_node_phase": {
    "meeples": [
      8256490,
      0,
      0
    ],
    "tiles": [
      4834026,
      0,
      0
    ]
  },
  "by_k_bucket": {
    "early": [
      4606032,
      0,
      0
    ],
    "late": [
      3723807,
      0,
      0
    ],
    "mid": [
      4760677,
      0,
      0
    ]
  },
  "n_pick_comparable": 1320,
  "n_pick_changed": 0,
  "pick_change_rate": 0.0,
  "iso_control_n": 1320,
  "iso_control_violations": 0,
  "digest_gate_fail": 0,
  "encode_collisions": 0,
  "world_errors": 0,
  "n_error_rows": 0,
  "secs_total": 10040.5,
  "secs_per_root": 6.486,
  "wall_secs": 461.7,
  "workers": 22,
  "n_rows_resumed": 0,
  "n_rows_new": 1548
}
[2026-08-13T11:59:04-04:00] leg fixed_v1: done
[2026-08-13T11:59:04-04:00] both legs complete in 772s — writing CENSUS_RESULT.md
wrote measurement/window_truncation_20260813/CENSUS_RESULT.md
[2026-08-13T11:59:04-04:00] DONE — measurement/window_truncation_20260813/DONE_CENSUS written; see measurement/window_truncation_20260813/CENSUS_RESULT.md
=== scheduler dispatch window_truncation_census EXIT rc=0 2026-08-13T11:59:04-04:00 ===
