[tiearb2][2026-08-16 20:08:09] PHASE 1 COLLECT: /mnt/c/carc-shared/tiearb2_20260816/gen -> /home/doctor/projects/carcassone/measurement/tiearb2_20260816/corpus/champ_games_tiearb2.jsonl
wrote 850 games to /home/doctor/projects/carcassone/measurement/tiearb2_20260816/corpus/champ_games_tiearb2.jsonl (plies min/med/max = 141/144/144)
round-trip verify: 10 ok / 0 bad (of 10 replayed)
[tiearb2][2026-08-16 20:08:12] PHASE 1 VERIFY: band [28100000000, 28100000849], >= 850 games
{
  "band_ok": true,
  "count_ok": true,
  "n_distinct_seeds": 850,
  "n_duplicate_seeds": 0,
  "n_games_expected": 850,
  "n_games_min_required": 850,
  "n_games_realized": 850,
  "n_out_of_band": 0,
  "path": "/home/doctor/projects/carcassone/measurement/tiearb2_20260816/corpus/champ_games_tiearb2.jsonl",
  "seed_band": [
    28100000000,
    28100000849
  ],
  "seed_max_observed": 28100000849,
  "seed_min_observed": 28100000000,
  "sha256_of_sorted_seeds": "c484dc259f69439a8b40b5f28485fd75c956eebcfba8cef6693ad1b50e97553a",
  "shortfall_vs_expected": 0
}
[tiearb2][2026-08-16 20:08:12] PHASE 2 CENSUS: W=30, realized games=850, --n-champgames 3400 -> /home/doctor/projects/carcassone/measurement/tiearb2_20260816/corpus/census
[run_census] E4 archives by profile: {} (limit_e4_games=0)
[run_census] leg task-count estimate {'walled': 3400}, worker split {'walled': 30} of 30
[run_census] launched leg walled (R9=0, W=30, task_est=3400) -> /home/doctor/projects/carcassone/measurement/tiearb2_20260816/corpus/census/leg_walled/leg.log
[run_census] leg walled done rc=0 (7.4s)

[run_census] DONE: 3400 rows, 1 legs, 6.9s wall, mean secs/ply (leaf compute only) = 0.03675232352941176
[run_census] -> /home/doctor/projects/carcassone/measurement/tiearb2_20260816/corpus/census
[tiearb2][2026-08-16 20:08:19] PHASE 3a stage shadow repo root -> /home/doctor/projects/carcassone/measurement/tiearb2_20260816/corpus/_shadow_repo
[tiearb2][2026-08-16 20:08:19] PHASE 3 TRANSPOSITION MAP via /home/doctor/projects/carcassone/measurement/tiearb2_20260816/corpus/_shadow_repo/scripts/tiletie/transposition_census.py
{
  "profile": "walled",
  "stratum": "selfplay",
  "n_tied_positions": 1809,
  "n_unresolved": 0,
  "all_transposition_n": 454,
  "all_transposition_pct": 25.1,
  "any_duplicate_pct": 40.8,
  "mean_tie_size": 3.724,
  "mean_distinct_afterstates": 2.76,
  "effective_shrink": 0.741,
  "distinct_hist": {
    "1": 454,
    "2": 676,
    "3": 265,
    "4": 169,
    "5": 58,
    "6": 90,
    "7": 21,
    "8": 18,
    "9": 22,
    "10": 15,
    "11": 6,
    "12": 15
  },
  "by_phase": {
    "early": {
      "n": 720,
      "all_transposition_pct": 20.28,
      "mean_tie_size": 3.565,
      "mean_distinct": 2.665
    },
    "mid": {
      "n": 571,
      "all_transposition_pct": 26.44,
      "mean_tie_size": 3.776,
      "mean_distinct": 2.809
    },
    "late": {
      "n": 518,
      "all_transposition_pct": 30.31,
      "mean_tie_size": 3.888,
      "mean_distinct": 2.836
    }
  }
}
[tiearb2][2026-08-16 20:08:24] PHASE 4 CHAMP PICKS: W=30 (~1.409 worker-s/position) -> /home/doctor/projects/carcassone/measurement/tiearb2_20260816/corpus/champ_picks
[champ_picks] 1809 selfplay tied positions under profile 'walled' (0 skipped -- other profiles)
[champ_picks] resume: 0 already done, 1809 to go
[1/1809] tt_sp_28100000004_p2 ok action=1150 0.438s
[2/1809] tt_sp_28100000009_p4 ok action=1353 0.539s
[3/1809] tt_sp_28100000006_p10 ok action=1252 0.668s
[4/1809] tt_sp_28100000004_p8 ok action=1152 0.73s
[5/1809] tt_sp_28100000002_p20 ok action=1548 0.935s
[6/1809] tt_sp_28100000013_p139 ok action=933 0.336s
[7/1809] tt_sp_28100000010_p16 ok action=1056 0.966s
[8/1809] tt_sp_28100000008_p32 ok action=1436 1.106s
[9/1809] tt_sp_28100000011_p25 ok action=1049 1.131s
[10/1809] tt_sp_28100000013_p4 ok action=1155 0.563s
[11/1809] tt_sp_28100000003_p26 ok action=1445 1.351s
[12/1809] tt_sp_28100000012_p32 ok action=1240 1.346s
[13/1809] tt_sp_28100000006_p34 ok action=1159 1.377s
[14/1809] tt_sp_28100000007_p44 ok action=1644 1.483s
[15/1809] tt_sp_28100000001_p33 ok action=1342 1.486s
[16/1809] tt_sp_28100000005_p108 ok action=1652 1.914s
[17/1809] tt_sp_28100000000_p56 ok action=747 1.925s
[18/1809] tt_sp_28100000014_p16 ok action=1451 0.999s
[19/1809] tt_sp_28100000001_p59 ok action=753 2.028s
[20/1809] tt_sp_28100000017_p10 ok action=1048 0.7s
[21/1809] tt_sp_28100000003_p66 ok action=1052 2.032s
[22/1809] tt_sp_28100000005_p62 ok action=855 2.147s
[23/1809] tt_sp_28100000011_p49 ok action=952 2.153s
[24/1809] tt_sp_28100000005_p70 ok action=1041 2.176s
[25/1809] tt_sp_28100000008_p60 ok action=1652 2.188s
[26/1809] tt_sp_28100000015_p32 ok action=1049 1.389s
[27/1809] tt_sp_28100000012_p44 ok action=1164 2.153s
[28/1809] tt_sp_28100000002_p84 ok action=1740 2.797s
[29/1809] tt_sp_28100000000_p89 ok action=1140 2.83s
[30/1809] tt_sp_28100000017_p40 ok action=1344 1.487s
[31/1809] tt_sp_28100000023_p16 ok action=1546 0.769s
[32/1809] tt_sp_28100000022_p18 ok action=1452 0.898s
[33/1809] tt_sp_28100000010_p104 ok action=1460 2.995s
[34/1809] tt_sp_28100000007_p100 ok action=1060 3.004s
[35/1809] tt_sp_28100000010_p80 ok action=1136 3.152s
[36/1809] tt_sp_28100000017_p44 ok action=952 1.781s
[37/1809] tt_sp_28100000024_p28 ok action=1340 1.121s
[38/1809] tt_sp_28100000026_p6 ok action=1048 0.576s
[39/1809] tt_sp_28100000004_p94 ok action=1325 3.571s
[40/1809] tt_sp_28100000018_p122 ok action=760 2.059s
[41/1809] tt_sp_28100000026_p8 ok action=1252 0.725s
[42/1809] tt_sp_28100000017_p56 ok action=744 2.241s
[43/1809] tt_sp_28100000026_p22 ok action=1151 1.06s
[44/1809] tt_sp_28100000019_p65 ok action=1554 1.901s
[45/1809] tt_sp_28100000018_p98 ok action=1541 2.37s
[46/1809] tt_sp_28100000014_p86 ok action=844 2.959s
[47/1809] tt_sp_28100000023_p74 ok action=858 1.78s
[48/1809] tt_sp_28100000025_p40 ok action=1645 1.748s
[49/1809] tt_sp_28100000020_p73 ok action=1236 2.318s
[50/1809] tt_sp_28100000016_p124 ok action=1652 3.233s
[51/1809] tt_sp_28100000011_p131 ok action=1071 4.446s
[52/1809] tt_sp_28100000008_p120 ok action=1528 4.486s
[53/1809] tt_sp_28100000037_p142 ok action=756 0.079s
[54/1809] tt_sp_28100000030_p40 ok action=1052 1.283s
[55/1809] tt_sp_28100000032_p25 ok action=958 1.153s
[56/1809] tt_sp_28100000016_p138 ok action=864 3.819s
[57/1809] tt_sp_28100000027_p48 ok action=1352 2.088s
[58/1809] tt_sp_28100000029_p48 ok action=1040 1.981s
[59/1809] tt_sp_28100000029_p94 ok action=1561 1.878s
[60/1809] tt_sp_28100000029_p54 ok action=1441 1.981s
[61/1809] tt_sp_28100000024_p80 ok action=856 2.953s
[62/1809] tt_sp_28100000020_p133 ok action=1463 3.224s
[63/1809] tt_sp_28100000033_p34 ok action=1059 1.428s
[64/1809] tt_sp_28100000028_p78 ok action=952 2.238s
[65/1809] tt_sp_28100000014_p122 ok action=1651 4.535s
[66/1809] tt_sp_28100000028_p74 ok action=1656 2.306s
[67/1809] tt_sp_28100000027_p80 ok action=1034 2.376s
[68/1809] tt_sp_28100000036_p25 ok action=1441 1.014s
[69/1809] tt_sp_28100000031_p48 ok action=1037 1.88s
[70/1809] tt_sp_28100000038_p12 ok action=1340 0.816s
[71/1809] tt_sp_28100000002_p120 ok action=963 5.727s
[72/1809] tt_sp_28100000035_p38 ok action=1164 1.731s
[73/1809] tt_sp_28100000023_p120 ok action=966 3.842s
[74/1809] tt_sp_28100000039_p18 ok action=1555 0.917s
[75/1809] tt_sp_28100000044_p10 ok action=1241 0.732s
[76/1809] tt_sp_28100000046_p8 ok action=1051 0.67s
[77/1809] tt_sp_28100000036_p73 ok action=848 1.919s
[78/1809] tt_sp_28100000047_p6 ok action=1252 0.577s
[79/1809] tt_sp_28100000041_p26 ok action=946 1.176s
[80/1809] tt_sp_28100000045_p26 ok action=1458 1.18s
[81/1809] tt_sp_28100000032_p117 ok action=1628 2.892s
[82/1809] tt_sp_28100000034_p80 ok action=1161 2.578s
[83/1809] tt_sp_28100000034_p78 ok action=951 2.678s
[84/1809] tt_sp_28100000035_p56 ok action=1440 2.338s
[85/1809] tt_sp_28100000022_p122 ok action=732 4.605s
[86/1809] tt_sp_28100000048_p12 ok action=1354 0.714s
[87/1809] tt_sp_28100000039_p72 ok action=1337 1.662s
[88/1809] tt_sp_28100000044_p38 ok action=1040 1.401s
[89/1809] tt_sp_28100000052_p2 ok action=1245 0.454s
[90/1809] tt_sp_28100000051_p2 ok action=1255 0.487s
[91/1809] tt_sp_28100000045_p32 ok action=1444 1.478s
[92/1809] tt_sp_28100000046_p46 ok action=844 1.499s
[93/1809] tt_sp_28100000034_p122 ok action=1132 3.192s
[94/1809] tt_sp_28100000052_p6 ok action=1154 0.652s
[95/1809] tt_sp_28100000055_p2 ok action=1349 0.461s
[96/1809] tt_sp_28100000045_p44 ok action=1264 1.82s
[97/1809] tt_sp_28100000037_p104 ok action=1665 2.844s
[98/1809] tt_sp_28100000037_p68 ok action=1544 2.817s
[99/1809] tt_sp_28100000031_p120 ok action=1524 4.011s
[100/1809] tt_sp_28100000040_p70 ok action=1648 2.388s
[101/1809] tt_sp_28100000043_p88 ok action=1647 2.307s
[102/1809] tt_sp_28100000049_p46 ok action=948 1.52s
[103/1809] tt_sp_28100000054_p18 ok action=1548 0.956s
[104/1809] tt_sp_28100000048_p70 ok action=1440 1.609s
[105/1809] tt_sp_28100000042_p126 ok action=1424 2.446s
[106/1809] tt_sp_28100000047_p80 ok action=1540 1.947s
[107/1809] tt_sp_28100000057_p18 ok action=1340 0.894s
[108/1809] tt_sp_28100000053_p38 ok action=943 1.346s
[109/1809] tt_sp_28100000059_p28 ok action=1436 1.119s
[110/1809] tt_sp_28100000065_p2 ok action=1245 0.5s
[111/1809] tt_sp_28100000052_p75 ok action=1544 1.575s
[112/1809] tt_sp_28100000061_p20 ok action=1142 1.055s
[113/1809] tt_sp_28100000047_p124 ok action=1268 2.616s
[114/1809] tt_sp_28100000065_p4 ok action=1149 0.492s
[115/1809] tt_sp_28100000065_p14 ok action=1243 0.797s
[116/1809] tt_sp_28100000066_p10 ok action=1246 0.643s
[117/1809] tt_sp_28100000062_p34 ok action=1463 1.221s
[118/1809] tt_sp_28100000055_p38 ok action=1233 1.739s
[119/1809] tt_sp_28100000031_p134 ok action=1620 4.929s
[120/1809] tt_sp_28100000040_p136 ok action=1031 3.511s
[121/1809] tt_sp_28100000052_p63 ok action=1044 2.024s
[122/1809] tt_sp_28100000064_p22 ok action=1456 1.101s
[123/1809] tt_sp_28100000057_p134 ok action=1540 1.93s
[124/1809] tt_sp_28100000074_p142 ok action=832 0.067s
[125/1809] tt_sp_28100000049_p86 ok action=1234 2.632s
[126/1809] tt_sp_28100000069_p17 ok action=1245 0.669s
[127/1809] tt_sp_28100000039_p124 ok action=952 4.056s
[128/1809] tt_sp_28100000063_p38 ok action=1048 1.625s
[129/1809] tt_sp_28100000064_p46 ok action=1160 1.456s
[130/1809] tt_sp_28100000053_p116 ok action=964 2.519s
[131/1809] tt_sp_28100000062_p42 ok action=848 1.873s
[132/1809] tt_sp_28100000054_p94 ok action=1437 2.498s
[133/1809] tt_sp_28100000074_p2 ok action=1351 0.422s
[134/1809] tt_sp_28100000070_p16 ok action=1452 0.808s
[135/1809] tt_sp_28100000071_p13 ok action=1155 0.774s
[136/1809] tt_sp_28100000061_p64 ok action=1364 2.322s
[137/1809] tt_sp_28100000075_p4 ok action=1150 0.587s
[138/1809] tt_sp_28100000073_p18 ok action=1050 0.896s
[139/1809] tt_sp_28100000069_p27 ok action=1456 1.204s
[140/1809] tt_sp_28100000078_p4 ok action=1347 0.594s
[141/1809] tt_sp_28100000069_p33 ok action=1337 1.466s
[142/1809] tt_sp_28100000076_p18 ok action=1040 0.898s
[143/1809] tt_sp_28100000080_p2 ok action=1253 0.503s
[144/1809] tt_sp_28100000067_p94 ok action=1644 1.849s
[145/1809] tt_sp_28100000060_p128 ok action=940 3.317s
[146/1809] tt_sp_28100000076_p28 ok action=1054 1.059s
[147/1809] tt_sp_28100000067_p86 ok action=1032 2.071s
[148/1809] tt_sp_28100000070_p66 ok action=1444 1.843s
[149/1809] tt_sp_28100000074_p38 ok action=1448 1.501s
[150/1809] tt_sp_28100000063_p96 ok action=941 3.098s
[151/1809] tt_sp_28100000086_p10 ok action=1347 0.643s
[152/1809] tt_sp_28100000076_p40 ok action=1237 1.605s
[153/1809] tt_sp_28100000068_p116 ok action=740 2.674s
[154/1809] tt_sp_28100000077_p45 ok action=1050 1.745s
[155/1809] tt_sp_28100000067_p80 ok action=1260 2.795s
[156/1809] tt_sp_28100000089_p4 ok action=1245 0.55s
[157/1809] tt_sp_28100000064_p100 ok action=1443 3.638s
[158/1809] tt_sp_28100000064_p84 ok action=1564 3.565s
[159/1809] tt_sp_28100000066_p128 ok action=1570 3.407s
[160/1809] tt_sp_28100000060_p132 ok action=1067 4.266s
[161/1809] tt_sp_28100000078_p56 ok action=933 1.95s
[162/1809] tt_sp_28100000083_p48 ok action=948 1.589s
[163/1809] tt_sp_28100000072_p92 ok action=1165 2.943s
[164/1809] tt_sp_28100000085_p54 ok action=1438 1.604s
[165/1809] tt_sp_28100000076_p106 ok action=1369 2.587s
[166/1809] tt_sp_28100000066_p138 ok action=836 3.809s
[167/1809] tt_sp_28100000085_p64 ok action=1545 1.822s
[168/1809] tt_sp_28100000087_p48 ok action=851 1.634s
[169/1809] tt_sp_28100000096_p142 ok action=1452 0.08s
[170/1809] tt_sp_28100000085_p70 ok action=1335 1.924s
[171/1809] tt_sp_28100000081_p122 ok action=860 2.397s
[172/1809] tt_sp_28100000078_p82 ok action=1753 2.783s
[173/1809] tt_sp_28100000067_p132 ok action=1368 4.165s
[174/1809] tt_sp_28100000075_p70 ok action=753 3.226s
[175/1809] tt_sp_28100000090_p104 ok action=1535 1.474s
[176/1809] tt_sp_28100000091_p46 ok action=1459 1.312s
[177/1809] tt_sp_28100000089_p42 ok action=1554 1.774s
[178/1809] tt_sp_28100000094_p24 ok action=1044 1.063s
[179/1809] tt_sp_28100000091_p68 ok action=1542 1.71s
[180/1809] tt_sp_28100000097_p46 ok action=1059 1.011s
[181/1809] tt_sp_28100000082_p134 ok action=1754 3.33s
[182/1809] tt_sp_28100000098_p34 ok action=948 1.007s
[183/1809] tt_sp_28100000093_p66 ok action=948 1.925s
[184/1809] tt_sp_28100000100_p6 ok action=1352 0.548s
[185/1809] tt_sp_28100000089_p74 ok action=1069 2.452s
[186/1809] tt_sp_28100000098_p46 ok action=1549 1.238s
[187/1809] tt_sp_28100000092_p66 ok action=1261 2.16s
[188/1809] tt_sp_28100000093_p60 ok action=849 2.133s
[189/1809] tt_sp_28100000097_p54 ok action=1555 1.457s
[190/1809] tt_sp_28100000100_p22 ok action=1162 1.068s
[191/1809] tt_sp_28100000095_p118 ok action=1370 1.916s
[192/1809] tt_sp_28100000101_p8 ok action=1448 0.588s
[193/1809] tt_sp_28100000090_p118 ok action=1429 2.671s
[194/1809] tt_sp_28100000085_p106 ok action=1276 3.697s
[195/1809] tt_sp_28100000087_p94 ok action=1238 3.361s
[196/1809] tt_sp_28100000099_p44 ok action=1142 1.582s
[197/1809] tt_sp_28100000099_p48 ok action=1436 1.635s
[198/1809] tt_sp_28100000087_p129 ok action=829 3.808s
[199/1809] tt_sp_28100000104_p28 ok action=1046 0.984s
[200/1809] tt_sp_28100000107_p6 ok action=1144 0.652s
[201/1809] tt_sp_28100000092_p118 ok action=832 3.364s
[202/1809] tt_sp_28100000101_p51 ok action=1234 1.752s
[203/1809] tt_sp_28100000072_p136 ok action=866 6.094s
[204/1809] tt_sp_28100000091_p112 ok action=1132 3.681s
[205/1809] tt_sp_28100000105_p32 ok action=1441 1.315s
[206/1809] tt_sp_28100000104_p34 ok action=952 1.46s
[207/1809] tt_sp_28100000088_p122 ok action=1657 4.535s
[208/1809] tt_sp_28100000106_p38 ok action=957 1.329s
[209/1809] tt_sp_28100000099_p113 ok action=1754 2.941s
[210/1809] tt_sp_28100000101_p71 ok action=841 2.216s
[211/1809] tt_sp_28100000108_p22 ok action=1452 1.116s
[212/1809] tt_sp_28100000104_p60 ok action=832 1.734s
[213/1809] tt_sp_28100000102_p72 ok action=1065 2.124s
[214/1809] tt_sp_28100000099_p119 ok action=932 2.983s
[215/1809] tt_sp_28100000106_p58 ok action=1540 1.66s
[216/1809] tt_sp_28100000111_p10 ok action=1257 0.634s
[217/1809] tt_sp_28100000112_p2 ok action=1150 0.492s
[218/1809] tt_sp_28100000095_p106 ok action=1128 3.808s
[219/1809] tt_sp_28100000100_p100 ok action=1435 3.16s
[220/1809] tt_sp_28100000094_p134 ok action=1537 4.352s
[221/1809] tt_sp_28100000103_p88 ok action=1759 2.414s
[222/1809] tt_sp_28100000110_p104 ok action=1160 1.625s
[223/1809] tt_sp_28100000098_p114 ok action=1168 4.12s
[224/1809] tt_sp_28100000113_p16 ok action=1449 0.941s
[225/1809] tt_sp_28100000111_p32 ok action=846 1.379s
[226/1809] tt_sp_28100000114_p20 ok action=1136 1.029s
[227/1809] tt_sp_28100000121_p142 ok action=1368 0.072s
[228/1809] tt_sp_28100000103_p96 ok action=1240 3.17s
[229/1809] tt_sp_28100000106_p138 ok action=758 2.844s
[230/1809] tt_sp_28100000110_p116 ok action=1566 2.051s
[231/1809] tt_sp_28100000102_p82 ok action=836 3.48s
[232/1809] tt_sp_28100000109_p102 ok action=833 2.767s
[233/1809] tt_sp_28100000116_p36 ok action=1238 1.418s
[234/1809] tt_sp_28100000112_p62 ok action=1260 1.921s
[235/1809] tt_sp_28100000094_p138 ok action=1537 5.599s
[236/1809] tt_sp_28100000122_p2 ok action=1349 0.455s
[237/1809] tt_sp_28100000109_p96 ok action=1332 2.595s
[238/1809] tt_sp_28100000116_p54 ok action=1443 1.687s
[239/1809] tt_sp_28100000110_p126 ok action=1430 2.526s
[240/1809] tt_sp_28100000113_p88 ok action=1462 2.144s
[241/1809] tt_sp_28100000108_p104 ok action=920 3.642s
[242/1809] tt_sp_28100000115_p50 ok action=1444 2.046s
[243/1809] tt_sp_28100000119_p60 ok action=936 1.418s
[244/1809] tt_sp_28100000120_p48 ok action=1333 1.421s
[245/1809] tt_sp_28100000124_p8 ok action=1258 0.664s
[246/1809] tt_sp_28100000108_p130 ok action=1365 3.873s
[247/1809] tt_sp_28100000116_p64 ok action=749 2.201s
[248/1809] tt_sp_28100000117_p56 ok action=948 2.232s
[249/1809] tt_sp_28100000114_p88 ok action=1434 2.703s
[250/1809] tt_sp_28100000123_p33 ok action=1053 1.301s
[251/1809] tt_sp_28100000122_p36 ok action=846 1.371s
[252/1809] tt_sp_28100000114_p84 ok action=1140 2.837s
[253/1809] tt_sp_28100000123_p37 ok action=1042 1.228s
[254/1809] tt_sp_28100000127_p2 ok action=1245 0.548s
[255/1809] tt_sp_28100000125_p18 ok action=1337 0.942s
[256/1809] tt_sp_28100000115_p76 ok action=1650 2.777s
[257/1809] tt_sp_28100000106_p114 ok action=973 4.865s
[258/1809] tt_sp_28100000126_p26 ok action=1451 1.065s
[259/1809] tt_sp_28100000116_p82 ok action=1552 2.815s
[260/1809] tt_sp_28100000134_p4 ok action=1256 0.476s
[261/1809] tt_sp_28100000111_p106 ok action=936 3.971s
[262/1809] tt_sp_28100000113_p116 ok action=1344 3.866s
[263/1809] tt_sp_28100000113_p118 ok action=1744 3.812s
[264/1809] tt_sp_28100000136_p4 ok action=1152 0.563s
[265/1809] tt_sp_28100000126_p72 ok action=1136 1.658s
[266/1809] tt_sp_28100000124_p90 ok action=945 2.189s
[267/1809] tt_sp_28100000121_p74 ok action=953 2.82s
[268/1809] tt_sp_28100000118_p112 ok action=1429 3.138s
[269/1809] tt_sp_28100000121_p66 ok action=1156 2.995s
[270/1809] tt_sp_28100000135_p26 ok action=940 1.077s
[271/1809] tt_sp_28100000124_p96 ok action=1022 2.633s
[272/1809] tt_sp_28100000139_p2 ok action=1247 0.521s
[273/1809] tt_sp_28100000136_p30 ok action=1053 1.209s
[274/1809] tt_sp_28100000135_p60 ok action=1545 1.504s
[275/1809] tt_sp_28100000129_p58 ok action=1361 2.126s
[276/1809] tt_sp_28100000132_p111 ok action=940 1.887s
[277/1809] tt_sp_28100000129_p60 ok action=1243 2.164s
[278/1809] tt_sp_28100000128_p108 ok action=945 2.622s
[279/1809] tt_sp_28100000136_p52 ok action=1457 1.727s
[280/1809] tt_sp_28100000137_p40 ok action=1549 1.653s
[281/1809] tt_sp_28100000123_p81 ok action=1564 3.435s
[282/1809] tt_sp_28100000131_p134 ok action=749 2.614s
[283/1809] tt_sp_28100000139_p33 ok action=1137 1.315s
[284/1809] tt_sp_28100000138_p46 ok action=1553 1.541s
[285/1809] tt_sp_28100000141_p18 ok action=1449 0.89s
[286/1809] tt_sp_28100000133_p82 ok action=1057 2.61s
[287/1809] tt_sp_28100000121_p94 ok action=933 4.254s
[288/1809] tt_sp_28100000140_p104 ok action=1171 1.53s
[289/1809] tt_sp_28100000125_p128 ok action=1233 3.904s
[290/1809] tt_sp_28100000145_p10 ok action=1449 0.596s
[291/1809] tt_sp_28100000133_p78 ok action=1553 2.92s
[292/1809] tt_sp_28100000138_p60 ok action=1049 1.947s
[293/1809] tt_sp_28100000137_p62 ok action=1652 2.395s
[294/1809] tt_sp_28100000142_p46 ok action=1544 1.454s
[295/1809] tt_sp_28100000139_p47 ok action=1365 1.991s
[296/1809] tt_sp_28100000146_p5 ok action=1154 0.587s
[297/1809] tt_sp_28100000138_p122 ok action=1432 2.305s
[298/1809] tt_sp_28100000131_p88 ok action=1553 3.275s
[299/1809] tt_sp_28100000142_p50 ok action=1545 1.578s
[300/1809] tt_sp_28100000125_p130 ok action=1540 4.245s
[301/1809] tt_sp_28100000146_p27 ok action=1053 1.03s
[302/1809] tt_sp_28100000149_p14 ok action=1346 0.738s
[303/1809] tt_sp_28100000143_p140 ok action=1321 1.699s
[304/1809] tt_sp_28100000144_p36 ok action=1237 1.474s
[305/1809] tt_sp_28100000145_p34 ok action=1357 1.395s
[306/1809] tt_sp_28100000150_p16 ok action=1552 0.861s
[307/1809] tt_sp_28100000140_p70 ok action=1160 2.717s
[308/1809] tt_sp_28100000154_p3 ok action=1150 0.648s
[309/1809] tt_sp_28100000155_p4 ok action=1345 0.6s
[310/1809] tt_sp_28100000150_p32 ok action=959 1.259s
[311/1809] tt_sp_28100000142_p88 ok action=1557 2.665s
[312/1809] tt_sp_28100000135_p124 ok action=1232 4.352s
[313/1809] tt_sp_28100000145_p74 ok action=1537 2.047s
[314/1809] tt_sp_28100000141_p128 ok action=924 3.398s
[315/1809] tt_sp_28100000149_p66 ok action=1441 1.695s
[316/1809] tt_sp_28100000156_p14 ok action=1450 0.761s
[317/1809] tt_sp_28100000146_p71 ok action=1536 2.227s
[318/1809] tt_sp_28100000127_p134 ok action=1135 5.588s
[319/1809] tt_sp_28100000157_p6 ok action=1448 0.587s
[320/1809] tt_sp_28100000144_p88 ok action=1261 2.801s
[321/1809] tt_sp_28100000158_p4 ok action=1154 0.615s
[322/1809] tt_sp_28100000147_p82 ok action=1646 2.465s
[323/1809] tt_sp_28100000133_p98 ok action=1061 5.198s
[324/1809] tt_sp_28100000153_p78 ok action=745 2.007s
[325/1809] tt_sp_28100000152_p54 ok action=1336 2.077s
[326/1809] tt_sp_28100000149_p98 ok action=837 2.314s
[327/1809] tt_sp_28100000141_p130 ok action=1466 3.817s
[328/1809] tt_sp_28100000159_p14 ok action=1048 0.762s
[329/1809] tt_sp_28100000153_p98 ok action=1235 2.099s
[330/1809] tt_sp_28100000160_p6 ok action=1252 0.555s
[331/1809] tt_sp_28100000162_p4 ok action=1144 0.519s
[332/1809] tt_sp_28100000158_p28 ok action=847 1.253s
[333/1809] tt_sp_28100000159_p22 ok action=951 1.038s
[334/1809] tt_sp_28100000143_p88 ok action=1541 3.543s
[335/1809] tt_sp_28100000143_p112 ok action=1537 3.95s
[336/1809] tt_sp_28100000155_p88 ok action=1653 2.118s
[337/1809] tt_sp_28100000156_p48 ok action=1357 1.943s
[338/1809] tt_sp_28100000156_p76 ok action=1756 1.714s
[339/1809] tt_sp_28100000153_p84 ok action=1647 2.714s
[340/1809] tt_sp_28100000154_p67 ok action=965 2.517s
[341/1809] tt_sp_28100000163_p16 ok action=1243 0.905s
[342/1809] tt_sp_28100000159_p54 ok action=944 1.62s
[343/1809] tt_sp_28100000152_p104 ok action=1060 3.276s
[344/1809] tt_sp_28100000147_p138 ok action=1640 3.782s
[345/1809] tt_sp_28100000153_p116 ok action=1841 3.27s
[346/1809] tt_sp_28100000168_p10 ok action=1452 0.724s
[347/1809] tt_sp_28100000169_p8 ok action=1144 0.651s
[348/1809] tt_sp_28100000160_p52 ok action=1648 1.683s
[349/1809] tt_sp_28100000152_p120 ok action=1648 3.494s
[350/1809] tt_sp_28100000155_p90 ok action=1736 2.889s
[351/1809] tt_sp_28100000160_p58 ok action=1260 1.887s
[352/1809] tt_sp_28100000164_p38 ok action=1460 1.53s
[353/1809] tt_sp_28100000158_p68 ok action=1059 2.451s
[354/1809] tt_sp_28100000173_p2 ok action=1244 0.506s
[355/1809] tt_sp_28100000172_p6 ok action=1346 0.555s
[356/1809] tt_sp_28100000174_p4 ok action=1345 0.49s
[357/1809] tt_sp_28100000161_p60 ok action=1061 2.065s
[358/1809] tt_sp_28100000162_p70 ok action=1538 2.35s
[359/1809] tt_sp_28100000169_p92 ok action=1449 1.631s
[360/1809] tt_sp_28100000157_p100 ok action=1036 2.61s
[361/1809] tt_sp_28100000181_p142 ok action=973 0.066s
[362/1809] tt_sp_28100000172_p36 ok action=1045 0.667s
[363/1809] tt_sp_28100000169_p124 ok action=732 1.199s
[364/1809] tt_sp_28100000165_p78 ok action=954 1.466s
[365/1809] tt_sp_28100000163_p86 ok action=1460 1.889s
[366/1809] tt_sp_28100000174_p32 ok action=1237 0.681s
[367/1809] tt_sp_28100000172_p42 ok action=1262 0.907s
[368/1809] tt_sp_28100000164_p108 ok action=532 2.122s
[369/1809] tt_sp_28100000180_p24 ok action=1041 0.266s
[370/1809] tt_sp_28100000164_p80 ok action=1646 2.045s
[371/1809] tt_sp_28100000170_p54 ok action=838 1.488s
[372/1809] tt_sp_28100000178_p34 ok action=851 0.591s
[373/1809] tt_sp_28100000166_p116 ok action=1532 1.953s
[374/1809] tt_sp_28100000176_p42 ok action=1558 0.796s
[375/1809] tt_sp_28100000177_p38 ok action=1336 0.845s
[376/1809] tt_sp_28100000184_p6 ok action=1352 0.631s
[377/1809] tt_sp_28100000162_p78 ok action=1141 2.752s
[378/1809] tt_sp_28100000187_p6 ok action=1255 0.584s
[379/1809] tt_sp_28100000170_p76 ok action=1032 2.091s
[380/1809] tt_sp_28100000189_p2 ok action=1244 0.493s
[381/1809] tt_sp_28100000182_p26 ok action=854 1.163s
[382/1809] tt_sp_28100000168_p108 ok action=745 2.51s
[383/1809] tt_sp_28100000190_p2 ok action=1150 0.478s
[384/1809] tt_sp_28100000184_p26 ok action=1441 1.234s
[385/1809] tt_sp_28100000189_p16 ok action=1040 0.798s
[386/1809] tt_sp_28100000174_p68 ok action=954 1.783s
[387/1809] tt_sp_28100000185_p26 ok action=1258 1.195s
[388/1809] tt_sp_28100000192_p4 ok action=1344 0.536s
[389/1809] tt_sp_28100000178_p120 ok action=1532 1.756s
[390/1809] tt_sp_28100000183_p43 ok action=1437 1.76s
[391/1809] tt_sp_28100000181_p74 ok action=1549 1.873s
[392/1809] tt_sp_28100000194_p10 ok action=1048 0.646s
[393/1809] tt_sp_28100000173_p82 ok action=1648 2.434s
[394/1809] tt_sp_28100000181_p126 ok action=1173 1.814s
[395/1809] tt_sp_28100000171_p90 ok action=846 2.853s
[396/1809] tt_sp_28100000189_p68 ok action=1636 1.464s
[397/1809] tt_sp_28100000175_p96 ok action=1170 2.498s
[398/1809] tt_sp_28100000171_p102 ok action=1472 3.106s
[399/1809] tt_sp_28100000188_p108 ok action=856 1.938s
[400/1809] tt_sp_28100000190_p40 ok action=957 1.671s
[401/1809] tt_sp_28100000189_p122 ok action=1130 2.055s
[402/1809] tt_sp_28100000195_p30 ok action=1139 1.207s
[403/1809] tt_sp_28100000195_p28 ok action=1260 1.335s
[404/1809] tt_sp_28100000192_p45 ok action=1060 1.649s
[405/1809] tt_sp_28100000201_p6 ok action=1352 0.592s
[406/1809] tt_sp_28100000190_p78 ok action=1658 2.036s
[407/1809] tt_sp_28100000180_p102 ok action=1260 3.021s
[408/1809] tt_sp_28100000185_p104 ok action=748 2.929s
[409/1809] tt_sp_28100000201_p32 ok action=1448 1.199s
[410/1809] tt_sp_28100000167_p134 ok action=872 4.632s
[411/1809] tt_sp_28100000183_p129 ok action=1169 3.367s
[412/1809] tt_sp_28100000182_p120 ok action=1748 3.475s
[413/1809] tt_sp_28100000165_p118 ok action=1436 5.15s
[414/1809] tt_sp_28100000205_p4 ok action=1353 0.519s
[415/1809] tt_sp_28100000191_p88 ok action=1033 2.584s
[416/1809] tt_sp_28100000201_p36 ok action=1544 1.506s
[417/1809] tt_sp_28100000197_p78 ok action=847 1.935s
[418/1809] tt_sp_28100000195_p114 ok action=843 2.495s
[419/1809] tt_sp_28100000199_p56 ok action=1233 1.995s
[420/1809] tt_sp_28100000205_p22 ok action=1452 1.034s
[421/1809] tt_sp_28100000204_p28 ok action=1345 1.051s
[422/1809] tt_sp_28100000200_p52 ok action=1338 2.1s
[423/1809] tt_sp_28100000196_p76 ok action=849 2.573s
[424/1809] tt_sp_28100000207_p10 ok action=1247 0.722s
[425/1809] tt_sp_28100000205_p26 ok action=1143 1.211s
[426/1809] tt_sp_28100000198_p56 ok action=952 2.469s
[427/1809] tt_sp_28100000195_p98 ok action=951 2.834s
[428/1809] tt_sp_28100000209_p140 ok action=1648 0.613s
[429/1809] tt_sp_28100000190_p102 ok action=1436 3.692s
[430/1809] tt_sp_28100000203_p48 ok action=1137 1.852s
[431/1809] tt_sp_28100000207_p24 ok action=944 1.096s
[432/1809] tt_sp_28100000194_p122 ok action=961 3.299s
[433/1809] tt_sp_28100000198_p126 ok action=628 2.871s
[434/1809] tt_sp_28100000213_p6 ok action=1347 0.526s
[435/1809] tt_sp_28100000196_p82 ok action=746 3.053s
[436/1809] tt_sp_28100000213_p12 ok action=1053 0.81s
[437/1809] tt_sp_28100000206_p79 ok action=1058 1.524s
[438/1809] tt_sp_28100000199_p78 ok action=1060 3.003s
[439/1809] tt_sp_28100000204_p130 ok action=1848 2.342s
[440/1809] tt_sp_28100000203_p80 ok action=1537 2.504s
[441/1809] tt_sp_28100000215_p18 ok action=950 0.949s
[442/1809] tt_sp_28100000217_p12 ok action=1055 0.74s
[443/1809] tt_sp_28100000210_p52 ok action=1561 1.444s
[444/1809] tt_sp_28100000216_p40 ok action=1436 0.997s
[445/1809] tt_sp_28100000219_p8 ok action=1240 0.612s
[446/1809] tt_sp_28100000217_p20 ok action=1356 0.953s
[447/1809] tt_sp_28100000218_p20 ok action=1352 0.957s
[448/1809] tt_sp_28100000202_p92 ok action=848 3.322s
[449/1809] tt_sp_28100000212_p43 ok action=1240 1.643s
[450/1809] tt_sp_28100000205_p86 ok action=1036 2.41s
[451/1809] tt_sp_28100000217_p116 ok action=1464 1.427s
[452/1809] tt_sp_28100000210_p106 ok action=1368 2.234s
[453/1809] tt_sp_28100000225_p140 ok action=852 0.382s
[454/1809] tt_sp_28100000216_p56 ok action=1656 1.828s
[455/1809] tt_sp_28100000206_p111 ok action=1033 2.867s
[456/1809] tt_sp_28100000224_p10 ok action=1252 0.683s
[457/1809] tt_sp_28100000204_p124 ok action=846 3.949s
[458/1809] tt_sp_28100000216_p80 ok action=932 2.347s
[459/1809] tt_sp_28100000207_p88 ok action=839 3.054s
[460/1809] tt_sp_28100000219_p50 ok action=954 1.89s
[461/1809] tt_sp_28100000226_p6 ok action=1253 0.591s
[462/1809] tt_sp_28100000224_p26 ok action=1162 1.215s
[463/1809] tt_sp_28100000220_p110 ok action=939 1.834s
[464/1809] tt_sp_28100000218_p62 ok action=1433 2.161s
[465/1809] tt_sp_28100000216_p86 ok action=1060 2.614s
[466/1809] tt_sp_28100000203_p138 ok action=844 4.584s
[467/1809] tt_sp_28100000218_p82 ok action=1425 2.311s
[468/1809] tt_sp_28100000221_p52 ok action=1436 2.101s
[469/1809] tt_sp_28100000230_p10 ok action=1240 0.64s
[470/1809] tt_sp_28100000223_p50 ok action=1546 2.005s
[471/1809] tt_sp_28100000226_p48 ok action=1037 1.593s
[472/1809] tt_sp_28100000212_p123 ok action=1364 3.66s
[473/1809] tt_sp_28100000209_p134 ok action=1337 4.053s
[474/1809] tt_sp_28100000220_p102 ok action=1548 2.792s
[475/1809] tt_sp_28100000215_p88 ok action=1432 3.526s
[476/1809] tt_sp_28100000227_p36 ok action=1561 1.545s
[477/1809] tt_sp_28100000232_p14 ok action=1144 0.813s
[478/1809] tt_sp_28100000231_p20 ok action=1043 1.016s
[479/1809] tt_sp_28100000231_p24 ok action=1036 1.0s
[480/1809] tt_sp_28100000232_p8 ok action=1049 0.637s
[481/1809] tt_sp_28100000231_p28 ok action=1049 1.191s
[482/1809] tt_sp_28100000233_p6 ok action=1344 0.723s
[483/1809] tt_sp_28100000211_p130 ok action=1172 4.375s
[484/1809] tt_sp_28100000222_p70 ok action=1559 3.063s
[485/1809] tt_sp_28100000236_p6 ok action=1254 0.569s
[486/1809] tt_sp_28100000232_p72 ok action=1545 1.356s
[487/1809] tt_sp_28100000238_p6 ok action=1349 0.563s
[488/1809] tt_sp_28100000221_p106 ok action=961 3.432s
[489/1809] tt_sp_28100000224_p72 ok action=1468 2.97s
[490/1809] tt_sp_28100000233_p30 ok action=1254 1.341s
[491/1809] tt_sp_28100000227_p64 ok action=1334 2.554s
[492/1809] tt_sp_28100000222_p98 ok action=1464 3.594s
[493/1809] tt_sp_28100000238_p26 ok action=1140 1.011s
[494/1809] tt_sp_28100000228_p66 ok action=932 2.342s
[495/1809] tt_sp_28100000241_p10 ok action=1256 0.723s
[496/1809] tt_sp_28100000246_p142 ok action=856 0.088s
[497/1809] tt_sp_28100000239_p26 ok action=1440 1.161s
[498/1809] tt_sp_28100000223_p132 ok action=1573 3.817s
[499/1809] tt_sp_28100000222_p122 ok action=1273 4.11s
[500/1809] tt_sp_28100000229_p91 ok action=1135 2.6s
[501/1809] tt_sp_28100000225_p84 ok action=1338 3.68s
[502/1809] tt_sp_28100000235_p61 ok action=844 1.819s
[503/1809] tt_sp_28100000230_p140 ok action=1133 2.775s
[504/1809] tt_sp_28100000229_p85 ok action=1366 2.8s
[505/1809] tt_sp_28100000240_p24 ok action=1157 1.219s
[506/1809] tt_sp_28100000234_p74 ok action=1560 2.225s
[507/1809] tt_sp_28100000226_p134 ok action=756 4.035s
[508/1809] tt_sp_28100000241_p39 ok action=1540 1.397s
[509/1809] tt_sp_28100000238_p60 ok action=1058 2.031s
[510/1809] tt_sp_28100000236_p76 ok action=1560 2.292s
[511/1809] tt_sp_28100000231_p118 ok action=964 3.24s
[512/1809] tt_sp_28100000250_p4 ok action=1151 0.545s
[513/1809] tt_sp_28100000235_p87 ok action=1039 2.528s
[514/1809] tt_sp_28100000243_p46 ok action=942 1.895s
[515/1809] tt_sp_28100000239_p90 ok action=1756 2.296s
[516/1809] tt_sp_28100000249_p38 ok action=1332 1.185s
[517/1809] tt_sp_28100000241_p69 ok action=961 2.16s
[518/1809] tt_sp_28100000255_p140 ok action=1648 0.387s
[519/1809] tt_sp_28100000250_p34 ok action=1052 1.25s
[520/1809] tt_sp_28100000246_p38 ok action=1440 1.662s
[521/1809] tt_sp_28100000250_p78 ok action=1367 1.308s
[522/1809] tt_sp_28100000245_p61 ok action=1134 2.027s
[523/1809] tt_sp_28100000253_p18 ok action=1154 0.904s
[524/1809] tt_sp_28100000238_p120 ok action=640 3.202s
[525/1809] tt_sp_28100000240_p64 ok action=1549 2.724s
[526/1809] tt_sp_28100000248_p40 ok action=957 1.911s
[527/1809] tt_sp_28100000247_p50 ok action=1048 2.091s
[528/1809] tt_sp_28100000244_p110 ok action=955 2.355s
[529/1809] tt_sp_28100000250_p104 ok action=1570 1.835s
[530/1809] tt_sp_28100000227_p136 ok action=844 5.192s
[531/1809] tt_sp_28100000258_p2 ok action=1348 0.459s
[532/1809] tt_sp_28100000248_p86 ok action=852 2.129s
[533/1809] tt_sp_28100000244_p104 ok action=847 2.654s
[534/1809] tt_sp_28100000257_p16 ok action=1345 0.928s
[535/1809] tt_sp_28100000243_p92 ok action=1838 2.906s
[536/1809] tt_sp_28100000258_p4 ok action=1145 0.605s
[537/1809] tt_sp_28100000256_p140 ok action=1429 1.119s
[538/1809] tt_sp_28100000260_p8 ok action=1158 0.63s
[539/1809] tt_sp_28100000251_p108 ok action=837 2.561s
[540/1809] tt_sp_28100000253_p54 ok action=1254 2.064s
[541/1809] tt_sp_28100000246_p100 ok action=1343 3.239s
[542/1809] tt_sp_28100000263_p14 ok action=1352 0.772s
[543/1809] tt_sp_28100000248_p130 ok action=1167 3.156s
[544/1809] tt_sp_28100000241_p125 ok action=962 4.028s
[545/1809] tt_sp_28100000251_p72 ok action=966 2.536s
[546/1809] tt_sp_28100000262_p22 ok action=1546 1.032s
[547/1809] tt_sp_28100000256_p68 ok action=1239 1.997s
[548/1809] tt_sp_28100000265_p10 ok action=1353 0.621s
[549/1809] tt_sp_28100000261_p30 ok action=1453 1.333s
[550/1809] tt_sp_28100000262_p26 ok action=1545 1.232s
[551/1809] tt_sp_28100000257_p62 ok action=1056 2.03s
[552/1809] tt_sp_28100000264_p34 ok action=1440 1.211s
[553/1809] tt_sp_28100000262_p30 ok action=1546 1.432s
[554/1809] tt_sp_28100000258_p122 ok action=1764 2.316s
[555/1809] tt_sp_28100000268_p10 ok action=1248 0.826s
[556/1809] tt_sp_28100000261_p118 ok action=853 2.216s
[557/1809] tt_sp_28100000253_p82 ok action=864 3.413s
[558/1809] tt_sp_28100000264_p94 ok action=1334 1.944s
[559/1809] tt_sp_28100000266_p40 ok action=1544 1.431s
[560/1809] tt_sp_28100000266_p140 ok action=1745 1.589s
[561/1809] tt_sp_28100000257_p92 ok action=957 3.136s
[562/1809] tt_sp_28100000273_p9 ok action=1347 0.712s
[563/1809] tt_sp_28100000259_p87 ok action=1747 3.011s
[564/1809] tt_sp_28100000274_p6 ok action=1241 0.568s
[565/1809] tt_sp_28100000265_p136 ok action=740 2.005s
[566/1809] tt_sp_28100000257_p94 ok action=942 3.465s
[567/1809] tt_sp_28100000265_p54 ok action=1552 2.166s
[568/1809] tt_sp_28100000254_p104 ok action=961 4.315s
[569/1809] tt_sp_28100000264_p114 ok action=1560 2.906s
[570/1809] tt_sp_28100000259_p121 ok action=736 3.499s
[571/1809] tt_sp_28100000274_p22 ok action=1161 0.976s
[572/1809] tt_sp_28100000267_p78 ok action=1368 2.088s
[573/1809] tt_sp_28100000260_p114 ok action=1548 3.53s
[574/1809] tt_sp_28100000266_p66 ok action=840 2.32s
[575/1809] tt_sp_28100000268_p70 ok action=1058 2.267s
[576/1809] tt_sp_28100000278_p10 ok action=1241 0.7s
[577/1809] tt_sp_28100000252_p100 ok action=1533 5.178s
[578/1809] tt_sp_28100000278_p22 ok action=1448 1.012s
[579/1809] tt_sp_28100000279_p8 ok action=1052 0.852s
[580/1809] tt_sp_28100000271_p124 ok action=1637 2.602s
[581/1809] tt_sp_28100000272_p133 ok action=1036 2.552s
[582/1809] tt_sp_28100000273_p103 ok action=1269 2.501s
[583/1809] tt_sp_28100000263_p134 ok action=1033 4.012s
[584/1809] tt_sp_28100000278_p30 ok action=1057 1.124s
[585/1809] tt_sp_28100000269_p94 ok action=960 2.966s
[586/1809] tt_sp_28100000285_p142 ok action=938 0.151s
[587/1809] tt_sp_28100000260_p126 ok action=1646 4.553s
[588/1809] tt_sp_28100000280_p30 ok action=1241 1.192s
[589/1809] tt_sp_28100000270_p118 ok action=1064 3.034s
[590/1809] tt_sp_28100000283_p18 ok action=1143 0.925s
[591/1809] tt_sp_28100000275_p65 ok action=836 2.15s
[592/1809] tt_sp_28100000286_p2 ok action=1148 0.536s
[593/1809] tt_sp_28100000276_p48 ok action=1553 2.35s
[594/1809] tt_sp_28100000275_p71 ok action=1158 2.41s
[595/1809] tt_sp_28100000288_p6 ok action=1253 0.497s
[596/1809] tt_sp_28100000284_p18 ok action=1341 0.953s
[597/1809] tt_sp_28100000281_p140 ok action=869 1.879s
[598/1809] tt_sp_28100000286_p22 ok action=1137 0.954s
[599/1809] tt_sp_28100000289_p10 ok action=1444 0.678s
[600/1809] tt_sp_28100000282_p127 ok action=1741 2.081s
[601/1809] tt_sp_28100000282_p51 ok action=942 2.032s
[602/1809] tt_sp_28100000281_p116 ok action=1132 2.261s
[603/1809] tt_sp_28100000279_p56 ok action=1065 2.398s
[604/1809] tt_sp_28100000285_p46 ok action=959 1.411s
[605/1809] tt_sp_28100000277_p80 ok action=1375 2.756s
[606/1809] tt_sp_28100000253_p136 ok action=1230 7.154s
[607/1809] tt_sp_28100000276_p70 ok action=1169 3.163s
[608/1809] tt_sp_28100000287_p34 ok action=849 1.504s
[609/1809] tt_sp_28100000289_p32 ok action=1157 1.183s
[610/1809] tt_sp_28100000291_p17 ok action=1449 0.836s
[611/1809] tt_sp_28100000289_p36 ok action=1044 1.196s
[612/1809] tt_sp_28100000290_p26 ok action=1545 1.067s
[613/1809] tt_sp_28100000292_p12 ok action=1140 0.793s
[614/1809] tt_sp_28100000284_p68 ok action=1421 2.015s
[615/1809] tt_sp_28100000283_p110 ok action=828 2.575s
[616/1809] tt_sp_28100000288_p54 ok action=1256 1.746s
[617/1809] tt_sp_28100000298_p142 ok action=1065 0.11s
[618/1809] tt_sp_28100000287_p68 ok action=1264 1.94s
[619/1809] tt_sp_28100000270_p136 ok action=939 5.241s
[620/1809] tt_sp_28100000290_p102 ok action=1437 1.696s
[621/1809] tt_sp_28100000274_p130 ok action=1657 4.781s
[622/1809] tt_sp_28100000284_p108 ok action=1660 2.774s
[623/1809] tt_sp_28100000299_p10 ok action=1345 0.612s
[624/1809] tt_sp_28100000290_p44 ok action=845 1.834s
[625/1809] tt_sp_28100000293_p49 ok action=1748 1.46s
[626/1809] tt_sp_28100000294_p40 ok action=1546 1.412s
[627/1809] tt_sp_28100000285_p98 ok action=960 2.991s
[628/1809] tt_sp_28100000291_p53 ok action=1256 2.126s
[629/1809] tt_sp_28100000301_p4 ok action=1048 0.532s
[630/1809] tt_sp_28100000275_p119 ok action=1436 5.131s
[631/1809] tt_sp_28100000302_p10 ok action=1353 0.716s
[632/1809] tt_sp_28100000298_p42 ok action=1360 1.484s
[633/1809] tt_sp_28100000291_p97 ok action=1135 2.452s
[634/1809] tt_sp_28100000284_p104 ok action=1167 4.053s
[635/1809] tt_sp_28100000297_p40 ok action=944 1.752s
[636/1809] tt_sp_28100000299_p38 ok action=1549 1.653s
[637/1809] tt_sp_28100000296_p56 ok action=1061 1.924s
[638/1809] tt_sp_28100000294_p90 ok action=1756 2.127s
[639/1809] tt_sp_28100000295_p64 ok action=1332 2.067s
[640/1809] tt_sp_28100000299_p40 ok action=853 1.639s
[641/1809] tt_sp_28100000277_p102 ok action=1663 5.391s
[642/1809] tt_sp_28100000305_p2 ok action=1148 0.51s
[643/1809] tt_sp_28100000294_p98 ok action=1760 2.427s
[644/1809] tt_sp_28100000300_p38 ok action=1447 1.559s
[645/1809] tt_sp_28100000267_p140 ok action=1564 7.334s
[646/1809] tt_sp_28100000297_p72 ok action=841 2.46s
[647/1809] tt_sp_28100000303_p32 ok action=1162 1.388s
[648/1809] tt_sp_28100000293_p79 ok action=966 3.004s
[649/1809] tt_sp_28100000300_p108 ok action=1657 2.016s
[650/1809] tt_sp_28100000295_p90 ok action=856 2.758s
[651/1809] tt_sp_28100000312_p142 ok action=835 0.11s
[652/1809] tt_sp_28100000301_p54 ok action=845 2.149s
[653/1809] tt_sp_28100000299_p70 ok action=1232 2.578s
[654/1809] tt_sp_28100000309_p22 ok action=1444 1.032s
[655/1809] tt_sp_28100000312_p8 ok action=1241 0.665s
[656/1809] tt_sp_28100000313_p4 ok action=1150 0.61s
[657/1809] tt_sp_28100000303_p106 ok action=833 2.435s
[658/1809] tt_sp_28100000293_p107 ok action=1132 4.284s
[659/1809] tt_sp_28100000294_p114 ok action=764 4.207s
[660/1809] tt_sp_28100000306_p104 ok action=1536 2.185s
[661/1809] tt_sp_28100000310_p38 ok action=1137 1.634s
[662/1809] tt_sp_28100000304_p106 ok action=1752 2.597s
[663/1809] tt_sp_28100000314_p6 ok action=1253 0.585s
[664/1809] tt_sp_28100000309_p82 ok action=1745 1.953s
[665/1809] tt_sp_28100000314_p16 ok action=1448 0.896s
[666/1809] tt_sp_28100000302_p124 ok action=1632 3.059s
[667/1809] tt_sp_28100000301_p80 ok action=1643 3.446s
[668/1809] tt_sp_28100000307_p80 ok action=741 2.55s
[669/1809] tt_sp_28100000311_p96 ok action=1552 2.082s
[670/1809] tt_sp_28100000307_p78 ok action=1661 2.696s
[671/1809] tt_sp_28100000311_p112 ok action=1164 2.229s
[672/1809] tt_sp_28100000312_p116 ok action=743 1.939s
[673/1809] tt_sp_28100000317_p6 ok action=1350 0.538s
[674/1809] tt_sp_28100000304_p66 ok action=1040 3.146s
[675/1809] tt_sp_28100000313_p52 ok action=954 1.941s
[676/1809] tt_sp_28100000319_p8 ok action=1344 0.619s
[677/1809] tt_sp_28100000318_p23 ok action=1040 0.965s
[678/1809] tt_sp_28100000309_p90 ok action=1532 3.049s
[679/1809] tt_sp_28100000310_p122 ok action=748 3.124s
[680/1809] tt_sp_28100000316_p44 ok action=1332 1.418s
[681/1809] tt_sp_28100000323_p2 ok action=1246 0.411s
[682/1809] tt_sp_28100000312_p68 ok action=1442 2.85s
[683/1809] tt_sp_28100000323_p4 ok action=1352 0.531s
[684/1809] tt_sp_28100000321_p22 ok action=1048 1.135s
[685/1809] tt_sp_28100000317_p36 ok action=1145 1.733s
[686/1809] tt_sp_28100000316_p136 ok action=1060 1.895s
[687/1809] tt_sp_28100000314_p60 ok action=1536 2.464s
[688/1809] tt_sp_28100000318_p97 ok action=1637 1.935s
[689/1809] tt_sp_28100000324_p10 ok action=1243 0.659s
[690/1809] tt_sp_28100000309_p110 ok action=1643 4.111s
[691/1809] tt_sp_28100000316_p116 ok action=1072 2.293s
[692/1809] tt_sp_28100000314_p112 ok action=836 3.16s
[693/1809] tt_sp_28100000320_p54 ok action=1341 1.869s
[694/1809] tt_sp_28100000324_p30 ok action=1442 1.003s
[695/1809] tt_sp_28100000327_p140 ok action=1065 0.394s
[696/1809] tt_sp_28100000316_p106 ok action=1030 2.688s
[697/1809] tt_sp_28100000326_p10 ok action=1350 0.681s
[698/1809] tt_sp_28100000326_p12 ok action=1044 0.755s
[699/1809] tt_sp_28100000292_p140 ok action=828 7.211s
[700/1809] tt_sp_28100000308_p130 ok action=1560 4.665s
[701/1809] tt_sp_28100000322_p54 ok action=1064 2.044s
[702/1809] tt_sp_28100000304_p138 ok action=1456 5.439s
[703/1809] tt_sp_28100000307_p118 ok action=1132 5.037s
[704/1809] tt_sp_28100000323_p48 ok action=1456 1.735s
[705/1809] tt_sp_28100000322_p94 ok action=1364 2.361s
[706/1809] tt_sp_28100000322_p74 ok action=1072 2.435s
[707/1809] tt_sp_28100000315_p90 ok action=1329 3.731s
[708/1809] tt_sp_28100000308_p120 ok action=1047 5.409s
[709/1809] tt_sp_28100000328_p22 ok action=1241 1.104s
[710/1809] tt_sp_28100000330_p16 ok action=1445 0.847s
[711/1809] tt_sp_28100000321_p108 ok action=1868 3.011s
[712/1809] tt_sp_28100000326_p52 ok action=1063 1.849s
[713/1809] tt_sp_28100000324_p72 ok action=1232 2.474s
[714/1809] tt_sp_28100000321_p84 ok action=1752 3.352s
[715/1809] tt_sp_28100000336_p5 ok action=1147 0.528s
[716/1809] tt_sp_28100000332_p42 ok action=1136 1.358s
[717/1809] tt_sp_28100000334_p24 ok action=1442 1.127s
[718/1809] tt_sp_28100000329_p34 ok action=1360 1.57s
[719/1809] tt_sp_28100000327_p68 ok action=1745 2.086s
[720/1809] tt_sp_28100000330_p84 ok action=1655 1.677s
[721/1809] tt_sp_28100000325_p74 ok action=1452 2.678s
[722/1809] tt_sp_28100000328_p74 ok action=1041 2.29s
[723/1809] tt_sp_28100000338_p2 ok action=1150 0.525s
[724/1809] tt_sp_28100000338_p8 ok action=1347 0.658s
[725/1809] tt_sp_28100000328_p76 ok action=1561 2.363s
[726/1809] tt_sp_28100000323_p116 ok action=1761 3.894s
[727/1809] tt_sp_28100000330_p126 ok action=1424 2.474s
[728/1809] tt_sp_28100000341_p16 ok action=1354 0.794s
[729/1809] tt_sp_28100000332_p66 ok action=954 2.397s
[730/1809] tt_sp_28100000335_p52 ok action=1263 1.935s
[731/1809] tt_sp_28100000334_p74 ok action=945 2.292s
[732/1809] tt_sp_28100000340_p30 ok action=1545 1.184s
[733/1809] tt_sp_28100000346_p2 ok action=1252 0.428s
[734/1809] tt_sp_28100000325_p104 ok action=1752 4.041s
[735/1809] tt_sp_28100000337_p52 ok action=1456 2.021s
[736/1809] tt_sp_28100000334_p82 ok action=942 2.509s
[737/1809] tt_sp_28100000327_p94 ok action=1752 3.546s
[738/1809] tt_sp_28100000345_p26 ok action=1255 0.984s
[739/1809] tt_sp_28100000313_p138 ok action=1536 7.084s
[740/1809] tt_sp_28100000339_p48 ok action=1160 1.776s
[741/1809] tt_sp_28100000319_p134 ok action=1751 5.75s
[742/1809] tt_sp_28100000337_p56 ok action=1460 1.989s
[743/1809] tt_sp_28100000326_p124 ok action=1537 4.071s
[744/1809] tt_sp_28100000346_p18 ok action=1361 0.928s
[745/1809] tt_sp_28100000335_p80 ok action=1453 2.838s
[746/1809] tt_sp_28100000335_p132 ok action=860 3.176s
[747/1809] tt_sp_28100000338_p106 ok action=830 2.379s
[748/1809] tt_sp_28100000338_p130 ok action=940 2.407s
[749/1809] tt_sp_28100000351_p8 ok action=1240 0.597s
[750/1809] tt_sp_28100000334_p114 ok action=1169 3.676s
[751/1809] tt_sp_28100000350_p20 ok action=1055 0.944s
[752/1809] tt_sp_28100000342_p68 ok action=1649 2.309s
[753/1809] tt_sp_28100000342_p70 ok action=1136 2.284s
[754/1809] tt_sp_28100000333_p104 ok action=1119 3.976s
[755/1809] tt_sp_28100000335_p96 ok action=1549 3.332s
[756/1809] tt_sp_28100000349_p32 ok action=1061 1.386s
[757/1809] tt_sp_28100000356_p2 ok action=1244 0.406s
[758/1809] tt_sp_28100000355_p4 ok action=1345 0.576s
[759/1809] tt_sp_28100000343_p134 ok action=936 2.477s
[760/1809] tt_sp_28100000342_p76 ok action=1061 2.494s
[761/1809] tt_sp_28100000352_p26 ok action=1444 1.184s
[762/1809] tt_sp_28100000344_p78 ok action=958 2.386s
[763/1809] tt_sp_28100000351_p34 ok action=1455 1.49s
[764/1809] tt_sp_28100000350_p44 ok action=1444 1.707s
[765/1809] tt_sp_28100000348_p48 ok action=1360 2.053s
[766/1809] tt_sp_28100000356_p18 ok action=1156 0.93s
[767/1809] tt_sp_28100000329_p134 ok action=1164 5.04s
[768/1809] tt_sp_28100000360_p2 ok action=1244 0.511s
[769/1809] tt_sp_28100000345_p98 ok action=1639 2.651s
[770/1809] tt_sp_28100000361_p3 ok action=1150 0.536s
[771/1809] tt_sp_28100000356_p22 ok action=1263 1.092s
[772/1809] tt_sp_28100000366_p142 ok action=740 0.121s
[773/1809] tt_sp_28100000356_p30 ok action=1360 1.2s
[774/1809] tt_sp_28100000346_p82 ok action=1470 2.639s
[775/1809] tt_sp_28100000347_p108 ok action=1229 2.671s
[776/1809] tt_sp_28100000357_p54 ok action=1052 1.384s
[777/1809] tt_sp_28100000351_p78 ok action=1661 2.293s
[778/1809] tt_sp_28100000365_p10 ok action=1256 0.69s
[779/1809] tt_sp_28100000359_p38 ok action=1262 1.39s
[780/1809] tt_sp_28100000346_p120 ok action=748 3.495s
[781/1809] tt_sp_28100000363_p30 ok action=1233 1.326s
[782/1809] tt_sp_28100000354_p108 ok action=1133 2.276s
[783/1809] tt_sp_28100000368_p6 ok action=1349 0.542s
[784/1809] tt_sp_28100000357_p62 ok action=1160 2.039s
[785/1809] tt_sp_28100000354_p76 ok action=1225 2.481s
[786/1809] tt_sp_28100000359_p66 ok action=1744 1.854s
[787/1809] tt_sp_28100000368_p22 ok action=1352 0.982s
[788/1809] tt_sp_28100000352_p96 ok action=1070 3.097s
[789/1809] tt_sp_28100000353_p136 ok action=1649 3.118s
[790/1809] tt_sp_28100000369_p22 ok action=948 1.015s
[791/1809] tt_sp_28100000371_p12 ok action=1140 0.784s
[792/1809] tt_sp_28100000349_p88 ok action=1362 3.619s
[793/1809] tt_sp_28100000350_p124 ok action=1231 3.595s
[794/1809] tt_sp_28100000366_p36 ok action=1248 1.547s
[795/1809] tt_sp_28100000363_p76 ok action=848 2.002s
[796/1809] tt_sp_28100000373_p20 ok action=1340 0.795s
[797/1809] tt_sp_28100000360_p76 ok action=1360 2.278s
[798/1809] tt_sp_28100000370_p28 ok action=1452 1.382s
[799/1809] tt_sp_28100000364_p58 ok action=952 2.326s
[800/1809] tt_sp_28100000375_p20 ok action=1140 0.898s
[801/1809] tt_sp_28100000367_p54 ok action=956 1.93s
[802/1809] tt_sp_28100000358_p66 ok action=959 3.121s
[803/1809] tt_sp_28100000365_p110 ok action=1652 2.225s
[804/1809] tt_sp_28100000355_p88 ok action=1744 3.424s
[805/1809] tt_sp_28100000376_p13 ok action=1444 0.811s
[806/1809] tt_sp_28100000372_p44 ok action=1363 1.471s
[807/1809] tt_sp_28100000364_p72 ok action=949 2.627s
[808/1809] tt_sp_28100000380_p10 ok action=1446 0.67s
[809/1809] tt_sp_28100000373_p44 ok action=948 1.49s
[810/1809] tt_sp_28100000352_p130 ok action=1752 4.365s
[811/1809] tt_sp_28100000378_p24 ok action=1256 1.075s
[812/1809] tt_sp_28100000375_p50 ok action=1640 0.742s
[813/1809] tt_sp_28100000383_p4 ok action=1252 -0.163s
[814/1809] tt_sp_28100000379_p46 ok action=1062 0.454s
[815/1809] tt_sp_28100000369_p120 ok action=753 1.794s
[816/1809] tt_sp_28100000385_p4 ok action=1354 -0.202s
[817/1809] tt_sp_28100000382_p16 ok action=1444 0.18s
[818/1809] tt_sp_28100000378_p92 ok action=756 0.846s
[819/1809] tt_sp_28100000372_p64 ok action=1568 1.673s
[820/1809] tt_sp_28100000378_p94 ok action=1333 1.063s
[821/1809] tt_sp_28100000379_p96 ok action=1052 0.991s
[822/1809] tt_sp_28100000373_p62 ok action=1458 1.74s
[823/1809] tt_sp_28100000383_p34 ok action=1363 0.657s
[824/1809] tt_sp_28100000364_p90 ok action=959 3.098s
[825/1809] tt_sp_28100000374_p66 ok action=1256 1.883s
[826/1809] tt_sp_28100000377_p95 ok action=1759 1.576s
[827/1809] tt_sp_28100000380_p56 ok action=1239 1.083s
[828/1809] tt_sp_28100000379_p126 ok action=1524 1.511s
[829/1809] tt_sp_28100000385_p34 ok action=941 0.79s
[830/1809] tt_sp_28100000388_p22 ok action=946 1.072s
[831/1809] tt_sp_28100000390_p20 ok action=1452 0.804s
[832/1809] tt_sp_28100000390_p14 ok action=1240 0.83s
[833/1809] tt_sp_28100000384_p64 ok action=1436 0.98s
[834/1809] tt_sp_28100000386_p30 ok action=1350 0.856s
[835/1809] tt_sp_28100000382_p48 ok action=1052 1.262s
[836/1809] tt_sp_28100000392_p10 ok action=1152 0.708s
[837/1809] tt_sp_28100000390_p24 ok action=1452 0.954s
[838/1809] tt_sp_28100000362_p126 ok action=1067 4.277s
[839/1809] tt_sp_28100000380_p128 ok action=1032 1.749s
[840/1809] tt_sp_28100000394_p8 ok action=1345 0.668s
[841/1809] tt_sp_28100000367_p136 ok action=1064 3.694s
[842/1809] tt_sp_28100000386_p58 ok action=1366 1.346s
[843/1809] tt_sp_28100000387_p54 ok action=860 1.997s
[844/1809] tt_sp_28100000399_p16 ok action=1452 0.773s
[845/1809] tt_sp_28100000380_p86 ok action=1460 2.07s
[846/1809] tt_sp_28100000391_p40 ok action=1452 1.641s
[847/1809] tt_sp_28100000389_p52 ok action=1264 2.188s
[848/1809] tt_sp_28100000395_p32 ok action=1458 1.299s
[849/1809] tt_sp_28100000364_p124 ok action=1125 5.042s
[850/1809] tt_sp_28100000389_p94 ok action=1173 2.439s
[851/1809] tt_sp_28100000381_p137 ok action=872 2.635s
[852/1809] tt_sp_28100000393_p54 ok action=953 1.869s
[853/1809] tt_sp_28100000400_p42 ok action=1364 1.484s
[854/1809] tt_sp_28100000392_p108 ok action=774 2.222s
[855/1809] tt_sp_28100000401_p42 ok action=1234 1.578s
[856/1809] tt_sp_28100000406_p12 ok action=1152 0.791s
[857/1809] tt_sp_28100000402_p36 ok action=1045 1.507s
[858/1809] tt_sp_28100000386_p96 ok action=1061 2.762s
[859/1809] tt_sp_28100000392_p100 ok action=1428 2.583s
[860/1809] tt_sp_28100000402_p42 ok action=953 1.437s
[861/1809] tt_sp_28100000397_p64 ok action=1440 2.226s
[862/1809] tt_sp_28100000388_p90 ok action=1648 3.403s
[863/1809] tt_sp_28100000406_p26 ok action=1260 1.111s
[864/1809] tt_sp_28100000407_p26 ok action=1649 0.97s
[865/1809] tt_sp_28100000403_p58 ok action=1651 1.598s
[866/1809] tt_sp_28100000409_p16 ok action=1142 0.947s
[867/1809] tt_sp_28100000401_p94 ok action=1268 2.035s
[868/1809] tt_sp_28100000401_p80 ok action=1132 2.119s
[869/1809] tt_sp_28100000394_p72 ok action=1064 2.898s
[870/1809] tt_sp_28100000398_p64 ok action=1337 2.837s
[871/1809] tt_sp_28100000412_p4 ok action=1240 0.546s
[872/1809] tt_sp_28100000402_p110 ok action=1754 2.318s
[873/1809] tt_sp_28100000400_p112 ok action=1165 2.849s
[874/1809] tt_sp_28100000415_p2 ok action=1245 0.443s
[875/1809] tt_sp_28100000415_p6 ok action=1244 0.562s
[876/1809] tt_sp_28100000407_p88 ok action=1338 1.985s
[877/1809] tt_sp_28100000399_p102 ok action=1468 3.431s
[878/1809] tt_sp_28100000415_p8 ok action=1241 0.679s
[879/1809] tt_sp_28100000409_p65 ok action=1261 1.925s
[880/1809] tt_sp_28100000395_p120 ok action=944 3.791s
[881/1809] tt_sp_28100000408_p66 ok action=1434 2.183s
[882/1809] tt_sp_28100000417_p6 ok action=1255 0.596s
[883/1809] tt_sp_28100000414_p30 ok action=1256 1.196s
[884/1809] tt_sp_28100000411_p50 ok action=1340 1.836s
[885/1809] tt_sp_28100000412_p44 ok action=1265 1.619s
[886/1809] tt_sp_28100000410_p134 ok action=1755 2.239s
[887/1809] tt_sp_28100000405_p80 ok action=1264 3.044s
[888/1809] tt_sp_28100000396_p130 ok action=1544 4.2s
[889/1809] tt_sp_28100000413_p108 ok action=1031 1.673s
[890/1809] tt_sp_28100000419_p8 ok action=1352 0.637s
[891/1809] tt_sp_28100000423_p142 ok action=1272 0.109s
[892/1809] tt_sp_28100000410_p60 ok action=837 2.615s
[893/1809] tt_sp_28100000405_p128 ok action=1536 3.61s
[894/1809] tt_sp_28100000403_p130 ok action=1465 3.761s
[895/1809] tt_sp_28100000411_p72 ok action=950 2.551s
[896/1809] tt_sp_28100000412_p64 ok action=1437 2.261s
[897/1809] tt_sp_28100000411_p136 ok action=1069 2.675s
[898/1809] tt_sp_28100000423_p4 ok action=1152 0.679s
[899/1809] tt_sp_28100000421_p140 ok action=864 1.08s
[900/1809] tt_sp_28100000416_p66 ok action=844 2.049s
[901/1809] tt_sp_28100000427_p140 ok action=937 0.071s
[902/1809] tt_sp_28100000420_p28 ok action=1236 1.322s
[903/1809] tt_sp_28100000397_p128 ok action=1556 5.221s
[904/1809] tt_sp_28100000420_p42 ok action=1553 1.558s
[905/1809] tt_sp_28100000414_p86 ok action=837 2.706s
[906/1809] tt_sp_28100000410_p82 ok action=1333 3.322s
[907/1809] tt_sp_28100000416_p92 ok action=1566 2.247s
[908/1809] tt_sp_28100000413_p60 ok action=1252 2.785s
[909/1809] tt_sp_28100000423_p38 ok action=1361 1.377s
[910/1809] tt_sp_28100000420_p52 ok action=852 1.779s
[911/1809] tt_sp_28100000430_p4 ok action=1152 0.484s
[912/1809] tt_sp_28100000424_p28 ok action=1445 1.244s
[913/1809] tt_sp_28100000425_p16 ok action=1260 0.99s
[914/1809] tt_sp_28100000425_p22 ok action=1242 0.98s
[915/1809] tt_sp_28100000431_p4 ok action=1152 0.513s
[916/1809] tt_sp_28100000426_p21 ok action=1452 0.963s
[917/1809] tt_sp_28100000427_p24 ok action=1360 0.932s
[918/1809] tt_sp_28100000423_p48 ok action=1446 1.812s
[919/1809] tt_sp_28100000422_p80 ok action=854 2.389s
[920/1809] tt_sp_28100000437_p16 ok action=1340 0.918s
[921/1809] tt_sp_28100000419_p102 ok action=1859 3.134s
[922/1809] tt_sp_28100000421_p122 ok action=1958 2.89s
[923/1809] tt_sp_28100000427_p128 ok action=950 1.836s
[924/1809] tt_sp_28100000437_p24 ok action=1144 0.949s
[925/1809] tt_sp_28100000425_p88 ok action=970 1.976s
[926/1809] tt_sp_28100000435_p22 ok action=945 1.153s
[927/1809] tt_sp_28100000411_p118 ok action=1470 4.749s
[928/1809] tt_sp_28100000436_p32 ok action=1165 1.339s
[929/1809] tt_sp_28100000438_p18 ok action=1359 0.989s
[930/1809] tt_sp_28100000412_p134 ok action=1632 4.842s
[931/1809] tt_sp_28100000424_p72 ok action=1232 2.846s
[932/1809] tt_sp_28100000428_p100 ok action=1563 2.351s
[933/1809] tt_sp_28100000377_p137 ok action=927 9.31s
[934/1809] tt_sp_28100000435_p60 ok action=1460 1.921s
[935/1809] tt_sp_28100000438_p34 ok action=1040 1.38s
[936/1809] tt_sp_28100000424_p96 ok action=1749 2.992s
[937/1809] tt_sp_28100000440_p24 ok action=1141 1.013s
[938/1809] tt_sp_28100000436_p54 ok action=1651 2.119s
[939/1809] tt_sp_28100000419_p138 ok action=738 4.353s
[940/1809] tt_sp_28100000447_p2 ok action=1149 0.417s
[941/1809] tt_sp_28100000440_p42 ok action=1136 1.317s
[942/1809] tt_sp_28100000418_p112 ok action=766 4.575s
[943/1809] tt_sp_28100000446_p4 ok action=1253 0.566s
[944/1809] tt_sp_28100000434_p120 ok action=1652 2.684s
[945/1809] tt_sp_28100000434_p90 ok action=1369 2.678s
[946/1809] tt_sp_28100000444_p35 ok action=1040 1.207s
[947/1809] tt_sp_28100000445_p26 ok action=1456 1.059s
[948/1809] tt_sp_28100000432_p80 ok action=1336 3.16s
[949/1809] tt_sp_28100000422_p124 ok action=860 4.45s
[950/1809] tt_sp_28100000429_p128 ok action=928 3.5s
[951/1809] tt_sp_28100000451_p4 ok action=1145 0.555s
[952/1809] tt_sp_28100000435_p102 ok action=1240 3.268s
[953/1809] tt_sp_28100000448_p14 ok action=1256 0.719s
[954/1809] tt_sp_28100000442_p90 ok action=1276 1.879s
[955/1809] tt_sp_28100000449_p6 ok action=1247 0.63s
[956/1809] tt_sp_28100000440_p102 ok action=1328 2.228s
[957/1809] tt_sp_28100000449_p12 ok action=1252 0.743s
[958/1809] tt_sp_28100000457_p142 ok action=640 0.104s
[959/1809] tt_sp_28100000436_p108 ok action=1072 3.382s
[960/1809] tt_sp_28100000452_p10 ok action=1246 0.716s
[961/1809] tt_sp_28100000446_p32 ok action=1361 1.647s
[962/1809] tt_sp_28100000443_p60 ok action=944 2.16s
[963/1809] tt_sp_28100000433_p118 ok action=931 3.938s
[964/1809] tt_sp_28100000454_p14 ok action=1140 0.73s
[965/1809] tt_sp_28100000447_p44 ok action=1152 1.67s
[966/1809] tt_sp_28100000450_p36 ok action=1141 1.297s
[967/1809] tt_sp_28100000440_p98 ok action=964 2.682s
[968/1809] tt_sp_28100000450_p40 ok action=1337 1.372s
[969/1809] tt_sp_28100000445_p116 ok action=1548 2.377s
[970/1809] tt_sp_28100000456_p12 ok action=1047 0.822s
[971/1809] tt_sp_28100000454_p16 ok action=1144 0.861s
[972/1809] tt_sp_28100000447_p118 ok action=1164 2.118s
[973/1809] tt_sp_28100000441_p96 ok action=1540 2.921s
[974/1809] tt_sp_28100000455_p18 ok action=1359 1.042s
[975/1809] tt_sp_28100000443_p138 ok action=1853 2.839s
[976/1809] tt_sp_28100000438_p108 ok action=1571 4.027s
[977/1809] tt_sp_28100000453_p48 ok action=840 1.612s
[978/1809] tt_sp_28100000457_p28 ok action=1454 1.153s
[979/1809] tt_sp_28100000452_p42 ok action=1336 1.925s
[980/1809] tt_sp_28100000462_p26 ok action=1452 1.076s
[981/1809] tt_sp_28100000441_p114 ok action=1537 3.845s
[982/1809] tt_sp_28100000455_p132 ok action=1962 2.025s
[983/1809] tt_sp_28100000441_p132 ok action=1748 4.003s
[984/1809] tt_sp_28100000457_p72 ok action=830 1.805s
[985/1809] tt_sp_28100000458_p76 ok action=1229 1.855s
[986/1809] tt_sp_28100000468_p16 ok action=1348 0.795s
[987/1809] tt_sp_28100000463_p38 ok action=1556 1.493s
[988/1809] tt_sp_28100000467_p28 ok action=1137 1.178s
[989/1809] tt_sp_28100000446_p87 ok action=1638 3.581s
[990/1809] tt_sp_28100000458_p64 ok action=956 2.096s
[991/1809] tt_sp_28100000469_p7 ok action=1344 0.592s
[992/1809] tt_sp_28100000461_p66 ok action=1652 1.852s
[993/1809] tt_sp_28100000451_p98 ok action=1265 3.218s
[994/1809] tt_sp_28100000465_p96 ok action=857 1.54s
[995/1809] tt_sp_28100000466_p40 ok action=852 1.53s
[996/1809] tt_sp_28100000468_p28 ok action=1546 1.214s
[997/1809] tt_sp_28100000464_p53 ok action=944 1.863s
[998/1809] tt_sp_28100000455_p128 ok action=1469 2.777s
[999/1809] tt_sp_28100000471_p4 ok action=1151 0.539s
[1000/1809] tt_sp_28100000465_p60 ok action=1267 1.832s
[1001/1809] tt_sp_28100000448_p116 ok action=1129 3.855s
[1002/1809] tt_sp_28100000459_p92 ok action=1440 2.323s
[1003/1809] tt_sp_28100000456_p86 ok action=1668 3.131s
[1004/1809] tt_sp_28100000469_p37 ok action=1336 1.305s
[1005/1809] tt_sp_28100000475_p10 ok action=1047 0.61s
[1006/1809] tt_sp_28100000458_p92 ok action=848 2.872s
[1007/1809] tt_sp_28100000470_p30 ok action=1257 1.34s
[1008/1809] tt_sp_28100000460_p78 ok action=1465 2.759s
[1009/1809] tt_sp_28100000473_p40 ok action=1449 1.095s
[1010/1809] tt_sp_28100000463_p72 ok action=1264 2.663s
[1011/1809] tt_sp_28100000474_p20 ok action=1146 1.13s
[1012/1809] tt_sp_28100000478_p10 ok action=1346 0.727s
[1013/1809] tt_sp_28100000473_p60 ok action=1334 1.265s
[1014/1809] tt_sp_28100000475_p22 ok action=1140 1.006s
[1015/1809] tt_sp_28100000465_p128 ok action=1557 2.728s
[1016/1809] tt_sp_28100000468_p78 ok action=1361 2.17s
[1017/1809] tt_sp_28100000470_p54 ok action=937 1.824s
[1018/1809] tt_sp_28100000482_p2 ok action=1348 0.475s
[1019/1809] tt_sp_28100000462_p112 ok action=953 3.171s
[1020/1809] tt_sp_28100000453_p94 ok action=1048 4.163s
[1021/1809] tt_sp_28100000478_p8 ok action=1152 0.715s
[1022/1809] tt_sp_28100000472_p66 ok action=1240 1.683s
[1023/1809] tt_sp_28100000474_p30 ok action=1045 1.438s
[1024/1809] tt_sp_28100000472_p70 ok action=1532 1.841s
[1025/1809] tt_sp_28100000480_p22 ok action=1444 1.056s
[1026/1809] tt_sp_28100000460_p98 ok action=965 3.678s
[1027/1809] tt_sp_28100000474_p46 ok action=1264 1.81s
[1028/1809] tt_sp_28100000477_p42 ok action=1544 1.617s
[1029/1809] tt_sp_28100000470_p84 ok action=1056 2.574s
[1030/1809] tt_sp_28100000480_p32 ok action=1140 1.367s
[1031/1809] tt_sp_28100000488_p12 ok action=1256 0.812s
[1032/1809] tt_sp_28100000486_p24 ok action=1058 1.177s
[1033/1809] tt_sp_28100000488_p22 ok action=1445 1.021s
[1034/1809] tt_sp_28100000489_p14 ok action=1140 0.855s
[1035/1809] tt_sp_28100000483_p38 ok action=1164 1.7s
[1036/1809] tt_sp_28100000478_p82 ok action=1654 1.988s
[1037/1809] tt_sp_28100000483_p80 ok action=1649 1.805s
[1038/1809] tt_sp_28100000476_p84 ok action=1363 2.477s
[1039/1809] tt_sp_28100000476_p104 ok action=1460 2.589s
[1040/1809] tt_sp_28100000484_p70 ok action=1553 1.637s
[1041/1809] tt_sp_28100000490_p140 ok action=939 0.961s
[1042/1809] tt_sp_28100000489_p24 ok action=949 1.03s
[1043/1809] tt_sp_28100000485_p80 ok action=828 1.681s
[1044/1809] tt_sp_28100000487_p52 ok action=1543 1.886s
[1045/1809] tt_sp_28100000476_p120 ok action=637 3.168s
[1046/1809] tt_sp_28100000488_p100 ok action=1535 2.067s
[1047/1809] tt_sp_28100000476_p88 ok action=1748 3.229s
[1048/1809] tt_sp_28100000475_p138 ok action=1024 3.46s
[1049/1809] tt_sp_28100000496_p12 ok action=1344 0.729s
[1050/1809] tt_sp_28100000475_p126 ok action=930 3.641s
[1051/1809] tt_sp_28100000494_p26 ok action=1040 1.22s
[1052/1809] tt_sp_28100000491_p50 ok action=1260 1.849s
[1053/1809] tt_sp_28100000488_p118 ok action=1174 2.698s
[1054/1809] tt_sp_28100000497_p35 ok action=1257 1.312s
[1055/1809] tt_sp_28100000487_p64 ok action=940 2.898s
[1056/1809] tt_sp_28100000501_p10 ok action=1445 0.609s
[1057/1809] tt_sp_28100000486_p122 ok action=1464 3.201s
[1058/1809] tt_sp_28100000504_p142 ok action=840 0.071s
[1059/1809] tt_sp_28100000497_p49 ok action=1152 1.502s
[1060/1809] tt_sp_28100000492_p57 ok action=1557 2.044s
[1061/1809] tt_sp_28100000491_p58 ok action=1264 2.158s
[1062/1809] tt_sp_28100000487_p68 ok action=1136 3.178s
[1063/1809] tt_sp_28100000493_p45 ok action=1165 1.967s
[1064/1809] tt_sp_28100000493_p85 ok action=732 1.978s
[1065/1809] tt_sp_28100000493_p111 ok action=1234 2.417s
[1066/1809] tt_sp_28100000490_p76 ok action=1549 3.069s
[1067/1809] tt_sp_28100000496_p130 ok action=649 2.265s
[1068/1809] tt_sp_28100000507_p6 ok action=1256 0.625s
[1069/1809] tt_sp_28100000497_p77 ok action=1651 2.251s
[1070/1809] tt_sp_28100000498_p68 ok action=1137 2.057s
[1071/1809] tt_sp_28100000509_p8 ok action=1048 0.695s
[1072/1809] tt_sp_28100000484_p118 ok action=1563 4.325s
[1073/1809] tt_sp_28100000504_p18 ok action=1356 0.935s
[1074/1809] tt_sp_28100000503_p30 ok action=1156 1.131s
[1075/1809] tt_sp_28100000505_p24 ok action=1448 1.119s
[1076/1809] tt_sp_28100000508_p22 ok action=1356 1.13s
[1077/1809] tt_sp_28100000511_p22 ok action=1241 1.1s
[1078/1809] tt_sp_28100000491_p128 ok action=1071 3.592s
[1079/1809] tt_sp_28100000500_p122 ok action=962 2.357s
[1080/1809] tt_sp_28100000495_p68 ok action=1433 3.128s
[1081/1809] tt_sp_28100000500_p86 ok action=1164 2.467s
[1082/1809] tt_sp_28100000487_p94 ok action=745 4.724s
[1083/1809] tt_sp_28100000498_p78 ok action=853 2.771s
[1084/1809] tt_sp_28100000498_p98 ok action=848 2.671s
[1085/1809] tt_sp_28100000501_p58 ok action=1424 2.186s
[1086/1809] tt_sp_28100000499_p66 ok action=1368 2.748s
[1087/1809] tt_sp_28100000513_p32 ok action=1441 1.341s
[1088/1809] tt_sp_28100000514_p34 ok action=1440 1.329s
[1089/1809] tt_sp_28100000504_p64 ok action=955 2.451s
[1090/1809] tt_sp_28100000508_p72 ok action=844 2.319s
[1091/1809] tt_sp_28100000521_p10 ok action=1256 0.673s
[1092/1809] tt_sp_28100000484_p134 ok action=1471 5.934s
[1093/1809] tt_sp_28100000495_p118 ok action=1360 4.242s
[1094/1809] tt_sp_28100000518_p42 ok action=1443 1.305s
[1095/1809] tt_sp_28100000502_p116 ok action=1070 2.975s
[1096/1809] tt_sp_28100000516_p46 ok action=1156 1.839s
[1097/1809] tt_sp_28100000522_p18 ok action=1341 0.911s
[1098/1809] tt_sp_28100000514_p91 ok action=1165 2.076s
[1099/1809] tt_sp_28100000513_p56 ok action=859 2.2s
[1100/1809] tt_sp_28100000522_p28 ok action=1452 1.088s
[1101/1809] tt_sp_28100000519_p32 ok action=1158 1.356s
[1102/1809] tt_sp_28100000518_p76 ok action=1060 1.532s
[1103/1809] tt_sp_28100000512_p60 ok action=1456 2.525s
[1104/1809] tt_sp_28100000490_p112 ok action=1465 5.883s
[1105/1809] tt_sp_28100000520_p65 ok action=1338 1.587s
[1106/1809] tt_sp_28100000506_p116 ok action=1268 3.645s
[1107/1809] tt_sp_28100000514_p69 ok action=1245 2.882s
[1108/1809] tt_sp_28100000530_p8 ok action=1352 0.59s
[1109/1809] tt_sp_28100000529_p20 ok action=1247 0.943s
[1110/1809] tt_sp_28100000529_p24 ok action=1256 1.023s
[1111/1809] tt_sp_28100000501_p136 ok action=1240 4.494s
[1112/1809] tt_sp_28100000524_p52 ok action=948 1.535s
[1113/1809] tt_sp_28100000519_p134 ok action=968 2.591s
[1114/1809] tt_sp_28100000519_p98 ok action=1633 2.432s
[1115/1809] tt_sp_28100000533_p6 ok action=1147 0.51s
[1116/1809] tt_sp_28100000515_p94 ok action=541 3.338s
[1117/1809] tt_sp_28100000517_p70 ok action=1133 3.16s
[1118/1809] tt_sp_28100000530_p32 ok action=1445 1.354s
[1119/1809] tt_sp_28100000535_p4 ok action=1146 0.507s
[1120/1809] tt_sp_28100000525_p42 ok action=1237 1.927s
[1121/1809] tt_sp_28100000523_p74 ok action=1648 2.352s
[1122/1809] tt_sp_28100000536_p6 ok action=1258 0.573s
[1123/1809] tt_sp_28100000534_p22 ok action=1054 1.131s
[1124/1809] tt_sp_28100000527_p60 ok action=1331 2.135s
[1125/1809] tt_sp_28100000527_p56 ok action=1432 2.207s
[1126/1809] tt_sp_28100000535_p28 ok action=1163 1.241s
[1127/1809] tt_sp_28100000527_p52 ok action=948 2.302s
[1128/1809] tt_sp_28100000539_p6 ok action=1244 0.658s
[1129/1809] tt_sp_28100000525_p62 ok action=1544 2.51s
[1130/1809] tt_sp_28100000536_p20 ok action=1063 1.047s
[1131/1809] tt_sp_28100000524_p128 ok action=1529 2.722s
[1132/1809] tt_sp_28100000517_p110 ok action=1752 4.258s
[1133/1809] tt_sp_28100000540_p18 ok action=1341 0.757s
[1134/1809] tt_sp_28100000532_p50 ok action=849 2.026s
[1135/1809] tt_sp_28100000517_p94 ok action=1035 4.081s
[1136/1809] tt_sp_28100000541_p8 ok action=1044 0.538s
[1137/1809] tt_sp_28100000530_p62 ok action=940 2.374s
[1138/1809] tt_sp_28100000542_p6 ok action=1154 0.586s
[1139/1809] tt_sp_28100000541_p40 ok action=1063 1.097s
[1140/1809] tt_sp_28100000537_p38 ok action=1649 1.377s
[1141/1809] tt_sp_28100000546_p4 ok action=1150 0.527s
[1142/1809] tt_sp_28100000533_p106 ok action=1432 2.453s
[1143/1809] tt_sp_28100000517_p118 ok action=948 4.745s
[1144/1809] tt_sp_28100000542_p16 ok action=1146 0.917s
[1145/1809] tt_sp_28100000546_p8 ok action=1448 0.647s
[1146/1809] tt_sp_28100000553_p140 ok action=1537 0.287s
[1147/1809] tt_sp_28100000516_p136 ok action=763 5.389s
[1148/1809] tt_sp_28100000540_p50 ok action=1046 1.866s
[1149/1809] tt_sp_28100000523_p134 ok action=1665 4.33s
[1150/1809] tt_sp_28100000541_p68 ok action=1650 1.765s
[1151/1809] tt_sp_28100000552_p14 ok action=1344 0.841s
[1152/1809] tt_sp_28100000553_p6 ok action=1148 0.648s
[1153/1809] tt_sp_28100000550_p30 ok action=1240 1.076s
[1154/1809] tt_sp_28100000539_p82 ok action=1641 2.208s
[1155/1809] tt_sp_28100000531_p124 ok action=1856 3.603s
[1156/1809] tt_sp_28100000543_p44 ok action=965 1.643s
[1157/1809] tt_sp_28100000529_p112 ok action=929 4.158s
[1158/1809] tt_sp_28100000542_p60 ok action=967 1.997s
[1159/1809] tt_sp_28100000546_p58 ok action=1557 1.869s
[1160/1809] tt_sp_28100000549_p65 ok action=945 1.734s
[1161/1809] tt_sp_28100000552_p46 ok action=1232 1.706s
[1162/1809] tt_sp_28100000556_p16 ok action=1343 0.893s
[1163/1809] tt_sp_28100000558_p6 ok action=1344 0.567s
[1164/1809] tt_sp_28100000552_p68 ok action=1041 1.639s
[1165/1809] tt_sp_28100000537_p80 ok action=1432 3.26s
[1166/1809] tt_sp_28100000559_p2 ok action=1151 0.487s
[1167/1809] tt_sp_28100000545_p120 ok action=848 2.376s
[1168/1809] tt_sp_28100000554_p42 ok action=1345 1.427s
[1169/1809] tt_sp_28100000526_p134 ok action=1857 5.162s
[1170/1809] tt_sp_28100000537_p118 ok action=1225 3.705s
[1171/1809] tt_sp_28100000555_p40 ok action=944 1.465s
[1172/1809] tt_sp_28100000557_p28 ok action=1160 1.338s
[1173/1809] tt_sp_28100000553_p72 ok action=1466 2.067s
[1174/1809] tt_sp_28100000562_p6 ok action=1252 0.601s
[1175/1809] tt_sp_28100000561_p6 ok action=1240 0.731s
[1176/1809] tt_sp_28100000547_p87 ok action=1741 2.777s
[1177/1809] tt_sp_28100000561_p18 ok action=1240 1.057s
[1178/1809] tt_sp_28100000546_p68 ok action=1536 3.04s
[1179/1809] tt_sp_28100000536_p106 ok action=872 4.463s
[1180/1809] tt_sp_28100000565_p3 ok action=1253 0.551s
[1181/1809] tt_sp_28100000555_p78 ok action=1156 2.059s
[1182/1809] tt_sp_28100000562_p20 ok action=1052 1.074s
[1183/1809] tt_sp_28100000565_p9 ok action=1241 0.654s
[1184/1809] tt_sp_28100000563_p20 ok action=955 1.045s
[1185/1809] tt_sp_28100000543_p88 ok action=1536 3.514s
[1186/1809] tt_sp_28100000537_p102 ok action=1754 4.672s
[1187/1809] tt_sp_28100000556_p88 ok action=937 2.442s
[1188/1809] tt_sp_28100000556_p92 ok action=860 2.39s
[1189/1809] tt_sp_28100000563_p82 ok action=1753 1.559s
[1190/1809] tt_sp_28100000551_p124 ok action=761 3.758s
[1191/1809] tt_sp_28100000554_p74 ok action=1461 3.209s
[1192/1809] tt_sp_28100000569_p20 ok action=1548 0.963s
[1193/1809] tt_sp_28100000560_p82 ok action=1132 2.432s
[1194/1809] tt_sp_28100000572_p2 ok action=1244 0.479s
[1195/1809] tt_sp_28100000564_p44 ok action=1336 1.825s
[1196/1809] tt_sp_28100000558_p122 ok action=832 2.808s
[1197/1809] tt_sp_28100000570_p8 ok action=1240 0.713s
[1198/1809] tt_sp_28100000566_p75 ok action=936 1.545s
[1199/1809] tt_sp_28100000563_p114 ok action=1172 2.22s
[1200/1809] tt_sp_28100000567_p44 ok action=949 1.71s
[1201/1809] tt_sp_28100000560_p98 ok action=1029 2.827s
[1202/1809] tt_sp_28100000569_p36 ok action=954 1.463s
[1203/1809] tt_sp_28100000574_p2 ok action=1246 0.497s
[1204/1809] tt_sp_28100000562_p88 ok action=1464 2.785s
[1205/1809] tt_sp_28100000558_p108 ok action=1032 3.599s
[1206/1809] tt_sp_28100000543_p102 ok action=1456 5.284s
[1207/1809] tt_sp_28100000570_p50 ok action=1060 1.691s
[1208/1809] tt_sp_28100000577_p8 ok action=1451 0.616s
[1209/1809] tt_sp_28100000572_p30 ok action=959 1.279s
[1210/1809] tt_sp_28100000580_p140 ok action=740 0.105s
[1211/1809] tt_sp_28100000554_p122 ok action=852 4.734s
[1212/1809] tt_sp_28100000578_p10 ok action=1247 0.729s
[1213/1809] tt_sp_28100000579_p4 ok action=1349 0.59s
[1214/1809] tt_sp_28100000566_p103 ok action=1749 3.161s
[1215/1809] tt_sp_28100000567_p92 ok action=1324 2.987s
[1216/1809] tt_sp_28100000576_p38 ok action=844 1.66s
[1217/1809] tt_sp_28100000578_p20 ok action=1540 1.064s
[1218/1809] tt_sp_28100000575_p128 ok action=1324 1.906s
[1219/1809] tt_sp_28100000567_p84 ok action=1361 3.429s
[1220/1809] tt_sp_28100000573_p56 ok action=1360 2.229s
[1221/1809] tt_sp_28100000570_p132 ok action=1561 3.057s
[1222/1809] tt_sp_28100000568_p70 ok action=649 3.422s
[1223/1809] tt_sp_28100000568_p88 ok action=1432 3.341s
[1224/1809] tt_sp_28100000569_p78 ok action=637 3.269s
[1225/1809] tt_sp_28100000581_p22 ok action=1552 1.156s
[1226/1809] tt_sp_28100000579_p38 ok action=1537 1.65s
[1227/1809] tt_sp_28100000565_p113 ok action=1471 4.233s
[1228/1809] tt_sp_28100000568_p84 ok action=1064 3.724s
[1229/1809] tt_sp_28100000577_p82 ok action=843 2.337s
[1230/1809] tt_sp_28100000575_p62 ok action=962 2.601s
[1231/1809] tt_sp_28100000581_p118 ok action=1433 1.735s
[1232/1809] tt_sp_28100000582_p28 ok action=1346 1.2s
[1233/1809] tt_sp_28100000579_p100 ok action=1068 1.992s
[1234/1809] tt_sp_28100000569_p102 ok action=1168 3.973s
[1235/1809] tt_sp_28100000582_p32 ok action=941 1.31s
[1236/1809] tt_sp_28100000576_p64 ok action=1263 2.92s
[1237/1809] tt_sp_28100000581_p122 ok action=1334 1.954s
[1238/1809] tt_sp_28100000581_p36 ok action=947 1.72s
[1239/1809] tt_sp_28100000573_p82 ok action=1436 3.159s
[1240/1809] tt_sp_28100000586_p20 ok action=1048 0.834s
[1241/1809] tt_sp_28100000576_p96 ok action=1668 3.202s
[1242/1809] tt_sp_28100000577_p90 ok action=1749 2.945s
[1243/1809] tt_sp_28100000582_p46 ok action=1052 1.75s
[1244/1809] tt_sp_28100000587_p20 ok action=1453 1.068s
[1245/1809] tt_sp_28100000574_p126 ok action=1160 3.634s
[1246/1809] tt_sp_28100000587_p22 ok action=1049 1.134s
[1247/1809] tt_sp_28100000584_p38 ok action=1553 1.54s
[1248/1809] tt_sp_28100000583_p62 ok action=1553 1.719s
[1249/1809] tt_sp_28100000585_p50 ok action=1436 1.595s
[1250/1809] tt_sp_28100000592_p4 ok action=1350 0.56s
[1251/1809] tt_sp_28100000583_p112 ok action=852 2.202s
[1252/1809] tt_sp_28100000593_p4 ok action=1352 0.499s
[1253/1809] tt_sp_28100000589_p24 ok action=1058 1.167s
[1254/1809] tt_sp_28100000588_p52 ok action=1239 1.386s
[1255/1809] tt_sp_28100000591_p22 ok action=1355 1.036s
[1256/1809] tt_sp_28100000595_p10 ok action=1048 0.727s
[1257/1809] tt_sp_28100000572_p132 ok action=1122 4.968s
[1258/1809] tt_sp_28100000587_p58 ok action=651 1.899s
[1259/1809] tt_sp_28100000585_p56 ok action=1652 2.21s
[1260/1809] tt_sp_28100000592_p34 ok action=1362 1.354s
[1261/1809] tt_sp_28100000588_p90 ok action=1466 1.944s
[1262/1809] tt_sp_28100000589_p60 ok action=1356 1.795s
[1263/1809] tt_sp_28100000599_p12 ok action=1449 0.674s
[1264/1809] tt_sp_28100000594_p26 ok action=945 1.278s
[1265/1809] tt_sp_28100000600_p2 ok action=1149 0.501s
[1266/1809] tt_sp_28100000588_p64 ok action=1137 2.315s
[1267/1809] tt_sp_28100000578_p116 ok action=2144 4.482s
[1268/1809] tt_sp_28100000596_p44 ok action=1057 1.358s
[1269/1809] tt_sp_28100000584_p136 ok action=1072 3.009s
[1270/1809] tt_sp_28100000590_p58 ok action=1231 2.153s
[1271/1809] tt_sp_28100000595_p126 ok action=841 1.571s
[1272/1809] tt_sp_28100000585_p122 ok action=932 3.071s
[1273/1809] tt_sp_28100000602_p16 ok action=1236 0.031s
[1274/1809] tt_sp_28100000603_p4 ok action=1253 -0.144s
[1275/1809] tt_sp_28100000588_p78 ok action=1853 1.963s
[1276/1809] tt_sp_28100000583_p116 ok action=744 3.137s
[1277/1809] tt_sp_28100000601_p30 ok action=1236 0.636s
[1278/1809] tt_sp_28100000592_p84 ok action=750 1.824s
[1279/1809] tt_sp_28100000586_p104 ok action=1457 2.792s
[1280/1809] tt_sp_28100000600_p30 ok action=1260 0.724s
[1281/1809] tt_sp_28100000597_p48 ok action=1557 1.358s
[1282/1809] tt_sp_28100000595_p80 ok action=936 1.643s
[1283/1809] tt_sp_28100000596_p74 ok action=833 1.76s
[1284/1809] tt_sp_28100000609_p2 ok action=1246 0.501s
[1285/1809] tt_sp_28100000603_p34 ok action=1648 0.895s
[1286/1809] tt_sp_28100000597_p110 ok action=1548 1.854s
[1287/1809] tt_sp_28100000605_p36 ok action=956 0.683s
[1288/1809] tt_sp_28100000610_p4 ok action=1149 0.524s
[1289/1809] tt_sp_28100000591_p94 ok action=1333 2.732s
[1290/1809] tt_sp_28100000607_p24 ok action=1161 1.288s
[1291/1809] tt_sp_28100000605_p78 ok action=1653 0.854s
[1292/1809] tt_sp_28100000612_p4 ok action=1353 0.506s
[1293/1809] tt_sp_28100000605_p48 ok action=1548 1.079s
[1294/1809] tt_sp_28100000611_p20 ok action=1356 1.018s
[1295/1809] tt_sp_28100000614_p4 ok action=1256 0.525s
[1296/1809] tt_sp_28100000612_p18 ok action=1353 0.924s
[1297/1809] tt_sp_28100000615_p4 ok action=1256 0.554s
[1298/1809] tt_sp_28100000607_p134 ok action=833 1.842s
[1299/1809] tt_sp_28100000608_p54 ok action=1164 1.792s
[1300/1809] tt_sp_28100000614_p12 ok action=1244 0.754s
[1301/1809] tt_sp_28100000597_p72 ok action=1131 2.564s
[1302/1809] tt_sp_28100000604_p70 ok action=1560 1.629s
[1303/1809] tt_sp_28100000616_p5 ok action=1246 0.495s
[1304/1809] tt_sp_28100000603_p74 ok action=1642 1.873s
[1305/1809] tt_sp_28100000618_p2 ok action=1351 0.427s
[1306/1809] tt_sp_28100000606_p70 ok action=1264 1.501s
[1307/1809] tt_sp_28100000613_p42 ok action=1166 1.216s
[1308/1809] tt_sp_28100000605_p62 ok action=1268 1.866s
[1309/1809] tt_sp_28100000604_p110 ok action=1656 2.247s
[1310/1809] tt_sp_28100000619_p16 ok action=1145 0.927s
[1311/1809] tt_sp_28100000620_p12 ok action=1052 0.756s
[1312/1809] tt_sp_28100000616_p27 ok action=1063 1.384s
[1313/1809] tt_sp_28100000621_p14 ok action=1448 0.779s
[1314/1809] tt_sp_28100000616_p37 ok action=1141 1.359s
[1315/1809] tt_sp_28100000608_p70 ok action=1653 2.775s
[1316/1809] tt_sp_28100000617_p38 ok action=1056 1.357s
[1317/1809] tt_sp_28100000610_p124 ok action=1236 2.439s
[1318/1809] tt_sp_28100000618_p30 ok action=1053 1.426s
[1319/1809] tt_sp_28100000618_p38 ok action=1143 1.544s
[1320/1809] tt_sp_28100000615_p68 ok action=1448 2.074s
[1321/1809] tt_sp_28100000629_p140 ok action=1027 0.56s
[1322/1809] tt_sp_28100000591_p120 ok action=1564 5.201s
[1323/1809] tt_sp_28100000606_p132 ok action=1129 3.017s
[1324/1809] tt_sp_28100000621_p52 ok action=1252 1.617s
[1325/1809] tt_sp_28100000619_p58 ok action=1549 1.881s
[1326/1809] tt_sp_28100000629_p6 ok action=1257 0.535s
[1327/1809] tt_sp_28100000599_p92 ok action=1360 4.248s
[1328/1809] tt_sp_28100000623_p50 ok action=1164 1.69s
[1329/1809] tt_sp_28100000612_p88 ok action=752 3.029s
[1330/1809] tt_sp_28100000624_p40 ok action=1541 1.637s
[1331/1809] tt_sp_28100000631_p140 ok action=960 0.277s
[1332/1809] tt_sp_28100000627_p28 ok action=1240 1.226s
[1333/1809] tt_sp_28100000603_p128 ok action=730 4.146s
[1334/1809] tt_sp_28100000611_p80 ok action=941 3.604s
[1335/1809] tt_sp_28100000624_p58 ok action=852 1.853s
[1336/1809] tt_sp_28100000599_p114 ok action=1740 5.042s
[1337/1809] tt_sp_28100000630_p18 ok action=1154 1.036s
[1338/1809] tt_sp_28100000619_p90 ok action=838 2.646s
[1339/1809] tt_sp_28100000625_p44 ok action=844 1.929s
[1340/1809] tt_sp_28100000627_p56 ok action=1233 1.892s
[1341/1809] tt_sp_28100000623_p90 ok action=1545 2.6s
[1342/1809] tt_sp_28100000611_p94 ok action=1170 4.146s
[1343/1809] tt_sp_28100000636_p14 ok action=1341 0.826s
[1344/1809] tt_sp_28100000637_p4 ok action=1346 0.568s
[1345/1809] tt_sp_28100000634_p18 ok action=1049 0.907s
[1346/1809] tt_sp_28100000598_p130 ok action=1272 5.599s
[1347/1809] tt_sp_28100000629_p50 ok action=1556 1.974s
[1348/1809] tt_sp_28100000625_p94 ok action=937 2.268s
[1349/1809] tt_sp_28100000632_p32 ok action=1057 1.338s
[1350/1809] tt_sp_28100000619_p86 ok action=1364 3.273s
[1351/1809] tt_sp_28100000637_p22 ok action=1554 1.136s
[1352/1809] tt_sp_28100000630_p94 ok action=1241 1.761s
[1353/1809] tt_sp_28100000630_p52 ok action=1364 1.836s
[1354/1809] tt_sp_28100000626_p104 ok action=1862 2.659s
[1355/1809] tt_sp_28100000639_p14 ok action=1158 0.827s
[1356/1809] tt_sp_28100000636_p36 ok action=1267 1.372s
[1357/1809] tt_sp_28100000622_p83 ok action=860 3.426s
[1358/1809] tt_sp_28100000631_p70 ok action=1569 1.762s
[1359/1809] tt_sp_28100000629_p72 ok action=1156 2.298s
[1360/1809] tt_sp_28100000628_p93 ok action=1652 2.792s
[1361/1809] tt_sp_28100000631_p138 ok action=1235 2.168s
[1362/1809] tt_sp_28100000633_p114 ok action=1424 2.16s
[1363/1809] tt_sp_28100000643_p18 ok action=1345 0.948s
[1364/1809] tt_sp_28100000645_p10 ok action=1144 0.724s
[1365/1809] tt_sp_28100000633_p98 ok action=1739 2.215s
[1366/1809] tt_sp_28100000633_p94 ok action=968 2.651s
[1367/1809] tt_sp_28100000642_p54 ok action=1039 1.499s
[1368/1809] tt_sp_28100000641_p46 ok action=1545 1.604s
[1369/1809] tt_sp_28100000643_p40 ok action=1340 1.523s
[1370/1809] tt_sp_28100000649_p10 ok action=1259 0.648s
[1371/1809] tt_sp_28100000643_p58 ok action=1044 1.516s
[1372/1809] tt_sp_28100000643_p46 ok action=1548 1.545s
[1373/1809] tt_sp_28100000637_p68 ok action=1064 2.536s
[1374/1809] tt_sp_28100000625_p114 ok action=964 4.528s
[1375/1809] tt_sp_28100000638_p117 ok action=844 2.575s
[1376/1809] tt_sp_28100000636_p88 ok action=1058 2.977s
[1377/1809] tt_sp_28100000648_p36 ok action=1144 1.292s
[1378/1809] tt_sp_28100000649_p28 ok action=1549 1.066s
[1379/1809] tt_sp_28100000639_p86 ok action=1564 2.583s
[1380/1809] tt_sp_28100000639_p90 ok action=1164 2.515s
[1381/1809] tt_sp_28100000640_p80 ok action=753 2.537s
[1382/1809] tt_sp_28100000646_p52 ok action=1763 1.951s
[1383/1809] tt_sp_28100000647_p58 ok action=1341 1.89s
[1384/1809] tt_sp_28100000648_p124 ok action=864 1.812s
[1385/1809] tt_sp_28100000640_p100 ok action=1432 2.9s
[1386/1809] tt_sp_28100000639_p70 ok action=753 3.149s
[1387/1809] tt_sp_28100000658_p12 ok action=1340 0.82s
[1388/1809] tt_sp_28100000647_p124 ok action=1063 2.641s
[1389/1809] tt_sp_28100000653_p36 ok action=1242 1.541s
[1390/1809] tt_sp_28100000648_p70 ok action=1170 2.603s
[1391/1809] tt_sp_28100000652_p66 ok action=1436 1.852s
[1392/1809] tt_sp_28100000647_p102 ok action=1533 3.365s
[1393/1809] tt_sp_28100000653_p52 ok action=1264 1.883s
[1394/1809] tt_sp_28100000641_p138 ok action=866 3.947s
[1395/1809] tt_sp_28100000653_p54 ok action=942 1.981s
[1396/1809] tt_sp_28100000662_p8 ok action=1048 0.796s
[1397/1809] tt_sp_28100000641_p134 ok action=1165 4.2s
[1398/1809] tt_sp_28100000646_p108 ok action=828 3.629s
[1399/1809] tt_sp_28100000659_p38 ok action=1136 1.755s
[1400/1809] tt_sp_28100000660_p44 ok action=1140 1.696s
[1401/1809] tt_sp_28100000650_p100 ok action=1660 2.765s
[1402/1809] tt_sp_28100000655_p98 ok action=929 2.224s
[1403/1809] tt_sp_28100000660_p54 ok action=1261 1.848s
[1404/1809] tt_sp_28100000664_p13 ok action=1257 0.701s
[1405/1809] tt_sp_28100000653_p96 ok action=832 2.632s
[1406/1809] tt_sp_28100000657_p56 ok action=1061 2.512s
[1407/1809] tt_sp_28100000663_p38 ok action=1444 1.15s
[1408/1809] tt_sp_28100000656_p86 ok action=1168 2.756s
[1409/1809] tt_sp_28100000650_p78 ok action=1652 3.355s
[1410/1809] tt_sp_28100000651_p127 ok action=1164 3.426s
[1411/1809] tt_sp_28100000673_p141 ok action=1060 0.084s
[1412/1809] tt_sp_28100000651_p95 ok action=968 3.332s
[1413/1809] tt_sp_28100000647_p132 ok action=762 4.624s
[1414/1809] tt_sp_28100000661_p119 ok action=1030 2.818s
[1415/1809] tt_sp_28100000669_p20 ok action=1156 1.104s
[1416/1809] tt_sp_28100000658_p90 ok action=1749 3.099s
[1417/1809] tt_sp_28100000672_p16 ok action=1152 0.75s
[1418/1809] tt_sp_28100000649_p118 ok action=1639 4.397s
[1419/1809] tt_sp_28100000670_p26 ok action=952 0.962s
[1420/1809] tt_sp_28100000668_p74 ok action=853 1.507s
[1421/1809] tt_sp_28100000662_p78 ok action=940 2.473s
[1422/1809] tt_sp_28100000667_p76 ok action=1032 1.657s
[1423/1809] tt_sp_28100000668_p44 ok action=1040 1.593s
[1424/1809] tt_sp_28100000667_p42 ok action=1460 1.817s
[1425/1809] tt_sp_28100000663_p80 ok action=1265 2.526s
[1426/1809] tt_sp_28100000660_p96 ok action=1662 3.666s
[1427/1809] tt_sp_28100000666_p64 ok action=1460 2.268s
[1428/1809] tt_sp_28100000677_p12 ok action=1049 0.806s
[1429/1809] tt_sp_28100000670_p50 ok action=1545 1.665s
[1430/1809] tt_sp_28100000675_p42 ok action=1137 1.299s
[1431/1809] tt_sp_28100000662_p104 ok action=1657 3.686s
[1432/1809] tt_sp_28100000672_p46 ok action=844 1.669s
[1433/1809] tt_sp_28100000674_p45 ok action=1748 1.599s
[1434/1809] tt_sp_28100000674_p41 ok action=747 1.758s
[1435/1809] tt_sp_28100000642_p140 ok action=748 6.932s
[1436/1809] tt_sp_28100000664_p117 ok action=1173 3.234s
[1437/1809] tt_sp_28100000665_p118 ok action=960 3.223s
[1438/1809] tt_sp_28100000685_p4 ok action=1253 0.572s
[1439/1809] tt_sp_28100000684_p8 ok action=1257 0.708s
[1440/1809] tt_sp_28100000666_p74 ok action=749 3.083s
[1441/1809] tt_sp_28100000676_p44 ok action=1233 1.75s
[1442/1809] tt_sp_28100000681_p48 ok action=1332 1.545s
[1443/1809] tt_sp_28100000683_p24 ok action=1260 1.146s
[1444/1809] tt_sp_28100000670_p98 ok action=853 2.708s
[1445/1809] tt_sp_28100000688_p2 ok action=1247 0.484s
[1446/1809] tt_sp_28100000669_p96 ok action=1640 3.29s
[1447/1809] tt_sp_28100000678_p44 ok action=1454 2.039s
[1448/1809] tt_sp_28100000661_p123 ok action=1128 4.99s
[1449/1809] tt_sp_28100000689_p8 ok action=1254 0.61s
[1450/1809] tt_sp_28100000685_p32 ok action=1240 1.361s
[1451/1809] tt_sp_28100000682_p36 ok action=1055 1.663s
[1452/1809] tt_sp_28100000684_p34 ok action=1447 1.585s
[1453/1809] tt_sp_28100000692_p2 ok action=1348 0.505s
[1454/1809] tt_sp_28100000680_p126 ok action=1229 2.421s
[1455/1809] tt_sp_28100000678_p110 ok action=1034 2.54s
[1456/1809] tt_sp_28100000686_p131 ok action=864 1.647s
[1457/1809] tt_sp_28100000694_p2 ok action=1149 0.494s
[1458/1809] tt_sp_28100000677_p126 ok action=655 2.863s
[1459/1809] tt_sp_28100000694_p10 ok action=1143 0.72s
[1460/1809] tt_sp_28100000683_p52 ok action=1364 2.128s
[1461/1809] tt_sp_28100000670_p116 ok action=964 4.293s
[1462/1809] tt_sp_28100000676_p124 ok action=1064 3.61s
[1463/1809] tt_sp_28100000687_p70 ok action=1545 2.004s
[1464/1809] tt_sp_28100000697_p14 ok action=1260 0.774s
[1465/1809] tt_sp_28100000679_p84 ok action=1057 3.306s
[1466/1809] tt_sp_28100000696_p16 ok action=1048 0.897s
[1467/1809] tt_sp_28100000700_p2 ok action=1247 0.491s
[1468/1809] tt_sp_28100000687_p84 ok action=952 2.307s
[1469/1809] tt_sp_28100000699_p20 ok action=1236 0.952s
[1470/1809] tt_sp_28100000690_p86 ok action=1058 2.235s
[1471/1809] tt_sp_28100000681_p104 ok action=1438 3.777s
[1472/1809] tt_sp_28100000701_p4 ok action=1153 0.587s
[1473/1809] tt_sp_28100000695_p48 ok action=1256 1.735s
[1474/1809] tt_sp_28100000677_p104 ok action=1752 4.29s
[1475/1809] tt_sp_28100000698_p44 ok action=1561 1.456s
[1476/1809] tt_sp_28100000691_p72 ok action=1544 2.66s
[1477/1809] tt_sp_28100000688_p74 ok action=1269 3.024s
[1478/1809] tt_sp_28100000666_p136 ok action=1172 6.168s
[1479/1809] tt_sp_28100000695_p98 ok action=1034 2.128s
[1480/1809] tt_sp_28100000691_p88 ok action=1561 2.766s
[1481/1809] tt_sp_28100000688_p92 ok action=1460 3.163s
[1482/1809] tt_sp_28100000692_p100 ok action=1238 2.874s
[1483/1809] tt_sp_28100000703_p17 ok action=1045 0.866s
[1484/1809] tt_sp_28100000701_p36 ok action=940 1.472s
[1485/1809] tt_sp_28100000690_p102 ok action=1232 3.35s
[1486/1809] tt_sp_28100000695_p96 ok action=744 2.56s
[1487/1809] tt_sp_28100000704_p14 ok action=1140 0.836s
[1488/1809] tt_sp_28100000701_p56 ok action=1540 1.487s
[1489/1809] tt_sp_28100000682_p132 ok action=1173 4.784s
[1490/1809] tt_sp_28100000694_p68 ok action=837 2.862s
[1491/1809] tt_sp_28100000714_p142 ok action=1327 0.094s
[1492/1809] tt_sp_28100000712_p140 ok action=933 0.231s
[1493/1809] tt_sp_28100000693_p128 ok action=1752 3.39s
[1494/1809] tt_sp_28100000699_p78 ok action=1366 2.42s
[1495/1809] tt_sp_28100000702_p48 ok action=1440 1.595s
[1496/1809] tt_sp_28100000703_p37 ok action=1440 1.336s
[1497/1809] tt_sp_28100000700_p106 ok action=1319 2.576s
[1498/1809] tt_sp_28100000710_p6 ok action=1144 0.59s
[1499/1809] tt_sp_28100000702_p50 ok action=1356 1.687s
[1500/1809] tt_sp_28100000708_p22 ok action=1436 0.949s
[1501/1809] tt_sp_28100000697_p78 ok action=1052 2.879s
[1502/1809] tt_sp_28100000703_p41 ok action=1455 1.512s
[1503/1809] tt_sp_28100000701_p92 ok action=1472 2.151s
[1504/1809] tt_sp_28100000700_p64 ok action=1268 2.737s
[1505/1809] tt_sp_28100000717_p13 ok action=1355 0.775s
[1506/1809] tt_sp_28100000706_p44 ok action=1441 1.618s
[1507/1809] tt_sp_28100000706_p100 ok action=1744 1.776s
[1508/1809] tt_sp_28100000712_p86 ok action=1056 1.237s
[1509/1809] tt_sp_28100000707_p44 ok action=1165 1.734s
[1510/1809] tt_sp_28100000718_p14 ok action=1241 0.767s
[1511/1809] tt_sp_28100000716_p26 ok action=1546 1.105s
[1512/1809] tt_sp_28100000702_p106 ok action=1332 2.692s
[1513/1809] tt_sp_28100000716_p32 ok action=1160 1.465s
[1514/1809] tt_sp_28100000723_p7 ok action=1240 0.573s
[1515/1809] tt_sp_28100000720_p26 ok action=1552 1.086s
[1516/1809] tt_sp_28100000700_p90 ok action=1320 3.547s
[1517/1809] tt_sp_28100000707_p82 ok action=848 2.237s
[1518/1809] tt_sp_28100000717_p47 ok action=1036 1.626s
[1519/1809] tt_sp_28100000693_p136 ok action=1757 4.952s
[1520/1809] tt_sp_28100000722_p20 ok action=1347 0.884s
[1521/1809] tt_sp_28100000708_p96 ok action=1229 2.342s
[1522/1809] tt_sp_28100000725_p12 ok action=1054 0.807s
[1523/1809] tt_sp_28100000720_p38 ok action=1558 1.32s
[1524/1809] tt_sp_28100000714_p106 ok action=1756 2.099s
[1525/1809] tt_sp_28100000694_p122 ok action=1736 5.061s
[1526/1809] tt_sp_28100000724_p24 ok action=1053 0.99s
[1527/1809] tt_sp_28100000710_p98 ok action=1167 2.492s
[1528/1809] tt_sp_28100000716_p56 ok action=1061 2.233s
[1529/1809] tt_sp_28100000728_p10 ok action=1153 0.68s
[1530/1809] tt_sp_28100000726_p28 ok action=1148 1.187s
[1531/1809] tt_sp_28100000717_p53 ok action=1459 2.288s
[1532/1809] tt_sp_28100000727_p18 ok action=1359 0.898s
[1533/1809] tt_sp_28100000729_p16 ok action=1446 0.833s
[1534/1809] tt_sp_28100000722_p116 ok action=1441 1.779s
[1535/1809] tt_sp_28100000705_p88 ok action=1064 3.712s
[1536/1809] tt_sp_28100000726_p50 ok action=1328 1.303s
[1537/1809] tt_sp_28100000718_p76 ok action=1164 2.546s
[1538/1809] tt_sp_28100000729_p24 ok action=1458 1.007s
[1539/1809] tt_sp_28100000728_p24 ok action=1456 1.344s
[1540/1809] tt_sp_28100000717_p75 ok action=961 2.832s
[1541/1809] tt_sp_28100000732_p22 ok action=1555 0.904s
[1542/1809] tt_sp_28100000732_p34 ok action=1546 0.937s
[1543/1809] tt_sp_28100000730_p34 ok action=1444 1.357s
[1544/1809] tt_sp_28100000709_p88 ok action=732 4.004s
[1545/1809] tt_sp_28100000730_p50 ok action=1541 1.816s
[1546/1809] tt_sp_28100000739_p2 ok action=1151 0.469s
[1547/1809] tt_sp_28100000731_p46 ok action=960 1.78s
[1548/1809] tt_sp_28100000734_p26 ok action=959 1.323s
[1549/1809] tt_sp_28100000725_p84 ok action=1533 2.717s
[1550/1809] tt_sp_28100000727_p84 ok action=1269 2.246s
[1551/1809] tt_sp_28100000738_p8 ok action=1252 0.739s
[1552/1809] tt_sp_28100000719_p102 ok action=740 3.721s
[1553/1809] tt_sp_28100000735_p34 ok action=1262 1.487s
[1554/1809] tt_sp_28100000738_p26 ok action=1164 1.1s
[1555/1809] tt_sp_28100000732_p60 ok action=1341 2.133s
[1556/1809] tt_sp_28100000741_p8 ok action=1353 0.632s
[1557/1809] tt_sp_28100000719_p112 ok action=1745 4.148s
[1558/1809] tt_sp_28100000734_p56 ok action=1329 2.001s
[1559/1809] tt_sp_28100000735_p36 ok action=1034 1.791s
[1560/1809] tt_sp_28100000729_p104 ok action=1268 3.099s
[1561/1809] tt_sp_28100000719_p138 ok action=1561 4.745s
[1562/1809] tt_sp_28100000737_p60 ok action=860 2.125s
[1563/1809] tt_sp_28100000724_p100 ok action=1751 4.164s
[1564/1809] tt_sp_28100000742_p34 ok action=1341 1.431s
[1565/1809] tt_sp_28100000739_p42 ok action=1337 1.826s
[1566/1809] tt_sp_28100000742_p44 ok action=1357 1.392s
[1567/1809] tt_sp_28100000731_p108 ok action=1459 3.509s
[1568/1809] tt_sp_28100000720_p120 ok action=1328 5.155s
[1569/1809] tt_sp_28100000737_p114 ok action=1857 2.732s
[1570/1809] tt_sp_28100000741_p64 ok action=1040 1.855s
[1571/1809] tt_sp_28100000734_p74 ok action=1652 3.07s
[1572/1809] tt_sp_28100000740_p50 ok action=1052 2.03s
[1573/1809] tt_sp_28100000746_p20 ok action=1551 1.031s
[1574/1809] tt_sp_28100000731_p94 ok action=657 3.968s
[1575/1809] tt_sp_28100000740_p82 ok action=1271 2.267s
[1576/1809] tt_sp_28100000749_p12 ok action=1147 0.716s
[1577/1809] tt_sp_28100000748_p14 ok action=1242 0.913s
[1578/1809] tt_sp_28100000752_p4 ok action=1247 0.515s
[1579/1809] tt_sp_28100000751_p18 ok action=1340 0.971s
[1580/1809] tt_sp_28100000739_p78 ok action=843 3.024s
[1581/1809] tt_sp_28100000745_p56 ok action=1272 2.301s
[1582/1809] tt_sp_28100000753_p2 ok action=1254 0.507s
[1583/1809] tt_sp_28100000744_p84 ok action=1556 2.473s
[1584/1809] tt_sp_28100000737_p126 ok action=1328 4.117s
[1585/1809] tt_sp_28100000739_p118 ok action=961 3.809s
[1586/1809] tt_sp_28100000745_p58 ok action=1540 2.459s
[1587/1809] tt_sp_28100000721_p140 ok action=1668 6.527s
[1588/1809] tt_sp_28100000743_p104 ok action=1040 3.117s
[1589/1809] tt_sp_28100000732_p134 ok action=1849 5.35s
[1590/1809] tt_sp_28100000747_p72 ok action=1361 2.067s
[1591/1809] tt_sp_28100000744_p120 ok action=737 3.028s
[1592/1809] tt_sp_28100000757_p4 ok action=1146 0.558s
[1593/1809] tt_sp_28100000734_p138 ok action=1277 5.465s
[1594/1809] tt_sp_28100000736_p136 ok action=940 5.054s
[1595/1809] tt_sp_28100000746_p96 ok action=1660 2.718s
[1596/1809] tt_sp_28100000758_p2 ok action=1245 0.472s
[1597/1809] tt_sp_28100000745_p110 ok action=1169 3.428s
[1598/1809] tt_sp_28100000758_p10 ok action=1454 0.609s
[1599/1809] tt_sp_28100000742_p94 ok action=1128 3.924s
[1600/1809] tt_sp_28100000757_p8 ok action=1048 0.692s
[1601/1809] tt_sp_28100000747_p118 ok action=747 2.958s
[1602/1809] tt_sp_28100000759_p2 ok action=1148 0.603s
[1603/1809] tt_sp_28100000754_p54 ok action=843 1.243s
[1604/1809] tt_sp_28100000744_p116 ok action=747 4.061s
[1605/1809] tt_sp_28100000754_p40 ok action=1544 1.44s
[1606/1809] tt_sp_28100000750_p88 ok action=1235 2.745s
[1607/1809] tt_sp_28100000746_p92 ok action=1560 3.369s
[1608/1809] tt_sp_28100000761_p4 ok action=1244 0.528s
[1609/1809] tt_sp_28100000752_p124 ok action=1472 2.515s
[1610/1809] tt_sp_28100000760_p4 ok action=1252 0.653s
[1611/1809] tt_sp_28100000752_p70 ok action=1541 2.206s
[1612/1809] tt_sp_28100000759_p24 ok action=950 1.026s
[1613/1809] tt_sp_28100000760_p18 ok action=1057 0.99s
[1614/1809] tt_sp_28100000764_p10 ok action=1253 0.712s
[1615/1809] tt_sp_28100000747_p132 ok action=833 3.783s
[1616/1809] tt_sp_28100000748_p86 ok action=1369 3.573s
[1617/1809] tt_sp_28100000764_p22 ok action=1545 0.955s
[1618/1809] tt_sp_28100000770_p2 ok action=1148 0.446s
[1619/1809] tt_sp_28100000767_p8 ok action=1257 0.68s
[1620/1809] tt_sp_28100000748_p128 ok action=1644 3.893s
[1621/1809] tt_sp_28100000762_p46 ok action=1560 1.327s
[1622/1809] tt_sp_28100000751_p94 ok action=1040 3.536s
[1623/1809] tt_sp_28100000751_p96 ok action=941 3.502s
[1624/1809] tt_sp_28100000763_p36 ok action=944 1.478s
[1625/1809] tt_sp_28100000763_p44 ok action=1238 1.545s
[1626/1809] tt_sp_28100000755_p74 ok action=752 2.69s
[1627/1809] tt_sp_28100000753_p82 ok action=1752 3.103s
[1628/1809] tt_sp_28100000753_p84 ok action=1328 3.175s
[1629/1809] tt_sp_28100000773_p9 ok action=1145 0.615s
[1630/1809] tt_sp_28100000766_p110 ok action=1166 1.544s
[1631/1809] tt_sp_28100000757_p134 ok action=1272 3.095s
[1632/1809] tt_sp_28100000754_p132 ok action=652 3.396s
[1633/1809] tt_sp_28100000770_p34 ok action=1365 1.395s
[1634/1809] tt_sp_28100000774_p22 ok action=1452 0.885s
[1635/1809] tt_sp_28100000758_p80 ok action=754 2.828s
[1636/1809] tt_sp_28100000756_p124 ok action=952 3.365s
[1637/1809] tt_sp_28100000765_p64 ok action=851 2.245s
[1638/1809] tt_sp_28100000766_p52 ok action=1556 2.041s
[1639/1809] tt_sp_28100000774_p26 ok action=1349 1.099s
[1640/1809] tt_sp_28100000760_p72 ok action=1552 2.742s
[1641/1809] tt_sp_28100000771_p100 ok action=1560 1.873s
[1642/1809] tt_sp_28100000771_p86 ok action=1024 1.741s
[1643/1809] tt_sp_28100000761_p78 ok action=857 3.078s
[1644/1809] tt_sp_28100000773_p39 ok action=1058 1.841s
[1645/1809] tt_sp_28100000768_p91 ok action=1164 2.896s
[1646/1809] tt_sp_28100000765_p78 ok action=1563 3.14s
[1647/1809] tt_sp_28100000775_p38 ok action=944 1.867s
[1648/1809] tt_sp_28100000781_p24 ok action=1447 1.04s
[1649/1809] tt_sp_28100000772_p90 ok action=1770 2.346s
[1650/1809] tt_sp_28100000780_p34 ok action=1236 1.294s
[1651/1809] tt_sp_28100000783_p8 ok action=1247 0.581s
[1652/1809] tt_sp_28100000782_p24 ok action=1143 1.025s
[1653/1809] tt_sp_28100000772_p122 ok action=733 2.722s
[1654/1809] tt_sp_28100000769_p106 ok action=1164 3.306s
[1655/1809] tt_sp_28100000774_p64 ok action=648 2.465s
[1656/1809] tt_sp_28100000778_p47 ok action=1060 1.85s
[1657/1809] tt_sp_28100000776_p52 ok action=1366 2.208s
[1658/1809] tt_sp_28100000766_p114 ok action=1060 3.908s
[1659/1809] tt_sp_28100000786_p10 ok action=1045 0.718s
[1660/1809] tt_sp_28100000773_p135 ok action=845 3.13s
[1661/1809] tt_sp_28100000781_p56 ok action=1263 1.858s
[1662/1809] tt_sp_28100000779_p88 ok action=1748 2.245s
[1663/1809] tt_sp_28100000785_p25 ok action=1343 1.033s
[1664/1809] tt_sp_28100000787_p8 ok action=1449 0.565s
[1665/1809] tt_sp_28100000780_p60 ok action=1540 2.221s
[1666/1809] tt_sp_28100000772_p118 ok action=1653 3.522s
[1667/1809] tt_sp_28100000782_p72 ok action=1460 2.078s
[1668/1809] tt_sp_28100000779_p72 ok action=955 2.708s
[1669/1809] tt_sp_28100000787_p24 ok action=850 1.114s
[1670/1809] tt_sp_28100000786_p38 ok action=1453 1.393s
[1671/1809] tt_sp_28100000777_p106 ok action=1137 3.208s
[1672/1809] tt_sp_28100000775_p104 ok action=1232 3.735s
[1673/1809] tt_sp_28100000780_p134 ok action=1330 3.017s
[1674/1809] tt_sp_28100000784_p48 ok action=1065 1.908s
[1675/1809] tt_sp_28100000777_p98 ok action=1070 3.408s
[1676/1809] tt_sp_28100000794_p4 ok action=1146 0.516s
[1677/1809] tt_sp_28100000785_p73 ok action=1538 2.114s
[1678/1809] tt_sp_28100000794_p12 ok action=1346 0.772s
[1679/1809] tt_sp_28100000794_p14 ok action=1152 0.786s
[1680/1809] tt_sp_28100000795_p8 ok action=1150 0.656s
[1681/1809] tt_sp_28100000792_p32 ok action=1156 1.233s
[1682/1809] tt_sp_28100000787_p52 ok action=1164 2.052s
[1683/1809] tt_sp_28100000791_p46 ok action=949 1.634s
[1684/1809] tt_sp_28100000785_p85 ok action=1648 2.642s
[1685/1809] tt_sp_28100000783_p106 ok action=750 3.394s
[1686/1809] tt_sp_28100000789_p54 ok action=937 1.894s
[1687/1809] tt_sp_28100000782_p118 ok action=1029 3.708s
[1688/1809] tt_sp_28100000802_p142 ok action=648 0.101s
[1689/1809] tt_sp_28100000796_p30 ok action=949 1.28s
[1690/1809] tt_sp_28100000798_p16 ok action=1449 0.893s
[1691/1809] tt_sp_28100000797_p30 ok action=1440 1.232s
[1692/1809] tt_sp_28100000797_p44 ok action=1156 1.308s
[1693/1809] tt_sp_28100000802_p4 ok action=1247 0.537s
[1694/1809] tt_sp_28100000803_p4 ok action=1244 0.577s
[1695/1809] tt_sp_28100000789_p108 ok action=1232 2.813s
[1696/1809] tt_sp_28100000790_p104 ok action=928 2.647s
[1697/1809] tt_sp_28100000798_p32 ok action=1163 1.395s
[1698/1809] tt_sp_28100000791_p78 ok action=1166 2.688s
[1699/1809] tt_sp_28100000776_p132 ok action=1124 5.548s
[1700/1809] tt_sp_28100000786_p122 ok action=1740 3.634s
[1701/1809] tt_sp_28100000796_p64 ok action=1536 1.97s
[1702/1809] tt_sp_28100000797_p86 ok action=1324 1.855s
[1703/1809] tt_sp_28100000804_p14 ok action=1549 0.88s
[1704/1809] tt_sp_28100000784_p122 ok action=732 4.232s
[1705/1809] tt_sp_28100000788_p106 ok action=743 3.391s
[1706/1809] tt_sp_28100000804_p22 ok action=1140 0.881s
[1707/1809] tt_sp_28100000805_p12 ok action=1149 0.839s
[1708/1809] tt_sp_28100000804_p28 ok action=1240 1.18s
[1709/1809] tt_sp_28100000809_p8 ok action=1348 0.547s
[1710/1809] tt_sp_28100000799_p66 ok action=952 1.586s
[1711/1809] tt_sp_28100000807_p22 ok action=1038 0.321s
[1712/1809] tt_sp_28100000812_p10 ok action=1055 0.015s
[1713/1809] tt_sp_28100000786_p136 ok action=1182 3.887s
[1714/1809] tt_sp_28100000811_p20 ok action=1157 0.201s
[1715/1809] tt_sp_28100000801_p132 ok action=1660 1.731s
[1716/1809] tt_sp_28100000791_p98 ok action=842 3.387s
[1717/1809] tt_sp_28100000765_p136 ok action=1377 7.828s
[1718/1809] tt_sp_28100000814_p2 ok action=1244 0.484s
[1719/1809] tt_sp_28100000806_p56 ok action=940 1.22s
[1720/1809] tt_sp_28100000813_p16 ok action=1358 0.851s
[1721/1809] tt_sp_28100000810_p84 ok action=1068 0.848s
[1722/1809] tt_sp_28100000809_p70 ok action=1544 0.93s
[1723/1809] tt_sp_28100000800_p74 ok action=1665 2.34s
[1724/1809] tt_sp_28100000807_p58 ok action=1657 1.233s
[1725/1809] tt_sp_28100000809_p56 ok action=1549 1.145s
[1726/1809] tt_sp_28100000790_p110 ok action=1533 4.129s
[1727/1809] tt_sp_28100000809_p50 ok action=1456 1.227s
[1728/1809] tt_sp_28100000810_p70 ok action=1239 1.133s
[1729/1809] tt_sp_28100000799_p114 ok action=1560 2.961s
[1730/1809] tt_sp_28100000804_p76 ok action=1536 2.102s
[1731/1809] tt_sp_28100000800_p116 ok action=1032 2.913s
[1732/1809] tt_sp_28100000819_p2 ok action=1244 0.486s
[1733/1809] tt_sp_28100000802_p104 ok action=1169 2.551s
[1734/1809] tt_sp_28100000799_p90 ok action=1362 3.06s
[1735/1809] tt_sp_28100000822_p2 ok action=1244 0.432s
[1736/1809] tt_sp_28100000819_p8 ok action=1354 0.685s
[1737/1809] tt_sp_28100000813_p42 ok action=1551 1.704s
[1738/1809] tt_sp_28100000793_p125 ok action=1844 4.608s
[1739/1809] tt_sp_28100000814_p32 ok action=1056 1.499s
[1740/1809] tt_sp_28100000819_p18 ok action=1445 0.957s
[1741/1809] tt_sp_28100000806_p94 ok action=1067 2.349s
[1742/1809] tt_sp_28100000817_p33 ok action=1044 1.34s
[1743/1809] tt_sp_28100000815_p44 ok action=1263 1.578s
[1744/1809] tt_sp_28100000806_p120 ok action=1436 2.594s
[1745/1809] tt_sp_28100000812_p88 ok action=852 1.683s
[1746/1809] tt_sp_28100000823_p10 ok action=1355 0.675s
[1747/1809] tt_sp_28100000793_p131 ok action=1552 5.002s
[1748/1809] tt_sp_28100000824_p14 ok action=1048 0.843s
[1749/1809] tt_sp_28100000817_p47 ok action=1460 1.64s
[1750/1809] tt_sp_28100000825_p12 ok action=1153 0.75s
[1751/1809] tt_sp_28100000822_p30 ok action=1238 1.222s
[1752/1809] tt_sp_28100000827_p2 ok action=1351 0.557s
[1753/1809] tt_sp_28100000812_p96 ok action=1064 2.736s
[1754/1809] tt_sp_28100000827_p12 ok action=1044 0.676s
[1755/1809] tt_sp_28100000830_p2 ok action=1247 0.451s
[1756/1809] tt_sp_28100000822_p36 ok action=1541 1.46s
[1757/1809] tt_sp_28100000821_p66 ok action=1746 1.793s
[1758/1809] tt_sp_28100000828_p23 ok action=1453 0.934s
[1759/1809] tt_sp_28100000812_p108 ok action=1329 2.873s
[1760/1809] tt_sp_28100000827_p20 ok action=1448 0.991s
[1761/1809] tt_sp_28100000826_p44 ok action=1541 1.263s
[1762/1809] tt_sp_28100000831_p8 ok action=1255 0.645s
[1763/1809] tt_sp_28100000829_p22 ok action=1441 1.097s
[1764/1809] tt_sp_28100000820_p93 ok action=1556 2.218s
[1765/1809] tt_sp_28100000820_p127 ok action=844 2.327s
[1766/1809] tt_sp_28100000818_p72 ok action=1440 2.591s
[1767/1809] tt_sp_28100000815_p92 ok action=1448 2.917s
[1768/1809] tt_sp_28100000823_p52 ok action=1342 2.013s
[1769/1809] tt_sp_28100000808_p129 ok action=747 3.879s
[1770/1809] tt_sp_28100000816_p94 ok action=936 3.172s
[1771/1809] tt_sp_28100000820_p65 ok action=959 2.754s
[1772/1809] tt_sp_28100000840_p11 ok action=1448 0.708s
[1773/1809] tt_sp_28100000835_p26 ok action=1652 1.261s
[1774/1809] tt_sp_28100000836_p28 ok action=1338 1.249s
[1775/1809] tt_sp_28100000834_p42 ok action=1240 1.559s
[1776/1809] tt_sp_28100000833_p64 ok action=1750 1.675s
[1777/1809] tt_sp_28100000825_p74 ok action=1264 2.388s
[1778/1809] tt_sp_28100000834_p58 ok action=1357 1.719s
[1779/1809] tt_sp_28100000830_p72 ok action=1065 1.988s
[1780/1809] tt_sp_28100000838_p30 ok action=1448 1.372s
[1781/1809] tt_sp_28100000824_p60 ok action=1636 2.881s
[1782/1809] tt_sp_28100000825_p128 ok action=735 2.779s
[1783/1809] tt_sp_28100000842_p25 ok action=1264 1.124s
[1784/1809] tt_sp_28100000827_p84 ok action=1161 2.521s
[1785/1809] tt_sp_28100000845_p51 ok action=1152 1.006s
[1786/1809] tt_sp_28100000849_p2 ok action=1149 0.436s
[1787/1809] tt_sp_28100000835_p122 ok action=1554 2.282s
[1788/1809] tt_sp_28100000838_p76 ok action=1564 1.878s
[1789/1809] tt_sp_28100000839_p54 ok action=856 1.913s
[1790/1809] tt_sp_28100000841_p46 ok action=947 1.657s
[1791/1809] tt_sp_28100000841_p54 ok action=1136 1.617s
[1792/1809] tt_sp_28100000829_p96 ok action=1335 3.059s
[1793/1809] tt_sp_28100000834_p102 ok action=837 2.642s
[1794/1809] tt_sp_28100000848_p26 ok action=1347 1.089s
[1795/1809] tt_sp_28100000848_p30 ok action=1140 1.074s
[1796/1809] tt_sp_28100000839_p88 ok action=1649 2.227s
[1797/1809] tt_sp_28100000836_p64 ok action=1040 2.432s
[1798/1809] tt_sp_28100000824_p120 ok action=1130 4.1s
[1799/1809] tt_sp_28100000843_p82 ok action=1552 1.84s
[1800/1809] tt_sp_28100000843_p76 ok action=1036 2.126s
[1801/1809] tt_sp_28100000838_p140 ok action=1634 2.593s
[1802/1809] tt_sp_28100000845_p75 ok action=846 1.78s
[1803/1809] tt_sp_28100000846_p72 ok action=1061 2.051s
[1804/1809] tt_sp_28100000814_p122 ok action=1328 6.096s
[1805/1809] tt_sp_28100000844_p86 ok action=1132 2.471s
[1806/1809] tt_sp_28100000840_p113 ok action=645 2.974s
[1807/1809] tt_sp_28100000848_p82 ok action=1336 2.116s
[1808/1809] tt_sp_28100000847_p86 ok action=861 2.463s
[1809/1809] tt_sp_28100000847_p122 ok action=837 3.146s
[champ_picks] 1809 ok, 0 errors, 1809 rows total -> /home/doctor/projects/carcassone/measurement/tiearb2_20260816/corpus/champ_picks/champ_picks.jsonl
[tiearb2][2026-08-16 20:10:42] PHASE 5a emit spent-corpus rid exclusion list -> /home/doctor/projects/carcassone/measurement/tiearb2_20260816/corpus/EXCLUDE_RIDS_spent733.txt
[tiearb2] wrote 733 spent rids -> /home/doctor/projects/carcassone/measurement/tiearb2_20260816/corpus/EXCLUDE_RIDS_spent733.txt
[tiearb2][2026-08-16 20:10:42] PHASE 5 BUILD POSITIONS: cap-j 4, target 1400 -> /home/doctor/projects/carcassone/measurement/tiearb2_20260816/corpus/positions
[build_positions] afterstate map: 1809 rid(s) from 1 file(s): ['/home/doctor/projects/carcassone/measurement/tiearb2_20260816/corpus/census/afterstate_map_walled.json']
[build_positions] exclude-rids: 733 requested | 0 removed from the deduped supply | 1355 positions remain samplable
[build_positions] afterstate dedupe: applied=True | dropped 454/1809 all-transposition positions (25.1%) | arm-deduped 284 | tie-set arm-playouts 231872 -> 156672 (32.4% saved)
[build_positions] 3400 census rows -> 1809 qualifying -> 1355 sampled | e4=0 selfplay=1355 | max_arms=5 mean_arms=3.00 | capped=245 | champ_pick_missing=0
[build_positions] 4 leg files -> /home/doctor/projects/carcassone/measurement/tiearb2_20260816/corpus/positions
{
  "afterstate_dedupe": {
    "applied": true,
    "design_ref": "DESIGN.md \u00a76 threat 3 (arms deduped by successor board key; all-transposition positions dropped as analytic zeros)",
    "dropped_index_path": "/home/doctor/projects/carcassone/measurement/tiearb2_20260816/corpus/positions/DROPPED_ALL_TRANSPOSITION.json",
    "dropped_pct": 25.09673852957435,
    "n_dropped_all_transposition": 454,
    "n_dropped_by_stratum": {
      "selfplay": 454
    },
    "n_dropped_with_action_played_outside_tieset": 77,
    "n_positions_with_arm_dedupe": 284,
    "n_qualifying_before_drop": 1809,
    "savings_pct_full_supply": 32.431686447695284,
    "tieset_arm_playouts_full_supply_after": 156672,
    "tieset_arm_playouts_full_supply_before": 231872
  },
  "allow_missing_champ_picks": false,
  "cap_j": 4,
  "census_qualifying_n": 1809,
  "census_rows_n": 3400,
  "champ_pick_secs": 18638.296000000002,
  "counts_by_profile_leg": {
    "walled/leg1": 1355,
    "walled/leg2": 794,
    "walled/leg3": 449,
    "walled/leg4": 113
  },
  "counts_by_stratum": {
    "e4": 0,
    "selfplay": 1355
  },
  "design_doc": "measurement/tiletie_pricing_20260812/DESIGN.md",
  "eta_by_workers": {
    "W=14": {
      "wall_hours": 6.0499979365079355,
      "wall_secs": 21779.992571428567
    },
    "W=22": {
      "wall_hours": 3.849998686868686,
      "wall_secs": 13859.99527272727
    }
  },
  "exclude_rids": {
    "applied": true,
    "design_ref": "DESIGN.md \u00a77.3 (Stage B is an extension of the same records directory, not a re-draw: the new positions are disjoint from the earlier stage by construction)",
    "n_removed_from_supply": 0,
    "n_requested": 733,
    "n_supply_after_exclusion": 1355
  },
  "files": {
    "walled/leg1": {
      "n": 1355,
      "path": "/home/doctor/projects/carcassone/measurement/tiearb2_20260816/corpus/positions/positions_walled_leg1.jsonl"
    },
    "walled/leg2": {
      "n": 794,
      "path": "/home/doctor/projects/carcassone/measurement/tiearb2_20260816/corpus/positions/positions_walled_leg2.jsonl"
    },
    "walled/leg3": {
      "n": 449,
      "path": "/home/doctor/projects/carcassone/measurement/tiearb2_20260816/corpus/positions/positions_walled_leg3.jsonl"
    },
    "walled/leg4": {
      "n": 113,
      "path": "/home/doctor/projects/carcassone/measurement/tiearb2_20260816/corpus/positions/positions_walled_leg4.jsonl"
    }
  },
  "formula": "DESIGN.md #7.1: oracle_worker_secs = n_positions*(A_bar-1)*2*M*c (summed per-position here, algebraically identical); champ_pick_secs = n_selfplay*t_champ; wall_hours = (oracle_worker_secs+champ_pick_secs)/(3600*W)",
  "generated_utc": "2026-08-17T00:10:43Z",
  "m_worlds": 32,
  "max_arms": 5,
  "mean_arms": 3.000738007380074,
  "n_e4": 0,
  "n_positions": 1355,
  "n_positions_capped": 245,
  "n_positions_champ_pick_missing": 0,
  "n_selfplay": 1355,
  "oracle_worker_secs": 286281.6,
  "out_dir": "/home/doctor/projects/carcassone/measurement/tiearb2_20260816/corpus/positions",
  "playout_secs": 1.65,
  "sample_seed": 20260816,
  "schema": "carcassonne-tiletie-positions/v1",
  "t_champ_secs": 13.7552,
  "total_arm_playouts": 173504,
  "total_worker_secs": 304919.89599999995
}
[plan] afterstate_dedupe.applied = True
[plan] n_dropped_all_transposition = 454
[plan] exclude_rids.n_requested = 733
[plan] exclude_rids.n_removed_from_supply = 0
[plan] n_supply_after_exclusion = 1355
[tiearb2][2026-08-16 20:10:43] PHASE 6 G-DISJOINT gate
[G-DISJOINT] a_root_id            spent=   399 new=   725 intersection=     0
[G-DISJOINT] b_rid                spent=   733 new=  1355 intersection=     0
[G-DISJOINT] c_position_digest    spent=   733 new=  1353 intersection=     3
[G-DISJOINT] sha256(spent rid list) = 656d32624f9aa313937407ac4799c804b8a3ec546a36f892bdbb2d956f8e8687
[G-DISJOINT] sha256(new   rid list) = ac88d1fb6488ce64a1aeff3a828778462db137835442bbdb1675536522b76e03
[G-DISJOINT] -> /home/doctor/projects/carcassone/measurement/tiearb2_20260816/DISJOINTNESS.json

======================================================================
[G-DISJOINT] ***** GATE FAILED *****
[G-DISJOINT] 1 of 3 identity layers OVERLAP the spent corpus: c_position_digest
[G-DISJOINT] The fresh corpus is CONTAMINATED — it re-uses positions that already selected the read rule.
[G-DISJOINT] DO NOT score it. Rebuild the corpus from a clean deck-seed band.
======================================================================
