idx,regime,mover_spec,opp_spec,opp_class,phase,k_remaining,legal_n,final_margin_mover,result_mover,motifs,block_opp,block_mag,block_actual_took,avoid_feeding_opp,avoid_feeding_mag,avoid_feeding_actual_took,contest_merge_opp,contest_merge_mag,contest_merge_actual_took,farm_claim_opp,farm_claim_mag,farm_claim_actual_took
9,h3200:random,h3200,random,weak,midgame,44,2,52,W,farm_claim,0,,,0,,,0,,,1,6.0,1
2,h3200:random,random,h3200,strong,opening,63,6,-52,L,farm_claim,0,,,0,,,0,,,1,9.0,0
7,h3200:random,h3200,random,weak,opening,48,4,52,W,farm_claim,0,,,0,,,0,,,1,6.0,0
0,h3200:random,h3200,random,weak,opening,68,5,52,W,farm_claim,0,,,0,,,0,,,1,6.0,0
3,h3200:random,h3200,random,weak,opening,58,6,52,W,farm_claim,0,,,0,,,0,,,1,6.0,0
6,h3200:random,random,h3200,strong,opening,49,20,-52,L,block|avoid_feeding,1,8.2,0,1,8.2,0,0,,,0,,
10,h3200:random,h3200,random,weak,midgame,40,31,52,W,avoid_feeding,0,,,1,6.3,1,0,,,0,,
5,h3200:random,random,h3200,strong,opening,53,4,-52,L,farm_claim,0,,,0,,,0,,,1,6.0,1
1,h3200:random,h3200,random,weak,opening,66,2,52,W,farm_claim,0,,,0,,,0,,,1,6.0,0
11,h3200:random,random,h3200,strong,midgame,31,30,-52,L,block|avoid_feeding,1,5.0,0,1,5.0,0,0,,,0,,
4,h3200:random,random,h3200,strong,opening,53,17,-52,L,avoid_feeding,0,,,1,3.2,1,0,,,0,,
12,h3200:random,random,h3200,strong,late_mid,25,32,-52,L,block|avoid_feeding,1,3.8,1,1,3.8,1,0,,,0,,
8,h3200:random,h3200,random,weak,midgame,46,4,52,W,farm_claim,0,,,0,,,0,,,1,6.0,0
13,h3200:random,h3200,random,weak,late_mid,22,37,52,W,avoid_feeding,0,,,1,5.8,1,0,,,0,,
19,h3200:random,h3200,random,weak,opening,62,4,80,W,farm_claim,0,,,0,,,0,,,1,6.0,1
17,h3200:random,random,h3200,strong,opening,69,6,-80,L,farm_claim,0,,,0,,,0,,,1,6.0,0
18,h3200:random,random,h3200,strong,opening,65,9,-80,L,avoid_feeding,0,,,1,2.3,1,0,,,0,,
20,h3200:random,random,h3200,strong,opening,51,23,-80,L,avoid_feeding,0,,,1,3.1,1,0,,,0,,
14,h3200:random,random,h3200,strong,late_mid,19,35,-52,L,block|avoid_feeding,1,3.8,1,1,3.8,1,0,,,0,,
21,h3200:random,random,h3200,strong,opening,49,36,-80,L,contest_merge,0,,,0,,,1,9.0,0,0,,
16,h3200:random,random,h3200,strong,endgame,5,34,-52,L,block|avoid_feeding,1,3.8,1,1,3.8,1,0,,,0,,
23,h3200:random,random,h3200,strong,midgame,43,30,-80,L,contest_merge,0,,,0,,,1,12.0,0,0,,
24,h3200:random,h3200,random,weak,midgame,42,42,80,W,contest_merge,0,,,0,,,1,9.0,0,0,,
22,h3200:random,h3200,random,weak,opening,48,2,80,W,farm_claim,0,,,0,,,0,,,1,6.0,1
15,h3200:random,random,h3200,strong,pre_endgame,11,37,-52,L,block|avoid_feeding,1,3.8,1,1,3.8,1,0,,,0,,
25,h3200:random,random,h3200,strong,midgame,39,29,-80,L,contest_merge,0,,,0,,,1,12.0,0,0,,
26,h3200:random,random,h3200,strong,midgame,35,41,-80,L,block|avoid_feeding,1,6.2,0,1,6.2,0,0,,,0,,
27,h3200:random,random,h3200,strong,midgame,31,36,-80,L,block|avoid_feeding|contest_merge,1,5.0,0,1,5.0,0,1,12.0,0,0,,
29,h3200:random,random,h3200,strong,late_mid,25,48,-80,L,block|avoid_feeding,1,2.6,1,1,2.6,1,0,,,0,,
28,h3200:random,random,h3200,strong,midgame,29,40,-80,L,block|avoid_feeding|contest_merge,1,5.0,0,1,5.0,0,1,12.0,0,0,,
37,h6400:random,h6400,random,weak,opening,70,6,59,W,farm_claim,0,,,0,,,0,,,1,6.0,1
34,h3200:random,h3200,random,weak,pre_endgame,14,3,80,W,farm_claim,0,,,0,,,0,,,1,12.0,1
38,h6400:random,random,h6400,strong,opening,61,10,-59,L,contest_merge,0,,,0,,,1,15.0,0,0,,
32,h3200:random,random,h3200,strong,late_mid,17,43,-80,L,block|avoid_feeding,1,3.2,1,1,3.2,1,0,,,0,,
33,h3200:random,random,h3200,strong,late_mid,15,39,-80,L,avoid_feeding,0,,,1,3.2,1,0,,,0,,
39,h6400:random,random,h6400,strong,opening,57,23,-59,L,contest_merge,0,,,0,,,1,21.0,0,0,,
30,h3200:random,h3200,random,weak,late_mid,24,38,80,W,contest_merge,0,,,0,,,1,9.0,0,0,,
40,h6400:random,h6400,random,weak,opening,56,17,59,W,contest_merge,0,,,0,,,1,21.0,0,0,,
41,h6400:random,random,h6400,strong,opening,55,28,-59,L,contest_merge,0,,,0,,,1,24.0,0,0,,
36,h3200:random,random,h3200,strong,endgame,3,42,-80,L,block|avoid_feeding,1,2.8,0,1,2.8,0,0,,,0,,
31,h3200:random,random,h3200,strong,late_mid,19,41,-80,L,block|avoid_feeding,1,8.2,0,1,8.2,0,0,,,0,,
35,h3200:random,random,h3200,strong,endgame,5,53,-80,L,contest_merge,0,,,0,,,1,30.0,0,0,,
42,h6400:random,h6400,random,weak,opening,54,19,59,W,contest_merge,0,,,0,,,1,21.0,0,0,,
43,h6400:random,random,h6400,strong,opening,53,34,-59,L,contest_merge,0,,,0,,,1,27.0,0,0,,
44,h6400:random,random,h6400,strong,opening,47,32,-59,L,contest_merge,0,,,0,,,1,27.0,0,0,,
48,h6400:random,random,h6400,strong,late_mid,23,36,-59,L,avoid_feeding,0,,,1,2.8,1,0,,,0,,
52,h3200:random,h3200,random,weak,opening,72,4,87,W,farm_claim,0,,,0,,,0,,,1,6.0,1
47,h6400:random,h6400,random,weak,late_mid,24,38,59,W,contest_merge,0,,,0,,,1,27.0,0,0,,
50,h6400:random,h6400,random,weak,endgame,2,48,59,W,contest_merge,0,,,0,,,1,27.0,0,0,,
45,h6400:random,random,h6400,strong,midgame,37,47,-59,L,avoid_feeding|contest_merge,0,,,1,2.6,0,1,27.0,0,0,,
46,h6400:random,random,h6400,strong,late_mid,25,46,-59,L,contest_merge,0,,,0,,,1,27.0,0,0,,
53,h3200:random,h3200,random,weak,opening,64,3,87,W,farm_claim,0,,,0,,,0,,,1,6.0,1
54,h3200:random,h3200,random,weak,opening,50,5,87,W,farm_claim,0,,,0,,,0,,,1,6.0,0
55,h3200:random,h3200,random,weak,midgame,34,22,87,W,contest_merge,0,,,0,,,1,21.0,1,0,,
49,h6400:random,h6400,random,weak,endgame,4,46,59,W,contest_merge,0,,,0,,,1,27.0,0,0,,
59,h6400:random,h6400,random,weak,opening,66,3,40,W,farm_claim,0,,,0,,,0,,,1,6.0,0
61,h6400:random,random,h6400,strong,opening,57,20,-40,L,avoid_feeding,0,,,1,3.2,1,0,,,0,,
51,h6400:random,h6400,random,weak,endgame,2,6,59,W,farm_claim,0,,,0,,,0,,,1,6.0,0
56,h3200:random,random,h3200,strong,late_mid,25,27,-87,L,avoid_feeding,0,,,1,2.3,1,0,,,0,,
60,h6400:random,h6400,random,weak,opening,62,2,40,W,farm_claim,0,,,0,,,0,,,1,6.0,1
64,h6400:random,h6400,random,weak,midgame,44,24,40,W,avoid_feeding,0,,,1,2.1,0,0,,,0,,
57,h3200:random,h3200,random,weak,late_mid,22,3,87,W,farm_claim,0,,,0,,,0,,,1,6.0,1
58,h3200:random,random,h3200,strong,pre_endgame,11,39,-87,L,block|avoid_feeding,1,3.5,0,1,3.5,0,0,,,0,,
62,h6400:random,h6400,random,weak,opening,56,3,40,W,farm_claim,0,,,0,,,0,,,1,6.0,0
63,h6400:random,random,h6400,strong,opening,47,27,-40,L,block|avoid_feeding,1,2.2,0,1,2.2,0,0,,,0,,
65,h6400:random,random,h6400,strong,midgame,41,33,-40,L,block|avoid_feeding,1,5.0,0,1,5.0,0,0,,,0,,
66,h6400:random,h6400,random,weak,midgame,40,35,40,W,avoid_feeding,0,,,1,2.6,1,0,,,0,,
67,h6400:random,random,h6400,strong,late_mid,21,36,-40,L,block|avoid_feeding,1,2.4,0,1,2.4,0,0,,,0,,
68,h6400:random,h6400,random,weak,late_mid,18,38,40,W,avoid_feeding,0,,,1,2.5,0,0,,,0,,
75,h3200:random,h3200,random,weak,opening,58,23,102,W,contest_merge,0,,,0,,,1,9.0,0,0,,
74,h3200:random,h3200,random,weak,opening,72,4,102,W,farm_claim,0,,,0,,,0,,,1,6.0,1
76,h3200:random,h3200,random,weak,opening,56,29,102,W,contest_merge,0,,,0,,,1,9.0,0,0,,
69,h6400:random,h6400,random,weak,pre_endgame,14,46,40,W,avoid_feeding,0,,,1,2.5,0,0,,,0,,
71,h6400:random,random,h6400,strong,pre_endgame,11,33,-40,L,block|avoid_feeding,1,5.0,1,1,5.0,1,0,,,0,,
72,h6400:random,h6400,random,weak,pre_endgame,8,42,40,W,avoid_feeding,0,,,1,4.3,0,0,,,0,,
78,h3200:random,random,h3200,strong,opening,49,27,-102,L,avoid_feeding,0,,,1,3.2,1,0,,,0,,
77,h3200:random,random,h3200,strong,opening,53,36,-102,L,contest_merge,0,,,0,,,1,9.0,0,0,,
70,h6400:random,random,h6400,strong,pre_endgame,13,38,-40,L,contest_merge,0,,,0,,,1,24.0,0,0,,
73,h6400:random,h6400,random,weak,endgame,6,53,40,W,block|avoid_feeding,1,2.5,0,1,2.5,0,0,,,0,,
79,h3200:random,random,h3200,strong,midgame,45,36,-102,L,avoid_feeding,0,,,1,3.2,1,0,,,0,,
81,h3200:random,h3200,random,weak,midgame,42,46,102,W,contest_merge,0,,,0,,,1,15.0,0,0,,
80,h3200:random,random,h3200,strong,midgame,43,34,-102,L,block|avoid_feeding|contest_merge,1,5.0,0,1,5.0,0,1,9.0,0,0,,
82,h3200:random,h3200,random,weak,midgame,34,43,102,W,contest_merge,0,,,0,,,1,9.0,0,0,,
83,h3200:random,h3200,random,weak,midgame,30,45,102,W,contest_merge,0,,,0,,,1,9.0,0,0,,
86,h3200:random,h3200,random,weak,late_mid,26,51,102,W,contest_merge,0,,,0,,,1,9.0,0,0,,
84,h3200:random,h3200,random,weak,midgame,30,5,102,W,farm_claim,0,,,0,,,0,,,1,6.0,0
85,h3200:random,random,h3200,strong,midgame,29,46,-102,L,contest_merge,0,,,0,,,1,9.0,0,0,,
89,h3200:random,random,h3200,strong,pre_endgame,13,41,-102,L,block|avoid_feeding,1,3.5,0,1,3.5,0,0,,,0,,
93,h6400:random,random,h6400,strong,opening,57,3,-63,L,farm_claim,0,,,0,,,0,,,1,6.0,1
88,h3200:random,random,h3200,strong,late_mid,17,37,-102,L,block|avoid_feeding,1,2.0,1,1,2.0,1,0,,,0,,
87,h3200:random,random,h3200,strong,late_mid,21,38,-102,L,block|avoid_feeding,1,2.0,1,1,2.0,1,0,,,0,,
92,h3200:random,random,h3200,strong,pre_endgame,7,27,-102,L,block|avoid_feeding,1,2.0,1,1,2.0,1,0,,,0,,
96,h6400:random,h6400,random,weak,midgame,46,29,63,W,avoid_feeding,0,,,1,2.6,0,0,,,0,,
95,h6400:random,h6400,random,weak,opening,50,24,63,W,avoid_feeding,0,,,1,2.6,0,0,,,0,,
90,h3200:random,random,h3200,strong,pre_endgame,11,44,-102,L,block|avoid_feeding,1,3.5,0,1,3.5,0,0,,,0,,
94,h6400:random,h6400,random,weak,opening,56,12,63,W,avoid_feeding,0,,,1,2.6,0,0,,,0,,
91,h3200:random,random,h3200,strong,pre_endgame,9,33,-102,L,block|avoid_feeding|contest_merge,1,7.0,0,1,7.0,0,1,9.0,0,0,,
97,h6400:random,h6400,random,weak,midgame,44,2,63,W,farm_claim,0,,,0,,,0,,,1,6.0,1
98,h6400:random,random,h6400,strong,midgame,41,24,-63,L,contest_merge,0,,,0,,,1,15.0,0,0,,
99,h6400:random,h6400,random,weak,midgame,40,21,63,W,contest_merge,0,,,0,,,1,15.0,1,0,,
103,h6400:random,h6400,random,weak,opening,70,7,63,W,farm_claim,0,,,0,,,0,,,1,6.0,1
102,h6400:random,random,h6400,strong,opening,71,3,-63,L,farm_claim,0,,,0,,,0,,,1,6.0,0
104,h6400:random,random,h6400,strong,opening,69,3,-63,L,farm_claim,0,,,0,,,0,,,1,6.0,0
105,h6400:random,random,h6400,strong,opening,67,3,-63,L,farm_claim,0,,,0,,,0,,,1,6.0,0
100,h6400:random,random,h6400,strong,midgame,31,33,-63,L,avoid_feeding,0,,,1,2.0,1,0,,,0,,
107,h6400:random,random,h6400,strong,opening,63,16,-63,L,avoid_feeding,0,,,1,2.6,0,0,,,0,,
106,h6400:random,h6400,random,weak,opening,64,5,63,W,farm_claim,0,,,0,,,0,,,1,6.0,1
101,h6400:random,random,h6400,strong,late_mid,27,35,-63,L,avoid_feeding,0,,,1,2.0,1,0,,,0,,
108,h6400:random,h6400,random,weak,opening,62,14,63,W,avoid_feeding,0,,,1,2.0,1,0,,,0,,
109,h6400:random,random,h6400,strong,opening,57,11,-63,L,avoid_feeding,0,,,1,2.2,1,0,,,0,,
110,h6400:random,random,h6400,strong,opening,57,5,-63,L,farm_claim,0,,,0,,,0,,,1,6.0,0
111,h6400:random,h6400,random,weak,opening,56,22,63,W,avoid_feeding,0,,,1,2.5,1,0,,,0,,
112,h6400:random,random,h6400,strong,opening,53,16,-63,L,avoid_feeding,0,,,1,2.7,1,0,,,0,,
113,h6400:random,random,h6400,strong,opening,47,27,-63,L,contest_merge,0,,,0,,,1,9.0,0,0,,
114,h6400:random,random,h6400,strong,midgame,45,23,-63,L,avoid_feeding,0,,,1,2.2,1,0,,,0,,
116,h6400:random,random,h6400,strong,midgame,43,24,-63,L,contest_merge,0,,,0,,,1,18.0,0,0,,
119,h6400:random,random,h6400,strong,midgame,37,34,-63,L,contest_merge,0,,,0,,,1,18.0,1,0,,
115,h6400:random,h6400,random,weak,midgame,44,21,63,W,contest_merge,0,,,0,,,1,15.0,0,0,,
117,h6400:random,random,h6400,strong,midgame,39,30,-63,L,avoid_feeding,0,,,1,2.7,1,0,,,0,,
118,h6400:random,h6400,random,weak,midgame,38,29,63,W,contest_merge,0,,,0,,,1,21.0,0,0,,
120,h6400:random,random,h6400,strong,midgame,29,32,-63,L,avoid_feeding,0,,,1,2.4,1,0,,,0,,
121,h6400:random,random,h6400,strong,late_mid,23,23,-63,L,block|avoid_feeding,1,2.4,0,1,2.4,0,0,,,0,,
123,h6400:random,random,h6400,strong,late_mid,17,26,-63,L,avoid_feeding,0,,,1,2.8,1,0,,,0,,
122,h6400:random,random,h6400,strong,late_mid,19,41,-63,L,avoid_feeding,0,,,1,4.8,0,0,,,0,,
124,h6400:random,random,h6400,strong,late_mid,15,44,-63,L,avoid_feeding,0,,,1,4.8,0,0,,,0,,
125,h6400:random,h6400,random,weak,pre_endgame,12,37,63,W,avoid_feeding,0,,,1,2.5,1,0,,,0,,
126,h800:h800,h800,h800,mid,opening,62,3,-20,L,farm_claim,0,,,0,,,0,,,1,6.0,1
127,h800:h800,h800,h800,mid,opening,58,19,-20,L,avoid_feeding,0,,,1,2.0,0,0,,,0,,
130,h800:h800,h800,h800,mid,midgame,41,21,20,W,avoid_feeding,0,,,1,3.5,0,0,,,0,,
128,h800:h800,h800,h800,mid,opening,51,14,20,W,avoid_feeding,0,,,1,2.0,0,0,,,0,,
129,h800:h800,h800,h800,mid,opening,48,5,-20,L,farm_claim,0,,,0,,,0,,,1,6.0,1
132,h800:h800,h800,h800,mid,midgame,34,27,-20,L,block|avoid_feeding,1,3.5,1,1,3.5,1,0,,,0,,
136,h800:h800,h800,h800,mid,opening,68,6,3,W,farm_claim,0,,,0,,,0,,,1,6.0,0
131,h800:h800,h800,h800,mid,midgame,35,17,20,W,avoid_feeding,0,,,1,3.5,0,0,,,0,,
137,h800:h800,h800,h800,mid,opening,63,2,-3,L,farm_claim,0,,,0,,,0,,,1,6.0,1
133,h800:h800,h800,h800,mid,late_mid,26,5,-20,L,farm_claim,0,,,0,,,0,,,1,6.0,1
134,h800:h800,h800,h800,mid,late_mid,24,34,-20,L,avoid_feeding,0,,,1,2.0,1,0,,,0,,
135,h800:h800,h800,h800,mid,late_mid,22,42,-20,L,avoid_feeding,0,,,1,2.0,1,0,,,0,,
138,h800:h800,h800,h800,mid,opening,51,18,-3,L,avoid_feeding,0,,,1,2.0,1,0,,,0,,
139,h800:h800,h800,h800,mid,midgame,45,31,-3,L,avoid_feeding,0,,,1,3.0,0,0,,,0,,
140,h800:h800,h800,h800,mid,midgame,43,44,-3,L,avoid_feeding|contest_merge,0,,,1,3.0,0,1,12.0,1,0,,
143,h800:h800,h800,h800,mid,opening,69,3,-17,L,farm_claim,0,,,0,,,0,,,1,6.0,1
144,h800:h800,h800,h800,mid,opening,64,12,17,W,contest_merge,0,,,0,,,1,9.0,1,0,,
141,h800:h800,h800,h800,mid,midgame,39,24,-3,L,avoid_feeding,0,,,1,3.0,0,0,,,0,,
142,h800:h800,h800,h800,mid,late_mid,25,38,-3,L,avoid_feeding,0,,,1,2.2,1,0,,,0,,
145,h800:h800,h800,h800,mid,opening,63,3,-17,L,farm_claim,0,,,0,,,0,,,1,6.0,0
146,h800:h800,h800,h800,mid,opening,58,13,17,W,avoid_feeding,0,,,1,2.3,1,0,,,0,,
147,h800:h800,h800,h800,mid,opening,56,9,17,W,avoid_feeding,0,,,1,2.3,1,0,,,0,,
148,h800:h800,h800,h800,mid,opening,54,17,17,W,avoid_feeding,0,,,1,3.5,0,0,,,0,,
149,h800:h800,h800,h800,mid,opening,50,29,17,W,avoid_feeding,0,,,1,2.9,1,0,,,0,,
150,h800:h800,h800,h800,mid,midgame,46,38,17,W,contest_merge,0,,,0,,,1,15.0,1,0,,
151,h800:h800,h800,h800,mid,midgame,36,45,17,W,block|avoid_feeding,1,4.5,0,1,4.5,0,0,,,0,,
152,h800:h800,h800,h800,mid,midgame,34,44,17,W,block|avoid_feeding,1,4.5,0,1,4.5,0,0,,,0,,
153,h800:h800,h800,h800,mid,midgame,34,4,17,W,farm_claim,0,,,0,,,0,,,1,6.0,0
154,h800:h800,h800,h800,mid,midgame,32,43,17,W,block|avoid_feeding,1,4.5,1,1,4.5,1,0,,,0,,
160,h800:h800,h800,h800,mid,opening,68,5,-3,L,farm_claim,0,,,0,,,0,,,1,6.0,0
156,h800:h800,h800,h800,mid,late_mid,28,3,17,W,farm_claim,0,,,0,,,0,,,1,6.0,1
155,h800:h800,h800,h800,mid,late_mid,28,64,17,W,contest_merge,0,,,0,,,1,21.0,1,0,,
161,h800:h800,h800,h800,mid,opening,66,4,-3,L,farm_claim,0,,,0,,,0,,,1,6.0,0
157,h800:h800,h800,h800,mid,pre_endgame,14,30,17,W,block|avoid_feeding,1,4.0,0,1,4.0,0,0,,,0,,
162,h800:h800,h800,h800,mid,opening,65,7,3,W,farm_claim,0,,,0,,,0,,,1,6.0,0
163,h800:h800,h800,h800,mid,opening,64,2,-3,L,farm_claim,0,,,0,,,0,,,1,6.0,0
158,h800:h800,h800,h800,mid,pre_endgame,13,3,-17,L,farm_claim,0,,,0,,,0,,,1,6.0,1
165,h800:h800,h800,h800,mid,opening,58,3,-3,L,farm_claim,0,,,0,,,0,,,1,6.0,0
164,h800:h800,h800,h800,mid,opening,62,5,-3,L,farm_claim,0,,,0,,,0,,,1,6.0,0
166,h800:h800,h800,h800,mid,opening,56,3,-3,L,farm_claim,0,,,0,,,0,,,1,6.0,0
168,h800:h800,h800,h800,mid,opening,52,5,-3,L,farm_claim,0,,,0,,,0,,,1,6.0,0
167,h800:h800,h800,h800,mid,opening,54,3,-3,L,farm_claim,0,,,0,,,0,,,1,6.0,0
171,h800:h800,h800,h800,mid,midgame,46,4,-3,L,farm_claim,0,,,0,,,0,,,1,9.0,0
170,h800:h800,h800,h800,mid,opening,48,4,-3,L,farm_claim,0,,,0,,,0,,,1,9.0,0
169,h800:h800,h800,h800,mid,opening,50,5,-3,L,farm_claim,0,,,0,,,0,,,1,6.0,0
173,h800:h800,h800,h800,mid,midgame,43,3,3,W,farm_claim,0,,,0,,,0,,,1,9.0,0
175,h800:h800,h800,h800,mid,midgame,40,4,-3,L,farm_claim,0,,,0,,,0,,,1,6.0,0
172,h800:h800,h800,h800,mid,midgame,44,6,-3,L,farm_claim,0,,,0,,,0,,,1,9.0,0
174,h800:h800,h800,h800,mid,midgame,42,7,-3,L,farm_claim,0,,,0,,,0,,,1,9.0,1
176,h800:h800,h800,h800,mid,midgame,38,3,-3,L,farm_claim,0,,,0,,,0,,,1,9.0,0
177,h800:h800,h800,h800,mid,midgame,35,5,3,W,farm_claim,0,,,0,,,0,,,1,9.0,1
178,h800:h800,h800,h800,mid,midgame,29,28,3,W,avoid_feeding,0,,,1,2.9,1,0,,,0,,
180,h800:h800,h800,h800,mid,late_mid,24,37,-3,L,contest_merge,0,,,0,,,1,15.0,0,0,,
179,h800:h800,h800,h800,mid,late_mid,25,24,3,W,block|avoid_feeding,1,5.5,0,1,5.5,0,0,,,0,,
181,h800:h800,h800,h800,mid,late_mid,23,28,3,W,block|avoid_feeding,1,5.5,0,1,5.5,0,0,,,0,,
182,h800:h800,h800,h800,mid,late_mid,20,28,-3,L,contest_merge,0,,,0,,,1,24.0,0,0,,
190,h800:h800,h800,h800,mid,opening,72,4,-18,L,farm_claim,0,,,0,,,0,,,1,6.0,1
159,h800:h800,h800,h800,mid,endgame,2,5,17,W,farm_claim,0,,,0,,,0,,,1,6.0,1
185,h800:h800,h800,h800,mid,late_mid,15,37,3,W,contest_merge,0,,,0,,,1,21.0,1,0,,
186,h800:h800,h800,h800,mid,pre_endgame,13,33,3,W,avoid_feeding,0,,,1,2.0,1,0,,,0,,
183,h800:h800,h800,h800,mid,late_mid,18,42,-3,L,contest_merge,0,,,0,,,1,21.0,0,0,,
188,h800:h800,h800,h800,mid,pre_endgame,9,37,3,W,avoid_feeding,0,,,1,2.0,1,0,,,0,,
191,h800:h800,h800,h800,mid,opening,67,7,18,W,farm_claim,0,,,0,,,0,,,1,6.0,0
184,h800:h800,h800,h800,mid,late_mid,17,29,3,W,contest_merge,0,,,0,,,1,24.0,0,0,,
192,h800:h800,h800,h800,mid,opening,66,5,-18,L,farm_claim,0,,,0,,,0,,,1,6.0,1
187,h800:h800,h800,h800,mid,pre_endgame,11,32,3,W,avoid_feeding,0,,,1,2.0,1,0,,,0,,
193,h800:h800,h800,h800,mid,opening,64,5,-18,L,farm_claim,0,,,0,,,0,,,1,6.0,0
194,h800:h800,h800,h800,mid,opening,58,6,-18,L,farm_claim,0,,,0,,,0,,,1,6.0,1
195,h800:h800,h800,h800,mid,opening,51,6,18,W,farm_claim,0,,,0,,,0,,,1,6.0,1
197,h800:h800,h800,h800,mid,late_mid,18,30,-18,L,avoid_feeding,0,,,1,2.6,0,0,,,0,,
196,h800:h800,h800,h800,mid,midgame,44,3,-18,L,farm_claim,0,,,0,,,0,,,1,6.0,1
201,h3200:h6400,h3200,h6400,strong,opening,68,4,-13,L,farm_claim,0,,,0,,,0,,,1,6.0,1
200,h800:h800,h800,h800,mid,endgame,4,62,-18,L,contest_merge,0,,,0,,,1,27.0,0,0,,
202,h3200:h6400,h3200,h6400,strong,opening,64,4,-13,L,farm_claim,0,,,0,,,0,,,1,9.0,0
199,h800:h800,h800,h800,mid,pre_endgame,13,42,18,W,avoid_feeding,0,,,1,3.5,1,0,,,0,,
204,h3200:h6400,h6400,h3200,strong,opening,57,6,13,W,farm_claim,0,,,0,,,0,,,1,9.0,0
205,h3200:h6400,h3200,h6400,strong,opening,56,5,-13,L,farm_claim,0,,,0,,,0,,,1,9.0,1
203,h3200:h6400,h3200,h6400,strong,opening,62,6,-13,L,farm_claim,0,,,0,,,0,,,1,9.0,0
198,h800:h800,h800,h800,mid,pre_endgame,14,4,-18,L,farm_claim,0,,,0,,,0,,,1,6.0,0
206,h3200:h6400,h6400,h3200,strong,midgame,37,3,13,W,farm_claim,0,,,0,,,0,,,1,6.0,0
207,h3200:h6400,h3200,h6400,strong,midgame,36,24,-13,L,avoid_feeding,0,,,1,2.0,0,0,,,0,,
210,h3200:h6400,h6400,h3200,strong,late_mid,17,33,13,W,contest_merge,0,,,0,,,1,6.0,0,0,,
208,h3200:h6400,h3200,h6400,strong,midgame,34,18,-13,L,avoid_feeding,0,,,1,3.5,1,0,,,0,,
209,h3200:h6400,h3200,h6400,strong,late_mid,26,34,-13,L,contest_merge,0,,,0,,,1,15.0,0,0,,
214,h3200:h6400,h6400,h3200,strong,opening,69,3,-8,L,farm_claim,0,,,0,,,0,,,1,6.0,0
217,h3200:h6400,h6400,h3200,strong,opening,63,4,-8,L,farm_claim,0,,,0,,,0,,,1,6.0,1
218,h3200:h6400,h3200,h6400,strong,opening,54,31,8,W,contest_merge,0,,,0,,,1,6.0,0,0,,
215,h3200:h6400,h3200,h6400,strong,opening,66,5,8,W,farm_claim,0,,,0,,,0,,,1,6.0,1
211,h3200:h6400,h6400,h3200,strong,pre_endgame,13,37,13,W,contest_merge,0,,,0,,,1,15.0,0,0,,
216,h3200:h6400,h6400,h3200,strong,opening,65,14,-8,L,contest_merge,0,,,0,,,1,6.0,1,0,,
213,h3200:h6400,h6400,h3200,strong,pre_endgame,11,44,13,W,contest_merge,0,,,0,,,1,18.0,1,0,,
212,h3200:h6400,h3200,h6400,strong,pre_endgame,12,46,-13,L,contest_merge,0,,,0,,,1,24.0,1,0,,
220,h3200:h6400,h3200,h6400,strong,midgame,42,6,8,W,farm_claim,0,,,0,,,0,,,1,6.0,1
219,h3200:h6400,h6400,h3200,strong,midgame,43,5,-8,L,farm_claim,0,,,0,,,0,,,1,6.0,0
189,h800:h800,h800,h800,mid,endgame,2,3,-3,L,farm_claim,0,,,0,,,0,,,1,6.0,1
221,h3200:h6400,h3200,h6400,strong,midgame,40,34,8,W,contest_merge,0,,,0,,,1,30.0,1,0,,
222,h3200:h6400,h3200,h6400,strong,midgame,32,4,8,W,farm_claim,0,,,0,,,0,,,1,6.0,0
223,h3200:h6400,h3200,h6400,strong,midgame,30,4,8,W,farm_claim,0,,,0,,,0,,,1,12.0,1
227,h3200:h6400,h6400,h3200,strong,late_mid,17,7,-8,L,farm_claim,0,,,0,,,0,,,1,6.0,0
226,h3200:h6400,h3200,h6400,strong,late_mid,20,4,8,W,farm_claim,0,,,0,,,0,,,1,6.0,0
228,h3200:h6400,h6400,h3200,strong,late_mid,15,32,-8,L,avoid_feeding,0,,,1,2.0,0,0,,,0,,
224,h3200:h6400,h6400,h3200,strong,midgame,29,3,-8,L,farm_claim,0,,,0,,,0,,,1,6.0,0
225,h3200:h6400,h3200,h6400,strong,late_mid,24,5,8,W,farm_claim,0,,,0,,,0,,,1,6.0,0
229,h3200:h6400,h6400,h3200,strong,late_mid,15,4,-8,L,farm_claim,0,,,0,,,0,,,1,9.0,1
230,h3200:h6400,h6400,h3200,strong,pre_endgame,13,32,-8,L,avoid_feeding,0,,,1,3.0,0,0,,,0,,
231,h3200:h6400,h6400,h3200,strong,pre_endgame,13,4,-8,L,farm_claim,0,,,0,,,0,,,1,9.0,0
232,h3200:h6400,h6400,h3200,strong,pre_endgame,11,5,-8,L,farm_claim,0,,,0,,,0,,,1,6.0,0
235,h3200:h6400,h3200,h6400,strong,opening,64,4,-22,L,farm_claim,0,,,0,,,0,,,1,6.0,1
233,h3200:h6400,h6400,h3200,strong,endgame,5,6,-8,L,farm_claim,0,,,0,,,0,,,1,9.0,0
237,h3200:h6400,h3200,h6400,strong,opening,60,17,-22,L,avoid_feeding,0,,,1,2.0,1,0,,,0,,
236,h3200:h6400,h6400,h3200,strong,opening,61,4,22,W,farm_claim,0,,,0,,,0,,,1,9.0,1
239,h3200:h6400,h3200,h6400,strong,opening,56,5,-22,L,farm_claim,0,,,0,,,0,,,1,6.0,1
238,h3200:h6400,h6400,h3200,strong,opening,59,4,22,W,farm_claim,0,,,0,,,0,,,1,6.0,0
240,h3200:h6400,h3200,h6400,strong,opening,50,26,-22,L,block|avoid_feeding,1,2.0,0,1,2.0,0,0,,,0,,
234,h3200:h6400,h6400,h3200,strong,endgame,3,3,-8,L,farm_claim,0,,,0,,,0,,,1,9.0,0
241,h3200:h6400,h6400,h3200,strong,midgame,45,12,22,W,avoid_feeding,0,,,1,2.8,0,0,,,0,,
242,h3200:h6400,h6400,h3200,strong,midgame,43,17,22,W,avoid_feeding,0,,,1,6.0,1,0,,,0,,
243,h3200:h6400,h6400,h3200,strong,midgame,37,12,22,W,avoid_feeding,0,,,1,5.0,1,0,,,0,,
244,h3200:h6400,h3200,h6400,strong,midgame,36,16,-22,L,block|avoid_feeding,1,6.0,1,1,6.0,1,0,,,0,,
245,h3200:h6400,h3200,h6400,strong,midgame,32,25,-22,L,avoid_feeding,0,,,1,3.0,0,0,,,0,,
246,h3200:h6400,h3200,h6400,strong,late_mid,28,22,-22,L,block|avoid_feeding,1,3.5,0,1,3.5,0,0,,,0,,
247,h3200:h6400,h3200,h6400,strong,late_mid,18,42,-22,L,contest_merge,0,,,0,,,1,27.0,0,0,,
248,h3200:h6400,h3200,h6400,strong,pre_endgame,14,52,-22,L,contest_merge,0,,,0,,,1,30.0,0,0,,
249,h3200:h6400,h6400,h3200,strong,pre_endgame,13,32,22,W,avoid_feeding,0,,,1,2.5,0,0,,,0,,
253,h3200:h6400,h6400,h3200,strong,opening,61,5,0,D,farm_claim,0,,,0,,,0,,,1,6.0,0
250,h3200:h6400,h3200,h6400,strong,pre_endgame,12,51,-22,L,contest_merge,0,,,0,,,1,30.0,0,0,,
254,h3200:h6400,h6400,h3200,strong,opening,59,5,0,D,farm_claim,0,,,0,,,0,,,1,6.0,1
252,h3200:h6400,h3200,h6400,strong,endgame,6,66,-22,L,contest_merge,0,,,0,,,1,30.0,0,0,,
251,h3200:h6400,h3200,h6400,strong,pre_endgame,8,55,-22,L,contest_merge,0,,,0,,,1,27.0,0,0,,
255,h3200:h6400,h3200,h6400,strong,opening,52,3,0,D,farm_claim,0,,,0,,,0,,,1,6.0,1
260,h3200:h6400,h3200,h6400,strong,late_mid,26,41,0,D,avoid_feeding,0,,,1,2.0,1,0,,,0,,
256,h3200:h6400,h6400,h3200,strong,midgame,39,5,0,D,farm_claim,0,,,0,,,0,,,1,6.0,0
258,h3200:h6400,h3200,h6400,strong,midgame,34,30,0,D,contest_merge,0,,,0,,,1,36.0,1,0,,
257,h3200:h6400,h6400,h3200,strong,midgame,35,5,0,D,farm_claim,0,,,0,,,0,,,1,6.0,1
259,h3200:h6400,h6400,h3200,strong,midgame,29,30,0,D,avoid_feeding,0,,,1,2.0,0,0,,,0,,
262,h800:random,random,h800,mid,opening,65,7,-96,L,farm_claim,0,,,0,,,0,,,1,6.0,0
261,h3200:h6400,h6400,h3200,strong,late_mid,15,4,0,D,farm_claim,0,,,0,,,0,,,1,6.0,0
263,h800:random,random,h800,mid,opening,63,2,-96,L,farm_claim,0,,,0,,,0,,,1,6.0,1
264,h800:random,random,h800,mid,opening,49,24,-96,L,contest_merge,0,,,0,,,1,21.0,0,0,,
266,h800:random,h800,random,weak,midgame,40,5,96,W,farm_claim,0,,,0,,,0,,,1,6.0,0
265,h800:random,random,h800,mid,midgame,41,23,-96,L,contest_merge,0,,,0,,,1,18.0,0,0,,
268,h800:random,h800,random,weak,late_mid,22,32,96,W,contest_merge,0,,,0,,,1,24.0,1,0,,
269,h800:random,random,h800,mid,late_mid,21,40,-96,L,avoid_feeding,0,,,1,2.5,0,0,,,0,,
271,h800:random,h800,random,weak,opening,70,4,88,W,farm_claim,0,,,0,,,0,,,1,6.0,1
267,h800:random,random,h800,mid,midgame,31,33,-96,L,avoid_feeding,0,,,1,4.3,0,0,,,0,,
270,h800:random,h800,random,weak,pre_endgame,10,7,96,W,farm_claim,0,,,0,,,0,,,1,6.0,1
272,h800:random,random,h800,mid,midgame,37,32,-88,L,avoid_feeding,0,,,1,2.3,1,0,,,0,,
275,h800:random,h800,random,weak,midgame,32,5,88,W,farm_claim,0,,,0,,,0,,,1,6.0,1
274,h800:random,random,h800,mid,midgame,33,32,-88,L,avoid_feeding,0,,,1,2.6,1,0,,,0,,
276,h800:random,random,h800,mid,midgame,31,31,-88,L,avoid_feeding,0,,,1,2.6,1,0,,,0,,
273,h800:random,random,h800,mid,midgame,35,29,-88,L,avoid_feeding,0,,,1,2.3,0,0,,,0,,
280,h800:random,random,h800,mid,opening,67,4,-74,L,farm_claim,0,,,0,,,0,,,1,9.0,0
277,h800:random,random,h800,mid,midgame,29,38,-88,L,avoid_feeding,0,,,1,2.6,1,0,,,0,,
281,h800:random,h800,random,weak,opening,62,3,74,W,farm_claim,0,,,0,,,0,,,1,6.0,1
282,h800:random,random,h800,mid,opening,59,5,-74,L,farm_claim,0,,,0,,,0,,,1,9.0,0
278,h800:random,h800,random,weak,late_mid,24,5,88,W,farm_claim,0,,,0,,,0,,,1,6.0,1
279,h800:random,random,h800,mid,pre_endgame,7,36,-88,L,block|avoid_feeding,1,4.0,0,1,4.0,0,0,,,0,,
283,h800:random,h800,random,weak,opening,56,5,74,W,farm_claim,0,,,0,,,0,,,1,12.0,1
284,h800:random,random,h800,mid,opening,55,7,-74,L,farm_claim,0,,,0,,,0,,,1,6.0,0
285,h800:random,h800,random,weak,opening,50,4,74,W,farm_claim,0,,,0,,,0,,,1,6.0,1
286,h800:random,random,h800,mid,midgame,39,32,-74,L,contest_merge,0,,,0,,,1,9.0,1,0,,
288,h800:random,random,h800,mid,midgame,31,37,-74,L,contest_merge,0,,,0,,,1,12.0,1,0,,
287,h800:random,random,h800,mid,midgame,33,36,-74,L,contest_merge,0,,,0,,,1,12.0,1,0,,
290,h800:random,random,h800,mid,late_mid,23,46,-74,L,block|avoid_feeding,1,2.5,0,1,2.5,0,0,,,0,,
294,h800:random,h800,random,weak,opening,68,7,79,W,farm_claim,0,,,0,,,0,,,1,6.0,1
289,h800:random,random,h800,mid,midgame,29,44,-74,L,block|avoid_feeding,1,2.5,0,1,2.5,0,0,,,0,,
293,h800:random,random,h800,mid,pre_endgame,7,68,-74,L,contest_merge,0,,,0,,,1,15.0,0,0,,
292,h800:random,random,h800,mid,pre_endgame,9,60,-74,L,contest_merge,0,,,0,,,1,15.0,1,0,,
291,h800:random,random,h800,mid,late_mid,15,49,-74,L,block|avoid_feeding,1,2.0,0,1,2.0,0,0,,,0,,
299,h800:random,h800,random,weak,midgame,32,28,79,W,avoid_feeding,0,,,1,2.0,1,0,,,0,,
296,h800:random,random,h800,mid,opening,55,6,-79,L,farm_claim,0,,,0,,,0,,,1,6.0,0
295,h800:random,h800,random,weak,opening,58,3,79,W,farm_claim,0,,,0,,,0,,,1,6.0,1
297,h800:random,h800,random,weak,opening,50,4,79,W,farm_claim,0,,,0,,,0,,,1,6.0,0
298,h800:random,h800,random,weak,midgame,40,5,79,W,farm_claim,0,,,0,,,0,,,1,9.0,1
301,h800:random,h800,random,weak,late_mid,26,36,79,W,avoid_feeding,0,,,1,2.0,1,0,,,0,,
300,h800:random,random,h800,mid,late_mid,27,24,-79,L,avoid_feeding,0,,,1,2.2,1,0,,,0,,
305,h800:random,h800,random,weak,midgame,38,5,97,W,farm_claim,0,,,0,,,0,,,1,6.0,1
302,h800:random,random,h800,mid,endgame,5,55,-79,L,avoid_feeding,0,,,1,2.3,1,0,,,0,,
304,h800:random,h800,random,weak,midgame,40,4,97,W,farm_claim,0,,,0,,,0,,,1,6.0,0
303,h800:random,h800,random,weak,endgame,2,55,79,W,avoid_feeding,0,,,1,2.0,1,0,,,0,,
306,h800:random,random,h800,mid,midgame,35,29,-97,L,avoid_feeding,0,,,1,3.3,1,0,,,0,,
307,h800:random,h800,random,weak,late_mid,26,4,97,W,farm_claim,0,,,0,,,0,,,1,6.0,1
312,rod1:h6400,h6400,rod1,strong,opening,55,4,1,W,farm_claim,0,,,0,,,0,,,1,6.0,0
311,rod1:h6400,h6400,rod1,strong,opening,55,25,1,W,avoid_feeding,0,,,1,3.2,0,0,,,0,,
308,h800:random,random,h800,mid,late_mid,25,17,-97,L,avoid_feeding,0,,,1,2.8,0,0,,,0,,
309,h800:random,random,h800,mid,late_mid,19,38,-97,L,block|avoid_feeding,1,4.0,0,1,4.0,0,0,,,0,,
313,rod1:h6400,h6400,rod1,strong,opening,47,4,1,W,farm_claim,0,,,0,,,0,,,1,9.0,0
310,h800:random,h800,random,weak,endgame,6,34,97,W,avoid_feeding,0,,,1,2.4,1,0,,,0,,
314,rod1:h6400,h6400,rod1,strong,midgame,43,5,1,W,farm_claim,0,,,0,,,0,,,1,9.0,1
315,rod1:h6400,rod1,h6400,strong,midgame,38,34,-1,L,avoid_feeding,0,,,1,2.0,1,0,,,0,,
317,rod1:h6400,h6400,rod1,strong,midgame,35,32,1,W,avoid_feeding,0,,,1,2.0,1,0,,,0,,
316,rod1:h6400,rod1,h6400,strong,midgame,36,28,-1,L,avoid_feeding,0,,,1,2.0,1,0,,,0,,
318,rod1:h6400,rod1,h6400,strong,midgame,34,38,-1,L,contest_merge,0,,,0,,,1,9.0,1,0,,
319,rod1:h6400,h6400,rod1,strong,midgame,29,33,1,W,avoid_feeding,0,,,1,2.0,1,0,,,0,,
321,rod1:h6400,h6400,rod1,strong,pre_endgame,13,40,1,W,block|avoid_feeding,1,2.0,0,1,2.0,0,0,,,0,,
320,rod1:h6400,h6400,rod1,strong,late_mid,27,30,1,W,contest_merge,0,,,0,,,1,33.0,1,0,,
326,rod1:h6400,rod1,h6400,strong,opening,64,4,51,W,farm_claim,0,,,0,,,0,,,1,6.0,1
322,rod1:h6400,h6400,rod1,strong,pre_endgame,9,38,1,W,block|avoid_feeding,1,2.0,0,1,2.0,0,0,,,0,,
323,rod1:h6400,rod1,h6400,strong,pre_endgame,8,38,-1,L,block|avoid_feeding,1,6.5,0,1,6.5,0,0,,,0,,
327,rod1:h6400,rod1,h6400,strong,opening,54,3,51,W,farm_claim,0,,,0,,,0,,,1,6.0,1
328,rod1:h6400,h6400,rod1,strong,opening,53,22,-51,L,contest_merge,0,,,0,,,1,9.0,1,0,,
324,rod1:h6400,h6400,rod1,strong,endgame,5,2,1,W,farm_claim,0,,,0,,,0,,,1,6.0,1
329,rod1:h6400,rod1,h6400,strong,opening,50,3,51,W,farm_claim,0,,,0,,,0,,,1,6.0,0
330,rod1:h6400,h6400,rod1,strong,midgame,45,5,-51,L,farm_claim,0,,,0,,,0,,,1,6.0,1
331,rod1:h6400,h6400,rod1,strong,midgame,37,28,-51,L,contest_merge,0,,,0,,,1,24.0,1,0,,
332,rod1:h6400,rod1,h6400,strong,midgame,36,25,51,W,avoid_feeding,0,,,1,2.8,1,0,,,0,,
333,rod1:h6400,rod1,h6400,strong,midgame,34,32,51,W,block|avoid_feeding,1,2.0,0,1,2.0,0,0,,,0,,
339,rod1:h6400,h6400,rod1,strong,opening,71,5,-13,L,farm_claim,0,,,0,,,0,,,1,6.0,0
334,rod1:h6400,rod1,h6400,strong,midgame,30,25,51,W,block|avoid_feeding,1,3.5,0,1,3.5,0,0,,,0,,
336,rod1:h6400,rod1,h6400,strong,endgame,4,40,51,W,block|avoid_feeding,1,2.0,0,1,2.0,0,0,,,0,,
340,rod1:h6400,h6400,rod1,strong,opening,65,5,-13,L,farm_claim,0,,,0,,,0,,,1,6.0,0
335,rod1:h6400,rod1,h6400,strong,late_mid,16,7,51,W,farm_claim,0,,,0,,,0,,,1,6.0,0
341,rod1:h6400,rod1,h6400,strong,opening,64,2,13,W,farm_claim,0,,,0,,,0,,,1,6.0,0
337,rod1:h6400,h6400,rod1,strong,endgame,3,31,-51,L,avoid_feeding,0,,,1,2.2,1,0,,,0,,
342,rod1:h6400,h6400,rod1,strong,opening,63,3,-13,L,farm_claim,0,,,0,,,0,,,1,6.0,1
343,rod1:h6400,rod1,h6400,strong,opening,58,3,13,W,farm_claim,0,,,0,,,0,,,1,6.0,1
345,rod1:h6400,h6400,rod1,strong,opening,47,24,-13,L,contest_merge,0,,,0,,,1,21.0,1,0,,
344,rod1:h6400,rod1,h6400,strong,opening,52,22,13,W,contest_merge,0,,,0,,,1,15.0,0,0,,
346,rod1:h6400,h6400,rod1,strong,midgame,37,3,-13,L,farm_claim,0,,,0,,,0,,,1,6.0,0
350,rod1:h6400,rod1,h6400,strong,opening,68,5,9,W,farm_claim,0,,,0,,,0,,,1,6.0,0
351,rod1:h6400,rod1,h6400,strong,opening,66,6,9,W,farm_claim,0,,,0,,,0,,,1,6.0,0
352,rod1:h6400,rod1,h6400,strong,opening,64,5,9,W,farm_claim,0,,,0,,,0,,,1,9.0,1
347,rod1:h6400,h6400,rod1,strong,late_mid,17,40,-13,L,avoid_feeding,0,,,1,2.8,0,0,,,0,,
353,rod1:h6400,rod1,h6400,strong,opening,60,6,9,W,farm_claim,0,,,0,,,0,,,1,6.0,1
325,rod1:h6400,rod1,h6400,strong,endgame,2,5,-1,L,farm_claim,0,,,0,,,0,,,1,6.0,0
348,rod1:h6400,h6400,rod1,strong,pre_endgame,13,49,-13,L,avoid_feeding,0,,,1,2.0,1,0,,,0,,
354,rod1:h6400,h6400,rod1,strong,opening,49,23,-9,L,avoid_feeding,0,,,1,2.5,1,0,,,0,,
355,rod1:h6400,rod1,h6400,strong,opening,48,14,9,W,avoid_feeding,0,,,1,2.1,0,0,,,0,,
356,rod1:h6400,h6400,rod1,strong,midgame,43,16,-9,L,avoid_feeding,0,,,1,3.0,1,0,,,0,,
357,rod1:h6400,rod1,h6400,strong,midgame,40,22,9,W,avoid_feeding,0,,,1,3.2,0,0,,,0,,
358,rod1:h6400,h6400,rod1,strong,midgame,39,15,-9,L,block|avoid_feeding,1,3.1,0,1,3.1,0,0,,,0,,
359,rod1:h6400,rod1,h6400,strong,midgame,38,14,9,W,avoid_feeding,0,,,1,3.2,0,0,,,0,,
338,rod1:h6400,rod1,h6400,strong,endgame,2,2,51,W,farm_claim,0,,,0,,,0,,,1,6.0,0
360,rod1:h6400,h6400,rod1,strong,midgame,35,13,-9,L,block|avoid_feeding,1,2.1,0,1,2.1,0,0,,,0,,
365,rod1:h6400,rod1,h6400,strong,late_mid,18,29,9,W,avoid_feeding,0,,,1,3.8,0,0,,,0,,
361,rod1:h6400,h6400,rod1,strong,midgame,31,17,-9,L,block|avoid_feeding,1,2.1,0,1,2.1,0,0,,,0,,
362,rod1:h6400,rod1,h6400,strong,midgame,30,28,9,W,avoid_feeding|contest_merge,0,,,1,2.7,0,1,27.0,0,0,,
364,rod1:h6400,h6400,rod1,strong,late_mid,23,38,-9,L,avoid_feeding,0,,,1,3.0,1,0,,,0,,
363,rod1:h6400,rod1,h6400,strong,late_mid,28,19,9,W,contest_merge,0,,,0,,,1,24.0,1,0,,
349,rod1:h6400,rod1,h6400,strong,endgame,2,41,13,W,block|avoid_feeding,1,3.9,0,1,3.9,0,0,,,0,,
366,rod1:h6400,rod1,h6400,strong,late_mid,18,4,9,W,farm_claim,0,,,0,,,0,,,1,9.0,1
367,rod1:h6400,rod1,h6400,strong,pre_endgame,14,23,9,W,avoid_feeding,0,,,1,3.8,0,0,,,0,,
368,rod1:h6400,h6400,rod1,strong,pre_endgame,13,35,-9,L,avoid_feeding,0,,,1,3.0,1,0,,,0,,
369,rod1:h6400,rod1,h6400,strong,endgame,6,30,9,W,avoid_feeding,0,,,1,2.3,1,0,,,0,,
371,rod1:random,random,rod1,strong,opening,69,4,-53,L,farm_claim,0,,,0,,,0,,,1,6.0,0
372,rod1:random,rod1,random,weak,opening,66,6,53,W,farm_claim,0,,,0,,,0,,,1,6.0,1
373,rod1:random,random,rod1,strong,opening,63,14,-53,L,contest_merge,0,,,0,,,1,12.0,0,0,,
374,rod1:random,rod1,random,weak,opening,62,17,53,W,contest_merge,0,,,0,,,1,9.0,0,0,,
375,rod1:random,random,rod1,strong,opening,61,18,-53,L,contest_merge,0,,,0,,,1,9.0,0,0,,
376,rod1:random,rod1,random,weak,opening,60,12,53,W,contest_merge,0,,,0,,,1,9.0,0,0,,
377,rod1:random,random,rod1,strong,opening,59,14,-53,L,contest_merge,0,,,0,,,1,9.0,0,0,,
378,rod1:random,random,rod1,strong,opening,59,4,-53,L,farm_claim,0,,,0,,,0,,,1,6.0,0
379,rod1:random,rod1,random,weak,opening,58,17,53,W,contest_merge,0,,,0,,,1,12.0,0,0,,
380,rod1:random,random,rod1,strong,opening,57,24,-53,L,contest_merge,0,,,0,,,1,9.0,0,0,,
381,rod1:random,rod1,random,weak,opening,56,26,53,W,contest_merge,0,,,0,,,1,9.0,0,0,,
382,rod1:random,random,rod1,strong,opening,55,21,-53,L,contest_merge,0,,,0,,,1,9.0,1,0,,
383,rod1:random,random,rod1,strong,opening,49,24,-53,L,contest_merge,0,,,0,,,1,12.0,1,0,,
384,rod1:random,rod1,random,weak,opening,48,2,53,W,farm_claim,0,,,0,,,0,,,1,6.0,1
385,rod1:random,rod1,random,weak,midgame,42,21,53,W,contest_merge,0,,,0,,,1,15.0,1,0,,
386,rod1:random,random,rod1,strong,midgame,41,16,-53,L,block|avoid_feeding,1,2.6,0,1,2.6,0,0,,,0,,
390,h200:random,random,h200,mid,opening,65,4,-97,L,farm_claim,0,,,0,,,0,,,1,6.0,0
391,h200:random,random,h200,mid,opening,63,14,-97,L,avoid_feeding,0,,,1,2.3,0,0,,,0,,
392,h200:random,random,h200,mid,opening,61,14,-97,L,avoid_feeding,0,,,1,2.6,1,0,,,0,,
387,rod1:random,rod1,random,weak,midgame,38,32,53,W,contest_merge,0,,,0,,,1,15.0,1,0,,
388,rod1:random,random,rod1,strong,late_mid,15,36,-53,L,avoid_feeding,0,,,1,2.4,0,0,,,0,,
393,h200:random,random,h200,mid,opening,59,3,-97,L,farm_claim,0,,,0,,,0,,,1,6.0,1
389,rod1:random,random,rod1,strong,pre_endgame,7,40,-53,L,avoid_feeding,0,,,1,2.4,0,0,,,0,,
394,h200:random,random,h200,mid,opening,57,27,-97,L,contest_merge,0,,,0,,,1,6.0,0,0,,
395,h200:random,h200,random,weak,opening,54,28,97,W,contest_merge,0,,,0,,,1,6.0,0,0,,
397,h200:random,h200,random,weak,midgame,46,39,97,W,contest_merge,0,,,0,,,1,9.0,1,0,,
396,h200:random,random,h200,mid,opening,53,23,-97,L,avoid_feeding,0,,,1,2.0,1,0,,,0,,
370,rod1:h6400,rod1,h6400,strong,endgame,2,20,9,W,avoid_feeding,0,,,1,4.1,0,0,,,0,,
398,h200:random,h200,random,weak,midgame,36,4,97,W,farm_claim,0,,,0,,,0,,,1,6.0,0
399,h200:random,h200,random,weak,late_mid,28,5,97,W,farm_claim,0,,,0,,,0,,,1,6.0,0
406,h200:random,random,h200,mid,opening,65,3,-88,L,farm_claim,0,,,0,,,0,,,1,6.0,0
400,h200:random,random,h200,mid,pre_endgame,13,63,-97,L,avoid_feeding,0,,,1,2.0,1,0,,,0,,
407,h200:random,random,h200,mid,opening,59,4,-88,L,farm_claim,0,,,0,,,0,,,1,12.0,0
402,h200:random,h200,random,weak,pre_endgame,10,65,97,W,contest_merge,0,,,0,,,1,33.0,1,0,,
408,h200:random,h200,random,weak,opening,54,4,88,W,farm_claim,0,,,0,,,0,,,1,12.0,1
401,h200:random,random,h200,mid,pre_endgame,11,42,-97,L,avoid_feeding,0,,,1,3.2,0,0,,,0,,
403,h200:random,random,h200,mid,pre_endgame,9,49,-97,L,block|avoid_feeding,1,7.0,0,1,7.0,0,0,,,0,,
404,h200:random,h200,random,weak,endgame,6,4,97,W,farm_claim,0,,,0,,,0,,,1,6.0,0
409,h200:random,h200,random,weak,opening,50,4,88,W,farm_claim,0,,,0,,,0,,,1,6.0,0
410,h200:random,random,h200,mid,opening,49,23,-88,L,avoid_feeding,0,,,1,3.5,0,0,,,0,,
405,h200:random,random,h200,mid,endgame,3,52,-97,L,avoid_feeding,0,,,1,2.0,1,0,,,0,,
411,h200:random,h200,random,weak,opening,48,3,88,W,farm_claim,0,,,0,,,0,,,1,6.0,0
413,h200:random,h200,random,weak,late_mid,28,48,88,W,avoid_feeding,0,,,1,3.0,0,0,,,0,,
412,h200:random,h200,random,weak,midgame,30,46,88,W,avoid_feeding,0,,,1,3.0,0,0,,,0,,
421,rod1:random,rod1,random,weak,opening,70,4,57,W,farm_claim,0,,,0,,,0,,,1,6.0,1
414,h200:random,h200,random,weak,late_mid,28,3,88,W,farm_claim,0,,,0,,,0,,,1,12.0,1
415,h200:random,h200,random,weak,late_mid,24,50,88,W,avoid_feeding,0,,,1,3.0,0,0,,,0,,
416,h200:random,h200,random,weak,late_mid,22,27,88,W,avoid_feeding,0,,,1,3.0,0,0,,,0,,
417,h200:random,h200,random,weak,late_mid,16,41,88,W,avoid_feeding,0,,,1,2.0,0,0,,,0,,
422,rod1:random,rod1,random,weak,opening,56,15,57,W,avoid_feeding,0,,,1,2.1,0,0,,,0,,
424,rod1:random,rod1,random,weak,midgame,38,29,57,W,avoid_feeding,0,,,1,2.1,0,0,,,0,,
418,h200:random,h200,random,weak,late_mid,16,4,88,W,farm_claim,0,,,0,,,0,,,1,6.0,0
423,rod1:random,rod1,random,weak,midgame,44,29,57,W,avoid_feeding,0,,,1,2.1,0,0,,,0,,
419,h200:random,h200,random,weak,pre_endgame,12,2,88,W,farm_claim,0,,,0,,,0,,,1,6.0,1
425,rod1:random,rod1,random,weak,midgame,34,24,57,W,avoid_feeding,0,,,1,2.1,0,0,,,0,,
426,rod1:random,rod1,random,weak,late_mid,20,32,57,W,avoid_feeding,0,,,1,2.1,0,0,,,0,,
430,rod1:random,random,rod1,strong,opening,69,7,-66,L,farm_claim,0,,,0,,,0,,,1,6.0,0
427,rod1:random,rod1,random,weak,late_mid,16,28,57,W,avoid_feeding,0,,,1,2.1,0,0,,,0,,
428,rod1:random,rod1,random,weak,endgame,4,4,57,W,farm_claim,0,,,0,,,0,,,1,6.0,0
431,rod1:random,random,rod1,strong,opening,67,12,-66,L,avoid_feeding,0,,,1,2.0,0,0,,,0,,
432,rod1:random,rod1,random,weak,opening,66,5,66,W,farm_claim,0,,,0,,,0,,,1,6.0,0
433,rod1:random,rod1,random,weak,opening,64,3,66,W,farm_claim,0,,,0,,,0,,,1,9.0,1
434,rod1:random,rod1,random,weak,midgame,46,35,66,W,contest_merge,0,,,0,,,1,24.0,0,0,,
435,rod1:random,random,rod1,strong,midgame,33,26,-66,L,avoid_feeding,0,,,1,2.1,1,0,,,0,,
437,rod1:random,rod1,random,weak,pre_endgame,14,49,66,W,contest_merge,0,,,0,,,1,36.0,1,0,,
436,rod1:random,rod1,random,weak,late_mid,22,41,66,W,avoid_feeding,0,,,1,2.0,1,0,,,0,,
420,h200:random,h200,random,weak,endgame,2,36,88,W,avoid_feeding,0,,,1,2.0,0,0,,,0,,
438,rod1:random,rod1,random,weak,pre_endgame,10,5,66,W,farm_claim,0,,,0,,,0,,,1,9.0,0
440,rod1:random,rod1,random,weak,opening,72,4,45,W,farm_claim,0,,,0,,,0,,,1,6.0,1
442,rod1:random,rod1,random,weak,opening,64,5,45,W,farm_claim,0,,,0,,,0,,,1,6.0,0
441,rod1:random,random,rod1,strong,opening,65,3,-45,L,farm_claim,0,,,0,,,0,,,1,6.0,0
443,rod1:random,random,rod1,strong,opening,51,4,-45,L,farm_claim,0,,,0,,,0,,,1,12.0,1
444,rod1:random,rod1,random,weak,opening,48,26,45,W,avoid_feeding,0,,,1,2.4,1,0,,,0,,
439,rod1:random,random,rod1,strong,endgame,5,40,-66,L,avoid_feeding,0,,,1,2.2,1,0,,,0,,
446,rod1:random,random,rod1,strong,midgame,43,25,-45,L,contest_merge,0,,,0,,,1,21.0,0,0,,
445,rod1:random,random,rod1,strong,opening,47,17,-45,L,avoid_feeding,0,,,1,2.3,0,0,,,0,,
447,rod1:random,random,rod1,strong,midgame,41,45,-45,L,contest_merge,0,,,0,,,1,18.0,0,0,,
448,rod1:random,random,rod1,strong,midgame,39,32,-45,L,avoid_feeding,0,,,1,2.3,1,0,,,0,,
449,rod1:random,random,rod1,strong,midgame,37,20,-45,L,contest_merge,0,,,0,,,1,21.0,0,0,,
429,rod1:random,rod1,random,weak,endgame,2,5,57,W,farm_claim,0,,,0,,,0,,,1,6.0,0
450,rod1:random,random,rod1,strong,late_mid,23,56,-45,L,contest_merge,0,,,0,,,1,18.0,0,0,,
451,rod1:random,random,rod1,strong,pre_endgame,11,39,-45,L,block|avoid_feeding,1,5.5,0,1,5.5,0,0,,,0,,
452,rod1:random,rod1,random,weak,pre_endgame,10,34,45,W,contest_merge,0,,,0,,,1,21.0,0,0,,
457,greedy:greedy,greedy,greedy,mid,opening,70,4,-31,L,farm_claim,0,,,0,,,0,,,1,6.0,0
458,greedy:greedy,greedy,greedy,mid,opening,69,3,31,W,farm_claim,0,,,0,,,0,,,1,6.0,0
454,rod1:random,rod1,random,weak,pre_endgame,8,7,45,W,farm_claim,0,,,0,,,0,,,1,9.0,0
453,rod1:random,random,rod1,strong,pre_endgame,9,42,-45,L,contest_merge,0,,,0,,,1,21.0,0,0,,
461,greedy:greedy,greedy,greedy,mid,opening,65,7,31,W,farm_claim,0,,,0,,,0,,,1,6.0,0
459,greedy:greedy,greedy,greedy,mid,opening,68,3,-31,L,farm_claim,0,,,0,,,0,,,1,6.0,0
455,rod1:random,random,rod1,strong,pre_endgame,7,37,-45,L,block|avoid_feeding,1,2.0,1,1,2.0,1,0,,,0,,
462,greedy:greedy,greedy,greedy,mid,opening,63,6,31,W,farm_claim,0,,,0,,,0,,,1,9.0,0
460,greedy:greedy,greedy,greedy,mid,opening,67,3,31,W,farm_claim,0,,,0,,,0,,,1,6.0,0
463,greedy:greedy,greedy,greedy,mid,opening,61,3,31,W,farm_claim,0,,,0,,,0,,,1,9.0,0
464,greedy:greedy,greedy,greedy,mid,opening,60,5,-31,L,farm_claim,0,,,0,,,0,,,1,12.0,0
456,rod1:random,rod1,random,weak,endgame,2,6,45,W,farm_claim,0,,,0,,,0,,,1,9.0,0
466,greedy:greedy,greedy,greedy,mid,opening,55,3,31,W,farm_claim,0,,,0,,,0,,,1,12.0,0
467,greedy:greedy,greedy,greedy,mid,opening,51,5,31,W,farm_claim,0,,,0,,,0,,,1,12.0,0
465,greedy:greedy,greedy,greedy,mid,opening,59,4,31,W,farm_claim,0,,,0,,,0,,,1,15.0,0
468,greedy:greedy,greedy,greedy,mid,opening,49,3,31,W,farm_claim,0,,,0,,,0,,,1,12.0,0
471,greedy:greedy,greedy,greedy,mid,midgame,41,29,31,W,avoid_feeding,0,,,1,4.1,1,0,,,0,,
469,greedy:greedy,greedy,greedy,mid,opening,47,24,31,W,avoid_feeding,0,,,1,2.4,1,0,,,0,,
470,greedy:greedy,greedy,greedy,mid,midgame,46,3,-31,L,farm_claim,0,,,0,,,0,,,1,18.0,0
474,greedy:greedy,greedy,greedy,mid,late_mid,24,44,-31,L,avoid_feeding,0,,,1,2.0,1,0,,,0,,
472,greedy:greedy,greedy,greedy,mid,midgame,39,22,31,W,avoid_feeding,0,,,1,3.4,0,0,,,0,,
473,greedy:greedy,greedy,greedy,mid,midgame,31,38,31,W,avoid_feeding,0,,,1,2.4,0,0,,,0,,
475,greedy:greedy,greedy,greedy,mid,late_mid,22,43,-31,L,avoid_feeding,0,,,1,2.0,1,0,,,0,,
476,greedy:greedy,greedy,greedy,mid,late_mid,21,3,31,W,farm_claim,0,,,0,,,0,,,1,24.0,1
477,greedy:greedy,greedy,greedy,mid,late_mid,20,44,-31,L,avoid_feeding,0,,,1,2.0,1,0,,,0,,
482,h200:random,random,h200,mid,opening,67,8,-75,L,avoid_feeding,0,,,1,2.0,0,0,,,0,,
478,greedy:greedy,greedy,greedy,mid,late_mid,19,38,31,W,avoid_feeding,0,,,1,2.9,0,0,,,0,,
483,h200:random,random,h200,mid,opening,67,4,-75,L,farm_claim,0,,,0,,,0,,,1,9.0,1
481,greedy:greedy,greedy,greedy,mid,pre_endgame,13,5,31,W,farm_claim,0,,,0,,,0,,,1,6.0,0
484,h200:random,random,h200,mid,opening,65,12,-75,L,avoid_feeding,0,,,1,2.0,1,0,,,0,,
479,greedy:greedy,greedy,greedy,mid,late_mid,18,46,-31,L,avoid_feeding,0,,,1,2.2,1,0,,,0,,
485,h200:random,h200,random,weak,opening,62,4,75,W,farm_claim,0,,,0,,,0,,,1,6.0,1
480,greedy:greedy,greedy,greedy,mid,late_mid,15,16,31,W,block|avoid_feeding,1,2.5,0,1,2.5,0,0,,,0,,
486,h200:random,h200,random,weak,opening,56,22,75,W,avoid_feeding,0,,,1,2.1,0,0,,,0,,
487,h200:random,h200,random,weak,opening,54,25,75,W,avoid_feeding,0,,,1,2.1,0,0,,,0,,
490,greedy:greedy,greedy,greedy,mid,opening,67,4,-28,L,farm_claim,0,,,0,,,0,,,1,6.0,0
491,greedy:greedy,greedy,greedy,mid,opening,66,4,28,W,farm_claim,0,,,0,,,0,,,1,6.0,0
489,h200:random,random,h200,mid,late_mid,21,30,-75,L,avoid_feeding,0,,,1,4.0,0,0,,,0,,
488,h200:random,h200,random,weak,late_mid,22,44,75,W,contest_merge,0,,,0,,,1,9.0,0,0,,
492,greedy:greedy,greedy,greedy,mid,opening,65,6,-28,L,farm_claim,0,,,0,,,0,,,1,6.0,0
493,greedy:greedy,greedy,greedy,mid,opening,64,3,28,W,farm_claim,0,,,0,,,0,,,1,6.0,0
494,greedy:greedy,greedy,greedy,mid,opening,62,3,28,W,farm_claim,0,,,0,,,0,,,1,6.0,0
497,greedy:greedy,greedy,greedy,mid,opening,57,5,-28,L,farm_claim,0,,,0,,,0,,,1,9.0,0
495,greedy:greedy,greedy,greedy,mid,opening,60,3,28,W,farm_claim,0,,,0,,,0,,,1,6.0,0
498,greedy:greedy,greedy,greedy,mid,opening,56,16,28,W,avoid_feeding,0,,,1,2.0,1,0,,,0,,
496,greedy:greedy,greedy,greedy,mid,opening,58,6,28,W,farm_claim,0,,,0,,,0,,,1,6.0,0
499,greedy:greedy,greedy,greedy,mid,opening,55,3,-28,L,farm_claim,0,,,0,,,0,,,1,12.0,0
500,greedy:greedy,greedy,greedy,mid,opening,54,3,28,W,farm_claim,0,,,0,,,0,,,1,12.0,0
503,greedy:greedy,greedy,greedy,mid,opening,50,25,28,W,avoid_feeding,0,,,1,2.0,1,0,,,0,,
501,greedy:greedy,greedy,greedy,mid,opening,53,3,-28,L,farm_claim,0,,,0,,,0,,,1,12.0,0
502,greedy:greedy,greedy,greedy,mid,opening,51,3,-28,L,farm_claim,0,,,0,,,0,,,1,15.0,0
505,greedy:greedy,greedy,greedy,mid,opening,49,5,-28,L,farm_claim,0,,,0,,,0,,,1,15.0,0
504,greedy:greedy,greedy,greedy,mid,opening,50,2,28,W,farm_claim,0,,,0,,,0,,,1,15.0,0
506,greedy:greedy,greedy,greedy,mid,opening,48,5,28,W,farm_claim,0,,,0,,,0,,,1,18.0,0
507,greedy:greedy,greedy,greedy,mid,opening,47,3,-28,L,farm_claim,0,,,0,,,0,,,1,21.0,0
509,greedy:greedy,greedy,greedy,mid,midgame,45,3,-28,L,farm_claim,0,,,0,,,0,,,1,21.0,0
508,greedy:greedy,greedy,greedy,mid,midgame,46,3,28,W,farm_claim,0,,,0,,,0,,,1,21.0,0
515,greedy:greedy,greedy,greedy,mid,midgame,30,33,28,W,avoid_feeding,0,,,1,2.9,1,0,,,0,,
512,greedy:greedy,greedy,greedy,mid,midgame,38,26,28,W,avoid_feeding,0,,,1,2.6,1,0,,,0,,
516,greedy:greedy,greedy,greedy,mid,late_mid,24,48,28,W,avoid_feeding,0,,,1,2.9,1,0,,,0,,
511,greedy:greedy,greedy,greedy,mid,midgame,40,29,28,W,avoid_feeding,0,,,1,3.0,0,0,,,0,,
510,greedy:greedy,greedy,greedy,mid,midgame,44,3,28,W,farm_claim,0,,,0,,,0,,,1,24.0,1
513,greedy:greedy,greedy,greedy,mid,midgame,36,24,28,W,avoid_feeding,0,,,1,2.9,1,0,,,0,,
514,greedy:greedy,greedy,greedy,mid,midgame,36,3,28,W,farm_claim,0,,,0,,,0,,,1,6.0,0
517,greedy:greedy,greedy,greedy,mid,late_mid,22,4,28,W,farm_claim,0,,,0,,,0,,,1,9.0,1
518,greedy:greedy,greedy,greedy,mid,late_mid,21,46,-28,L,avoid_feeding,0,,,1,2.1,1,0,,,0,,
521,greedy:greedy,greedy,greedy,mid,opening,69,5,8,W,farm_claim,0,,,0,,,0,,,1,6.0,0
519,greedy:greedy,greedy,greedy,mid,pre_endgame,14,46,28,W,avoid_feeding,0,,,1,4.7,1,0,,,0,,
522,greedy:greedy,greedy,greedy,mid,opening,65,5,8,W,farm_claim,0,,,0,,,0,,,1,6.0,0
524,greedy:greedy,greedy,greedy,mid,opening,60,3,-8,L,farm_claim,0,,,0,,,0,,,1,6.0,0
523,greedy:greedy,greedy,greedy,mid,opening,64,6,-8,L,farm_claim,0,,,0,,,0,,,1,6.0,0
527,greedy:greedy,greedy,greedy,mid,opening,51,31,8,W,avoid_feeding,0,,,1,3.5,0,0,,,0,,
520,greedy:greedy,greedy,greedy,mid,endgame,3,34,-28,L,avoid_feeding,0,,,1,2.7,1,0,,,0,,
525,greedy:greedy,greedy,greedy,mid,opening,55,26,8,W,avoid_feeding,0,,,1,2.9,0,0,,,0,,
526,greedy:greedy,greedy,greedy,mid,opening,55,3,8,W,farm_claim,0,,,0,,,0,,,1,6.0,0
529,greedy:greedy,greedy,greedy,mid,midgame,45,31,8,W,avoid_feeding,0,,,1,2.3,1,0,,,0,,
530,greedy:greedy,greedy,greedy,mid,midgame,41,36,8,W,avoid_feeding,0,,,1,2.6,1,0,,,0,,
528,greedy:greedy,greedy,greedy,mid,midgame,46,3,-8,L,farm_claim,0,,,0,,,0,,,1,6.0,0
532,h200:random,h200,random,weak,opening,72,4,94,W,farm_claim,0,,,0,,,0,,,1,6.0,1
531,greedy:greedy,greedy,greedy,mid,midgame,40,3,-8,L,farm_claim,0,,,0,,,0,,,1,6.0,0
533,h200:random,random,h200,mid,opening,69,4,-94,L,farm_claim,0,,,0,,,0,,,1,6.0,0
534,h200:random,h200,random,weak,opening,68,4,94,W,farm_claim,0,,,0,,,0,,,1,6.0,1
538,h200:random,random,h200,mid,midgame,41,32,-94,L,avoid_feeding,0,,,1,2.0,0,0,,,0,,
535,h200:random,random,h200,mid,opening,57,6,-94,L,farm_claim,0,,,0,,,0,,,1,6.0,1
536,h200:random,h200,random,weak,opening,52,19,94,W,contest_merge,0,,,0,,,1,18.0,0,0,,
537,h200:random,h200,random,weak,opening,50,24,94,W,avoid_feeding,0,,,1,2.4,0,0,,,0,,
539,h200:random,h200,random,weak,midgame,30,25,94,W,avoid_feeding,0,,,1,2.4,0,0,,,0,,
544,h200:random,h200,random,weak,endgame,6,49,94,W,contest_merge,0,,,0,,,1,48.0,0,0,,
540,h200:random,h200,random,weak,late_mid,26,5,94,W,farm_claim,0,,,0,,,0,,,1,6.0,0
541,h200:random,random,h200,mid,late_mid,19,36,-94,L,avoid_feeding,0,,,1,2.3,1,0,,,0,,
542,h200:random,h200,random,weak,pre_endgame,12,32,94,W,contest_merge,0,,,0,,,1,42.0,0,0,,
547,greedy:greedy,greedy,greedy,mid,opening,71,6,0,D,farm_claim,0,,,0,,,0,,,1,6.0,0
548,greedy:greedy,greedy,greedy,mid,opening,65,8,0,D,farm_claim,0,,,0,,,0,,,1,6.0,0
543,h200:random,random,h200,mid,pre_endgame,7,44,-94,L,contest_merge,0,,,0,,,1,51.0,0,0,,
545,h200:random,random,h200,mid,endgame,3,44,-94,L,avoid_feeding|contest_merge,0,,,1,2.3,1,1,51.0,0,0,,
551,greedy:greedy,greedy,greedy,mid,opening,53,3,0,D,farm_claim,0,,,0,,,0,,,1,6.0,0
550,greedy:greedy,greedy,greedy,mid,opening,59,5,0,D,farm_claim,0,,,0,,,0,,,1,6.0,0
549,greedy:greedy,greedy,greedy,mid,opening,60,3,0,D,farm_claim,0,,,0,,,0,,,1,6.0,0
553,greedy:greedy,greedy,greedy,mid,opening,51,3,0,D,farm_claim,0,,,0,,,0,,,1,9.0,0
552,greedy:greedy,greedy,greedy,mid,opening,52,5,0,D,farm_claim,0,,,0,,,0,,,1,9.0,0
555,greedy:greedy,greedy,greedy,mid,midgame,45,16,0,D,block|avoid_feeding,1,2.0,1,1,2.0,1,0,,,0,,
554,greedy:greedy,greedy,greedy,mid,opening,50,5,0,D,farm_claim,0,,,0,,,0,,,1,9.0,0
556,greedy:greedy,greedy,greedy,mid,midgame,41,31,0,D,block|avoid_feeding,1,3.0,0,1,3.0,0,0,,,0,,
557,greedy:greedy,greedy,greedy,mid,midgame,39,35,0,D,block|avoid_feeding,1,3.0,0,1,3.0,0,0,,,0,,
558,greedy:greedy,greedy,greedy,mid,midgame,31,29,0,D,avoid_feeding,0,,,1,5.0,0,0,,,0,,
559,greedy:greedy,greedy,greedy,mid,late_mid,26,3,0,D,farm_claim,0,,,0,,,0,,,1,9.0,0
546,h200:random,h200,random,weak,endgame,2,44,94,W,contest_merge,0,,,0,,,1,48.0,1,0,,
560,greedy:greedy,greedy,greedy,mid,late_mid,25,51,0,D,avoid_feeding,0,,,1,2.4,1,0,,,0,,
564,greedy:greedy,greedy,greedy,mid,opening,71,5,-49,L,farm_claim,0,,,0,,,0,,,1,6.0,0
565,greedy:greedy,greedy,greedy,mid,opening,65,4,-49,L,farm_claim,0,,,0,,,0,,,1,6.0,0
562,greedy:greedy,greedy,greedy,mid,endgame,3,43,0,D,avoid_feeding,0,,,1,5.4,0,0,,,0,,
566,greedy:greedy,greedy,greedy,mid,opening,62,21,49,W,avoid_feeding,0,,,1,2.6,0,0,,,0,,
561,greedy:greedy,greedy,greedy,mid,pre_endgame,11,3,0,D,farm_claim,0,,,0,,,0,,,1,27.0,1
567,greedy:greedy,greedy,greedy,mid,opening,60,7,49,W,farm_claim,0,,,0,,,0,,,1,6.0,0
568,greedy:greedy,greedy,greedy,mid,opening,59,3,-49,L,farm_claim,0,,,0,,,0,,,1,12.0,0
569,greedy:greedy,greedy,greedy,mid,opening,58,4,49,W,farm_claim,0,,,0,,,0,,,1,6.0,0
570,greedy:greedy,greedy,greedy,mid,opening,56,3,49,W,farm_claim,0,,,0,,,0,,,1,6.0,0
575,greedy:greedy,greedy,greedy,mid,midgame,46,5,49,W,farm_claim,0,,,0,,,0,,,1,9.0,0
571,greedy:greedy,greedy,greedy,mid,opening,52,3,49,W,farm_claim,0,,,0,,,0,,,1,6.0,0
572,greedy:greedy,greedy,greedy,mid,opening,51,21,-49,L,avoid_feeding,0,,,1,2.2,1,0,,,0,,
573,greedy:greedy,greedy,greedy,mid,opening,51,5,-49,L,farm_claim,0,,,0,,,0,,,1,9.0,0
574,greedy:greedy,greedy,greedy,mid,opening,50,4,49,W,farm_claim,0,,,0,,,0,,,1,9.0,0
576,greedy:greedy,greedy,greedy,mid,midgame,39,28,-49,L,avoid_feeding,0,,,1,2.6,1,0,,,0,,
563,greedy:greedy,greedy,greedy,mid,endgame,1,43,0,D,avoid_feeding,0,,,1,5.4,0,0,,,0,,
577,greedy:greedy,greedy,greedy,mid,midgame,31,25,-49,L,avoid_feeding,0,,,1,3.5,1,0,,,0,,
579,greedy:greedy,greedy,greedy,mid,late_mid,28,31,49,W,avoid_feeding,0,,,1,2.5,0,0,,,0,,
578,greedy:greedy,greedy,greedy,mid,midgame,30,4,49,W,farm_claim,0,,,0,,,0,,,1,12.0,1
581,greedy:greedy,greedy,greedy,mid,late_mid,25,26,-49,L,avoid_feeding,0,,,1,3.5,1,0,,,0,,
580,greedy:greedy,greedy,greedy,mid,late_mid,26,5,49,W,farm_claim,0,,,0,,,0,,,1,6.0,0
582,greedy:greedy,greedy,greedy,mid,late_mid,21,24,-49,L,avoid_feeding,0,,,1,3.5,1,0,,,0,,
586,rod1:rod1,rod1,rod1,strong,opening,65,13,18,W,contest_merge,0,,,0,,,1,9.0,1,0,,
585,rod1:rod1,rod1,rod1,strong,opening,66,6,-18,L,contest_merge,0,,,0,,,1,6.0,0,0,,
587,rod1:rod1,rod1,rod1,strong,opening,60,14,-18,L,contest_merge,0,,,0,,,1,15.0,1,0,,
588,rod1:rod1,rod1,rod1,strong,opening,58,18,-18,L,contest_merge,0,,,0,,,1,15.0,1,0,,
583,greedy:greedy,greedy,greedy,mid,late_mid,18,3,49,W,farm_claim,0,,,0,,,0,,,1,6.0,0
584,greedy:greedy,greedy,greedy,mid,pre_endgame,9,34,-49,L,avoid_feeding,0,,,1,3.5,1,0,,,0,,
589,rod1:rod1,rod1,rod1,strong,opening,56,3,-18,L,farm_claim,0,,,0,,,0,,,1,6.0,0
590,rod1:rod1,rod1,rod1,strong,opening,52,28,-18,L,contest_merge,0,,,0,,,1,18.0,1,0,,
591,rod1:rod1,rod1,rod1,strong,opening,51,3,18,W,farm_claim,0,,,0,,,0,,,1,6.0,1
592,rod1:rod1,rod1,rod1,strong,midgame,38,3,-18,L,farm_claim,0,,,0,,,0,,,1,6.0,1
593,rod1:rod1,rod1,rod1,strong,late_mid,27,23,18,W,avoid_feeding,0,,,1,3.4,1,0,,,0,,
595,rod1:rod1,rod1,rod1,strong,late_mid,19,23,18,W,block|avoid_feeding,1,7.0,0,1,7.0,0,0,,,0,,
594,rod1:rod1,rod1,rod1,strong,late_mid,23,3,18,W,farm_claim,0,,,0,,,0,,,1,6.0,0
600,greedy:random,random,greedy,mid,opening,71,4,-55,L,farm_claim,0,,,0,,,0,,,1,6.0,0
601,greedy:random,greedy,random,weak,opening,70,3,55,W,farm_claim,0,,,0,,,0,,,1,6.0,0
596,rod1:rod1,rod1,rod1,strong,late_mid,17,37,18,W,block|avoid_feeding,1,5.5,1,1,5.5,1,0,,,0,,
602,greedy:random,random,greedy,mid,opening,69,3,-55,L,farm_claim,0,,,0,,,0,,,1,6.0,0
603,greedy:random,greedy,random,weak,opening,68,7,55,W,farm_claim,0,,,0,,,0,,,1,9.0,0
598,rod1:rod1,rod1,rod1,strong,pre_endgame,11,3,18,W,farm_claim,0,,,0,,,0,,,1,6.0,1
599,rod1:rod1,rod1,rod1,strong,pre_endgame,7,21,18,W,block|avoid_feeding,1,5.5,1,1,5.5,1,0,,,0,,
604,greedy:random,random,greedy,mid,opening,67,6,-55,L,farm_claim,0,,,0,,,0,,,1,12.0,0
597,rod1:rod1,rod1,rod1,strong,late_mid,15,21,18,W,block|avoid_feeding,1,6.5,1,1,6.5,1,0,,,0,,
605,greedy:random,greedy,random,weak,opening,66,4,55,W,farm_claim,0,,,0,,,0,,,1,15.0,0
606,greedy:random,random,greedy,mid,opening,65,5,-55,L,farm_claim,0,,,0,,,0,,,1,15.0,0
607,greedy:random,random,greedy,mid,opening,61,4,-55,L,farm_claim,0,,,0,,,0,,,1,9.0,1
608,greedy:random,greedy,random,weak,opening,58,4,55,W,farm_claim,0,,,0,,,0,,,1,6.0,0
609,greedy:random,greedy,random,weak,opening,56,5,55,W,farm_claim,0,,,0,,,0,,,1,6.0,0
610,greedy:random,random,greedy,mid,opening,53,19,-55,L,avoid_feeding,0,,,1,2.6,1,0,,,0,,
613,greedy:random,random,greedy,mid,midgame,45,20,-55,L,avoid_feeding,0,,,1,5.5,0,0,,,0,,
612,greedy:random,random,greedy,mid,opening,47,33,-55,L,avoid_feeding,0,,,1,2.9,1,0,,,0,,
611,greedy:random,random,greedy,mid,opening,51,23,-55,L,avoid_feeding,0,,,1,2.6,1,0,,,0,,
614,greedy:random,random,greedy,mid,midgame,43,33,-55,L,block|avoid_feeding,1,7.3,0,1,7.3,0,0,,,0,,
616,greedy:random,random,greedy,mid,midgame,39,41,-55,L,avoid_feeding,0,,,1,3.2,1,0,,,0,,
617,greedy:random,random,greedy,mid,midgame,35,44,-55,L,avoid_feeding,0,,,1,3.2,1,0,,,0,,
618,greedy:random,greedy,random,weak,late_mid,18,39,55,W,avoid_feeding,0,,,1,2.0,1,0,,,0,,
615,greedy:random,random,greedy,mid,midgame,41,27,-55,L,block|avoid_feeding,1,6.5,0,1,6.5,0,0,,,0,,
619,greedy:random,random,greedy,mid,late_mid,15,60,-55,L,contest_merge,0,,,0,,,1,6.0,0,0,,
621,greedy:greedy,greedy,greedy,mid,opening,71,4,-32,L,farm_claim,0,,,0,,,0,,,1,6.0,0
622,greedy:greedy,greedy,greedy,mid,opening,68,7,32,W,farm_claim,0,,,0,,,0,,,1,6.0,0
623,greedy:greedy,greedy,greedy,mid,opening,66,3,32,W,farm_claim,0,,,0,,,0,,,1,6.0,0
620,greedy:random,greedy,random,weak,endgame,2,54,55,W,avoid_feeding,0,,,1,2.0,1,0,,,0,,
625,greedy:greedy,greedy,greedy,mid,opening,62,5,32,W,farm_claim,0,,,0,,,0,,,1,6.0,0
624,greedy:greedy,greedy,greedy,mid,opening,64,3,32,W,farm_claim,0,,,0,,,0,,,1,6.0,0
627,greedy:greedy,greedy,greedy,mid,opening,51,19,-32,L,avoid_feeding,0,,,1,3.4,1,0,,,0,,
629,greedy:greedy,greedy,greedy,mid,midgame,43,16,-32,L,avoid_feeding,0,,,1,2.2,1,0,,,0,,
626,greedy:greedy,greedy,greedy,mid,opening,58,6,32,W,farm_claim,0,,,0,,,0,,,1,6.0,0
628,greedy:greedy,greedy,greedy,mid,opening,48,3,32,W,farm_claim,0,,,0,,,0,,,1,6.0,0
630,greedy:greedy,greedy,greedy,mid,midgame,41,5,-32,L,farm_claim,0,,,0,,,0,,,1,6.0,0
631,greedy:greedy,greedy,greedy,mid,midgame,37,3,-32,L,farm_claim,0,,,0,,,0,,,1,6.0,0
632,greedy:greedy,greedy,greedy,mid,late_mid,28,4,32,W,farm_claim,0,,,0,,,0,,,1,6.0,0
634,greedy:greedy,greedy,greedy,mid,late_mid,23,38,-32,L,avoid_feeding,0,,,1,4.4,1,0,,,0,,
633,greedy:greedy,greedy,greedy,mid,late_mid,27,37,-32,L,avoid_feeding,0,,,1,4.9,0,0,,,0,,
638,greedy:random,greedy,random,weak,opening,68,6,80,W,farm_claim,0,,,0,,,0,,,1,6.0,0
639,greedy:random,random,greedy,mid,opening,63,6,-80,L,farm_claim,0,,,0,,,0,,,1,6.0,0
640,greedy:random,random,greedy,mid,opening,59,7,-80,L,farm_claim,0,,,0,,,0,,,1,6.0,0
637,greedy:greedy,greedy,greedy,mid,pre_endgame,10,3,32,W,farm_claim,0,,,0,,,0,,,1,9.0,1
635,greedy:greedy,greedy,greedy,mid,late_mid,23,5,-32,L,farm_claim,0,,,0,,,0,,,1,6.0,1
636,greedy:greedy,greedy,greedy,mid,late_mid,16,3,32,W,farm_claim,0,,,0,,,0,,,1,6.0,1
641,greedy:random,random,greedy,mid,opening,57,22,-80,L,avoid_feeding,0,,,1,3.5,1,0,,,0,,
642,greedy:random,random,greedy,mid,opening,57,4,-80,L,farm_claim,0,,,0,,,0,,,1,12.0,1
643,greedy:random,random,greedy,mid,opening,53,20,-80,L,avoid_feeding,0,,,1,3.8,1,0,,,0,,
644,greedy:random,random,greedy,mid,opening,51,34,-80,L,avoid_feeding,0,,,1,3.8,0,0,,,0,,
645,greedy:random,greedy,random,weak,midgame,46,3,80,W,farm_claim,0,,,0,,,0,,,1,6.0,0
646,greedy:random,random,greedy,mid,midgame,45,3,-80,L,farm_claim,0,,,0,,,0,,,1,9.0,0
647,greedy:random,random,greedy,mid,midgame,33,31,-80,L,avoid_feeding,0,,,1,2.0,0,0,,,0,,
648,greedy:random,greedy,random,weak,late_mid,28,3,80,W,farm_claim,0,,,0,,,0,,,1,12.0,1
650,greedy:random,random,greedy,mid,late_mid,15,49,-80,L,avoid_feeding|contest_merge,0,,,1,3.4,1,1,21.0,0,0,,
655,greedy:greedy,greedy,greedy,mid,opening,72,4,-21,L,farm_claim,0,,,0,,,0,,,1,6.0,0
649,greedy:random,random,greedy,mid,late_mid,25,5,-80,L,farm_claim,0,,,0,,,0,,,1,6.0,0
656,greedy:greedy,greedy,greedy,mid,opening,71,5,21,W,farm_claim,0,,,0,,,0,,,1,6.0,0
651,greedy:random,random,greedy,mid,pre_endgame,11,50,-80,L,contest_merge,0,,,0,,,1,18.0,0,0,,
657,greedy:greedy,greedy,greedy,mid,opening,66,4,-21,L,farm_claim,0,,,0,,,0,,,1,6.0,0
658,greedy:greedy,greedy,greedy,mid,opening,63,4,21,W,farm_claim,0,,,0,,,0,,,1,9.0,0
652,greedy:random,random,greedy,mid,pre_endgame,9,48,-80,L,contest_merge,0,,,0,,,1,24.0,0,0,,
653,greedy:random,random,greedy,mid,endgame,5,51,-80,L,contest_merge,0,,,0,,,1,24.0,0,0,,
659,greedy:greedy,greedy,greedy,mid,opening,60,6,-21,L,farm_claim,0,,,0,,,0,,,1,6.0,0
660,greedy:greedy,greedy,greedy,mid,opening,59,5,21,W,farm_claim,0,,,0,,,0,,,1,12.0,0
662,greedy:greedy,greedy,greedy,mid,opening,54,3,-21,L,farm_claim,0,,,0,,,0,,,1,6.0,0
661,greedy:greedy,greedy,greedy,mid,opening,56,3,-21,L,farm_claim,0,,,0,,,0,,,1,6.0,0
663,greedy:greedy,greedy,greedy,mid,opening,51,23,21,W,avoid_feeding,0,,,1,2.0,0,0,,,0,,
664,greedy:greedy,greedy,greedy,mid,opening,51,4,21,W,farm_claim,0,,,0,,,0,,,1,15.0,0
667,greedy:greedy,greedy,greedy,mid,opening,48,5,-21,L,farm_claim,0,,,0,,,0,,,1,18.0,0
668,greedy:greedy,greedy,greedy,mid,opening,47,3,21,W,farm_claim,0,,,0,,,0,,,1,18.0,0
665,greedy:greedy,greedy,greedy,mid,opening,50,3,-21,L,farm_claim,0,,,0,,,0,,,1,6.0,0
666,greedy:greedy,greedy,greedy,mid,opening,49,3,21,W,farm_claim,0,,,0,,,0,,,1,15.0,0
669,greedy:greedy,greedy,greedy,mid,midgame,46,3,-21,L,farm_claim,0,,,0,,,0,,,1,6.0,0
670,greedy:greedy,greedy,greedy,mid,midgame,44,5,-21,L,farm_claim,0,,,0,,,0,,,1,6.0,1
672,greedy:greedy,greedy,greedy,mid,midgame,37,44,21,W,avoid_feeding,0,,,1,3.1,0,0,,,0,,
671,greedy:greedy,greedy,greedy,mid,midgame,43,5,21,W,farm_claim,0,,,0,,,0,,,1,6.0,1
673,greedy:greedy,greedy,greedy,mid,midgame,35,4,21,W,farm_claim,0,,,0,,,0,,,1,6.0,0
674,greedy:greedy,greedy,greedy,mid,midgame,29,52,21,W,avoid_feeding,0,,,1,4.3,0,0,,,0,,
676,greedy:greedy,greedy,greedy,mid,late_mid,25,40,21,W,avoid_feeding,0,,,1,2.0,0,0,,,0,,
675,greedy:greedy,greedy,greedy,mid,late_mid,27,3,21,W,farm_claim,0,,,0,,,0,,,1,24.0,1
680,random:random,random,random,weak,opening,64,5,0,D,farm_claim,0,,,0,,,0,,,1,6.0,0
677,greedy:greedy,greedy,greedy,mid,late_mid,25,3,21,W,farm_claim,0,,,0,,,0,,,1,6.0,1
654,greedy:random,random,greedy,mid,endgame,1,32,-80,L,block|avoid_feeding,1,2.5,0,1,2.5,0,0,,,0,,
679,greedy:greedy,greedy,greedy,mid,late_mid,15,55,21,W,avoid_feeding,0,,,1,2.0,1,0,,,0,,
678,greedy:greedy,greedy,greedy,mid,late_mid,19,65,21,W,avoid_feeding,0,,,1,2.3,1,0,,,0,,
681,random:random,random,random,weak,opening,61,6,0,D,farm_claim,0,,,0,,,0,,,1,6.0,0
682,random:random,random,random,weak,opening,49,24,0,D,contest_merge,0,,,0,,,1,21.0,0,0,,
683,random:random,random,random,weak,opening,47,24,0,D,contest_merge,0,,,0,,,1,24.0,0,0,,
684,random:random,random,random,weak,midgame,42,33,0,D,avoid_feeding,0,,,1,2.1,1,0,,,0,,
685,random:random,random,random,weak,midgame,40,28,0,D,contest_merge,0,,,0,,,1,24.0,0,0,,
687,random:random,random,random,weak,midgame,32,33,0,D,avoid_feeding,0,,,1,2.1,1,0,,,0,,
686,random:random,random,random,weak,midgame,38,27,0,D,contest_merge,0,,,0,,,1,24.0,0,0,,
688,random:random,random,random,weak,midgame,31,37,0,D,contest_merge,0,,,0,,,1,27.0,0,0,,
689,random:random,random,random,weak,late_mid,28,42,0,D,contest_merge,0,,,0,,,1,27.0,0,0,,
690,random:random,random,random,weak,late_mid,25,43,0,D,contest_merge,0,,,0,,,1,27.0,0,0,,
691,random:random,random,random,weak,late_mid,24,39,0,D,contest_merge,0,,,0,,,1,27.0,0,0,,
692,random:random,random,random,weak,late_mid,23,43,0,D,contest_merge,0,,,0,,,1,27.0,0,0,,
696,random:random,random,random,weak,late_mid,17,31,0,D,contest_merge,0,,,0,,,1,27.0,0,0,,
693,random:random,random,random,weak,late_mid,22,45,0,D,contest_merge,0,,,0,,,1,27.0,0,0,,
694,random:random,random,random,weak,late_mid,21,43,0,D,contest_merge,0,,,0,,,1,27.0,0,0,,
695,random:random,random,random,weak,late_mid,18,43,0,D,contest_merge,0,,,0,,,1,27.0,0,0,,
697,random:random,random,random,weak,pre_endgame,12,44,0,D,contest_merge,0,,,0,,,1,27.0,0,0,,
698,random:random,random,random,weak,pre_endgame,8,41,0,D,contest_merge,0,,,0,,,1,27.0,0,0,,
699,greedy:random,random,greedy,mid,midgame,39,32,-73,L,avoid_feeding,0,,,1,3.0,0,0,,,0,,
702,greedy:random,greedy,random,weak,late_mid,24,4,73,W,farm_claim,0,,,0,,,0,,,1,9.0,0
701,greedy:random,random,greedy,mid,midgame,31,29,-73,L,avoid_feeding,0,,,1,2.6,1,0,,,0,,
700,greedy:random,random,greedy,mid,midgame,33,35,-73,L,avoid_feeding,0,,,1,2.6,1,0,,,0,,
703,greedy:random,random,greedy,mid,late_mid,23,60,-73,L,avoid_feeding,0,,,1,3.1,0,0,,,0,,
704,greedy:random,random,greedy,mid,late_mid,21,49,-73,L,avoid_feeding,0,,,1,3.1,0,0,,,0,,
707,greedy:random,greedy,random,weak,pre_endgame,8,7,73,W,farm_claim,0,,,0,,,0,,,1,6.0,1
706,greedy:random,greedy,random,weak,pre_endgame,12,4,73,W,farm_claim,0,,,0,,,0,,,1,6.0,0
708,greedy:random,greedy,random,weak,endgame,6,53,73,W,contest_merge,0,,,0,,,1,9.0,0,0,,
705,greedy:random,random,greedy,mid,late_mid,17,25,-73,L,avoid_feeding,0,,,1,2.6,1,0,,,0,,
710,greedy:random,random,greedy,mid,endgame,3,54,-73,L,block|avoid_feeding,1,4.9,1,1,4.9,1,0,,,0,,
709,greedy:random,random,greedy,mid,endgame,5,54,-73,L,block|avoid_feeding,1,4.4,1,1,4.4,1,0,,,0,,
712,greedy:random,random,greedy,mid,opening,71,4,-65,L,farm_claim,0,,,0,,,0,,,1,6.0,0
713,greedy:random,greedy,random,weak,opening,70,3,65,W,farm_claim,0,,,0,,,0,,,1,6.0,0
714,greedy:random,random,greedy,mid,opening,69,6,-65,L,farm_claim,0,,,0,,,0,,,1,6.0,0
715,greedy:random,greedy,random,weak,opening,68,3,65,W,farm_claim,0,,,0,,,0,,,1,9.0,0
716,greedy:random,random,greedy,mid,opening,67,4,-65,L,farm_claim,0,,,0,,,0,,,1,9.0,0
717,greedy:random,greedy,random,weak,opening,66,3,65,W,farm_claim,0,,,0,,,0,,,1,9.0,0
718,greedy:random,random,greedy,mid,opening,65,4,-65,L,farm_claim,0,,,0,,,0,,,1,12.0,1
719,greedy:random,random,greedy,mid,opening,61,4,-65,L,farm_claim,0,,,0,,,0,,,1,6.0,0
720,greedy:random,greedy,random,weak,opening,52,6,65,W,farm_claim,0,,,0,,,0,,,1,9.0,0
724,greedy:random,greedy,random,weak,midgame,38,4,65,W,farm_claim,0,,,0,,,0,,,1,6.0,0
723,greedy:random,random,greedy,mid,midgame,39,48,-65,L,contest_merge,0,,,0,,,1,18.0,0,0,,
725,greedy:random,random,greedy,mid,midgame,37,52,-65,L,contest_merge,0,,,0,,,1,18.0,0,0,,
722,greedy:random,random,greedy,mid,midgame,41,35,-65,L,block|avoid_feeding,1,6.0,0,1,6.0,0,0,,,0,,
721,greedy:random,greedy,random,weak,opening,48,3,65,W,farm_claim,0,,,0,,,0,,,1,6.0,0
726,greedy:random,greedy,random,weak,midgame,34,13,65,W,avoid_feeding,0,,,1,4.5,1,0,,,0,,
727,greedy:random,greedy,random,weak,late_mid,26,48,65,W,contest_merge,0,,,0,,,1,21.0,1,0,,
729,random:random,random,random,weak,opening,59,6,-4,L,farm_claim,0,,,0,,,0,,,1,6.0,0
728,greedy:random,greedy,random,weak,pre_endgame,12,37,65,W,contest_merge,0,,,0,,,1,30.0,1,0,,
711,greedy:random,random,greedy,mid,endgame,1,64,-73,L,contest_merge,0,,,0,,,1,9.0,0,0,,
730,random:random,random,random,weak,midgame,30,41,4,W,contest_merge,0,,,0,,,1,18.0,0,0,,
733,greedy:random,greedy,random,weak,opening,70,4,12,W,farm_claim,0,,,0,,,0,,,1,6.0,0
732,random:random,random,random,weak,pre_endgame,7,60,-4,L,avoid_feeding,0,,,1,2.5,1,0,,,0,,
731,random:random,random,random,weak,late_mid,23,47,-4,L,contest_merge,0,,,0,,,1,18.0,0,0,,
734,greedy:random,random,greedy,mid,opening,69,3,-12,L,farm_claim,0,,,0,,,0,,,1,6.0,0
737,greedy:random,greedy,random,weak,opening,66,3,12,W,farm_claim,0,,,0,,,0,,,1,9.0,0
736,greedy:random,random,greedy,mid,opening,67,4,-12,L,farm_claim,0,,,0,,,0,,,1,9.0,0
735,greedy:random,greedy,random,weak,opening,68,2,12,W,farm_claim,0,,,0,,,0,,,1,6.0,0
738,greedy:random,random,greedy,mid,opening,65,5,-12,L,farm_claim,0,,,0,,,0,,,1,9.0,1
739,greedy:random,random,greedy,mid,opening,49,20,-12,L,avoid_feeding,0,,,1,2.0,1,0,,,0,,
740,greedy:random,random,greedy,mid,opening,49,4,-12,L,farm_claim,0,,,0,,,0,,,1,9.0,0
742,greedy:random,random,greedy,mid,midgame,41,30,-12,L,avoid_feeding,0,,,1,2.0,1,0,,,0,,
741,greedy:random,greedy,random,weak,midgame,46,3,12,W,farm_claim,0,,,0,,,0,,,1,6.0,0
743,greedy:random,random,greedy,mid,midgame,39,33,-12,L,avoid_feeding,0,,,1,2.0,1,0,,,0,,
744,greedy:random,random,greedy,mid,midgame,35,27,-12,L,avoid_feeding,0,,,1,2.0,1,0,,,0,,
745,greedy:random,random,greedy,mid,late_mid,19,43,-12,L,block|avoid_feeding,1,2.6,1,1,2.6,1,0,,,0,,
746,greedy:random,greedy,random,weak,pre_endgame,14,42,12,W,avoid_feeding,0,,,1,3.5,1,0,,,0,,
747,greedy:random,greedy,random,weak,pre_endgame,8,48,12,W,avoid_feeding,0,,,1,3.5,1,0,,,0,,
751,random:random,random,random,weak,opening,54,22,5,W,contest_merge,0,,,0,,,1,12.0,0,0,,
749,random:random,random,random,weak,opening,57,4,-5,L,farm_claim,0,,,0,,,0,,,1,6.0,0
752,random:random,random,random,weak,opening,53,16,-5,L,contest_merge,0,,,0,,,1,9.0,1,0,,
750,random:random,random,random,weak,opening,56,5,5,W,farm_claim,0,,,0,,,0,,,1,6.0,0
748,greedy:random,random,greedy,mid,endgame,5,43,-12,L,block|avoid_feeding,1,2.6,1,1,2.6,1,0,,,0,,
754,random:random,random,random,weak,opening,72,4,-8,L,farm_claim,0,,,0,,,0,,,1,6.0,0
755,random:random,random,random,weak,opening,71,3,8,W,farm_claim,0,,,0,,,0,,,1,6.0,0
753,random:random,random,random,weak,late_mid,19,36,-5,L,avoid_feeding,0,,,1,2.2,1,0,,,0,,
756,random:random,random,random,weak,opening,70,6,-8,L,farm_claim,0,,,0,,,0,,,1,6.0,0
757,random:random,random,random,weak,opening,69,3,8,W,farm_claim,0,,,0,,,0,,,1,9.0,0
758,random:random,random,random,weak,opening,68,5,-8,L,farm_claim,0,,,0,,,0,,,1,9.0,0
760,random:random,random,random,weak,opening,65,7,8,W,farm_claim,0,,,0,,,0,,,1,6.0,0
759,random:random,random,random,weak,opening,67,4,8,W,farm_claim,0,,,0,,,0,,,1,12.0,1
763,rod1:random,random,rod1,strong,opening,63,5,-40,L,farm_claim,0,,,0,,,0,,,1,6.0,1
761,random:random,random,random,weak,opening,60,7,-8,L,farm_claim,0,,,0,,,0,,,1,9.0,0
764,rod1:random,random,rod1,strong,opening,53,8,-40,L,farm_claim,0,,,0,,,0,,,1,6.0,0
762,random:random,random,random,weak,late_mid,24,57,-8,L,contest_merge,0,,,0,,,1,6.0,0,0,,
765,rod1:random,random,rod1,strong,opening,49,20,-40,L,contest_merge,0,,,0,,,1,15.0,0,0,,
766,rod1:random,random,rod1,strong,midgame,43,23,-40,L,contest_merge,0,,,0,,,1,18.0,0,0,,
767,rod1:random,random,rod1,strong,midgame,41,18,-40,L,contest_merge,0,,,0,,,1,18.0,0,0,,
768,rod1:random,random,rod1,strong,midgame,39,22,-40,L,contest_merge,0,,,0,,,1,18.0,0,0,,
769,rod1:random,random,rod1,strong,midgame,35,35,-40,L,block|avoid_feeding,1,3.0,0,1,3.0,0,0,,,0,,
770,rod1:random,random,rod1,strong,midgame,33,27,-40,L,block|avoid_feeding,1,2.8,0,1,2.8,0,0,,,0,,
771,rod1:random,random,rod1,strong,midgame,31,35,-40,L,block|avoid_feeding,1,3.3,0,1,3.3,0,0,,,0,,
773,rod1:random,random,rod1,strong,late_mid,27,40,-40,L,contest_merge,0,,,0,,,1,18.0,0,0,,
772,rod1:random,random,rod1,strong,midgame,29,38,-40,L,contest_merge,0,,,0,,,1,21.0,0,0,,
774,rod1:random,random,rod1,strong,endgame,3,52,-40,L,contest_merge,0,,,0,,,1,18.0,0,0,,
775,rod1:random,random,rod1,strong,opening,53,21,-58,L,avoid_feeding,0,,,1,2.1,0,0,,,0,,
776,rod1:random,rod1,random,weak,midgame,46,3,58,W,farm_claim,0,,,0,,,0,,,1,6.0,0
777,rod1:random,rod1,random,weak,midgame,44,5,58,W,farm_claim,0,,,0,,,0,,,1,9.0,1
779,rod1:random,random,rod1,strong,late_mid,25,46,-58,L,avoid_feeding|contest_merge,0,,,1,4.0,0,1,33.0,0,0,,
778,rod1:random,rod1,random,weak,midgame,38,4,58,W,farm_claim,0,,,0,,,0,,,1,6.0,1
781,rod1:random,rod1,random,weak,pre_endgame,10,34,58,W,avoid_feeding,0,,,1,2.0,1,0,,,0,,
780,rod1:random,random,rod1,strong,late_mid,19,60,-58,L,contest_merge,0,,,0,,,1,33.0,0,0,,
785,rod1:random,random,rod1,strong,opening,67,4,-68,L,farm_claim,0,,,0,,,0,,,1,6.0,0
784,rod1:random,random,rod1,strong,opening,69,6,-68,L,farm_claim,0,,,0,,,0,,,1,6.0,0
782,rod1:random,rod1,random,weak,pre_endgame,8,4,58,W,farm_claim,0,,,0,,,0,,,1,6.0,0
786,rod1:random,rod1,random,weak,opening,64,2,68,W,farm_claim,0,,,0,,,0,,,1,6.0,1
787,rod1:random,random,rod1,strong,opening,55,30,-68,L,contest_merge,0,,,0,,,1,6.0,0,0,,
788,rod1:random,random,rod1,strong,midgame,43,30,-68,L,avoid_feeding,0,,,1,2.0,1,0,,,0,,
792,rod1:random,rod1,random,weak,late_mid,28,4,68,W,farm_claim,0,,,0,,,0,,,1,6.0,0
790,rod1:random,rod1,random,weak,midgame,34,4,68,W,farm_claim,0,,,0,,,0,,,1,6.0,0
789,rod1:random,random,rod1,strong,midgame,39,34,-68,L,avoid_feeding,0,,,1,3.0,0,0,,,0,,
791,rod1:random,rod1,random,weak,midgame,30,5,68,W,farm_claim,0,,,0,,,0,,,1,6.0,0
793,rod1:random,rod1,random,weak,late_mid,20,6,68,W,farm_claim,0,,,0,,,0,,,1,6.0,0
795,rod1:rod1,rod1,rod1,strong,opening,53,6,-7,L,farm_claim,0,,,0,,,0,,,1,6.0,1
796,rod1:rod1,rod1,rod1,strong,opening,52,22,7,W,avoid_feeding,0,,,1,2.0,1,0,,,0,,
794,rod1:rod1,rod1,rod1,strong,opening,61,3,-7,L,farm_claim,0,,,0,,,0,,,1,6.0,0
797,rod1:rod1,rod1,rod1,strong,opening,48,25,7,W,avoid_feeding,0,,,1,2.9,1,0,,,0,,
799,rod1:rod1,rod1,rod1,strong,midgame,43,33,-7,L,avoid_feeding,0,,,1,4.2,0,0,,,0,,
800,rod1:rod1,rod1,rod1,strong,midgame,42,26,7,W,avoid_feeding,0,,,1,2.9,1,0,,,0,,
801,rod1:rod1,rod1,rod1,strong,midgame,40,36,7,W,block|avoid_feeding,1,2.0,1,1,2.0,1,0,,,0,,
798,rod1:rod1,rod1,rod1,strong,midgame,44,28,7,W,avoid_feeding,0,,,1,2.9,1,0,,,0,,
804,rod1:rod1,rod1,rod1,strong,midgame,36,46,7,W,block|avoid_feeding,1,2.0,1,1,2.0,1,0,,,0,,
803,rod1:rod1,rod1,rod1,strong,midgame,37,7,-7,L,farm_claim,0,,,0,,,0,,,1,6.0,0
802,rod1:rod1,rod1,rod1,strong,midgame,38,54,7,W,block|avoid_feeding,1,6.5,0,1,6.5,0,0,,,0,,
783,rod1:random,random,rod1,strong,endgame,1,46,-58,L,avoid_feeding,0,,,1,3.0,0,0,,,0,,
805,rod1:rod1,rod1,rod1,strong,late_mid,26,49,7,W,contest_merge,0,,,0,,,1,24.0,0,0,,
810,rod1:rod1,rod1,rod1,strong,late_mid,17,45,-7,L,contest_merge,0,,,0,,,1,24.0,1,0,,
806,rod1:rod1,rod1,rod1,strong,late_mid,23,46,-7,L,avoid_feeding,0,,,1,3.3,0,0,,,0,,
807,rod1:rod1,rod1,rod1,strong,late_mid,21,43,-7,L,avoid_feeding,0,,,1,3.3,0,0,,,0,,
808,rod1:rod1,rod1,rod1,strong,late_mid,19,44,-7,L,contest_merge,0,,,0,,,1,24.0,1,0,,
809,rod1:rod1,rod1,rod1,strong,late_mid,18,31,7,W,avoid_feeding,0,,,1,3.0,0,0,,,0,,
811,rod1:rod1,rod1,rod1,strong,pre_endgame,13,53,-7,L,block|avoid_feeding,1,2.5,0,1,2.5,0,0,,,0,,
818,rod1:rod1,rod1,rod1,strong,opening,69,5,-8,L,farm_claim,0,,,0,,,0,,,1,6.0,0
812,rod1:rod1,rod1,rod1,strong,pre_endgame,12,41,7,W,avoid_feeding,0,,,1,4.6,0,0,,,0,,
817,rod1:rod1,rod1,rod1,strong,opening,71,6,-8,L,farm_claim,0,,,0,,,0,,,1,6.0,0
814,rod1:rod1,rod1,rod1,strong,pre_endgame,9,47,-7,L,block|avoid_feeding,1,3.0,0,1,3.0,0,0,,,0,,
813,rod1:rod1,rod1,rod1,strong,pre_endgame,10,43,7,W,avoid_feeding,0,,,1,4.6,0,0,,,0,,
819,rod1:rod1,rod1,rod1,strong,opening,67,4,-8,L,farm_claim,0,,,0,,,0,,,1,12.0,1
815,rod1:rod1,rod1,rod1,strong,endgame,5,49,-7,L,block|avoid_feeding,1,3.0,0,1,3.0,0,0,,,0,,
822,rod1:rod1,rod1,rod1,strong,opening,61,14,-8,L,contest_merge,0,,,0,,,1,15.0,1,0,,
821,rod1:rod1,rod1,rod1,strong,opening,64,5,8,W,farm_claim,0,,,0,,,0,,,1,6.0,1
820,rod1:rod1,rod1,rod1,strong,opening,65,4,-8,L,farm_claim,0,,,0,,,0,,,1,6.0,0
823,rod1:rod1,rod1,rod1,strong,opening,48,3,8,W,farm_claim,0,,,0,,,0,,,1,6.0,1
816,rod1:rod1,rod1,rod1,strong,endgame,4,63,7,W,avoid_feeding,0,,,1,2.0,1,0,,,0,,
824,rod1:rod1,rod1,rod1,strong,midgame,41,23,-8,L,contest_merge,0,,,0,,,1,18.0,1,0,,
825,rod1:rod1,rod1,rod1,strong,midgame,39,23,-8,L,contest_merge,0,,,0,,,1,15.0,1,0,,
826,rod1:rod1,rod1,rod1,strong,midgame,36,23,8,W,avoid_feeding,0,,,1,2.8,1,0,,,0,,
827,rod1:rod1,rod1,rod1,strong,midgame,35,25,-8,L,avoid_feeding|contest_merge,0,,,1,2.8,1,1,15.0,1,0,,
828,rod1:rod1,rod1,rod1,strong,midgame,31,26,-8,L,avoid_feeding,0,,,1,2.8,0,0,,,0,,
830,rod1:rod1,rod1,rod1,strong,late_mid,27,29,-8,L,block|avoid_feeding,1,7.5,0,1,7.5,0,0,,,0,,
829,rod1:rod1,rod1,rod1,strong,midgame,29,20,-8,L,block|avoid_feeding,1,4.7,0,1,4.7,0,0,,,0,,
831,rod1:rod1,rod1,rod1,strong,late_mid,23,33,-8,L,block|avoid_feeding,1,7.5,0,1,7.5,0,0,,,0,,
837,rod1:rod1,rod1,rod1,strong,opening,58,16,-21,L,avoid_feeding,0,,,1,2.5,0,0,,,0,,
832,rod1:rod1,rod1,rod1,strong,late_mid,22,36,8,W,block|avoid_feeding,1,7.5,1,1,7.5,1,0,,,0,,
833,rod1:rod1,rod1,rod1,strong,late_mid,20,3,8,W,farm_claim,0,,,0,,,0,,,1,6.0,0
838,rod1:rod1,rod1,rod1,strong,opening,55,6,21,W,farm_claim,0,,,0,,,0,,,1,6.0,1
834,rod1:rod1,rod1,rod1,strong,pre_endgame,14,36,8,W,avoid_feeding,0,,,1,2.5,0,0,,,0,,
836,rod1:rod1,rod1,rod1,strong,pre_endgame,12,4,8,W,farm_claim,0,,,0,,,0,,,1,12.0,1
835,rod1:rod1,rod1,rod1,strong,pre_endgame,13,41,-8,L,avoid_feeding,0,,,1,2.3,1,0,,,0,,
839,rod1:rod1,rod1,rod1,strong,opening,53,3,21,W,farm_claim,0,,,0,,,0,,,1,6.0,1
840,rod1:rod1,rod1,rod1,strong,opening,48,4,-21,L,farm_claim,0,,,0,,,0,,,1,9.0,1
847,rod1:rod1,rod1,rod1,strong,opening,67,11,-40,L,avoid_feeding,0,,,1,2.0,1,0,,,0,,
846,rod1:rod1,rod1,rod1,strong,opening,69,7,-40,L,farm_claim,0,,,0,,,0,,,1,6.0,0
841,rod1:rod1,rod1,rod1,strong,late_mid,16,55,-21,L,block|avoid_feeding|contest_merge,1,5.0,1,1,5.0,1,1,15.0,1,0,,
845,rod1:rod1,rod1,rod1,strong,endgame,3,37,21,W,avoid_feeding,0,,,1,2.1,0,0,,,0,,
849,rod1:rod1,rod1,rod1,strong,opening,65,5,-40,L,farm_claim,0,,,0,,,0,,,1,6.0,0
852,rod1:rod1,rod1,rod1,strong,opening,50,32,40,W,contest_merge,0,,,0,,,1,15.0,0,0,,
848,rod1:rod1,rod1,rod1,strong,opening,67,4,-40,L,farm_claim,0,,,0,,,0,,,1,9.0,0
850,rod1:rod1,rod1,rod1,strong,opening,63,7,-40,L,farm_claim,0,,,0,,,0,,,1,12.0,1
851,rod1:rod1,rod1,rod1,strong,opening,59,3,-40,L,farm_claim,0,,,0,,,0,,,1,6.0,1
842,rod1:rod1,rod1,rod1,strong,pre_endgame,12,46,-21,L,block|avoid_feeding,1,2.2,1,1,2.2,1,0,,,0,,
843,rod1:rod1,rod1,rod1,strong,pre_endgame,8,42,-21,L,avoid_feeding,0,,,1,3.2,1,0,,,0,,
844,rod1:rod1,rod1,rod1,strong,endgame,4,39,-21,L,avoid_feeding,0,,,1,3.2,1,0,,,0,,
853,rod1:rod1,rod1,rod1,strong,opening,48,25,40,W,contest_merge,0,,,0,,,1,24.0,0,0,,
854,rod1:rod1,rod1,rod1,strong,midgame,44,37,40,W,contest_merge,0,,,0,,,1,21.0,1,0,,
855,rod1:rod1,rod1,rod1,strong,midgame,38,47,40,W,contest_merge,0,,,0,,,1,18.0,1,0,,
858,rod1:rod1,rod1,rod1,strong,opening,69,4,-1,L,farm_claim,0,,,0,,,0,,,1,6.0,0
859,rod1:rod1,rod1,rod1,strong,opening,67,3,-1,L,farm_claim,0,,,0,,,0,,,1,6.0,0
856,rod1:rod1,rod1,rod1,strong,midgame,37,17,-40,L,contest_merge,0,,,0,,,1,18.0,1,0,,
862,rod1:rod1,rod1,rod1,strong,opening,61,3,-1,L,farm_claim,0,,,0,,,0,,,1,6.0,1
860,rod1:rod1,rod1,rod1,strong,opening,63,2,-1,L,farm_claim,0,,,0,,,0,,,1,6.0,0
865,rod1:rod1,rod1,rod1,strong,opening,54,24,1,W,avoid_feeding,0,,,1,3.6,0,0,,,0,,
861,rod1:rod1,rod1,rod1,strong,opening,62,4,1,W,farm_claim,0,,,0,,,0,,,1,6.0,0
863,rod1:rod1,rod1,rod1,strong,opening,59,3,-1,L,farm_claim,0,,,0,,,0,,,1,6.0,1
864,rod1:rod1,rod1,rod1,strong,opening,55,3,-1,L,farm_claim,0,,,0,,,0,,,1,6.0,0
866,rod1:rod1,rod1,rod1,strong,opening,47,6,-1,L,farm_claim,0,,,0,,,0,,,1,9.0,1
867,rod1:rod1,rod1,rod1,strong,midgame,44,25,1,W,avoid_feeding,0,,,1,2.2,1,0,,,0,,
868,rod1:rod1,rod1,rod1,strong,midgame,43,25,-1,L,avoid_feeding,0,,,1,2.6,1,0,,,0,,
875,rod1:rod1,rod1,rod1,strong,opening,70,3,6,W,farm_claim,0,,,0,,,0,,,1,6.0,1
870,rod1:rod1,rod1,rod1,strong,midgame,37,25,-1,L,block|avoid_feeding,1,5.3,0,1,5.3,0,0,,,0,,
871,rod1:rod1,rod1,rod1,strong,midgame,35,27,-1,L,block|avoid_feeding,1,5.8,0,1,5.8,0,0,,,0,,
869,rod1:rod1,rod1,rod1,strong,midgame,39,24,-1,L,block|avoid_feeding,1,5.3,0,1,5.3,0,0,,,0,,
876,rod1:rod1,rod1,rod1,strong,opening,62,16,6,W,avoid_feeding,0,,,1,2.5,0,0,,,0,,
879,h3200:random,random,h3200,strong,opening,66,3,-95,L,farm_claim,0,,,0,,,0,,,1,6.0,0
872,rod1:rod1,rod1,rod1,strong,midgame,32,4,1,W,farm_claim,0,,,0,,,0,,,1,6.0,0
873,rod1:rod1,rod1,rod1,strong,late_mid,21,30,-1,L,block|avoid_feeding,1,2.8,0,1,2.8,0,0,,,0,,
874,rod1:rod1,rod1,rod1,strong,pre_endgame,13,41,-1,L,contest_merge,0,,,0,,,1,39.0,1,0,,
878,rod1:rod1,rod1,rod1,strong,midgame,33,36,-6,L,block|avoid_feeding,1,2.5,0,1,2.5,0,0,,,0,,
877,rod1:rod1,rod1,rod1,strong,opening,53,2,-6,L,farm_claim,0,,,0,,,0,,,1,6.0,1
880,h3200:random,h3200,random,weak,opening,63,3,95,W,farm_claim,0,,,0,,,0,,,1,6.0,1
857,rod1:rod1,rod1,rod1,strong,endgame,2,4,40,W,farm_claim,0,,,0,,,0,,,1,6.0,0
882,h3200:random,h3200,random,weak,opening,61,16,95,W,avoid_feeding,0,,,1,2.2,0,0,,,0,,
884,h3200:random,h3200,random,weak,opening,53,26,95,W,avoid_feeding,0,,,1,2.2,0,0,,,0,,
883,h3200:random,random,h3200,strong,opening,58,3,-95,L,farm_claim,0,,,0,,,0,,,1,9.0,0
881,h3200:random,random,h3200,strong,opening,62,20,-95,L,avoid_feeding,0,,,1,2.5,1,0,,,0,,
886,h3200:random,h3200,random,weak,midgame,45,22,95,W,avoid_feeding,0,,,1,2.2,0,0,,,0,,
885,h3200:random,random,h3200,strong,opening,50,36,-95,L,contest_merge,0,,,0,,,1,9.0,0,0,,
891,h3200:random,h3200,random,weak,opening,71,6,74,W,farm_claim,0,,,0,,,0,,,1,6.0,0
889,h3200:random,random,h3200,strong,late_mid,26,48,-95,L,avoid_feeding,0,,,1,3.0,0,0,,,0,,
892,h3200:random,random,h3200,strong,opening,70,7,-74,L,farm_claim,0,,,0,,,0,,,1,9.0,0
893,h3200:random,h3200,random,weak,opening,69,5,74,W,farm_claim,0,,,0,,,0,,,1,9.0,1
887,h3200:random,h3200,random,weak,midgame,43,33,95,W,avoid_feeding,0,,,1,2.2,0,0,,,0,,
888,h3200:random,random,h3200,strong,midgame,42,19,-95,L,block|avoid_feeding,1,3.0,0,1,3.0,0,0,,,0,,
890,h3200:random,h3200,random,weak,endgame,5,4,95,W,farm_claim,0,,,0,,,0,,,1,6.0,0
894,h3200:random,random,h3200,strong,opening,66,4,-74,L,farm_claim,0,,,0,,,0,,,1,6.0,0
895,h3200:random,h3200,random,weak,opening,61,17,74,W,contest_merge,0,,,0,,,1,21.0,0,0,,
897,h3200:random,h3200,random,weak,opening,51,27,74,W,contest_merge,0,,,0,,,1,21.0,0,0,,
896,h3200:random,h3200,random,weak,opening,57,3,74,W,farm_claim,0,,,0,,,0,,,1,6.0,0
898,h3200:random,h3200,random,weak,opening,47,5,74,W,farm_claim,0,,,0,,,0,,,1,6.0,1
899,h3200:random,random,h3200,strong,midgame,34,32,-74,L,avoid_feeding,0,,,1,2.9,0,0,,,0,,
902,h3200:random,h3200,random,weak,opening,69,4,55,W,farm_claim,0,,,0,,,0,,,1,6.0,0
903,h3200:random,h3200,random,weak,opening,65,15,55,W,avoid_feeding,0,,,1,2.3,1,0,,,0,,
900,h3200:random,random,h3200,strong,midgame,30,40,-74,L,avoid_feeding,0,,,1,2.9,0,0,,,0,,
905,h3200:random,h3200,random,weak,opening,59,20,55,W,contest_merge,0,,,0,,,1,6.0,0,0,,
904,h3200:random,random,h3200,strong,opening,62,6,-55,L,farm_claim,0,,,0,,,0,,,1,6.0,0
906,h3200:random,random,h3200,strong,opening,58,27,-55,L,contest_merge,0,,,0,,,1,6.0,0,0,,
907,h3200:random,random,h3200,strong,opening,58,3,-55,L,farm_claim,0,,,0,,,0,,,1,9.0,0
908,h3200:random,h3200,random,weak,opening,55,24,55,W,contest_merge,0,,,0,,,1,6.0,0,0,,
901,h3200:random,random,h3200,strong,endgame,4,39,-74,L,avoid_feeding,0,,,1,3.2,1,0,,,0,,
909,h3200:random,h3200,random,weak,opening,53,24,55,W,contest_merge,0,,,0,,,1,9.0,0,0,,
913,h3200:random,h3200,random,weak,midgame,43,7,55,W,farm_claim,0,,,0,,,0,,,1,9.0,1
911,h3200:random,random,h3200,strong,opening,52,26,-55,L,contest_merge,0,,,0,,,1,6.0,0,0,,
910,h3200:random,h3200,random,weak,opening,53,3,55,W,farm_claim,0,,,0,,,0,,,1,6.0,1
912,h3200:random,h3200,random,weak,opening,51,21,55,W,contest_merge,0,,,0,,,1,6.0,1,0,,
917,h3200:random,h3200,random,weak,opening,71,3,89,W,farm_claim,0,,,0,,,0,,,1,6.0,1
914,h3200:random,h3200,random,weak,midgame,41,5,55,W,farm_claim,0,,,0,,,0,,,1,9.0,1
915,h3200:random,random,h3200,strong,midgame,34,36,-55,L,avoid_feeding,0,,,1,2.0,1,0,,,0,,
918,h3200:random,random,h3200,strong,opening,54,3,-89,L,farm_claim,0,,,0,,,0,,,1,6.0,1
919,h3200:random,h3200,random,weak,opening,47,3,89,W,farm_claim,0,,,0,,,0,,,1,6.0,0
920,h3200:random,random,h3200,strong,midgame,42,29,-89,L,avoid_feeding,0,,,1,2.0,0,0,,,0,,
916,h3200:random,random,h3200,strong,pre_endgame,8,41,-55,L,avoid_feeding,0,,,1,2.0,0,0,,,0,,
922,h3200:random,h3200,random,weak,pre_endgame,11,41,89,W,avoid_feeding,0,,,1,2.2,1,0,,,0,,
921,h3200:random,h3200,random,weak,pre_endgame,13,4,89,W,farm_claim,0,,,0,,,0,,,1,9.0,0
923,h3200:random,h3200,random,weak,pre_endgame,7,39,89,W,avoid_feeding,0,,,1,2.0,1,0,,,0,,
926,h6400:random,h6400,random,weak,opening,71,4,94,W,farm_claim,0,,,0,,,0,,,1,6.0,0
927,h6400:random,h6400,random,weak,opening,69,7,94,W,farm_claim,0,,,0,,,0,,,1,6.0,1
928,h6400:random,random,h6400,strong,opening,68,5,-94,L,farm_claim,0,,,0,,,0,,,1,6.0,0
924,h3200:random,h3200,random,weak,endgame,5,37,89,W,avoid_feeding,0,,,1,2.3,0,0,,,0,,
929,h6400:random,random,h6400,strong,opening,66,3,-94,L,farm_claim,0,,,0,,,0,,,1,9.0,1
931,h6400:random,h6400,random,weak,opening,63,10,94,W,contest_merge,0,,,0,,,1,12.0,0,0,,
930,h6400:random,random,h6400,strong,opening,64,4,-94,L,farm_claim,0,,,0,,,0,,,1,6.0,1
932,h6400:random,random,h6400,strong,opening,62,12,-94,L,contest_merge,0,,,0,,,1,12.0,0,0,,
933,h6400:random,h6400,random,weak,opening,59,24,94,W,contest_merge,0,,,0,,,1,15.0,0,0,,
934,h6400:random,random,h6400,strong,opening,58,22,-94,L,contest_merge,0,,,0,,,1,12.0,0,0,,
935,h6400:random,h6400,random,weak,opening,57,26,94,W,contest_merge,0,,,0,,,1,12.0,0,0,,
936,h6400:random,random,h6400,strong,opening,56,3,-94,L,farm_claim,0,,,0,,,0,,,1,6.0,0
937,h6400:random,random,h6400,strong,opening,52,28,-94,L,contest_merge,0,,,0,,,1,12.0,0,0,,
938,h6400:random,h6400,random,weak,opening,51,26,94,W,contest_merge,0,,,0,,,1,15.0,0,0,,
939,h6400:random,random,h6400,strong,opening,50,27,-94,L,contest_merge,0,,,0,,,1,12.0,1,0,,
940,h6400:random,random,h6400,strong,opening,48,20,-94,L,avoid_feeding,0,,,1,2.5,0,0,,,0,,
941,h6400:random,random,h6400,strong,midgame,44,24,-94,L,avoid_feeding,0,,,1,2.5,1,0,,,0,,
925,h3200:random,h3200,random,weak,endgame,1,39,89,W,avoid_feeding,0,,,1,2.0,1,0,,,0,,
942,h6400:random,random,h6400,strong,midgame,42,24,-94,L,avoid_feeding,0,,,1,2.6,0,0,,,0,,
945,h6400:random,h6400,random,weak,late_mid,19,5,94,W,farm_claim,0,,,0,,,0,,,1,6.0,0
943,h6400:random,h6400,random,weak,midgame,37,3,94,W,farm_claim,0,,,0,,,0,,,1,6.0,1
944,h6400:random,random,h6400,strong,late_mid,28,30,-94,L,block|avoid_feeding,1,4.5,0,1,4.5,0,0,,,0,,
947,h6400:random,h6400,random,weak,late_mid,17,3,94,W,farm_claim,0,,,0,,,0,,,1,6.0,1
946,h6400:random,random,h6400,strong,late_mid,18,30,-94,L,avoid_feeding,0,,,1,3.1,1,0,,,0,,
948,h6400:random,random,h6400,strong,late_mid,16,35,-94,L,avoid_feeding,0,,,1,2.6,1,0,,,0,,
949,h6400:random,random,h6400,strong,pre_endgame,8,53,-94,L,block|avoid_feeding,1,5.0,1,1,5.0,1,0,,,0,,
950,h6400:random,random,h6400,strong,endgame,2,73,-94,L,block|avoid_feeding,1,6.0,1,1,6.0,1,0,,,0,,
952,h6400:random,h6400,random,weak,opening,71,6,76,W,farm_claim,0,,,0,,,0,,,1,6.0,0
953,h6400:random,random,h6400,strong,opening,70,6,-76,L,farm_claim,0,,,0,,,0,,,1,6.0,0
954,h6400:random,h6400,random,weak,opening,69,3,76,W,farm_claim,0,,,0,,,0,,,1,6.0,1
955,h6400:random,random,h6400,strong,opening,66,4,-76,L,farm_claim,0,,,0,,,0,,,1,6.0,0
956,h6400:random,h6400,random,weak,opening,59,22,76,W,contest_merge,0,,,0,,,1,12.0,0,0,,
959,h6400:random,h6400,random,weak,opening,53,21,76,W,avoid_feeding|contest_merge,0,,,1,3.2,0,1,18.0,0,0,,
958,h6400:random,random,h6400,strong,opening,54,20,-76,L,contest_merge,0,,,0,,,1,18.0,0,0,,
957,h6400:random,h6400,random,weak,opening,55,19,76,W,contest_merge,0,,,0,,,1,15.0,0,0,,
960,h6400:random,h6400,random,weak,opening,49,24,76,W,avoid_feeding,0,,,1,2.7,0,0,,,0,,
961,h6400:random,random,h6400,strong,opening,48,31,-76,L,contest_merge,0,,,0,,,1,18.0,0,0,,
962,h6400:random,h6400,random,weak,opening,47,33,76,W,contest_merge,0,,,0,,,1,18.0,0,0,,
963,h6400:random,h6400,random,weak,midgame,45,20,76,W,contest_merge,0,,,0,,,1,21.0,0,0,,
964,h6400:random,random,h6400,strong,midgame,44,22,-76,L,contest_merge,0,,,0,,,1,24.0,0,0,,
965,h6400:random,h6400,random,weak,midgame,43,21,76,W,avoid_feeding,0,,,1,3.2,0,0,,,0,,
968,h6400:random,random,h6400,strong,midgame,34,40,-76,L,contest_merge,0,,,0,,,1,27.0,0,0,,
966,h6400:random,h6400,random,weak,midgame,39,4,76,W,farm_claim,0,,,0,,,0,,,1,6.0,0
967,h6400:random,random,h6400,strong,midgame,36,36,-76,L,contest_merge,0,,,0,,,1,27.0,0,0,,
969,h6400:random,h6400,random,weak,midgame,33,32,76,W,avoid_feeding,0,,,1,3.6,0,0,,,0,,
971,h6400:random,h6400,random,weak,late_mid,27,3,76,W,farm_claim,0,,,0,,,0,,,1,6.0,1
970,h6400:random,h6400,random,weak,midgame,29,7,76,W,farm_claim,0,,,0,,,0,,,1,6.0,0
951,h6400:random,h6400,random,weak,endgame,1,72,94,W,contest_merge,0,,,0,,,1,18.0,1,0,,
972,h6400:random,random,h6400,strong,pre_endgame,8,39,-76,L,avoid_feeding,0,,,1,3.0,0,0,,,0,,
973,h6400:random,random,h6400,strong,midgame,46,34,-82,L,avoid_feeding,0,,,1,2.0,0,0,,,0,,
976,h6400:random,h6400,random,weak,midgame,35,31,82,W,avoid_feeding,0,,,1,3.1,0,0,,,0,,
974,h6400:random,h6400,random,weak,midgame,45,5,82,W,farm_claim,0,,,0,,,0,,,1,6.0,0
975,h6400:random,h6400,random,weak,midgame,37,2,82,W,farm_claim,0,,,0,,,0,,,1,6.0,1
977,h6400:random,random,h6400,strong,late_mid,28,28,-82,L,avoid_feeding,0,,,1,2.2,0,0,,,0,,
978,h6400:random,random,h6400,strong,late_mid,26,26,-82,L,avoid_feeding,0,,,1,2.6,1,0,,,0,,
981,h6400:random,random,h6400,strong,late_mid,16,42,-82,L,avoid_feeding,0,,,1,3.2,1,0,,,0,,
980,h6400:random,random,h6400,strong,late_mid,24,30,-82,L,avoid_feeding,0,,,1,2.9,0,0,,,0,,
979,h6400:random,h6400,random,weak,late_mid,25,32,82,W,avoid_feeding,0,,,1,3.3,0,0,,,0,,
982,h6400:random,random,h6400,strong,pre_endgame,14,42,-82,L,block|avoid_feeding,1,2.7,1,1,2.7,1,0,,,0,,
983,h6400:random,h6400,random,weak,pre_endgame,9,4,82,W,farm_claim,0,,,0,,,0,,,1,6.0,0
986,h6400:random,h6400,random,weak,opening,71,4,94,W,farm_claim,0,,,0,,,0,,,1,6.0,1
987,h6400:random,random,h6400,strong,opening,62,15,-94,L,contest_merge,0,,,0,,,1,9.0,0,0,,
984,h6400:random,h6400,random,weak,endgame,5,66,82,W,contest_merge,0,,,0,,,1,27.0,0,0,,
988,h6400:random,h6400,random,weak,opening,59,21,94,W,contest_merge,0,,,0,,,1,12.0,0,0,,
991,h6400:random,h6400,random,weak,opening,49,32,94,W,contest_merge,0,,,0,,,1,15.0,0,0,,
990,h6400:random,h6400,random,weak,opening,57,22,94,W,contest_merge,0,,,0,,,1,15.0,0,0,,
989,h6400:random,random,h6400,strong,opening,58,18,-94,L,contest_merge,0,,,0,,,1,15.0,0,0,,
992,h6400:random,random,h6400,strong,midgame,30,49,-94,L,avoid_feeding,0,,,1,2.4,1,0,,,0,,
985,h6400:random,random,h6400,strong,endgame,2,57,-82,L,contest_merge,0,,,0,,,1,27.0,0,0,,
993,h6400:random,random,h6400,strong,late_mid,22,40,-94,L,avoid_feeding,0,,,1,2.4,1,0,,,0,,
994,h6400:random,random,h6400,strong,late_mid,20,36,-94,L,avoid_feeding,0,,,1,2.4,1,0,,,0,,
995,h6400:random,random,h6400,strong,late_mid,16,40,-94,L,avoid_feeding,0,,,1,4.1,1,0,,,0,,
996,h6400:random,h6400,random,weak,late_mid,15,51,94,W,contest_merge,0,,,0,,,1,42.0,0,0,,
999,h6400:random,random,h6400,strong,endgame,6,42,-94,L,block|avoid_feeding,1,4.1,1,1,4.1,1,0,,,0,,
1002,h800:h800,h800,h800,mid,opening,64,19,-30,L,avoid_feeding,0,,,1,2.1,0,0,,,0,,
997,h6400:random,random,h6400,strong,pre_endgame,14,50,-94,L,avoid_feeding|contest_merge,0,,,1,4.1,1,1,42.0,0,0,,
1001,h800:h800,h800,h800,mid,opening,66,4,-30,L,farm_claim,0,,,0,,,0,,,1,6.0,1
1004,h800:h800,h800,h800,mid,opening,57,3,30,W,farm_claim,0,,,0,,,0,,,1,6.0,0
998,h6400:random,random,h6400,strong,pre_endgame,10,45,-94,L,block|avoid_feeding,1,2.8,0,1,2.8,0,0,,,0,,
1003,h800:h800,h800,h800,mid,opening,62,5,-30,L,farm_claim,0,,,0,,,0,,,1,6.0,0
1005,h800:h800,h800,h800,mid,opening,56,20,-30,L,avoid_feeding,0,,,1,2.8,1,0,,,0,,
1006,h800:h800,h800,h800,mid,opening,53,3,30,W,farm_claim,0,,,0,,,0,,,1,6.0,0
1000,h6400:random,random,h6400,strong,endgame,2,44,-94,L,block|avoid_feeding,1,6.6,0,1,6.6,0,0,,,0,,
1007,h800:h800,h800,h800,mid,midgame,43,3,30,W,farm_claim,0,,,0,,,0,,,1,6.0,0
1010,h800:h800,h800,h800,mid,midgame,33,23,30,W,avoid_feeding,0,,,1,2.5,1,0,,,0,,
1009,h800:h800,h800,h800,mid,midgame,37,7,30,W,farm_claim,0,,,0,,,0,,,1,6.0,0
1008,h800:h800,h800,h800,mid,midgame,41,8,30,W,farm_claim,0,,,0,,,0,,,1,6.0,0
1017,h800:h800,h800,h800,mid,opening,67,3,-15,L,farm_claim,0,,,0,,,0,,,1,6.0,1
1012,h800:h800,h800,h800,mid,midgame,29,22,30,W,avoid_feeding,0,,,1,2.5,0,0,,,0,,
1011,h800:h800,h800,h800,mid,midgame,32,37,-30,L,block|avoid_feeding,1,5.3,0,1,5.3,0,0,,,0,,
1014,h800:h800,h800,h800,mid,late_mid,16,40,-30,L,block|avoid_feeding,1,5.3,0,1,5.3,0,0,,,0,,
1013,h800:h800,h800,h800,mid,late_mid,25,5,30,W,farm_claim,0,,,0,,,0,,,1,6.0,1
1015,h800:h800,h800,h800,mid,endgame,5,3,30,W,farm_claim,0,,,0,,,0,,,1,6.0,1
1018,h800:h800,h800,h800,mid,midgame,42,5,15,W,farm_claim,0,,,0,,,0,,,1,6.0,1
1019,h800:h800,h800,h800,mid,midgame,40,3,15,W,farm_claim,0,,,0,,,0,,,1,6.0,1
1020,h800:h800,h800,h800,mid,midgame,39,30,-15,L,contest_merge,0,,,0,,,1,30.0,1,0,,
1022,h800:h800,h800,h800,mid,late_mid,24,28,15,W,avoid_feeding,0,,,1,2.6,1,0,,,0,,
1021,h800:h800,h800,h800,mid,late_mid,28,30,15,W,avoid_feeding,0,,,1,2.0,1,0,,,0,,
1024,h800:h800,h800,h800,mid,late_mid,16,26,15,W,avoid_feeding,0,,,1,3.8,1,0,,,0,,
1025,h800:h800,h800,h800,mid,pre_endgame,12,45,15,W,avoid_feeding,0,,,1,4.1,1,0,,,0,,
1027,h800:h800,h800,h800,mid,endgame,6,26,15,W,block|avoid_feeding,1,3.5,0,1,3.5,0,0,,,0,,
1030,h800:h800,h800,h800,mid,opening,64,5,-9,L,farm_claim,0,,,0,,,0,,,1,6.0,0
1029,h800:h800,h800,h800,mid,opening,69,4,9,W,farm_claim,0,,,0,,,0,,,1,6.0,0
1023,h800:h800,h800,h800,mid,late_mid,18,5,15,W,farm_claim,0,,,0,,,0,,,1,6.0,1
1026,h800:h800,h800,h800,mid,pre_endgame,12,3,15,W,farm_claim,0,,,0,,,0,,,1,6.0,0
1016,h800:h800,h800,h800,mid,endgame,2,38,-30,L,block|avoid_feeding,1,2.3,0,1,2.3,0,0,,,0,,
1031,h800:h800,h800,h800,mid,opening,62,6,-9,L,farm_claim,0,,,0,,,0,,,1,9.0,0
1032,h800:h800,h800,h800,mid,opening,58,20,-9,L,avoid_feeding,0,,,1,2.6,0,0,,,0,,
1033,h800:h800,h800,h800,mid,opening,58,2,-9,L,farm_claim,0,,,0,,,0,,,1,9.0,1
1034,h800:h800,h800,h800,mid,opening,53,4,9,W,farm_claim,0,,,0,,,0,,,1,6.0,1
1035,h800:h800,h800,h800,mid,opening,52,21,-9,L,avoid_feeding,0,,,1,2.6,0,0,,,0,,
1037,h800:h800,h800,h800,mid,opening,47,28,9,W,block|avoid_feeding,1,3.0,0,1,3.0,0,0,,,0,,
1036,h800:h800,h800,h800,mid,opening,50,17,-9,L,avoid_feeding,0,,,1,2.6,0,0,,,0,,
1038,h800:h800,h800,h800,mid,opening,47,4,9,W,farm_claim,0,,,0,,,0,,,1,6.0,0
1039,h800:h800,h800,h800,mid,midgame,38,5,-9,L,farm_claim,0,,,0,,,0,,,1,6.0,0
1028,h800:h800,h800,h800,mid,endgame,2,46,15,W,block|avoid_feeding,1,2.5,1,1,2.5,1,0,,,0,,
1042,h800:h800,h800,h800,mid,late_mid,23,36,9,W,avoid_feeding,0,,,1,4.5,0,0,,,0,,
1040,h800:h800,h800,h800,mid,late_mid,25,40,9,W,avoid_feeding,0,,,1,4.5,0,0,,,0,,
1041,h800:h800,h800,h800,mid,late_mid,24,59,-9,L,contest_merge,0,,,0,,,1,18.0,0,0,,
1043,h800:h800,h800,h800,mid,late_mid,23,3,9,W,farm_claim,0,,,0,,,0,,,1,6.0,1
1045,h800:h800,h800,h800,mid,late_mid,17,41,9,W,block|avoid_feeding,1,4.5,0,1,4.5,0,0,,,0,,
1044,h800:h800,h800,h800,mid,late_mid,21,48,9,W,contest_merge,0,,,0,,,1,18.0,1,0,,
1052,h800:h800,h800,h800,mid,opening,64,5,2,W,farm_claim,0,,,0,,,0,,,1,6.0,0
1046,h800:h800,h800,h800,mid,pre_endgame,11,42,9,W,block|avoid_feeding,1,2.0,1,1,2.0,1,0,,,0,,
1050,h800:h800,h800,h800,mid,opening,68,4,2,W,farm_claim,0,,,0,,,0,,,1,6.0,0
1051,h800:h800,h800,h800,mid,opening,66,5,2,W,farm_claim,0,,,0,,,0,,,1,6.0,0
1047,h800:h800,h800,h800,mid,pre_endgame,9,40,9,W,block|avoid_feeding,1,2.3,1,1,2.3,1,0,,,0,,
1048,h800:h800,h800,h800,mid,endgame,5,46,9,W,block|avoid_feeding,1,4.9,0,1,4.9,0,0,,,0,,
1053,h800:h800,h800,h800,mid,opening,61,6,-2,L,farm_claim,0,,,0,,,0,,,1,6.0,0
1054,h800:h800,h800,h800,mid,opening,60,5,2,W,farm_claim,0,,,0,,,0,,,1,9.0,1
1055,h800:h800,h800,h800,mid,opening,59,5,-2,L,farm_claim,0,,,0,,,0,,,1,6.0,0
1056,h800:h800,h800,h800,mid,opening,56,18,2,W,avoid_feeding,0,,,1,2.5,0,0,,,0,,
1057,h800:h800,h800,h800,mid,opening,55,5,-2,L,farm_claim,0,,,0,,,0,,,1,6.0,0
1058,h800:h800,h800,h800,mid,opening,53,4,-2,L,farm_claim,0,,,0,,,0,,,1,6.0,0
1059,h800:h800,h800,h800,mid,midgame,44,8,2,W,farm_claim,0,,,0,,,0,,,1,6.0,0
1060,h800:h800,h800,h800,mid,midgame,40,7,2,W,farm_claim,0,,,0,,,0,,,1,6.0,0
1061,h800:h800,h800,h800,mid,midgame,38,8,2,W,farm_claim,0,,,0,,,0,,,1,9.0,0
1062,h800:h800,h800,h800,mid,midgame,36,8,2,W,farm_claim,0,,,0,,,0,,,1,9.0,0
1063,h800:h800,h800,h800,mid,midgame,34,9,2,W,farm_claim,0,,,0,,,0,,,1,9.0,0
1064,h800:h800,h800,h800,mid,pre_endgame,14,39,2,W,avoid_feeding,0,,,1,2.6,1,0,,,0,,
1049,h800:h800,h800,h800,mid,endgame,1,54,9,W,block|avoid_feeding,1,5.1,0,1,5.1,0,0,,,0,,
1069,h800:h800,h800,h800,mid,opening,68,6,-49,L,farm_claim,0,,,0,,,0,,,1,6.0,0
1070,h800:h800,h800,h800,mid,opening,67,5,49,W,farm_claim,0,,,0,,,0,,,1,6.0,0
1065,h800:h800,h800,h800,mid,pre_endgame,12,30,2,W,avoid_feeding,0,,,1,2.6,1,0,,,0,,
1071,h800:h800,h800,h800,mid,opening,66,6,-49,L,farm_claim,0,,,0,,,0,,,1,6.0,0
1067,h800:h800,h800,h800,mid,pre_endgame,9,29,-2,L,contest_merge,0,,,0,,,1,33.0,0,0,,
1066,h800:h800,h800,h800,mid,pre_endgame,10,5,2,W,farm_claim,0,,,0,,,0,,,1,9.0,0
1072,h800:h800,h800,h800,mid,opening,64,4,-49,L,farm_claim,0,,,0,,,0,,,1,6.0,0
1073,h800:h800,h800,h800,mid,opening,62,3,-49,L,farm_claim,0,,,0,,,0,,,1,9.0,1
1076,h800:h800,h800,h800,mid,opening,53,48,49,W,contest_merge,0,,,0,,,1,9.0,0,0,,
1074,h800:h800,h800,h800,mid,opening,58,5,-49,L,farm_claim,0,,,0,,,0,,,1,6.0,1
1075,h800:h800,h800,h800,mid,opening,57,23,49,W,contest_merge,0,,,0,,,1,6.0,0,0,,
1077,h800:h800,h800,h800,mid,opening,52,33,-49,L,contest_merge,0,,,0,,,1,15.0,1,0,,
1081,h800:h800,h800,h800,mid,midgame,33,44,49,W,contest_merge,0,,,0,,,1,21.0,1,0,,
1079,h800:h800,h800,h800,mid,midgame,38,22,-49,L,avoid_feeding,0,,,1,2.1,0,0,,,0,,
1078,h800:h800,h800,h800,mid,midgame,43,3,49,W,farm_claim,0,,,0,,,0,,,1,6.0,1
1080,h800:h800,h800,h800,mid,midgame,38,3,-49,L,farm_claim,0,,,0,,,0,,,1,6.0,1
1084,h3200:h6400,h3200,h6400,strong,opening,71,3,8,W,farm_claim,0,,,0,,,0,,,1,6.0,0
1085,h3200:h6400,h6400,h3200,strong,opening,68,2,-8,L,farm_claim,0,,,0,,,0,,,1,6.0,1
1068,h800:h800,h800,h800,mid,endgame,2,33,2,W,contest_merge,0,,,0,,,1,39.0,1,0,,
1082,h800:h800,h800,h800,mid,late_mid,19,36,49,W,block|avoid_feeding,1,4.5,0,1,4.5,0,0,,,0,,
1086,h3200:h6400,h3200,h6400,strong,opening,65,3,8,W,farm_claim,0,,,0,,,0,,,1,6.0,1
1087,h3200:h6400,h3200,h6400,strong,opening,59,20,8,W,contest_merge,0,,,0,,,1,12.0,1,0,,
1083,h800:h800,h800,h800,mid,pre_endgame,9,2,49,W,farm_claim,0,,,0,,,0,,,1,6.0,1
1088,h3200:h6400,h6400,h3200,strong,opening,50,5,-8,L,farm_claim,0,,,0,,,0,,,1,6.0,0
1089,h3200:h6400,h6400,h3200,strong,midgame,46,4,-8,L,farm_claim,0,,,0,,,0,,,1,6.0,0
1090,h3200:h6400,h3200,h6400,strong,midgame,43,5,8,W,farm_claim,0,,,0,,,0,,,1,9.0,1
1091,h3200:h6400,h6400,h3200,strong,midgame,42,3,-8,L,farm_claim,0,,,0,,,0,,,1,6.0,0
1093,h3200:h6400,h3200,h6400,strong,midgame,29,21,8,W,block|avoid_feeding,1,2.5,0,1,2.5,0,0,,,0,,
1092,h3200:h6400,h6400,h3200,strong,midgame,34,5,-8,L,farm_claim,0,,,0,,,0,,,1,6.0,0
1094,h3200:h6400,h3200,h6400,strong,late_mid,17,25,8,W,block|avoid_feeding,1,3.2,1,1,3.2,1,0,,,0,,
1095,h3200:h6400,h6400,h3200,strong,endgame,6,42,-8,L,avoid_feeding,0,,,1,3.7,0,0,,,0,,
1096,h3200:h6400,h6400,h3200,strong,endgame,4,64,-8,L,block|avoid_feeding,1,2.0,1,1,2.0,1,0,,,0,,
1098,h3200:h6400,h6400,h3200,strong,endgame,2,65,-8,L,avoid_feeding,0,,,1,2.0,1,0,,,0,,
1100,h3200:h6400,h3200,h6400,strong,opening,69,6,14,W,farm_claim,0,,,0,,,0,,,1,6.0,0
1097,h3200:h6400,h6400,h3200,strong,endgame,4,3,-8,L,farm_claim,0,,,0,,,0,,,1,9.0,0
1101,h3200:h6400,h3200,h6400,strong,opening,67,5,14,W,farm_claim,0,,,0,,,0,,,1,6.0,1
1102,h3200:h6400,h3200,h6400,strong,opening,65,15,14,W,avoid_feeding,0,,,1,2.5,0,0,,,0,,
1104,h3200:h6400,h6400,h3200,strong,midgame,38,28,-14,L,contest_merge,0,,,0,,,1,27.0,1,0,,
1103,h3200:h6400,h3200,h6400,strong,midgame,39,29,14,W,contest_merge,0,,,0,,,1,27.0,0,0,,
1107,h3200:h6400,h3200,h6400,strong,late_mid,19,32,14,W,avoid_feeding,0,,,1,2.9,1,0,,,0,,
1105,h3200:h6400,h3200,h6400,strong,midgame,35,3,14,W,farm_claim,0,,,0,,,0,,,1,6.0,0
1106,h3200:h6400,h6400,h3200,strong,midgame,34,4,-14,L,farm_claim,0,,,0,,,0,,,1,6.0,0
1109,h3200:h6400,h3200,h6400,strong,late_mid,15,39,14,W,avoid_feeding,0,,,1,2.9,1,0,,,0,,
1108,h3200:h6400,h3200,h6400,strong,late_mid,17,27,14,W,avoid_feeding,0,,,1,2.9,1,0,,,0,,
1111,h3200:h6400,h6400,h3200,strong,opening,64,3,5,W,farm_claim,0,,,0,,,0,,,1,6.0,1
1113,h3200:h6400,h6400,h3200,strong,midgame,46,34,5,W,contest_merge,0,,,0,,,1,15.0,0,0,,
1112,h3200:h6400,h6400,h3200,strong,opening,48,3,5,W,farm_claim,0,,,0,,,0,,,1,6.0,1
1099,h3200:h6400,h6400,h3200,strong,endgame,2,3,-8,L,farm_claim,0,,,0,,,0,,,1,6.0,1
1114,h3200:h6400,h3200,h6400,strong,midgame,45,48,-5,L,contest_merge,0,,,0,,,1,9.0,0,0,,
1110,h3200:h6400,h3200,h6400,strong,pre_endgame,7,6,14,W,farm_claim,0,,,0,,,0,,,1,9.0,1
1115,h3200:h6400,h3200,h6400,strong,midgame,43,15,-5,L,block|avoid_feeding,1,2.3,0,1,2.3,0,0,,,0,,
1116,h3200:h6400,h6400,h3200,strong,midgame,38,30,5,W,contest_merge,0,,,0,,,1,12.0,0,0,,
1117,h3200:h6400,h6400,h3200,strong,midgame,36,48,5,W,contest_merge,0,,,0,,,1,9.0,0,0,,
1118,h3200:h6400,h3200,h6400,strong,midgame,35,23,-5,L,contest_merge,0,,,0,,,1,12.0,1,0,,
1120,h3200:h6400,h6400,h3200,strong,midgame,30,38,5,W,avoid_feeding,0,,,1,3.4,0,0,,,0,,
1126,h3200:h6400,h3200,h6400,strong,opening,69,4,-1,L,farm_claim,0,,,0,,,0,,,1,9.0,1
1122,h3200:h6400,h6400,h3200,strong,late_mid,26,38,5,W,avoid_feeding,0,,,1,2.9,1,0,,,0,,
1119,h3200:h6400,h3200,h6400,strong,midgame,33,3,-5,L,farm_claim,0,,,0,,,0,,,1,6.0,0
1127,h3200:h6400,h3200,h6400,strong,opening,65,15,-1,L,avoid_feeding,0,,,1,2.4,1,0,,,0,,
1121,h3200:h6400,h6400,h3200,strong,late_mid,28,24,5,W,avoid_feeding,0,,,1,2.9,1,0,,,0,,
1128,h3200:h6400,h6400,h3200,strong,opening,58,3,1,W,farm_claim,0,,,0,,,0,,,1,6.0,1
1125,h3200:h6400,h6400,h3200,strong,endgame,2,33,5,W,block|avoid_feeding,1,4.0,0,1,4.0,0,0,,,0,,
1124,h3200:h6400,h6400,h3200,strong,endgame,4,36,5,W,block|avoid_feeding,1,5.5,0,1,5.5,0,0,,,0,,
1129,h3200:h6400,h3200,h6400,strong,opening,53,21,-1,L,avoid_feeding,0,,,1,3.9,0,0,,,0,,
1123,h3200:h6400,h3200,h6400,strong,endgame,5,37,-5,L,avoid_feeding,0,,,1,2.5,0,0,,,0,,
1130,h3200:h6400,h6400,h3200,strong,opening,52,38,1,W,contest_merge,0,,,0,,,1,6.0,0,0,,
1131,h3200:h6400,h6400,h3200,strong,opening,50,22,1,W,contest_merge,0,,,0,,,1,9.0,0,0,,
1132,h3200:h6400,h6400,h3200,strong,opening,48,5,1,W,farm_claim,0,,,0,,,0,,,1,6.0,1
1135,h3200:h6400,h3200,h6400,strong,midgame,43,30,-1,L,contest_merge,0,,,0,,,1,21.0,1,0,,
1133,h3200:h6400,h3200,h6400,strong,opening,47,28,-1,L,contest_merge,0,,,0,,,1,12.0,0,0,,
1134,h3200:h6400,h6400,h3200,strong,midgame,46,28,1,W,avoid_feeding|contest_merge,0,,,1,2.4,1,1,15.0,0,0,,
1139,h3200:h6400,h6400,h3200,strong,midgame,32,30,1,W,avoid_feeding,0,,,1,2.4,1,0,,,0,,
1136,h3200:h6400,h6400,h3200,strong,midgame,38,33,1,W,contest_merge,0,,,0,,,1,21.0,1,0,,
1137,h3200:h6400,h3200,h6400,strong,midgame,37,24,-1,L,avoid_feeding,0,,,1,2.4,1,0,,,0,,
1138,h3200:h6400,h6400,h3200,strong,midgame,34,24,1,W,avoid_feeding,0,,,1,2.4,1,0,,,0,,
1142,h3200:h6400,h6400,h3200,strong,late_mid,18,30,1,W,block|avoid_feeding,1,4.1,1,1,4.1,1,0,,,0,,
1140,h3200:h6400,h3200,h6400,strong,midgame,29,32,-1,L,avoid_feeding,0,,,1,2.4,1,0,,,0,,
1141,h3200:h6400,h6400,h3200,strong,late_mid,20,38,1,W,avoid_feeding,0,,,1,2.9,0,0,,,0,,
1143,h3200:h6400,h6400,h3200,strong,late_mid,18,6,1,W,farm_claim,0,,,0,,,0,,,1,6.0,0
1149,h800:random,h800,random,weak,opening,69,7,107,W,farm_claim,0,,,0,,,0,,,1,6.0,0
1148,h800:random,h800,random,weak,opening,71,5,107,W,farm_claim,0,,,0,,,0,,,1,6.0,0
1144,h3200:h6400,h3200,h6400,strong,late_mid,17,34,-1,L,avoid_feeding,0,,,1,5.6,0,0,,,0,,
1145,h3200:h6400,h3200,h6400,strong,late_mid,15,28,-1,L,avoid_feeding,0,,,1,4.1,1,0,,,0,,
1150,h800:random,random,h800,mid,opening,68,5,-107,L,farm_claim,0,,,0,,,0,,,1,6.0,0
1146,h3200:h6400,h6400,h3200,strong,pre_endgame,12,41,1,W,block|avoid_feeding,1,4.1,0,1,4.1,0,0,,,0,,
1151,h800:random,h800,random,weak,opening,67,4,107,W,farm_claim,0,,,0,,,0,,,1,6.0,0
1153,h800:random,random,h800,mid,opening,64,8,-107,L,farm_claim,0,,,0,,,0,,,1,6.0,0
1152,h800:random,random,h800,mid,opening,66,7,-107,L,farm_claim,0,,,0,,,0,,,1,6.0,0
1147,h3200:h6400,h3200,h6400,strong,endgame,3,53,-1,L,block|avoid_feeding,1,6.5,1,1,6.5,1,0,,,0,,
1154,h800:random,h800,random,weak,midgame,45,32,107,W,avoid_feeding,0,,,1,2.8,1,0,,,0,,
1155,h800:random,h800,random,weak,midgame,43,18,107,W,avoid_feeding,0,,,1,2.3,1,0,,,0,,
1156,h800:random,random,h800,mid,midgame,40,22,-107,L,contest_merge,0,,,0,,,1,18.0,0,0,,
1157,h800:random,h800,random,weak,midgame,39,6,107,W,farm_claim,0,,,0,,,0,,,1,6.0,0
1161,h800:random,random,h800,mid,midgame,30,45,-107,L,avoid_feeding,0,,,1,3.4,0,0,,,0,,
1159,h800:random,h800,random,weak,midgame,33,35,107,W,contest_merge,0,,,0,,,1,15.0,0,0,,
1158,h800:random,h800,random,weak,midgame,35,4,107,W,farm_claim,0,,,0,,,0,,,1,6.0,0
1160,h800:random,h800,random,weak,midgame,33,2,107,W,farm_claim,0,,,0,,,0,,,1,6.0,1
1164,h800:random,h800,random,weak,late_mid,25,40,107,W,contest_merge,0,,,0,,,1,18.0,0,0,,
1162,h800:random,h800,random,weak,late_mid,27,42,107,W,avoid_feeding,0,,,1,2.3,1,0,,,0,,
1167,h800:random,h800,random,weak,late_mid,21,41,107,W,avoid_feeding,0,,,1,2.3,1,0,,,0,,
1166,h800:random,random,h800,mid,late_mid,22,36,-107,L,avoid_feeding,0,,,1,2.2,0,0,,,0,,
1163,h800:random,random,h800,mid,late_mid,26,27,-107,L,avoid_feeding,0,,,1,2.9,1,0,,,0,,
1165,h800:random,random,h800,mid,late_mid,24,36,-107,L,avoid_feeding,0,,,1,2.9,1,0,,,0,,
1168,h800:random,random,h800,mid,late_mid,18,40,-107,L,avoid_feeding,0,,,1,3.8,1,0,,,0,,
1170,h800:random,h800,random,weak,late_mid,15,40,107,W,avoid_feeding,0,,,1,2.3,1,0,,,0,,
1169,h800:random,random,h800,mid,late_mid,16,36,-107,L,avoid_feeding,0,,,1,2.2,0,0,,,0,,
1171,h800:random,random,h800,mid,pre_endgame,12,34,-107,L,avoid_feeding,0,,,1,3.8,0,0,,,0,,
1173,h800:random,h800,random,weak,endgame,5,44,107,W,avoid_feeding,0,,,1,2.3,1,0,,,0,,
1172,h800:random,h800,random,weak,pre_endgame,7,49,107,W,avoid_feeding,0,,,1,2.3,1,0,,,0,,
1177,h800:random,h800,random,weak,opening,67,6,67,W,farm_claim,0,,,0,,,0,,,1,6.0,0
1174,h800:random,random,h800,mid,endgame,4,39,-107,L,block|avoid_feeding,1,2.2,1,1,2.2,1,0,,,0,,
1178,h800:random,h800,random,weak,opening,65,7,67,W,farm_claim,0,,,0,,,0,,,1,6.0,1
1179,h800:random,random,h800,mid,opening,56,3,-67,L,farm_claim,0,,,0,,,0,,,1,6.0,0
1180,h800:random,random,h800,mid,midgame,44,35,-67,L,avoid_feeding,0,,,1,2.8,1,0,,,0,,
1175,h800:random,random,h800,mid,endgame,2,48,-107,L,contest_merge,0,,,0,,,1,24.0,0,0,,
1182,h800:random,random,h800,mid,pre_endgame,12,31,-67,L,avoid_feeding,0,,,1,2.4,1,0,,,0,,
1181,h800:random,random,h800,mid,pre_endgame,14,31,-67,L,avoid_feeding,0,,,1,2.4,1,0,,,0,,
1183,h800:random,random,h800,mid,pre_endgame,10,42,-67,L,avoid_feeding,0,,,1,2.4,1,0,,,0,,
1184,h800:random,random,h800,mid,pre_endgame,8,43,-67,L,avoid_feeding,0,,,1,2.6,1,0,,,0,,
1187,h800:random,random,h800,mid,opening,72,4,-87,L,farm_claim,0,,,0,,,0,,,1,6.0,0
1188,h800:random,h800,random,weak,opening,71,5,87,W,farm_claim,0,,,0,,,0,,,1,6.0,1
1189,h800:random,h800,random,weak,opening,63,10,87,W,avoid_feeding,0,,,1,2.0,1,0,,,0,,
1186,h800:random,random,h800,mid,endgame,4,46,-67,L,avoid_feeding,0,,,1,2.6,1,0,,,0,,
1190,h800:random,h800,random,weak,midgame,41,31,87,W,avoid_feeding,0,,,1,2.1,1,0,,,0,,
1185,h800:random,random,h800,mid,endgame,6,48,-67,L,avoid_feeding,0,,,1,2.6,1,0,,,0,,
1192,h800:random,h800,random,weak,midgame,31,40,87,W,avoid_feeding,0,,,1,3.5,0,0,,,0,,
1191,h800:random,random,h800,mid,midgame,32,39,-87,L,avoid_feeding,0,,,1,2.1,1,0,,,0,,
1176,h800:random,h800,random,weak,endgame,1,49,107,W,avoid_feeding,0,,,1,2.8,1,0,,,0,,
1196,h800:random,h800,random,weak,late_mid,19,44,87,W,avoid_feeding,0,,,1,3.5,0,0,,,0,,
1194,h800:random,h800,random,weak,late_mid,23,46,87,W,avoid_feeding,0,,,1,3.5,0,0,,,0,,
1193,h800:random,h800,random,weak,midgame,31,3,87,W,farm_claim,0,,,0,,,0,,,1,6.0,0
1197,h800:random,random,h800,mid,late_mid,18,40,-87,L,avoid_feeding,0,,,1,3.9,0,0,,,0,,
1195,h800:random,random,h800,mid,late_mid,22,58,-87,L,avoid_feeding,0,,,1,3.9,0,0,,,0,,
1198,h800:random,h800,random,weak,late_mid,15,56,87,W,avoid_feeding,0,,,1,3.5,0,0,,,0,,
1200,h800:random,h800,random,weak,pre_endgame,13,3,87,W,farm_claim,0,,,0,,,0,,,1,6.0,0
1201,h800:random,h800,random,weak,pre_endgame,9,29,87,W,avoid_feeding,0,,,1,2.0,0,0,,,0,,
1202,h800:random,h800,random,weak,pre_endgame,7,49,87,W,avoid_feeding,0,,,1,3.3,0,0,,,0,,
1199,h800:random,h800,random,weak,pre_endgame,13,46,87,W,avoid_feeding,0,,,1,3.3,0,0,,,0,,
1205,h800:random,random,h800,mid,opening,64,14,-88,L,avoid_feeding,0,,,1,2.9,1,0,,,0,,
1204,h800:random,h800,random,weak,endgame,3,5,87,W,farm_claim,0,,,0,,,0,,,1,6.0,1
1203,h800:random,h800,random,weak,endgame,5,49,87,W,avoid_feeding,0,,,1,3.5,0,0,,,0,,
1206,h800:random,random,h800,mid,opening,62,15,-88,L,avoid_feeding,0,,,1,2.9,1,0,,,0,,
1208,h800:random,random,h800,mid,opening,56,18,-88,L,block|avoid_feeding,1,4.5,0,1,4.5,0,0,,,0,,
1207,h800:random,h800,random,weak,opening,57,3,88,W,farm_claim,0,,,0,,,0,,,1,6.0,1
1210,h800:random,random,h800,mid,opening,48,29,-88,L,block|avoid_feeding,1,6.5,0,1,6.5,0,0,,,0,,
1209,h800:random,random,h800,mid,opening,56,8,-88,L,farm_claim,0,,,0,,,0,,,1,6.0,0
1212,h800:random,h800,random,weak,midgame,45,42,88,W,contest_merge,0,,,0,,,1,6.0,0,0,,
1211,h800:random,random,h800,mid,midgame,46,38,-88,L,contest_merge,0,,,0,,,1,6.0,0,0,,
1214,h800:random,random,h800,mid,midgame,40,39,-88,L,contest_merge,0,,,0,,,1,9.0,0,0,,
1213,h800:random,random,h800,mid,midgame,42,35,-88,L,block|avoid_feeding,1,4.5,0,1,4.5,0,0,,,0,,
1215,h800:random,random,h800,mid,midgame,38,35,-88,L,block|avoid_feeding,1,3.0,0,1,3.0,0,0,,,0,,
1218,h800:random,h800,random,weak,pre_endgame,7,4,88,W,farm_claim,0,,,0,,,0,,,1,6.0,0
1220,h800:random,h800,random,weak,opening,69,6,89,W,farm_claim,0,,,0,,,0,,,1,6.0,0
1217,h800:random,random,h800,mid,pre_endgame,8,42,-88,L,block|avoid_feeding,1,2.0,0,1,2.0,0,0,,,0,,
1221,h800:random,random,h800,mid,opening,64,3,-89,L,farm_claim,0,,,0,,,0,,,1,6.0,0
1216,h800:random,random,h800,mid,pre_endgame,10,41,-88,L,block|avoid_feeding,1,3.0,0,1,3.0,0,0,,,0,,
1219,h800:random,h800,random,weak,endgame,3,7,88,W,farm_claim,0,,,0,,,0,,,1,6.0,1
1222,h800:random,h800,random,weak,opening,63,5,89,W,farm_claim,0,,,0,,,0,,,1,6.0,1
1223,h800:random,random,h800,mid,opening,62,14,-89,L,contest_merge,0,,,0,,,1,9.0,0,0,,
1224,h800:random,h800,random,weak,opening,59,14,89,W,contest_merge,0,,,0,,,1,15.0,1,0,,
1226,h800:random,h800,random,weak,opening,51,22,89,W,contest_merge,0,,,0,,,1,18.0,1,0,,
1225,h800:random,h800,random,weak,opening,57,9,89,W,contest_merge,0,,,0,,,1,15.0,1,0,,
1227,h800:random,random,h800,mid,midgame,40,22,-89,L,avoid_feeding,0,,,1,2.3,1,0,,,0,,
1228,h800:random,random,h800,mid,midgame,36,19,-89,L,avoid_feeding,0,,,1,2.3,1,0,,,0,,
1229,h800:random,h800,random,weak,midgame,31,26,89,W,contest_merge,0,,,0,,,1,18.0,1,0,,
1230,h800:random,h800,random,weak,midgame,31,5,89,W,farm_claim,0,,,0,,,0,,,1,6.0,0
1232,h800:random,random,h800,mid,late_mid,28,23,-89,L,avoid_feeding,0,,,1,3.5,0,0,,,0,,
1231,h800:random,random,h800,mid,midgame,30,26,-89,L,avoid_feeding,0,,,1,3.5,0,0,,,0,,
1233,h800:random,random,h800,mid,late_mid,26,27,-89,L,avoid_feeding,0,,,1,5.9,0,0,,,0,,
1237,h800:random,h800,random,weak,endgame,5,4,89,W,farm_claim,0,,,0,,,0,,,1,9.0,0
1234,h800:random,random,h800,mid,late_mid,20,29,-89,L,block|avoid_feeding,1,3.7,0,1,3.7,0,0,,,0,,
1235,h800:random,random,h800,mid,pre_endgame,10,38,-89,L,block|avoid_feeding,1,4.5,0,1,4.5,0,0,,,0,,
1236,h800:random,h800,random,weak,pre_endgame,7,6,89,W,farm_claim,0,,,0,,,0,,,1,15.0,0
1239,rod1:h6400,rod1,h6400,strong,opening,69,4,3,W,farm_claim,0,,,0,,,0,,,1,6.0,0
1240,rod1:h6400,h6400,rod1,strong,opening,66,3,-3,L,farm_claim,0,,,0,,,0,,,1,6.0,1
1241,rod1:h6400,rod1,h6400,strong,opening,63,6,3,W,farm_claim,0,,,0,,,0,,,1,6.0,1
1242,rod1:h6400,rod1,h6400,strong,opening,61,22,3,W,avoid_feeding,0,,,1,2.1,0,0,,,0,,
1243,rod1:h6400,rod1,h6400,strong,opening,57,21,3,W,avoid_feeding,0,,,1,2.1,0,0,,,0,,
1238,h800:random,h800,random,weak,endgame,3,5,89,W,farm_claim,0,,,0,,,0,,,1,15.0,1
1244,rod1:h6400,h6400,rod1,strong,opening,52,18,-3,L,contest_merge,0,,,0,,,1,24.0,1,0,,
1245,rod1:h6400,h6400,rod1,strong,opening,48,14,-3,L,avoid_feeding,0,,,1,2.0,0,0,,,0,,
1246,rod1:h6400,h6400,rod1,strong,opening,48,3,-3,L,farm_claim,0,,,0,,,0,,,1,9.0,0
1247,rod1:h6400,rod1,h6400,strong,midgame,39,3,3,W,farm_claim,0,,,0,,,0,,,1,6.0,1
1248,rod1:h6400,h6400,rod1,strong,midgame,30,33,-3,L,block|avoid_feeding,1,2.5,0,1,2.5,0,0,,,0,,
1252,rod1:h6400,rod1,h6400,strong,late_mid,15,35,3,W,avoid_feeding,0,,,1,3.5,1,0,,,0,,
1249,rod1:h6400,rod1,h6400,strong,late_mid,21,24,3,W,avoid_feeding,0,,,1,2.0,1,0,,,0,,
1251,rod1:h6400,h6400,rod1,strong,late_mid,16,17,-3,L,block|avoid_feeding,1,2.7,0,1,2.7,0,0,,,0,,
1250,rod1:h6400,h6400,rod1,strong,late_mid,20,32,-3,L,block|avoid_feeding,1,5.0,1,1,5.0,1,0,,,0,,
1256,rod1:h6400,rod1,h6400,strong,opening,71,3,-4,L,farm_claim,0,,,0,,,0,,,1,6.0,1
1257,rod1:h6400,h6400,rod1,strong,opening,70,3,4,W,farm_claim,0,,,0,,,0,,,1,6.0,1
1253,rod1:h6400,rod1,h6400,strong,pre_endgame,13,21,3,W,avoid_feeding,0,,,1,2.0,0,0,,,0,,
1254,rod1:h6400,h6400,rod1,strong,pre_endgame,12,28,-3,L,block|avoid_feeding,1,5.5,0,1,5.5,0,0,,,0,,
1255,rod1:h6400,rod1,h6400,strong,pre_endgame,11,34,3,W,avoid_feeding,0,,,1,3.5,1,0,,,0,,
1258,rod1:h6400,rod1,h6400,strong,opening,65,12,-4,L,avoid_feeding,0,,,1,2.6,0,0,,,0,,
1259,rod1:h6400,h6400,rod1,strong,opening,64,5,4,W,farm_claim,0,,,0,,,0,,,1,6.0,1
1260,rod1:h6400,rod1,h6400,strong,opening,61,11,-4,L,avoid_feeding,0,,,1,3.2,0,0,,,0,,
1261,rod1:h6400,rod1,h6400,strong,opening,57,20,-4,L,avoid_feeding,0,,,1,3.2,0,0,,,0,,
1262,rod1:h6400,rod1,h6400,strong,opening,53,15,-4,L,avoid_feeding,0,,,1,3.8,0,0,,,0,,
1264,rod1:h6400,rod1,h6400,strong,opening,47,5,-4,L,farm_claim,0,,,0,,,0,,,1,6.0,0
1263,rod1:h6400,rod1,h6400,strong,opening,49,16,-4,L,avoid_feeding,0,,,1,2.3,1,0,,,0,,
1265,rod1:h6400,h6400,rod1,strong,midgame,42,22,4,W,contest_merge,0,,,0,,,1,18.0,1,0,,
1267,rod1:h6400,h6400,rod1,strong,midgame,40,20,4,W,avoid_feeding,0,,,1,2.0,1,0,,,0,,
1266,rod1:h6400,rod1,h6400,strong,midgame,41,3,-4,L,farm_claim,0,,,0,,,0,,,1,6.0,1
1268,rod1:h6400,rod1,h6400,strong,midgame,35,25,-4,L,block|avoid_feeding,1,3.0,0,1,3.0,0,0,,,0,,
1269,rod1:h6400,rod1,h6400,strong,midgame,33,26,-4,L,block|avoid_feeding,1,3.1,0,1,3.1,0,0,,,0,,
1270,rod1:h6400,h6400,rod1,strong,midgame,32,27,4,W,block|avoid_feeding,1,5.5,0,1,5.5,0,0,,,0,,
1271,rod1:h6400,rod1,h6400,strong,late_mid,23,31,-4,L,block|avoid_feeding,1,5.2,0,1,5.2,0,0,,,0,,
1273,rod1:h6400,rod1,h6400,strong,pre_endgame,13,36,-4,L,block|avoid_feeding,1,5.3,0,1,5.3,0,0,,,0,,
1272,rod1:h6400,rod1,h6400,strong,late_mid,21,31,-4,L,block|avoid_feeding,1,4.7,0,1,4.7,0,0,,,0,,
1276,rod1:h6400,rod1,h6400,strong,opening,69,7,8,W,farm_claim,0,,,0,,,0,,,1,6.0,0
1277,rod1:h6400,h6400,rod1,strong,opening,68,5,-8,L,farm_claim,0,,,0,,,0,,,1,6.0,0
1278,rod1:h6400,rod1,h6400,strong,opening,67,5,8,W,farm_claim,0,,,0,,,0,,,1,6.0,0
1274,rod1:h6400,rod1,h6400,strong,endgame,3,43,-4,L,block|avoid_feeding,1,6.0,0,1,6.0,0,0,,,0,,
1279,rod1:h6400,h6400,rod1,strong,opening,66,4,-8,L,farm_claim,0,,,0,,,0,,,1,12.0,1
1281,rod1:h6400,rod1,h6400,strong,opening,47,7,8,W,farm_claim,0,,,0,,,0,,,1,6.0,0
1280,rod1:h6400,h6400,rod1,strong,opening,48,24,-8,L,avoid_feeding,0,,,1,4.1,0,0,,,0,,
1282,rod1:h6400,h6400,rod1,strong,midgame,46,5,-8,L,farm_claim,0,,,0,,,0,,,1,6.0,0
1285,rod1:h6400,rod1,h6400,strong,midgame,39,28,8,W,avoid_feeding,0,,,1,2.9,0,0,,,0,,
1283,rod1:h6400,rod1,h6400,strong,midgame,43,4,8,W,farm_claim,0,,,0,,,0,,,1,6.0,0
1284,rod1:h6400,h6400,rod1,strong,midgame,42,31,-8,L,avoid_feeding,0,,,1,2.6,1,0,,,0,,
1286,rod1:h6400,rod1,h6400,strong,midgame,33,30,8,W,avoid_feeding,0,,,1,3.9,0,0,,,0,,
1290,rod1:h6400,h6400,rod1,strong,midgame,30,39,-8,L,avoid_feeding,0,,,1,4.1,1,0,,,0,,
1289,rod1:h6400,rod1,h6400,strong,midgame,31,7,8,W,farm_claim,0,,,0,,,0,,,1,6.0,1
1287,rod1:h6400,rod1,h6400,strong,midgame,33,6,8,W,farm_claim,0,,,0,,,0,,,1,9.0,1
1288,rod1:h6400,h6400,rod1,strong,midgame,32,37,-8,L,avoid_feeding,0,,,1,4.1,1,0,,,0,,
1291,rod1:h6400,rod1,h6400,strong,midgame,29,38,8,W,contest_merge,0,,,0,,,1,24.0,1,0,,
1292,rod1:h6400,h6400,rod1,strong,late_mid,28,39,-8,L,block|avoid_feeding,1,6.5,0,1,6.5,0,0,,,0,,
1294,rod1:h6400,rod1,h6400,strong,late_mid,17,27,8,W,avoid_feeding,0,,,1,2.6,1,0,,,0,,
1293,rod1:h6400,h6400,rod1,strong,late_mid,20,2,-8,L,farm_claim,0,,,0,,,0,,,1,6.0,1
1295,rod1:h6400,rod1,h6400,strong,pre_endgame,13,24,8,W,avoid_feeding,0,,,1,2.6,1,0,,,0,,
1296,rod1:h6400,rod1,h6400,strong,pre_endgame,11,36,8,W,avoid_feeding,0,,,1,2.6,1,0,,,0,,
1298,rod1:h6400,rod1,h6400,strong,pre_endgame,7,46,8,W,avoid_feeding,0,,,1,2.6,1,0,,,0,,
1302,rod1:h6400,rod1,h6400,strong,opening,67,3,13,W,farm_claim,0,,,0,,,0,,,1,6.0,1
1297,rod1:h6400,rod1,h6400,strong,pre_endgame,11,4,8,W,farm_claim,0,,,0,,,0,,,1,12.0,1
1303,rod1:h6400,rod1,h6400,strong,opening,63,3,13,W,farm_claim,0,,,0,,,0,,,1,6.0,0
1299,rod1:h6400,rod1,h6400,strong,pre_endgame,7,4,8,W,farm_claim,0,,,0,,,0,,,1,9.0,1
1304,rod1:h6400,h6400,rod1,strong,opening,62,8,-13,L,avoid_feeding,0,,,1,2.4,0,0,,,0,,
1300,rod1:h6400,rod1,h6400,strong,endgame,3,35,8,W,avoid_feeding,0,,,1,3.1,1,0,,,0,,
1305,rod1:h6400,h6400,rod1,strong,opening,58,15,-13,L,avoid_feeding,0,,,1,4.4,0,0,,,0,,
1306,rod1:h6400,h6400,rod1,strong,opening,56,18,-13,L,avoid_feeding,0,,,1,4.4,0,0,,,0,,
1275,rod1:h6400,rod1,h6400,strong,endgame,1,44,-4,L,block|avoid_feeding,1,6.0,0,1,6.0,0,0,,,0,,
1307,rod1:h6400,h6400,rod1,strong,opening,54,21,-13,L,avoid_feeding,0,,,1,4.4,0,0,,,0,,
1308,rod1:h6400,h6400,rod1,strong,opening,52,25,-13,L,avoid_feeding,0,,,1,2.9,1,0,,,0,,
1309,rod1:h6400,rod1,h6400,strong,opening,51,21,13,W,avoid_feeding,0,,,1,2.9,1,0,,,0,,
1310,rod1:h6400,rod1,h6400,strong,opening,47,27,13,W,avoid_feeding,0,,,1,2.9,1,0,,,0,,
1314,rod1:h6400,rod1,h6400,strong,midgame,41,27,13,W,avoid_feeding,0,,,1,2.9,1,0,,,0,,
1311,rod1:h6400,h6400,rod1,strong,midgame,46,22,-13,L,avoid_feeding,0,,,1,2.9,1,0,,,0,,
1312,rod1:h6400,h6400,rod1,strong,midgame,46,6,-13,L,farm_claim,0,,,0,,,0,,,1,6.0,1
1315,rod1:h6400,rod1,h6400,strong,midgame,41,3,13,W,farm_claim,0,,,0,,,0,,,1,6.0,1
1313,rod1:h6400,h6400,rod1,strong,midgame,42,39,-13,L,contest_merge,0,,,0,,,1,12.0,1,0,,
1317,rod1:h6400,h6400,rod1,strong,late_mid,28,28,-13,L,avoid_feeding,0,,,1,2.9,1,0,,,0,,
1316,rod1:h6400,rod1,h6400,strong,midgame,33,32,13,W,avoid_feeding,0,,,1,2.9,1,0,,,0,,
1321,rod1:h6400,h6400,rod1,strong,pre_endgame,14,33,-13,L,avoid_feeding,0,,,1,2.9,1,0,,,0,,
1318,rod1:h6400,h6400,rod1,strong,late_mid,20,24,-13,L,avoid_feeding,0,,,1,2.9,1,0,,,0,,
1320,rod1:h6400,h6400,rod1,strong,late_mid,16,33,-13,L,avoid_feeding,0,,,1,2.9,1,0,,,0,,
1319,rod1:h6400,rod1,h6400,strong,late_mid,19,48,13,W,block|avoid_feeding,1,4.0,0,1,4.0,0,0,,,0,,
1322,rod1:h6400,h6400,rod1,strong,pre_endgame,12,27,-13,L,avoid_feeding,0,,,1,2.9,1,0,,,0,,
1325,rod1:random,random,rod1,strong,opening,64,13,-74,L,avoid_feeding,0,,,1,2.0,1,0,,,0,,
1324,rod1:random,rod1,random,weak,opening,65,3,74,W,farm_claim,0,,,0,,,0,,,1,6.0,1
1327,rod1:random,rod1,random,weak,opening,63,5,74,W,farm_claim,0,,,0,,,0,,,1,6.0,1
1323,rod1:h6400,rod1,h6400,strong,endgame,5,36,13,W,block|avoid_feeding,1,2.9,1,1,2.9,1,0,,,0,,
1328,rod1:random,random,rod1,strong,midgame,40,26,-74,L,block|avoid_feeding,1,2.0,0,1,2.0,0,0,,,0,,
1326,rod1:random,random,rod1,strong,opening,64,3,-74,L,farm_claim,0,,,0,,,0,,,1,6.0,0
1333,h200:random,h200,random,weak,opening,63,23,59,W,contest_merge,0,,,0,,,1,6.0,1,0,,
1330,rod1:random,random,rod1,strong,late_mid,28,39,-74,L,block|avoid_feeding,1,2.5,0,1,2.5,0,0,,,0,,
1331,h200:random,random,h200,mid,opening,70,3,-59,L,farm_claim,0,,,0,,,0,,,1,6.0,1
1332,h200:random,random,h200,mid,opening,64,17,-59,L,contest_merge,0,,,0,,,1,9.0,0,0,,
1329,rod1:random,rod1,random,weak,midgame,39,3,74,W,farm_claim,0,,,0,,,0,,,1,6.0,0
1301,rod1:h6400,rod1,h6400,strong,endgame,1,62,8,W,avoid_feeding,0,,,1,2.6,1,0,,,0,,
1334,h200:random,random,h200,mid,opening,54,21,-59,L,avoid_feeding,0,,,1,2.0,0,0,,,0,,
1335,h200:random,h200,random,weak,opening,51,20,59,W,contest_merge,0,,,0,,,1,15.0,1,0,,
1337,h200:random,h200,random,weak,opening,47,6,59,W,farm_claim,0,,,0,,,0,,,1,9.0,1
1336,h200:random,h200,random,weak,opening,49,15,59,W,contest_merge,0,,,0,,,1,15.0,1,0,,
1338,h200:random,random,h200,mid,midgame,44,23,-59,L,avoid_feeding,0,,,1,2.0,0,0,,,0,,
1340,h200:random,h200,random,weak,midgame,33,31,59,W,contest_merge,0,,,0,,,1,15.0,1,0,,
1341,h200:random,h200,random,weak,midgame,31,36,59,W,contest_merge,0,,,0,,,1,15.0,1,0,,
1339,h200:random,random,h200,mid,midgame,36,33,-59,L,avoid_feeding,0,,,1,2.0,0,0,,,0,,
1344,h200:random,h200,random,weak,opening,69,5,83,W,farm_claim,0,,,0,,,0,,,1,6.0,0
1343,h200:random,random,h200,mid,opening,70,4,-83,L,farm_claim,0,,,0,,,0,,,1,6.0,0
1345,h200:random,random,h200,mid,opening,66,6,-83,L,farm_claim,0,,,0,,,0,,,1,6.0,0
1342,h200:random,random,h200,mid,midgame,30,36,-59,L,contest_merge,0,,,0,,,1,15.0,1,0,,
1347,h200:random,random,h200,mid,opening,64,5,-83,L,farm_claim,0,,,0,,,0,,,1,6.0,1
1346,h200:random,h200,random,weak,opening,65,4,83,W,farm_claim,0,,,0,,,0,,,1,9.0,1
1348,h200:random,h200,random,weak,opening,63,13,83,W,contest_merge,0,,,0,,,1,12.0,1,0,,
1350,h200:random,h200,random,weak,opening,61,16,83,W,avoid_feeding,0,,,1,2.3,0,0,,,0,,
1349,h200:random,random,h200,mid,opening,62,4,-83,L,farm_claim,0,,,0,,,0,,,1,6.0,0
1351,h200:random,random,h200,mid,opening,60,6,-83,L,farm_claim,0,,,0,,,0,,,1,6.0,0
1352,h200:random,random,h200,mid,opening,58,5,-83,L,farm_claim,0,,,0,,,0,,,1,9.0,0
1353,h200:random,h200,random,weak,opening,57,20,83,W,avoid_feeding,0,,,1,2.3,0,0,,,0,,
1358,h200:random,h200,random,weak,late_mid,27,7,83,W,farm_claim,0,,,0,,,0,,,1,6.0,0
1354,h200:random,h200,random,weak,opening,55,4,83,W,farm_claim,0,,,0,,,0,,,1,6.0,0
1360,h200:random,h200,random,weak,late_mid,15,7,83,W,farm_claim,0,,,0,,,0,,,1,6.0,0
1361,h200:random,h200,random,weak,pre_endgame,13,3,83,W,farm_claim,0,,,0,,,0,,,1,6.0,0
1356,h200:random,h200,random,weak,midgame,31,7,83,W,farm_claim,0,,,0,,,0,,,1,6.0,0
1362,h200:random,h200,random,weak,pre_endgame,11,3,83,W,farm_claim,0,,,0,,,0,,,1,6.0,0
1355,h200:random,h200,random,weak,midgame,33,5,83,W,farm_claim,0,,,0,,,0,,,1,6.0,0
1357,h200:random,h200,random,weak,midgame,29,7,83,W,farm_claim,0,,,0,,,0,,,1,6.0,0
1363,rod1:random,random,rod1,strong,opening,58,19,-61,L,contest_merge,0,,,0,,,1,12.0,0,0,,
1365,rod1:random,rod1,random,weak,opening,53,20,61,W,contest_merge,0,,,0,,,1,21.0,0,0,,
1364,rod1:random,rod1,random,weak,opening,55,20,61,W,contest_merge,0,,,0,,,1,21.0,0,0,,
1359,h200:random,h200,random,weak,late_mid,19,3,83,W,farm_claim,0,,,0,,,0,,,1,6.0,1
1366,rod1:random,random,rod1,strong,opening,52,20,-61,L,contest_merge,0,,,0,,,1,21.0,0,0,,
1367,rod1:random,rod1,random,weak,midgame,43,29,61,W,contest_merge,0,,,0,,,1,24.0,0,0,,
1368,rod1:random,random,rod1,strong,midgame,34,31,-61,L,avoid_feeding,0,,,1,2.3,1,0,,,0,,
1369,rod1:random,random,rod1,strong,midgame,30,28,-61,L,avoid_feeding,0,,,1,2.3,1,0,,,0,,
1372,rod1:random,rod1,random,weak,pre_endgame,13,3,61,W,farm_claim,0,,,0,,,0,,,1,9.0,0
1375,rod1:random,rod1,random,weak,endgame,5,5,61,W,farm_claim,0,,,0,,,0,,,1,9.0,0
1371,rod1:random,rod1,random,weak,late_mid,19,7,61,W,farm_claim,0,,,0,,,0,,,1,9.0,0
1374,rod1:random,rod1,random,weak,pre_endgame,7,7,61,W,farm_claim,0,,,0,,,0,,,1,6.0,0
1370,rod1:random,random,rod1,strong,late_mid,28,30,-61,L,avoid_feeding,0,,,1,4.8,0,0,,,0,,
1376,h200:random,random,h200,mid,opening,60,5,-72,L,farm_claim,0,,,0,,,0,,,1,6.0,0
1378,h200:random,random,h200,mid,opening,56,14,-72,L,block|avoid_feeding,1,4.5,0,1,4.5,0,0,,,0,,
1379,h200:random,random,h200,mid,opening,56,4,-72,L,farm_claim,0,,,0,,,0,,,1,9.0,0
1377,h200:random,h200,random,weak,opening,59,3,72,W,farm_claim,0,,,0,,,0,,,1,6.0,1
1373,rod1:random,rod1,random,weak,pre_endgame,11,4,61,W,farm_claim,0,,,0,,,0,,,1,6.0,0
1380,h200:random,random,h200,mid,opening,54,18,-72,L,block|avoid_feeding,1,4.5,0,1,4.5,0,0,,,0,,
1381,h200:random,h200,random,weak,opening,47,3,72,W,farm_claim,0,,,0,,,0,,,1,12.0,1
1382,h200:random,h200,random,weak,midgame,45,23,72,W,contest_merge,0,,,0,,,1,12.0,0,0,,
1383,h200:random,random,h200,mid,midgame,40,24,-72,L,avoid_feeding,0,,,1,2.0,0,0,,,0,,
1385,h200:random,random,h200,mid,midgame,38,24,-72,L,contest_merge,0,,,0,,,1,15.0,1,0,,
1388,rod1:random,random,rod1,strong,opening,54,20,-50,L,contest_merge,0,,,0,,,1,6.0,0,0,,
1387,rod1:random,rod1,random,weak,opening,55,2,50,W,farm_claim,0,,,0,,,0,,,1,6.0,1
1390,rod1:random,random,rod1,strong,opening,52,16,-50,L,avoid_feeding,0,,,1,2.6,1,0,,,0,,
1384,h200:random,h200,random,weak,midgame,39,3,72,W,farm_claim,0,,,0,,,0,,,1,6.0,1
1389,rod1:random,rod1,random,weak,opening,53,3,50,W,farm_claim,0,,,0,,,0,,,1,6.0,0
1391,rod1:random,rod1,random,weak,opening,51,24,50,W,contest_merge,0,,,0,,,1,6.0,0,0,,
1393,rod1:random,random,rod1,strong,midgame,44,19,-50,L,avoid_feeding,0,,,1,2.6,1,0,,,0,,
1392,rod1:random,random,rod1,strong,opening,50,22,-50,L,avoid_feeding,0,,,1,2.4,0,0,,,0,,
1394,rod1:random,random,rod1,strong,midgame,40,26,-50,L,avoid_feeding,0,,,1,3.2,1,0,,,0,,
1395,rod1:random,random,rod1,strong,midgame,38,26,-50,L,avoid_feeding,0,,,1,3.7,1,0,,,0,,
1396,rod1:random,rod1,random,weak,midgame,37,36,50,W,contest_merge,0,,,0,,,1,9.0,0,0,,
1386,h200:random,random,h200,mid,endgame,2,46,-72,L,contest_merge,0,,,0,,,1,24.0,1,0,,
1397,rod1:random,random,rod1,strong,midgame,36,20,-50,L,avoid_feeding,0,,,1,4.2,0,0,,,0,,
1404,greedy:greedy,greedy,greedy,mid,opening,62,4,-34,L,farm_claim,0,,,0,,,0,,,1,9.0,0
1398,rod1:random,random,rod1,strong,late_mid,26,5,-50,L,farm_claim,0,,,0,,,0,,,1,6.0,1
1402,rod1:random,rod1,random,weak,endgame,5,35,50,W,contest_merge,0,,,0,,,1,24.0,0,0,,
1399,rod1:random,rod1,random,weak,late_mid,19,3,50,W,farm_claim,0,,,0,,,0,,,1,9.0,0
1400,rod1:random,random,rod1,strong,late_mid,16,32,-50,L,avoid_feeding,0,,,1,3.7,1,0,,,0,,
1405,greedy:greedy,greedy,greedy,mid,opening,59,4,34,W,farm_claim,0,,,0,,,0,,,1,12.0,0
1406,greedy:greedy,greedy,greedy,mid,opening,55,6,34,W,farm_claim,0,,,0,,,0,,,1,6.0,0
1401,rod1:random,random,rod1,strong,pre_endgame,8,45,-50,L,avoid_feeding,0,,,1,4.2,1,0,,,0,,
1407,greedy:greedy,greedy,greedy,mid,opening,53,5,34,W,farm_claim,0,,,0,,,0,,,1,6.0,0
1408,greedy:greedy,greedy,greedy,mid,opening,52,5,-34,L,farm_claim,0,,,0,,,0,,,1,15.0,0
1409,greedy:greedy,greedy,greedy,mid,opening,51,22,34,W,avoid_feeding,0,,,1,2.1,0,0,,,0,,
1410,greedy:greedy,greedy,greedy,mid,opening,51,4,34,W,farm_claim,0,,,0,,,0,,,1,6.0,0
1412,greedy:greedy,greedy,greedy,mid,opening,49,3,34,W,farm_claim,0,,,0,,,0,,,1,18.0,0
1411,greedy:greedy,greedy,greedy,mid,opening,50,2,-34,L,farm_claim,0,,,0,,,0,,,1,6.0,0
1413,greedy:greedy,greedy,greedy,mid,opening,48,3,-34,L,farm_claim,0,,,0,,,0,,,1,6.0,0
1414,greedy:greedy,greedy,greedy,mid,midgame,45,3,34,W,farm_claim,0,,,0,,,0,,,1,18.0,0
1417,greedy:greedy,greedy,greedy,mid,midgame,41,25,34,W,contest_merge,0,,,0,,,1,21.0,0,0,,
1418,greedy:greedy,greedy,greedy,mid,midgame,37,35,34,W,contest_merge,0,,,0,,,1,27.0,0,0,,
1415,greedy:greedy,greedy,greedy,mid,midgame,43,2,34,W,farm_claim,0,,,0,,,0,,,1,18.0,1
1416,greedy:greedy,greedy,greedy,mid,midgame,42,4,-34,L,farm_claim,0,,,0,,,0,,,1,6.0,1
1419,greedy:greedy,greedy,greedy,mid,midgame,32,51,-34,L,contest_merge,0,,,0,,,1,30.0,1,0,,
1420,greedy:greedy,greedy,greedy,mid,late_mid,17,43,34,W,avoid_feeding,0,,,1,2.2,1,0,,,0,,
1425,greedy:greedy,greedy,greedy,mid,opening,70,7,20,W,farm_claim,0,,,0,,,0,,,1,6.0,0
1422,greedy:greedy,greedy,greedy,mid,pre_endgame,9,6,34,W,farm_claim,0,,,0,,,0,,,1,9.0,0
1421,greedy:greedy,greedy,greedy,mid,pre_endgame,11,50,34,W,avoid_feeding,0,,,1,2.7,1,0,,,0,,
1423,greedy:greedy,greedy,greedy,mid,endgame,6,42,-34,L,block|avoid_feeding,1,5.0,0,1,5.0,0,0,,,0,,
1426,greedy:greedy,greedy,greedy,mid,opening,69,5,-20,L,farm_claim,0,,,0,,,0,,,1,6.0,0
1424,greedy:greedy,greedy,greedy,mid,endgame,3,49,34,W,contest_merge,0,,,0,,,1,39.0,1,0,,
1427,greedy:greedy,greedy,greedy,mid,opening,67,3,-20,L,farm_claim,0,,,0,,,0,,,1,6.0,0
1429,greedy:greedy,greedy,greedy,mid,opening,62,7,20,W,farm_claim,0,,,0,,,0,,,1,6.0,0
1431,greedy:greedy,greedy,greedy,mid,opening,60,3,20,W,farm_claim,0,,,0,,,0,,,1,6.0,0
1428,greedy:greedy,greedy,greedy,mid,opening,65,6,-20,L,farm_claim,0,,,0,,,0,,,1,9.0,0
1430,greedy:greedy,greedy,greedy,mid,opening,61,3,-20,L,farm_claim,0,,,0,,,0,,,1,12.0,0
1432,greedy:greedy,greedy,greedy,mid,opening,58,3,20,W,farm_claim,0,,,0,,,0,,,1,6.0,0
1403,rod1:random,rod1,random,weak,endgame,1,37,50,W,contest_merge,0,,,0,,,1,24.0,0,0,,
1436,greedy:greedy,greedy,greedy,mid,opening,48,5,20,W,farm_claim,0,,,0,,,0,,,1,6.0,0
1433,greedy:greedy,greedy,greedy,mid,opening,57,16,-20,L,avoid_feeding,0,,,1,3.6,1,0,,,0,,
1435,greedy:greedy,greedy,greedy,mid,opening,53,4,-20,L,farm_claim,0,,,0,,,0,,,1,12.0,0
1438,greedy:greedy,greedy,greedy,mid,midgame,44,3,20,W,farm_claim,0,,,0,,,0,,,1,15.0,1
1434,greedy:greedy,greedy,greedy,mid,opening,57,3,-20,L,farm_claim,0,,,0,,,0,,,1,12.0,0
1439,greedy:greedy,greedy,greedy,mid,midgame,39,3,-20,L,farm_claim,0,,,0,,,0,,,1,6.0,0
1440,greedy:greedy,greedy,greedy,mid,midgame,38,21,20,W,avoid_feeding,0,,,1,3.4,1,0,,,0,,
1443,greedy:greedy,greedy,greedy,mid,endgame,6,48,20,W,avoid_feeding,0,,,1,2.3,1,0,,,0,,
1437,greedy:greedy,greedy,greedy,mid,opening,47,3,-20,L,farm_claim,0,,,0,,,0,,,1,12.0,0
1441,greedy:greedy,greedy,greedy,mid,midgame,35,3,-20,L,farm_claim,0,,,0,,,0,,,1,9.0,0
1444,h200:random,random,h200,mid,opening,64,8,-105,L,farm_claim,0,,,0,,,0,,,1,6.0,0
1445,h200:random,h200,random,weak,opening,63,4,105,W,farm_claim,0,,,0,,,0,,,1,12.0,1
1446,h200:random,random,h200,mid,opening,62,18,-105,L,contest_merge,0,,,0,,,1,12.0,0,0,,
1442,greedy:greedy,greedy,greedy,mid,midgame,34,3,20,W,farm_claim,0,,,0,,,0,,,1,9.0,1
1447,h200:random,random,h200,mid,opening,56,4,-105,L,farm_claim,0,,,0,,,0,,,1,9.0,0
1448,h200:random,random,h200,mid,opening,54,23,-105,L,contest_merge,0,,,0,,,1,18.0,0,0,,
1449,h200:random,h200,random,weak,opening,53,20,105,W,contest_merge,0,,,0,,,1,18.0,0,0,,
1453,h200:random,h200,random,weak,opening,49,29,105,W,avoid_feeding,0,,,1,2.6,0,0,,,0,,
1450,h200:random,h200,random,weak,opening,51,24,105,W,contest_merge,0,,,0,,,1,18.0,0,0,,
1451,h200:random,h200,random,weak,opening,51,5,105,W,farm_claim,0,,,0,,,0,,,1,9.0,1
1454,h200:random,h200,random,weak,midgame,45,20,105,W,contest_merge,0,,,0,,,1,21.0,0,0,,
1452,h200:random,random,h200,mid,opening,50,24,-105,L,contest_merge,0,,,0,,,1,18.0,0,0,,
1455,h200:random,random,h200,mid,midgame,44,22,-105,L,contest_merge,0,,,0,,,1,21.0,0,0,,
1456,h200:random,h200,random,weak,midgame,43,20,105,W,avoid_feeding,0,,,1,2.6,0,0,,,0,,
1457,h200:random,h200,random,weak,midgame,43,4,105,W,farm_claim,0,,,0,,,0,,,1,6.0,0
1459,h200:random,h200,random,weak,midgame,39,24,105,W,contest_merge,0,,,0,,,1,21.0,0,0,,
1460,h200:random,h200,random,weak,midgame,37,30,105,W,contest_merge,0,,,0,,,1,27.0,0,0,,
1458,h200:random,h200,random,weak,midgame,41,22,105,W,contest_merge,0,,,0,,,1,21.0,0,0,,
1461,h200:random,h200,random,weak,midgame,33,36,105,W,avoid_feeding,0,,,1,2.6,0,0,,,0,,
1462,h200:random,random,h200,mid,midgame,32,28,-105,L,avoid_feeding,0,,,1,3.5,1,0,,,0,,
1463,h200:random,random,h200,mid,midgame,30,30,-105,L,avoid_feeding,0,,,1,3.5,1,0,,,0,,
1464,h200:random,h200,random,weak,midgame,29,28,105,W,contest_merge,0,,,0,,,1,21.0,0,0,,
1465,h200:random,random,h200,mid,late_mid,26,23,-105,L,avoid_feeding,0,,,1,3.5,1,0,,,0,,
1474,greedy:greedy,greedy,greedy,mid,opening,64,13,14,W,avoid_feeding,0,,,1,2.9,1,0,,,0,,
1468,h200:random,random,h200,mid,late_mid,22,33,-105,L,avoid_feeding|contest_merge,0,,,1,3.5,1,1,27.0,0,0,,
1467,h200:random,h200,random,weak,late_mid,23,5,105,W,farm_claim,0,,,0,,,0,,,1,6.0,0
1469,h200:random,h200,random,weak,late_mid,21,4,105,W,farm_claim,0,,,0,,,0,,,1,12.0,1
1473,greedy:greedy,greedy,greedy,mid,opening,70,3,14,W,farm_claim,0,,,0,,,0,,,1,6.0,0
1466,h200:random,random,h200,mid,late_mid,24,16,-105,L,avoid_feeding,0,,,1,2.0,0,0,,,0,,
1470,h200:random,random,h200,mid,late_mid,20,32,-105,L,avoid_feeding,0,,,1,3.5,1,0,,,0,,
1475,greedy:greedy,greedy,greedy,mid,opening,62,16,14,W,avoid_feeding,0,,,1,2.9,1,0,,,0,,
1472,h200:random,h200,random,weak,pre_endgame,9,5,105,W,farm_claim,0,,,0,,,0,,,1,6.0,1
1476,greedy:greedy,greedy,greedy,mid,opening,62,3,14,W,farm_claim,0,,,0,,,0,,,1,6.0,0
1471,h200:random,random,h200,mid,late_mid,18,24,-105,L,avoid_feeding,0,,,1,2.4,0,0,,,0,,
1478,greedy:greedy,greedy,greedy,mid,opening,56,5,14,W,farm_claim,0,,,0,,,0,,,1,6.0,0
1477,greedy:greedy,greedy,greedy,mid,opening,56,15,14,W,avoid_feeding,0,,,1,3.5,1,0,,,0,,
1479,greedy:greedy,greedy,greedy,mid,opening,50,19,14,W,avoid_feeding,0,,,1,3.8,1,0,,,0,,
1480,greedy:greedy,greedy,greedy,mid,opening,48,29,14,W,avoid_feeding,0,,,1,3.1,0,0,,,0,,
1481,greedy:greedy,greedy,greedy,mid,opening,47,3,-14,L,farm_claim,0,,,0,,,0,,,1,6.0,0
1482,greedy:greedy,greedy,greedy,mid,midgame,44,28,14,W,avoid_feeding,0,,,1,3.1,0,0,,,0,,
1483,greedy:greedy,greedy,greedy,mid,midgame,41,31,-14,L,avoid_feeding,0,,,1,2.9,0,0,,,0,,
1486,greedy:greedy,greedy,greedy,mid,midgame,36,39,14,W,avoid_feeding,0,,,1,2.6,1,0,,,0,,
1487,greedy:greedy,greedy,greedy,mid,midgame,36,3,14,W,farm_claim,0,,,0,,,0,,,1,6.0,0
1485,greedy:greedy,greedy,greedy,mid,midgame,38,37,14,W,avoid_feeding,0,,,1,2.6,1,0,,,0,,
1484,greedy:greedy,greedy,greedy,mid,midgame,39,7,-14,L,farm_claim,0,,,0,,,0,,,1,9.0,1
1488,greedy:greedy,greedy,greedy,mid,midgame,30,23,14,W,avoid_feeding,0,,,1,4.9,1,0,,,0,,
1489,greedy:greedy,greedy,greedy,mid,late_mid,24,2,14,W,farm_claim,0,,,0,,,0,,,1,6.0,0
1490,greedy:greedy,greedy,greedy,mid,late_mid,21,26,-14,L,block|avoid_feeding,1,2.5,0,1,2.5,0,0,,,0,,
1492,greedy:greedy,greedy,greedy,mid,pre_endgame,12,34,14,W,avoid_feeding,0,,,1,4.4,1,0,,,0,,
1491,greedy:greedy,greedy,greedy,mid,pre_endgame,13,27,-14,L,block|avoid_feeding,1,2.0,0,1,2.0,0,0,,,0,,
1493,greedy:greedy,greedy,greedy,mid,pre_endgame,10,3,14,W,farm_claim,0,,,0,,,0,,,1,6.0,0
1501,greedy:greedy,greedy,greedy,mid,opening,66,7,33,W,farm_claim,0,,,0,,,0,,,1,9.0,0
1499,greedy:greedy,greedy,greedy,mid,opening,68,3,33,W,farm_claim,0,,,0,,,0,,,1,6.0,0
1498,greedy:greedy,greedy,greedy,mid,opening,69,7,-33,L,farm_claim,0,,,0,,,0,,,1,6.0,0
1494,greedy:greedy,greedy,greedy,mid,pre_endgame,9,51,-14,L,avoid_feeding,0,,,1,2.0,1,0,,,0,,
1500,greedy:greedy,greedy,greedy,mid,opening,67,5,-33,L,farm_claim,0,,,0,,,0,,,1,9.0,0
1497,greedy:greedy,greedy,greedy,mid,endgame,5,37,-14,L,avoid_feeding,0,,,1,2.6,1,0,,,0,,
1502,greedy:greedy,greedy,greedy,mid,opening,65,4,-33,L,farm_claim,0,,,0,,,0,,,1,12.0,0
1495,greedy:greedy,greedy,greedy,mid,pre_endgame,7,37,-14,L,avoid_feeding,0,,,1,2.0,1,0,,,0,,
1503,greedy:greedy,greedy,greedy,mid,opening,64,3,33,W,farm_claim,0,,,0,,,0,,,1,12.0,0
1504,greedy:greedy,greedy,greedy,mid,opening,62,3,33,W,farm_claim,0,,,0,,,0,,,1,12.0,0
1505,greedy:greedy,greedy,greedy,mid,opening,61,3,-33,L,farm_claim,0,,,0,,,0,,,1,6.0,0
1496,greedy:greedy,greedy,greedy,mid,endgame,6,24,14,W,avoid_feeding,0,,,1,4.9,1,0,,,0,,
1506,greedy:greedy,greedy,greedy,mid,opening,60,5,33,W,farm_claim,0,,,0,,,0,,,1,12.0,0
1507,greedy:greedy,greedy,greedy,mid,opening,58,24,33,W,avoid_feeding,0,,,1,2.6,0,0,,,0,,
1508,greedy:greedy,greedy,greedy,mid,opening,58,3,33,W,farm_claim,0,,,0,,,0,,,1,6.0,0
1511,greedy:greedy,greedy,greedy,mid,opening,50,19,33,W,avoid_feeding,0,,,1,2.2,1,0,,,0,,
1509,greedy:greedy,greedy,greedy,mid,opening,56,5,33,W,farm_claim,0,,,0,,,0,,,1,12.0,0
1510,greedy:greedy,greedy,greedy,mid,opening,53,4,-33,L,farm_claim,0,,,0,,,0,,,1,6.0,0
1512,greedy:greedy,greedy,greedy,mid,midgame,45,5,-33,L,farm_claim,0,,,0,,,0,,,1,12.0,0
1514,greedy:greedy,greedy,greedy,mid,midgame,40,27,33,W,avoid_feeding,0,,,1,2.0,1,0,,,0,,
1516,greedy:greedy,greedy,greedy,mid,midgame,34,4,33,W,farm_claim,0,,,0,,,0,,,1,6.0,0
1513,greedy:greedy,greedy,greedy,mid,midgame,42,31,33,W,avoid_feeding,0,,,1,2.0,1,0,,,0,,
1515,greedy:greedy,greedy,greedy,mid,midgame,38,3,33,W,farm_claim,0,,,0,,,0,,,1,18.0,1
1517,greedy:greedy,greedy,greedy,mid,midgame,31,3,-33,L,farm_claim,0,,,0,,,0,,,1,6.0,0
1518,greedy:greedy,greedy,greedy,mid,late_mid,19,3,-33,L,farm_claim,0,,,0,,,0,,,1,9.0,1
1520,greedy:greedy,greedy,greedy,mid,pre_endgame,14,36,33,W,avoid_feeding,0,,,1,4.7,1,0,,,0,,
1519,greedy:greedy,greedy,greedy,mid,late_mid,18,52,33,W,avoid_feeding,0,,,1,4.7,1,0,,,0,,
1524,greedy:greedy,greedy,greedy,mid,opening,67,4,-23,L,farm_claim,0,,,0,,,0,,,1,9.0,0
1522,greedy:greedy,greedy,greedy,mid,opening,69,5,-23,L,farm_claim,0,,,0,,,0,,,1,6.0,0
1521,greedy:greedy,greedy,greedy,mid,pre_endgame,12,59,33,W,contest_merge,0,,,0,,,1,36.0,0,0,,
1523,greedy:greedy,greedy,greedy,mid,opening,68,4,23,W,farm_claim,0,,,0,,,0,,,1,6.0,0
1525,greedy:greedy,greedy,greedy,mid,opening,64,3,23,W,farm_claim,0,,,0,,,0,,,1,6.0,0
1527,greedy:greedy,greedy,greedy,mid,opening,62,10,23,W,avoid_feeding,0,,,1,4.6,1,0,,,0,,
1526,greedy:greedy,greedy,greedy,mid,opening,63,5,-23,L,farm_claim,0,,,0,,,0,,,1,9.0,0
1529,greedy:greedy,greedy,greedy,mid,opening,59,5,-23,L,farm_claim,0,,,0,,,0,,,1,9.0,0
1528,greedy:greedy,greedy,greedy,mid,opening,61,3,-23,L,farm_claim,0,,,0,,,0,,,1,9.0,0
1531,greedy:greedy,greedy,greedy,mid,opening,55,5,-23,L,farm_claim,0,,,0,,,0,,,1,9.0,0
1530,greedy:greedy,greedy,greedy,mid,opening,57,21,-23,L,block|avoid_feeding,1,3.2,1,1,3.2,1,0,,,0,,
1533,greedy:greedy,greedy,greedy,mid,opening,51,3,-23,L,farm_claim,0,,,0,,,0,,,1,6.0,0
1532,greedy:greedy,greedy,greedy,mid,opening,54,3,23,W,farm_claim,0,,,0,,,0,,,1,6.0,0
1534,greedy:greedy,greedy,greedy,mid,opening,48,2,23,W,farm_claim,0,,,0,,,0,,,1,6.0,0
1535,greedy:greedy,greedy,greedy,mid,opening,47,3,-23,L,farm_claim,0,,,0,,,0,,,1,9.0,0
1536,greedy:greedy,greedy,greedy,mid,midgame,45,3,-23,L,farm_claim,0,,,0,,,0,,,1,6.0,0
1538,greedy:greedy,greedy,greedy,mid,midgame,42,12,23,W,avoid_feeding,0,,,1,3.0,0,0,,,0,,
1537,greedy:greedy,greedy,greedy,mid,midgame,43,3,-23,L,farm_claim,0,,,0,,,0,,,1,9.0,1
1541,greedy:greedy,greedy,greedy,mid,midgame,38,5,23,W,farm_claim,0,,,0,,,0,,,1,6.0,1
1540,greedy:greedy,greedy,greedy,mid,midgame,39,28,-23,L,block|avoid_feeding,1,4.0,0,1,4.0,0,0,,,0,,
1539,greedy:greedy,greedy,greedy,mid,midgame,40,3,23,W,farm_claim,0,,,0,,,0,,,1,6.0,1
1543,greedy:greedy,greedy,greedy,mid,late_mid,24,13,23,W,block|avoid_feeding,1,2.2,0,1,2.2,0,0,,,0,,
1545,greedy:greedy,greedy,greedy,mid,late_mid,18,36,23,W,block|avoid_feeding,1,4.0,0,1,4.0,0,0,,,0,,
1544,greedy:greedy,greedy,greedy,mid,late_mid,20,17,23,W,block|avoid_feeding,1,4.0,0,1,4.0,0,0,,,0,,
1546,greedy:greedy,greedy,greedy,mid,late_mid,16,58,23,W,contest_merge,0,,,0,,,1,27.0,1,0,,
1542,greedy:greedy,greedy,greedy,mid,late_mid,26,12,23,W,block|avoid_feeding,1,4.0,0,1,4.0,0,0,,,0,,
1547,greedy:greedy,greedy,greedy,mid,pre_endgame,12,34,23,W,block|avoid_feeding,1,4.0,1,1,4.0,1,0,,,0,,
1548,greedy:greedy,greedy,greedy,mid,endgame,3,39,-23,L,avoid_feeding,0,,,1,2.0,1,0,,,0,,
1550,greedy:greedy,greedy,greedy,mid,opening,69,3,2,W,farm_claim,0,,,0,,,0,,,1,6.0,0
1551,greedy:greedy,greedy,greedy,mid,opening,66,13,-2,L,avoid_feeding,0,,,1,2.9,0,0,,,0,,
1553,greedy:greedy,greedy,greedy,mid,opening,61,3,2,W,farm_claim,0,,,0,,,0,,,1,6.0,0
1552,greedy:greedy,greedy,greedy,mid,opening,62,3,-2,L,farm_claim,0,,,0,,,0,,,1,6.0,0
1554,greedy:greedy,greedy,greedy,mid,opening,60,3,-2,L,farm_claim,0,,,0,,,0,,,1,6.0,0
1555,greedy:greedy,greedy,greedy,mid,opening,59,3,2,W,farm_claim,0,,,0,,,0,,,1,9.0,0
1556,greedy:greedy,greedy,greedy,mid,opening,57,3,2,W,farm_claim,0,,,0,,,0,,,1,9.0,0
1557,greedy:greedy,greedy,greedy,mid,opening,55,3,2,W,farm_claim,0,,,0,,,0,,,1,9.0,0
1558,greedy:greedy,greedy,greedy,mid,opening,54,3,-2,L,farm_claim,0,,,0,,,0,,,1,9.0,0
1559,greedy:greedy,greedy,greedy,mid,opening,52,4,-2,L,farm_claim,0,,,0,,,0,,,1,15.0,0
1561,greedy:greedy,greedy,greedy,mid,midgame,39,21,2,W,avoid_feeding,0,,,1,2.0,0,0,,,0,,
1560,greedy:greedy,greedy,greedy,mid,opening,49,3,2,W,farm_claim,0,,,0,,,0,,,1,15.0,0
1562,greedy:greedy,greedy,greedy,mid,late_mid,18,30,-2,L,block|avoid_feeding,1,2.0,1,1,2.0,1,0,,,0,,
1566,greedy:greedy,greedy,greedy,mid,opening,71,5,39,W,farm_claim,0,,,0,,,0,,,1,6.0,0
1563,greedy:greedy,greedy,greedy,mid,late_mid,16,33,-2,L,block|avoid_feeding,1,2.0,1,1,2.0,1,0,,,0,,
1567,greedy:greedy,greedy,greedy,mid,opening,64,5,-39,L,farm_claim,0,,,0,,,0,,,1,6.0,0
1564,greedy:greedy,greedy,greedy,mid,pre_endgame,14,27,-2,L,block|avoid_feeding,1,2.0,1,1,2.0,1,0,,,0,,
1565,greedy:greedy,greedy,greedy,mid,pre_endgame,9,39,2,W,block|avoid_feeding,1,2.0,0,1,2.0,0,0,,,0,,
1568,greedy:greedy,greedy,greedy,mid,opening,60,3,-39,L,farm_claim,0,,,0,,,0,,,1,6.0,0
1570,greedy:greedy,greedy,greedy,mid,opening,56,24,-39,L,avoid_feeding,0,,,1,2.0,0,0,,,0,,
1569,greedy:greedy,greedy,greedy,mid,opening,58,3,-39,L,farm_claim,0,,,0,,,0,,,1,6.0,0
1571,greedy:greedy,greedy,greedy,mid,opening,56,4,-39,L,farm_claim,0,,,0,,,0,,,1,12.0,0
1572,greedy:greedy,greedy,greedy,mid,opening,54,6,-39,L,farm_claim,0,,,0,,,0,,,1,12.0,0
1573,greedy:greedy,greedy,greedy,mid,opening,53,26,39,W,avoid_feeding,0,,,1,2.8,0,0,,,0,,
1574,greedy:greedy,greedy,greedy,mid,opening,53,3,39,W,farm_claim,0,,,0,,,0,,,1,6.0,0
1549,greedy:greedy,greedy,greedy,mid,endgame,1,34,-23,L,avoid_feeding,0,,,1,3.0,0,0,,,0,,
1575,greedy:greedy,greedy,greedy,mid,opening,51,3,39,W,farm_claim,0,,,0,,,0,,,1,6.0,0
1576,greedy:greedy,greedy,greedy,mid,opening,47,3,39,W,farm_claim,0,,,0,,,0,,,1,9.0,0
1577,greedy:greedy,greedy,greedy,mid,midgame,45,3,39,W,farm_claim,0,,,0,,,0,,,1,6.0,0
1578,greedy:greedy,greedy,greedy,mid,midgame,40,16,-39,L,avoid_feeding,0,,,1,2.3,1,0,,,0,,
1579,greedy:greedy,greedy,greedy,mid,midgame,38,34,-39,L,avoid_feeding,0,,,1,2.8,0,0,,,0,,
1581,greedy:greedy,greedy,greedy,mid,late_mid,21,39,39,W,avoid_feeding,0,,,1,2.3,1,0,,,0,,
1583,greedy:random,greedy,random,weak,opening,61,3,72,W,farm_claim,0,,,0,,,0,,,1,6.0,0
1580,greedy:greedy,greedy,greedy,mid,midgame,29,3,39,W,farm_claim,0,,,0,,,0,,,1,6.0,1
1585,greedy:random,greedy,random,weak,opening,57,2,72,W,farm_claim,0,,,0,,,0,,,1,9.0,0
1584,greedy:random,greedy,random,weak,opening,59,3,72,W,farm_claim,0,,,0,,,0,,,1,9.0,0
1582,greedy:greedy,greedy,greedy,mid,pre_endgame,14,35,-39,L,avoid_feeding,0,,,1,2.8,1,0,,,0,,
1586,greedy:random,greedy,random,weak,opening,49,4,72,W,farm_claim,0,,,0,,,0,,,1,12.0,0
1587,greedy:random,random,greedy,mid,midgame,44,28,-72,L,avoid_feeding,0,,,1,2.3,1,0,,,0,,
1588,greedy:random,greedy,random,weak,midgame,39,5,72,W,farm_claim,0,,,0,,,0,,,1,12.0,1
1591,greedy:random,greedy,random,weak,opening,67,4,63,W,farm_claim,0,,,0,,,0,,,1,6.0,0
1589,greedy:random,random,greedy,mid,midgame,38,30,-72,L,avoid_feeding,0,,,1,2.3,1,0,,,0,,
1592,greedy:random,random,greedy,mid,opening,66,6,-63,L,farm_claim,0,,,0,,,0,,,1,9.0,0
1594,greedy:random,random,greedy,mid,opening,62,12,-63,L,avoid_feeding,0,,,1,2.8,0,0,,,0,,
1593,greedy:random,greedy,random,weak,opening,63,3,63,W,farm_claim,0,,,0,,,0,,,1,9.0,0
1590,greedy:random,random,greedy,mid,late_mid,16,40,-72,L,block|avoid_feeding,1,3.5,0,1,3.5,0,0,,,0,,
1595,greedy:random,greedy,random,weak,opening,59,3,63,W,farm_claim,0,,,0,,,0,,,1,6.0,0
1597,greedy:random,random,greedy,mid,opening,56,8,-63,L,farm_claim,0,,,0,,,0,,,1,6.0,1
1596,greedy:random,random,greedy,mid,opening,58,14,-63,L,block|avoid_feeding,1,5.0,0,1,5.0,0,0,,,0,,
1598,greedy:random,random,greedy,mid,opening,52,18,-63,L,block|avoid_feeding,1,6.0,0,1,6.0,0,0,,,0,,
1599,greedy:random,random,greedy,mid,midgame,38,28,-63,L,avoid_feeding,0,,,1,2.0,0,0,,,0,,
1600,greedy:random,random,greedy,mid,midgame,36,30,-63,L,avoid_feeding,0,,,1,2.0,0,0,,,0,,
1604,greedy:random,random,greedy,mid,opening,70,4,-47,L,farm_claim,0,,,0,,,0,,,1,6.0,0
1601,greedy:random,random,greedy,mid,midgame,32,34,-63,L,avoid_feeding,0,,,1,2.5,0,0,,,0,,
1603,greedy:random,random,greedy,mid,late_mid,24,34,-63,L,block|avoid_feeding,1,4.0,0,1,4.0,0,0,,,0,,
1605,greedy:random,random,greedy,mid,opening,68,5,-47,L,farm_claim,0,,,0,,,0,,,1,6.0,0
1602,greedy:random,random,greedy,mid,late_mid,28,34,-63,L,avoid_feeding,0,,,1,2.6,1,0,,,0,,
1607,greedy:random,greedy,random,weak,opening,65,4,47,W,farm_claim,0,,,0,,,0,,,1,9.0,0
1606,greedy:random,greedy,random,weak,opening,67,6,47,W,farm_claim,0,,,0,,,0,,,1,6.0,0
1608,greedy:random,random,greedy,mid,opening,64,4,-47,L,farm_claim,0,,,0,,,0,,,1,6.0,0
1610,greedy:random,random,greedy,mid,opening,62,7,-47,L,farm_claim,0,,,0,,,0,,,1,6.0,0
1611,greedy:random,greedy,random,weak,opening,61,3,47,W,farm_claim,0,,,0,,,0,,,1,9.0,0
1609,greedy:random,greedy,random,weak,opening,63,3,47,W,farm_claim,0,,,0,,,0,,,1,9.0,0
1612,greedy:random,greedy,random,weak,opening,57,17,47,W,avoid_feeding,0,,,1,4.0,0,0,,,0,,
1613,greedy:random,greedy,random,weak,opening,55,5,47,W,farm_claim,0,,,0,,,0,,,1,9.0,0
1614,greedy:random,random,greedy,mid,opening,54,5,-47,L,farm_claim,0,,,0,,,0,,,1,6.0,0
1615,greedy:random,random,greedy,mid,opening,52,23,-47,L,avoid_feeding,0,,,1,3.1,1,0,,,0,,
1617,greedy:random,greedy,random,weak,opening,51,27,47,W,avoid_feeding,0,,,1,2.3,0,0,,,0,,
1616,greedy:random,random,greedy,mid,opening,52,4,-47,L,farm_claim,0,,,0,,,0,,,1,6.0,0
1619,greedy:random,greedy,random,weak,opening,47,6,47,W,farm_claim,0,,,0,,,0,,,1,6.0,0
1620,greedy:random,greedy,random,weak,midgame,45,6,47,W,farm_claim,0,,,0,,,0,,,1,6.0,0
1618,greedy:random,greedy,random,weak,opening,49,4,47,W,farm_claim,0,,,0,,,0,,,1,6.0,0
1621,greedy:random,random,greedy,mid,midgame,44,44,-47,L,avoid_feeding,0,,,1,2.6,1,0,,,0,,
1624,greedy:random,greedy,random,weak,midgame,37,38,47,W,avoid_feeding,0,,,1,2.3,0,0,,,0,,
1622,greedy:random,random,greedy,mid,midgame,42,30,-47,L,avoid_feeding,0,,,1,2.6,1,0,,,0,,
1623,greedy:random,random,greedy,mid,midgame,40,27,-47,L,avoid_feeding,0,,,1,2.6,1,0,,,0,,
1626,greedy:random,greedy,random,weak,midgame,33,37,47,W,avoid_feeding,0,,,1,5.0,0,0,,,0,,
1625,greedy:random,random,greedy,mid,midgame,34,36,-47,L,avoid_feeding,0,,,1,3.5,1,0,,,0,,
1627,greedy:random,greedy,random,weak,midgame,33,3,47,W,farm_claim,0,,,0,,,0,,,1,6.0,0
1628,greedy:random,random,greedy,mid,midgame,32,30,-47,L,avoid_feeding,0,,,1,2.0,1,0,,,0,,
1630,greedy:random,random,greedy,mid,late_mid,26,5,-47,L,farm_claim,0,,,0,,,0,,,1,6.0,1
1629,greedy:random,random,greedy,mid,late_mid,28,41,-47,L,avoid_feeding,0,,,1,2.4,1,0,,,0,,
1631,greedy:random,random,greedy,mid,late_mid,24,48,-47,L,avoid_feeding,0,,,1,2.4,1,0,,,0,,
1632,greedy:random,random,greedy,mid,late_mid,22,31,-47,L,avoid_feeding,0,,,1,2.4,0,0,,,0,,
1633,greedy:random,greedy,random,weak,late_mid,21,36,47,W,avoid_feeding,0,,,1,2.4,1,0,,,0,,
1635,greedy:random,greedy,random,weak,late_mid,17,40,47,W,avoid_feeding,0,,,1,2.4,1,0,,,0,,
1634,greedy:random,greedy,random,weak,late_mid,19,40,47,W,avoid_feeding,0,,,1,2.4,1,0,,,0,,
1639,greedy:random,greedy,random,weak,opening,71,4,28,W,farm_claim,0,,,0,,,0,,,1,6.0,0
1640,greedy:random,random,greedy,mid,opening,70,5,-28,L,farm_claim,0,,,0,,,0,,,1,6.0,1
1636,greedy:random,random,greedy,mid,late_mid,16,46,-47,L,avoid_feeding,0,,,1,2.6,1,0,,,0,,
1641,greedy:random,greedy,random,weak,opening,67,4,28,W,farm_claim,0,,,0,,,0,,,1,6.0,0
1637,greedy:random,random,greedy,mid,endgame,6,48,-47,L,avoid_feeding,0,,,1,2.5,0,0,,,0,,
1638,greedy:random,random,greedy,mid,endgame,4,39,-47,L,avoid_feeding,0,,,1,3.0,1,0,,,0,,
1642,greedy:random,greedy,random,weak,opening,63,4,28,W,farm_claim,0,,,0,,,0,,,1,9.0,0
1645,greedy:random,greedy,random,weak,opening,51,26,28,W,avoid_feeding,0,,,1,2.5,0,0,,,0,,
1644,greedy:random,greedy,random,weak,opening,55,31,28,W,avoid_feeding,0,,,1,2.4,0,0,,,0,,
1643,greedy:random,greedy,random,weak,opening,57,3,28,W,farm_claim,0,,,0,,,0,,,1,9.0,0
1648,greedy:random,greedy,random,weak,midgame,31,21,28,W,avoid_feeding,0,,,1,4.1,0,0,,,0,,
1649,greedy:random,greedy,random,weak,midgame,29,32,28,W,avoid_feeding,0,,,1,2.9,0,0,,,0,,
1647,greedy:random,greedy,random,weak,midgame,33,24,28,W,contest_merge,0,,,0,,,1,21.0,0,0,,
1646,greedy:random,greedy,random,weak,midgame,37,4,28,W,farm_claim,0,,,0,,,0,,,1,6.0,0
1650,greedy:random,random,greedy,mid,late_mid,26,38,-28,L,contest_merge,0,,,0,,,1,21.0,0,0,,
1651,greedy:random,greedy,random,weak,late_mid,19,43,28,W,contest_merge,0,,,0,,,1,15.0,0,0,,
1652,greedy:random,random,greedy,mid,late_mid,16,46,-28,L,contest_merge,0,,,0,,,1,18.0,0,0,,
1653,greedy:random,greedy,random,weak,pre_endgame,13,56,28,W,contest_merge,0,,,0,,,1,15.0,0,0,,
1656,greedy:random,greedy,random,weak,endgame,5,60,28,W,contest_merge,0,,,0,,,1,15.0,0,0,,
1654,greedy:random,random,greedy,mid,pre_endgame,12,41,-28,L,avoid_feeding,0,,,1,2.5,0,0,,,0,,
1655,greedy:random,random,greedy,mid,pre_endgame,8,49,-28,L,block|avoid_feeding,1,3.0,0,1,3.0,0,0,,,0,,
1659,random:random,random,random,weak,opening,64,21,-3,L,contest_merge,0,,,0,,,1,6.0,0,0,,
1660,random:random,random,random,weak,opening,59,21,3,W,contest_merge,0,,,0,,,1,6.0,0,0,,
1661,random:random,random,random,weak,opening,52,21,-3,L,contest_merge,0,,,0,,,1,12.0,0,0,,
1657,greedy:random,random,greedy,mid,endgame,4,46,-28,L,contest_merge,0,,,0,,,1,21.0,0,0,,
1658,greedy:random,greedy,random,weak,endgame,3,55,28,W,contest_merge,0,,,0,,,1,15.0,0,0,,
1662,random:random,random,random,weak,opening,51,25,3,W,contest_merge,0,,,0,,,1,9.0,0,0,,
1663,random:random,random,random,weak,opening,49,32,3,W,contest_merge,0,,,0,,,1,9.0,0,0,,
1665,random:random,random,random,weak,midgame,46,26,-3,L,avoid_feeding,0,,,1,2.6,1,0,,,0,,
1664,random:random,random,random,weak,opening,47,30,3,W,contest_merge,0,,,0,,,1,9.0,0,0,,
1666,random:random,random,random,weak,midgame,42,31,-3,L,avoid_feeding,0,,,1,2.6,1,0,,,0,,
1667,random:random,random,random,weak,midgame,40,42,-3,L,contest_merge,0,,,0,,,1,6.0,0,0,,
1668,random:random,random,random,weak,midgame,39,43,3,W,contest_merge,0,,,0,,,1,9.0,0,0,,
1670,random:random,random,random,weak,midgame,37,38,3,W,contest_merge,0,,,0,,,1,9.0,0,0,,
1669,random:random,random,random,weak,midgame,38,41,-3,L,avoid_feeding|contest_merge,0,,,1,2.6,1,1,9.0,0,0,,
1671,random:random,random,random,weak,midgame,36,40,-3,L,contest_merge,0,,,0,,,1,9.0,0,0,,
1672,random:random,random,random,weak,midgame,35,37,3,W,contest_merge,0,,,0,,,1,9.0,0,0,,
1676,random:random,random,random,weak,late_mid,28,33,-3,L,avoid_feeding,0,,,1,2.6,1,0,,,0,,
1673,random:random,random,random,weak,midgame,32,37,-3,L,contest_merge,0,,,0,,,1,9.0,0,0,,
1677,random:random,random,random,weak,late_mid,27,38,3,W,contest_merge,0,,,0,,,1,12.0,0,0,,
1675,random:random,random,random,weak,midgame,29,38,3,W,contest_merge,0,,,0,,,1,12.0,0,0,,
1674,random:random,random,random,weak,midgame,30,42,-3,L,avoid_feeding|contest_merge,0,,,1,2.6,1,1,12.0,0,0,,
1678,random:random,random,random,weak,late_mid,26,40,-3,L,contest_merge,0,,,0,,,1,9.0,0,0,,
1679,random:random,random,random,weak,late_mid,24,37,-3,L,avoid_feeding|contest_merge,0,,,1,2.6,1,1,15.0,0,0,,
1680,random:random,random,random,weak,late_mid,23,35,3,W,contest_merge,0,,,0,,,1,9.0,0,0,,
1683,random:random,random,random,weak,pre_endgame,14,40,-3,L,avoid_feeding,0,,,1,2.6,1,0,,,0,,
1682,random:random,random,random,weak,late_mid,15,41,3,W,contest_merge,0,,,0,,,1,9.0,0,0,,
1681,random:random,random,random,weak,late_mid,18,48,-3,L,avoid_feeding|contest_merge,0,,,1,2.6,1,1,12.0,0,0,,
1684,random:random,random,random,weak,pre_endgame,13,56,3,W,contest_merge,0,,,0,,,1,9.0,0,0,,
1685,random:random,random,random,weak,pre_endgame,12,48,-3,L,avoid_feeding,0,,,1,2.6,1,0,,,0,,
1691,random:random,random,random,weak,midgame,43,31,13,W,avoid_feeding,0,,,1,2.8,0,0,,,0,,
1688,random:random,random,random,weak,opening,56,3,-13,L,farm_claim,0,,,0,,,0,,,1,6.0,0
1689,random:random,random,random,weak,opening,53,6,13,W,farm_claim,0,,,0,,,0,,,1,6.0,0
1686,random:random,random,random,weak,pre_endgame,10,45,-3,L,avoid_feeding|contest_merge,0,,,1,2.6,1,1,12.0,1,0,,
1690,random:random,random,random,weak,midgame,45,3,13,W,farm_claim,0,,,0,,,0,,,1,6.0,0
1687,random:random,random,random,weak,pre_endgame,8,41,-3,L,avoid_feeding,0,,,1,2.6,1,0,,,0,,
1692,random:random,random,random,weak,midgame,39,27,13,W,avoid_feeding,0,,,1,2.3,1,0,,,0,,
1693,random:random,random,random,weak,midgame,37,32,13,W,avoid_feeding,0,,,1,2.8,0,0,,,0,,
1696,random:random,random,random,weak,midgame,35,5,13,W,farm_claim,0,,,0,,,0,,,1,6.0,0
1695,random:random,random,random,weak,midgame,36,34,-13,L,contest_merge,0,,,0,,,1,24.0,0,0,,
1694,random:random,random,random,weak,midgame,37,4,13,W,farm_claim,0,,,0,,,0,,,1,12.0,1
1697,random:random,random,random,weak,midgame,33,34,13,W,avoid_feeding,0,,,1,2.8,0,0,,,0,,
1698,random:random,random,random,weak,midgame,32,33,-13,L,contest_merge,0,,,0,,,1,24.0,0,0,,
1699,random:random,random,random,weak,midgame,31,38,13,W,avoid_feeding,0,,,1,2.8,0,0,,,0,,
1700,random:random,random,random,weak,midgame,29,41,13,W,contest_merge,0,,,0,,,1,9.0,0,0,,
1703,random:random,random,random,weak,late_mid,15,51,13,W,avoid_feeding,0,,,1,3.4,0,0,,,0,,
1702,random:random,random,random,weak,late_mid,23,34,13,W,avoid_feeding,0,,,1,2.8,0,0,,,0,,
1701,random:random,random,random,weak,late_mid,24,49,-13,L,contest_merge,0,,,0,,,1,12.0,0,0,,
1706,random:random,random,random,weak,pre_endgame,8,56,-13,L,contest_merge,0,,,0,,,1,27.0,0,0,,
1704,random:random,random,random,weak,pre_endgame,14,52,-13,L,contest_merge,0,,,0,,,1,27.0,0,0,,
1705,random:random,random,random,weak,pre_endgame,13,47,13,W,avoid_feeding,0,,,1,3.4,1,0,,,0,,
1707,random:random,random,random,weak,endgame,6,52,-13,L,contest_merge,0,,,0,,,1,24.0,0,0,,
1708,greedy:random,greedy,random,weak,opening,49,3,70,W,farm_claim,0,,,0,,,0,,,1,6.0,0
1709,greedy:random,greedy,random,weak,midgame,43,6,70,W,farm_claim,0,,,0,,,0,,,1,6.0,1
1710,greedy:random,greedy,random,weak,midgame,39,5,70,W,farm_claim,0,,,0,,,0,,,1,6.0,0
1713,greedy:random,greedy,random,weak,endgame,3,52,70,W,contest_merge,0,,,0,,,1,15.0,1,0,,
1711,greedy:random,random,greedy,mid,midgame,34,33,-70,L,avoid_feeding,0,,,1,3.0,1,0,,,0,,
1715,random:random,random,random,weak,opening,61,4,-4,L,farm_claim,0,,,0,,,0,,,1,6.0,0
1714,random:random,random,random,weak,opening,65,3,-4,L,farm_claim,0,,,0,,,0,,,1,6.0,1
1717,random:random,random,random,weak,opening,50,23,4,W,contest_merge,0,,,0,,,1,12.0,0,0,,
1712,greedy:random,random,greedy,mid,endgame,4,50,-70,L,contest_merge,0,,,0,,,1,15.0,0,0,,
1716,random:random,random,random,weak,opening,55,7,-4,L,farm_claim,0,,,0,,,0,,,1,6.0,0
1718,random:random,random,random,weak,late_mid,26,46,4,W,avoid_feeding,0,,,1,2.8,0,0,,,0,,
1719,random:random,random,random,weak,late_mid,23,44,-4,L,contest_merge,0,,,0,,,1,6.0,0,0,,
1720,random:random,random,random,weak,late_mid,16,46,4,W,avoid_feeding|contest_merge,0,,,1,2.8,0,1,15.0,0,0,,
1723,random:random,random,random,weak,pre_endgame,10,56,4,W,avoid_feeding|contest_merge,0,,,1,2.8,0,1,24.0,0,0,,
1721,random:random,random,random,weak,pre_endgame,12,53,4,W,contest_merge,0,,,0,,,1,6.0,0,0,,
1722,random:random,random,random,weak,pre_endgame,11,52,-4,L,contest_merge,0,,,0,,,1,6.0,0,0,,
1726,random:random,random,random,weak,opening,69,6,5,W,farm_claim,0,,,0,,,0,,,1,6.0,0
1727,random:random,random,random,weak,opening,68,6,-5,L,farm_claim,0,,,0,,,0,,,1,9.0,0
1728,random:random,random,random,weak,opening,67,5,5,W,farm_claim,0,,,0,,,0,,,1,9.0,1
1724,random:random,random,random,weak,pre_endgame,8,53,4,W,contest_merge,0,,,0,,,1,6.0,0,0,,
1729,random:random,random,random,weak,opening,61,4,5,W,farm_claim,0,,,0,,,0,,,1,6.0,0
1731,random:random,random,random,weak,opening,54,4,-5,L,farm_claim,0,,,0,,,0,,,1,9.0,0
1730,random:random,random,random,weak,opening,56,3,-5,L,farm_claim,0,,,0,,,0,,,1,6.0,0
1725,random:random,random,random,weak,pre_endgame,7,56,-4,L,contest_merge,0,,,0,,,1,24.0,0,0,,
1732,random:random,random,random,weak,opening,51,25,5,W,contest_merge,0,,,0,,,1,18.0,0,0,,
1733,random:random,random,random,weak,opening,48,14,-5,L,avoid_feeding,0,,,1,2.5,0,0,,,0,,
1735,random:random,random,random,weak,midgame,45,21,5,W,contest_merge,0,,,0,,,1,15.0,1,0,,
1734,random:random,random,random,weak,opening,47,29,5,W,contest_merge,0,,,0,,,1,18.0,0,0,,
1737,random:random,random,random,weak,midgame,40,30,-5,L,avoid_feeding,0,,,1,2.3,0,0,,,0,,
1736,random:random,random,random,weak,midgame,42,25,-5,L,avoid_feeding,0,,,1,2.8,0,0,,,0,,
1743,rod1:random,random,rod1,strong,opening,70,4,-42,L,farm_claim,0,,,0,,,0,,,1,6.0,0
1738,random:random,random,random,weak,midgame,36,27,-5,L,block|avoid_feeding|contest_merge,1,3.9,0,1,3.9,0,1,24.0,1,0,,
1740,random:random,random,random,weak,midgame,32,33,-5,L,block|avoid_feeding|contest_merge,1,3.9,0,1,3.9,0,1,30.0,1,0,,
1739,random:random,random,random,weak,midgame,34,30,-5,L,block|avoid_feeding,1,3.9,0,1,3.9,0,0,,,0,,
1744,rod1:random,rod1,random,weak,opening,69,3,42,W,farm_claim,0,,,0,,,0,,,1,6.0,1
1745,rod1:random,random,rod1,strong,opening,62,5,-42,L,farm_claim,0,,,0,,,0,,,1,6.0,0
1741,random:random,random,random,weak,pre_endgame,12,41,-5,L,contest_merge,0,,,0,,,1,33.0,1,0,,
1746,rod1:random,rod1,random,weak,opening,55,21,42,W,avoid_feeding,0,,,1,2.1,1,0,,,0,,
1747,rod1:random,random,rod1,strong,opening,50,25,-42,L,avoid_feeding,0,,,1,2.6,1,0,,,0,,
1749,rod1:random,random,rod1,strong,midgame,46,21,-42,L,block|avoid_feeding,1,2.6,1,1,2.6,1,0,,,0,,
1748,rod1:random,random,rod1,strong,opening,48,17,-42,L,avoid_feeding,0,,,1,4.1,0,0,,,0,,
1750,rod1:random,random,rod1,strong,midgame,38,30,-42,L,block|avoid_feeding,1,5.1,0,1,5.1,0,0,,,0,,
1751,rod1:random,random,rod1,strong,midgame,30,30,-42,L,block|avoid_feeding,1,2.6,1,1,2.6,1,0,,,0,,
1742,random:random,random,random,weak,endgame,1,47,5,W,avoid_feeding,0,,,1,2.5,1,0,,,0,,
1755,rod1:random,rod1,random,weak,opening,69,3,50,W,farm_claim,0,,,0,,,0,,,1,6.0,1
1752,rod1:random,rod1,random,weak,late_mid,27,27,42,W,avoid_feeding,0,,,1,2.1,1,0,,,0,,
1756,rod1:random,rod1,random,weak,opening,67,7,50,W,farm_claim,0,,,0,,,0,,,1,6.0,0
1753,rod1:random,random,rod1,strong,pre_endgame,14,37,-42,L,block|avoid_feeding,1,2.6,1,1,2.6,1,0,,,0,,
1757,rod1:random,rod1,random,weak,opening,59,5,50,W,farm_claim,0,,,0,,,0,,,1,9.0,0
1758,rod1:random,rod1,random,weak,opening,53,4,50,W,farm_claim,0,,,0,,,0,,,1,9.0,0
1759,rod1:random,rod1,random,weak,midgame,45,25,50,W,avoid_feeding,0,,,1,4.3,1,0,,,0,,
1761,rod1:random,rod1,random,weak,midgame,41,27,50,W,avoid_feeding,0,,,1,4.3,1,0,,,0,,
1760,rod1:random,rod1,random,weak,midgame,43,4,50,W,farm_claim,0,,,0,,,0,,,1,9.0,0
1754,rod1:random,random,rod1,strong,endgame,2,36,-42,L,block|avoid_feeding,1,2.6,1,1,2.6,1,0,,,0,,
1763,rod1:random,rod1,random,weak,midgame,29,30,50,W,avoid_feeding,0,,,1,4.8,1,0,,,0,,
1762,rod1:random,random,rod1,strong,midgame,30,28,-50,L,block|avoid_feeding,1,4.6,0,1,4.6,0,0,,,0,,
1767,rod1:random,rod1,random,weak,opening,57,5,74,W,farm_claim,0,,,0,,,0,,,1,6.0,1
1768,rod1:random,random,rod1,strong,opening,56,23,-74,L,contest_merge,0,,,0,,,1,9.0,0,0,,
1764,rod1:random,rod1,random,weak,late_mid,25,4,50,W,farm_claim,0,,,0,,,0,,,1,6.0,0
1765,rod1:random,random,rod1,strong,late_mid,18,34,-50,L,block|avoid_feeding,1,4.2,0,1,4.2,0,0,,,0,,
1766,rod1:random,rod1,random,weak,late_mid,15,4,50,W,farm_claim,0,,,0,,,0,,,1,12.0,0
1769,rod1:random,rod1,random,weak,opening,55,32,74,W,contest_merge,0,,,0,,,1,6.0,1,0,,
1770,rod1:random,random,rod1,strong,midgame,42,37,-74,L,avoid_feeding,0,,,1,2.0,0,0,,,0,,
1771,rod1:random,random,rod1,strong,midgame,40,12,-74,L,avoid_feeding,0,,,1,3.4,0,0,,,0,,
1772,rod1:random,random,rod1,strong,midgame,34,34,-74,L,avoid_feeding,0,,,1,2.0,0,0,,,0,,
1773,rod1:random,random,rod1,strong,midgame,32,40,-74,L,block|avoid_feeding,1,5.3,0,1,5.3,0,0,,,0,,
1774,rod1:random,random,rod1,strong,midgame,30,31,-74,L,block|avoid_feeding,1,3.5,1,1,3.5,1,0,,,0,,
1778,rod1:random,random,rod1,strong,opening,64,16,-43,L,contest_merge,0,,,0,,,1,6.0,0,0,,
1779,rod1:random,random,rod1,strong,opening,62,3,-43,L,farm_claim,0,,,0,,,0,,,1,6.0,0
1776,rod1:random,random,rod1,strong,pre_endgame,14,30,-74,L,block|avoid_feeding,1,4.0,0,1,4.0,0,0,,,0,,
1775,rod1:random,random,rod1,strong,late_mid,16,30,-74,L,block|avoid_feeding,1,2.2,0,1,2.2,0,0,,,0,,
1780,rod1:random,rod1,random,weak,late_mid,25,38,43,W,contest_merge,0,,,0,,,1,33.0,0,0,,
1777,rod1:random,rod1,random,weak,pre_endgame,7,6,74,W,farm_claim,0,,,0,,,0,,,1,6.0,0
1781,rod1:random,random,rod1,strong,late_mid,24,31,-43,L,block|avoid_feeding,1,2.5,0,1,2.5,0,0,,,0,,
1783,rod1:random,random,rod1,strong,pre_endgame,10,43,-43,L,block|avoid_feeding,1,2.5,0,1,2.5,0,0,,,0,,
1782,rod1:random,random,rod1,strong,late_mid,16,37,-43,L,block|avoid_feeding,1,2.5,0,1,2.5,0,0,,,0,,
1788,rod1:rod1,rod1,rod1,strong,opening,70,7,-31,L,farm_claim,0,,,0,,,0,,,1,6.0,1
1784,rod1:random,random,rod1,strong,pre_endgame,8,38,-43,L,contest_merge,0,,,0,,,1,42.0,0,0,,
1785,rod1:random,rod1,random,weak,pre_endgame,7,38,43,W,contest_merge,0,,,0,,,1,42.0,0,0,,
1789,rod1:rod1,rod1,rod1,strong,opening,54,5,-31,L,farm_claim,0,,,0,,,0,,,1,6.0,1
1791,rod1:rod1,rod1,rod1,strong,opening,47,29,31,W,contest_merge,0,,,0,,,1,6.0,0,0,,
1786,rod1:random,rod1,random,weak,endgame,5,38,43,W,contest_merge,0,,,0,,,1,42.0,0,0,,
1790,rod1:rod1,rod1,rod1,strong,opening,49,30,31,W,contest_merge,0,,,0,,,1,6.0,0,0,,
1787,rod1:random,random,rod1,strong,endgame,2,35,-43,L,contest_merge,0,,,0,,,1,45.0,0,0,,
1794,rod1:rod1,rod1,rod1,strong,midgame,42,22,-31,L,block|avoid_feeding,1,2.5,0,1,2.5,0,0,,,0,,
1793,rod1:rod1,rod1,rod1,strong,midgame,43,5,31,W,farm_claim,0,,,0,,,0,,,1,6.0,0
1792,rod1:rod1,rod1,rod1,strong,midgame,44,34,-31,L,contest_merge,0,,,0,,,1,6.0,0,0,,
1795,rod1:rod1,rod1,rod1,strong,midgame,39,20,31,W,avoid_feeding,0,,,1,3.5,0,0,,,0,,
1796,rod1:rod1,rod1,rod1,strong,midgame,37,30,31,W,contest_merge,0,,,0,,,1,6.0,0,0,,
1797,rod1:rod1,rod1,rod1,strong,midgame,35,25,31,W,contest_merge,0,,,0,,,1,6.0,0,0,,
1798,rod1:rod1,rod1,rod1,strong,midgame,31,29,31,W,avoid_feeding,0,,,1,2.0,1,0,,,0,,
1799,rod1:rod1,rod1,rod1,strong,midgame,30,33,-31,L,contest_merge,0,,,0,,,1,9.0,0,0,,
1804,rod1:rod1,rod1,rod1,strong,opening,67,5,33,W,farm_claim,0,,,0,,,0,,,1,6.0,1
1801,rod1:rod1,rod1,rod1,strong,late_mid,21,29,31,W,avoid_feeding,0,,,1,3.5,0,0,,,0,,
1800,rod1:rod1,rod1,rod1,strong,late_mid,28,34,-31,L,contest_merge,0,,,0,,,1,9.0,0,0,,
1805,rod1:rod1,rod1,rod1,strong,opening,66,12,-33,L,contest_merge,0,,,0,,,1,9.0,1,0,,
1803,rod1:rod1,rod1,rod1,strong,endgame,3,39,31,W,avoid_feeding,0,,,1,2.3,1,0,,,0,,
1806,rod1:rod1,rod1,rod1,strong,opening,62,10,-33,L,contest_merge,0,,,0,,,1,12.0,1,0,,
1807,rod1:rod1,rod1,rod1,strong,opening,58,4,-33,L,farm_claim,0,,,0,,,0,,,1,6.0,0
1802,rod1:rod1,rod1,rod1,strong,pre_endgame,9,30,31,W,contest_merge,0,,,0,,,1,48.0,1,0,,
1809,rod1:rod1,rod1,rod1,strong,opening,56,26,-33,L,contest_merge,0,,,0,,,1,12.0,1,0,,
1808,rod1:rod1,rod1,rod1,strong,opening,57,5,33,W,farm_claim,0,,,0,,,0,,,1,9.0,1
1810,rod1:rod1,rod1,rod1,strong,opening,54,6,-33,L,farm_claim,0,,,0,,,0,,,1,6.0,1
1811,rod1:rod1,rod1,rod1,strong,opening,48,39,-33,L,contest_merge,0,,,0,,,1,12.0,1,0,,
1812,rod1:rod1,rod1,rod1,strong,midgame,44,32,-33,L,block|avoid_feeding,1,4.5,0,1,4.5,0,0,,,0,,
1814,rod1:rod1,rod1,rod1,strong,midgame,38,49,-33,L,contest_merge,0,,,0,,,1,18.0,1,0,,
1813,rod1:rod1,rod1,rod1,strong,midgame,40,52,-33,L,contest_merge,0,,,0,,,1,18.0,1,0,,
1815,rod1:rod1,rod1,rod1,strong,midgame,30,29,-33,L,avoid_feeding,0,,,1,2.0,1,0,,,0,,
1817,rod1:rod1,rod1,rod1,strong,late_mid,27,7,33,W,farm_claim,0,,,0,,,0,,,1,6.0,0
1816,rod1:rod1,rod1,rod1,strong,late_mid,28,31,-33,L,avoid_feeding,0,,,1,3.0,0,0,,,0,,
1818,rod1:rod1,rod1,rod1,strong,late_mid,22,34,-33,L,avoid_feeding,0,,,1,3.6,0,0,,,0,,
1819,rod1:rod1,rod1,rod1,strong,late_mid,20,34,-33,L,avoid_feeding,0,,,1,3.6,0,0,,,0,,
1820,rod1:rod1,rod1,rod1,strong,late_mid,18,29,-33,L,avoid_feeding,0,,,1,2.6,1,0,,,0,,
1821,rod1:rod1,rod1,rod1,strong,pre_endgame,14,45,-33,L,block|avoid_feeding|contest_merge,1,4.0,0,1,4.0,0,1,27.0,1,0,,
1824,rod1:rod1,rod1,rod1,strong,endgame,4,25,-33,L,avoid_feeding,0,,,1,2.5,1,0,,,0,,
1823,rod1:rod1,rod1,rod1,strong,pre_endgame,8,4,-33,L,farm_claim,0,,,0,,,0,,,1,6.0,0
1822,rod1:rod1,rod1,rod1,strong,pre_endgame,10,18,-33,L,block|avoid_feeding,1,2.0,0,1,2.0,0,0,,,0,,
1826,rod1:rod1,rod1,rod1,strong,midgame,44,3,-9,L,farm_claim,0,,,0,,,0,,,1,6.0,1
1828,rod1:rod1,rod1,rod1,strong,midgame,41,14,9,W,avoid_feeding,0,,,1,2.3,1,0,,,0,,
1827,rod1:rod1,rod1,rod1,strong,midgame,43,13,9,W,avoid_feeding,0,,,1,2.8,1,0,,,0,,
1829,rod1:rod1,rod1,rod1,strong,midgame,40,40,-9,L,contest_merge,0,,,0,,,1,15.0,0,0,,
1830,rod1:rod1,rod1,rod1,strong,midgame,39,28,9,W,avoid_feeding,0,,,1,2.3,1,0,,,0,,
1831,rod1:rod1,rod1,rod1,strong,midgame,39,3,9,W,farm_claim,0,,,0,,,0,,,1,6.0,1
1825,rod1:rod1,rod1,rod1,strong,endgame,2,45,-33,L,avoid_feeding|contest_merge,0,,,1,2.5,1,1,30.0,1,0,,
1835,rod1:rod1,rod1,rod1,strong,late_mid,17,42,9,W,block|avoid_feeding,1,3.5,1,1,3.5,1,0,,,0,,
1834,rod1:rod1,rod1,rod1,strong,late_mid,23,14,9,W,block|avoid_feeding,1,6.1,0,1,6.1,0,0,,,0,,
1832,rod1:rod1,rod1,rod1,strong,midgame,29,30,9,W,block|avoid_feeding,1,5.0,0,1,5.0,0,0,,,0,,
1833,rod1:rod1,rod1,rod1,strong,late_mid,27,30,9,W,block|avoid_feeding,1,2.6,0,1,2.6,0,0,,,0,,
1836,rod1:rod1,rod1,rod1,strong,late_mid,15,56,9,W,avoid_feeding,0,,,1,4.1,1,0,,,0,,
1839,rod1:rod1,rod1,rod1,strong,pre_endgame,8,49,-9,L,contest_merge,0,,,0,,,1,30.0,1,0,,
1837,rod1:rod1,rod1,rod1,strong,pre_endgame,13,35,9,W,block|avoid_feeding,1,6.5,0,1,6.5,0,0,,,0,,
1838,rod1:rod1,rod1,rod1,strong,pre_endgame,10,38,-9,L,contest_merge,0,,,0,,,1,30.0,0,0,,
1842,rod1:rod1,rod1,rod1,strong,opening,57,15,14,W,contest_merge,0,,,0,,,1,15.0,1,0,,
1840,rod1:rod1,rod1,rod1,strong,endgame,6,59,-9,L,avoid_feeding,0,,,1,3.1,1,0,,,0,,
1843,rod1:rod1,rod1,rod1,strong,opening,55,6,14,W,farm_claim,0,,,0,,,0,,,1,6.0,1
1844,rod1:rod1,rod1,rod1,strong,opening,52,30,-14,L,contest_merge,0,,,0,,,1,21.0,1,0,,
1845,rod1:rod1,rod1,rod1,strong,opening,52,3,-14,L,farm_claim,0,,,0,,,0,,,1,6.0,1
1847,rod1:rod1,rod1,rod1,strong,opening,49,27,14,W,contest_merge,0,,,0,,,1,18.0,1,0,,
1846,rod1:rod1,rod1,rod1,strong,opening,51,18,14,W,contest_merge,0,,,0,,,1,18.0,1,0,,
1849,rod1:rod1,rod1,rod1,strong,midgame,45,7,14,W,farm_claim,0,,,0,,,0,,,1,6.0,0
1848,rod1:rod1,rod1,rod1,strong,midgame,46,35,-14,L,contest_merge,0,,,0,,,1,24.0,1,0,,
1841,rod1:rod1,rod1,rod1,strong,endgame,3,62,9,W,contest_merge,0,,,0,,,1,36.0,1,0,,
1850,rod1:rod1,rod1,rod1,strong,midgame,44,2,-14,L,farm_claim,0,,,0,,,0,,,1,6.0,1
1851,rod1:rod1,rod1,rod1,strong,midgame,37,30,14,W,contest_merge,0,,,0,,,1,36.0,1,0,,
1852,rod1:rod1,rod1,rod1,strong,midgame,35,36,14,W,contest_merge,0,,,0,,,1,33.0,1,0,,
1853,rod1:rod1,rod1,rod1,strong,midgame,31,5,14,W,farm_claim,0,,,0,,,0,,,1,6.0,0
1854,rod1:rod1,rod1,rod1,strong,late_mid,25,36,14,W,contest_merge,0,,,0,,,1,39.0,1,0,,
1856,rod1:rod1,rod1,rod1,strong,late_mid,19,35,14,W,avoid_feeding,0,,,1,3.0,0,0,,,0,,
1863,rod1:rod1,rod1,rod1,strong,opening,68,12,-8,L,contest_merge,0,,,0,,,1,6.0,0,0,,
1855,rod1:rod1,rod1,rod1,strong,late_mid,24,35,-14,L,avoid_feeding,0,,,1,2.5,0,0,,,0,,
1862,rod1:rod1,rod1,rod1,strong,opening,69,3,8,W,farm_claim,0,,,0,,,0,,,1,6.0,1
1857,rod1:rod1,rod1,rod1,strong,pre_endgame,14,46,-14,L,avoid_feeding,0,,,1,3.5,0,0,,,0,,
1858,rod1:rod1,rod1,rod1,strong,pre_endgame,13,39,14,W,avoid_feeding,0,,,1,3.0,0,0,,,0,,
1864,rod1:rod1,rod1,rod1,strong,opening,67,10,8,W,contest_merge,0,,,0,,,1,6.0,0,0,,
1860,rod1:rod1,rod1,rod1,strong,endgame,4,32,-14,L,block|avoid_feeding,1,2.1,0,1,2.1,0,0,,,0,,
1865,rod1:rod1,rod1,rod1,strong,opening,63,12,8,W,contest_merge,0,,,0,,,1,9.0,0,0,,
1859,rod1:rod1,rod1,rod1,strong,pre_endgame,9,31,14,W,avoid_feeding,0,,,1,4.2,0,0,,,0,,
1866,rod1:rod1,rod1,rod1,strong,opening,62,16,-8,L,contest_merge,0,,,0,,,1,6.0,0,0,,
1867,rod1:rod1,rod1,rod1,strong,opening,61,20,8,W,contest_merge,0,,,0,,,1,9.0,0,0,,
1868,rod1:rod1,rod1,rod1,strong,opening,59,28,8,W,contest_merge,0,,,0,,,1,6.0,1,0,,
1869,rod1:rod1,rod1,rod1,strong,opening,54,4,-8,L,farm_claim,0,,,0,,,0,,,1,9.0,1
1871,rod1:rod1,rod1,rod1,strong,midgame,44,5,-8,L,farm_claim,0,,,0,,,0,,,1,9.0,1
1870,rod1:rod1,rod1,rod1,strong,opening,52,4,-8,L,farm_claim,0,,,0,,,0,,,1,6.0,0
1872,rod1:rod1,rod1,rod1,strong,midgame,32,34,-8,L,avoid_feeding,0,,,1,2.0,1,0,,,0,,
1873,rod1:rod1,rod1,rod1,strong,midgame,31,29,8,W,avoid_feeding,0,,,1,2.0,1,0,,,0,,
1874,rod1:rod1,rod1,rod1,strong,midgame,30,30,-8,L,avoid_feeding,0,,,1,2.3,1,0,,,0,,
1876,rod1:rod1,rod1,rod1,strong,late_mid,28,33,-8,L,avoid_feeding,0,,,1,3.5,0,0,,,0,,
1878,rod1:rod1,rod1,rod1,strong,late_mid,15,27,8,W,avoid_feeding,0,,,1,2.3,1,0,,,0,,
1875,rod1:rod1,rod1,rod1,strong,midgame,29,25,8,W,avoid_feeding,0,,,1,2.0,1,0,,,0,,
1877,rod1:rod1,rod1,rod1,strong,late_mid,21,45,8,W,avoid_feeding|contest_merge,0,,,1,3.8,0,1,18.0,1,0,,
1879,rod1:rod1,rod1,rod1,strong,pre_endgame,13,34,8,W,contest_merge,0,,,0,,,1,18.0,1,0,,
1881,rod1:rod1,rod1,rod1,strong,pre_endgame,9,43,8,W,avoid_feeding,0,,,1,3.5,0,0,,,0,,
1880,rod1:rod1,rod1,rod1,strong,pre_endgame,11,39,8,W,avoid_feeding,0,,,1,3.5,0,0,,,0,,
1883,rod1:rod1,rod1,rod1,strong,opening,72,4,39,W,farm_claim,0,,,0,,,0,,,1,6.0,1
1882,rod1:rod1,rod1,rod1,strong,endgame,5,3,8,W,farm_claim,0,,,0,,,0,,,1,9.0,0
1884,rod1:rod1,rod1,rod1,strong,opening,69,6,-39,L,farm_claim,0,,,0,,,0,,,1,6.0,1
1885,rod1:rod1,rod1,rod1,strong,opening,68,9,39,W,contest_merge,0,,,0,,,1,12.0,0,0,,
1886,rod1:rod1,rod1,rod1,strong,opening,67,14,-39,L,avoid_feeding,0,,,1,2.4,0,0,,,0,,
1887,rod1:rod1,rod1,rod1,strong,opening,65,12,-39,L,avoid_feeding|contest_merge,0,,,1,2.4,1,1,18.0,0,0,,
1861,rod1:rod1,rod1,rod1,strong,endgame,2,46,-14,L,block|avoid_feeding,1,3.5,0,1,3.5,0,0,,,0,,
1889,rod1:rod1,rod1,rod1,strong,opening,64,19,39,W,contest_merge,0,,,0,,,1,12.0,0,0,,
1888,rod1:rod1,rod1,rod1,strong,opening,65,2,-39,L,farm_claim,0,,,0,,,0,,,1,6.0,1
1890,rod1:rod1,rod1,rod1,strong,opening,63,4,-39,L,farm_claim,0,,,0,,,0,,,1,9.0,1
1891,rod1:rod1,rod1,rod1,strong,midgame,44,4,39,W,farm_claim,0,,,0,,,0,,,1,6.0,1
1892,rod1:rod1,rod1,rod1,strong,midgame,41,25,-39,L,contest_merge,0,,,0,,,1,24.0,0,0,,
1893,rod1:rod1,rod1,rod1,strong,midgame,39,32,-39,L,contest_merge,0,,,0,,,1,21.0,0,0,,
1894,rod1:rod1,rod1,rod1,strong,midgame,31,28,-39,L,block|avoid_feeding|contest_merge,1,3.0,0,1,3.0,0,1,27.0,0,0,,
1900,rod1:rod1,rod1,rod1,strong,opening,72,4,-5,L,farm_claim,0,,,0,,,0,,,1,6.0,1
1895,rod1:rod1,rod1,rod1,strong,midgame,29,23,-39,L,block|avoid_feeding,1,3.0,0,1,3.0,0,0,,,0,,
1896,rod1:rod1,rod1,rod1,strong,late_mid,19,52,-39,L,contest_merge,0,,,0,,,1,24.0,0,0,,
1901,rod1:rod1,rod1,rod1,strong,opening,68,7,-5,L,farm_claim,0,,,0,,,0,,,1,6.0,0
1902,rod1:rod1,rod1,rod1,strong,opening,64,22,-5,L,avoid_feeding,0,,,1,2.5,0,0,,,0,,
1897,rod1:rod1,rod1,rod1,strong,late_mid,18,43,39,W,contest_merge,0,,,0,,,1,27.0,1,0,,
1903,rod1:rod1,rod1,rod1,strong,opening,64,4,-5,L,farm_claim,0,,,0,,,0,,,1,9.0,0
1898,rod1:rod1,rod1,rod1,strong,endgame,5,29,-39,L,avoid_feeding,0,,,1,2.0,1,0,,,0,,
1904,rod1:rod1,rod1,rod1,strong,opening,62,4,-5,L,farm_claim,0,,,0,,,0,,,1,6.0,0
1899,rod1:rod1,rod1,rod1,strong,endgame,3,54,-39,L,avoid_feeding,0,,,1,3.2,0,0,,,0,,
1905,rod1:rod1,rod1,rod1,strong,opening,59,17,5,W,avoid_feeding,0,,,1,3.5,0,0,,,0,,
1906,rod1:rod1,rod1,rod1,strong,opening,59,2,5,W,farm_claim,0,,,0,,,0,,,1,9.0,1
1907,rod1:rod1,rod1,rod1,strong,opening,56,3,-5,L,farm_claim,0,,,0,,,0,,,1,6.0,0
1908,rod1:rod1,rod1,rod1,strong,opening,49,4,5,W,farm_claim,0,,,0,,,0,,,1,6.0,1
1909,rod1:rod1,rod1,rod1,strong,midgame,43,28,5,W,block|avoid_feeding,1,5.0,0,1,5.0,0,0,,,0,,
1911,rod1:rod1,rod1,rod1,strong,midgame,37,8,5,W,farm_claim,0,,,0,,,0,,,1,6.0,1
1910,rod1:rod1,rod1,rod1,strong,midgame,41,31,5,W,block|avoid_feeding,1,5.0,0,1,5.0,0,0,,,0,,
1912,rod1:rod1,rod1,rod1,strong,midgame,33,4,5,W,farm_claim,0,,,0,,,0,,,1,6.0,0
1913,rod1:rod1,rod1,rod1,strong,midgame,29,31,5,W,block|avoid_feeding,1,5.0,0,1,5.0,0,0,,,0,,
1914,rod1:rod1,rod1,rod1,strong,late_mid,28,3,-5,L,farm_claim,0,,,0,,,0,,,1,6.0,0
1915,rod1:rod1,rod1,rod1,strong,late_mid,22,5,-5,L,farm_claim,0,,,0,,,0,,,1,6.0,0
1916,rod1:rod1,rod1,rod1,strong,endgame,6,28,-5,L,block|avoid_feeding,1,2.0,0,1,2.0,0,0,,,0,,
1917,rod1:rod1,rod1,rod1,strong,endgame,3,23,5,W,block|avoid_feeding,1,2.0,1,1,2.0,1,0,,,0,,
