gen_id,seed,ply,k,phase,legal_n,score_margin_abs,meeples_free,converged,h3200_move,deep_move,deep_minus_shallow_immediate,rod1_matches_deep,mechanism,sub_mechanism,affects_winloss_guess
mp1925000039,1925000039,128,8,pre_endgame,52,6,"[0, 0]",True,tile_place,tile_place,0,False,"tile placement (same phase, different square = blocking/conversion/tempo)","equal turn scoring (positional / blocking / future-equity, no completion diff)",possible W/L
mp1925000061,1925000061,128,8,pre_endgame,40,38,"[1, 1]",True,tile_place,tile_place,0,False,"tile placement (same phase, different square = blocking/conversion/tempo)","equal turn scoring (positional / blocking / future-equity, no completion diff)",possible W/L
mp1925000009,1925000009,128,8,pre_endgame,50,26,"[0, 0]",True,tile_place,tile_place,0,False,"tile placement (same phase, different square = blocking/conversion/tempo)","equal turn scoring (positional / blocking / future-equity, no completion diff)",possible W/L
mp1925000048,1925000048,128,8,pre_endgame,64,10,"[0, 1]",True,tile_place,tile_place,0,False,"tile placement (same phase, different square = blocking/conversion/tempo)","equal turn scoring (positional / blocking / future-equity, no completion diff)",possible W/L
mp1925000036,1925000036,128,8,pre_endgame,38,4,"[0, 0]",True,tile_place,tile_place,0,False,"tile placement (same phase, different square = blocking/conversion/tempo)","equal turn scoring (positional / blocking / future-equity, no completion diff)",possible W/L
mp1925000051,1925000051,128,8,pre_endgame,51,16,"[0, 0]",True,tile_place,tile_place,0,False,"tile placement (same phase, different square = blocking/conversion/tempo)","equal turn scoring (positional / blocking / future-equity, no completion diff)",possible W/L
mp1925000042,1925000042,124,10,pre_endgame,39,14,"[0, 0]",True,tile_place,tile_place,0,True,"tile placement (same phase, different square = blocking/conversion/tempo)","equal turn scoring (positional / blocking / future-equity, no completion diff)",possible W/L
mp1925000032,1925000032,124,10,pre_endgame,29,16,"[1, 1]",True,tile_place,tile_place,0,False,"tile placement (same phase, different square = blocking/conversion/tempo)","equal turn scoring (positional / blocking / future-equity, no completion diff)",possible W/L
mp1925000052,1925000052,124,10,pre_endgame,26,4,"[0, 0]",True,tile_place,tile_place,0,True,"tile placement (same phase, different square = blocking/conversion/tempo)","equal turn scoring (positional / blocking / future-equity, no completion diff)",possible W/L
mp1925000036,1925000036,124,10,pre_endgame,29,4,"[0, 0]",True,tile_place,tile_place,0,False,"tile placement (same phase, different square = blocking/conversion/tempo)","equal turn scoring (positional / blocking / future-equity, no completion diff)",possible W/L
mp1925000068,1925000068,124,10,pre_endgame,38,16,"[1, 0]",True,tile_place,tile_place,0,True,"tile placement (same phase, different square = blocking/conversion/tempo)","equal turn scoring (positional / blocking / future-equity, no completion diff)",possible W/L
mp1925000079,1925000079,124,10,pre_endgame,33,13,"[0, 0]",True,tile_place,tile_place,0,True,"tile placement (same phase, different square = blocking/conversion/tempo)","equal turn scoring (positional / blocking / future-equity, no completion diff)",possible W/L
mp1925000004,1925000004,124,10,pre_endgame,60,42,"[0, 0]",True,tile_place,tile_place,0,False,"tile placement (same phase, different square = blocking/conversion/tempo)","equal turn scoring (positional / blocking / future-equity, no completion diff)",possible W/L
mp1925000063,1925000063,124,10,pre_endgame,60,13,"[0, 0]",True,tile_place,tile_place,0,False,"tile placement (same phase, different square = blocking/conversion/tempo)","equal turn scoring (positional / blocking / future-equity, no completion diff)",possible W/L
mp1925000087,1925000087,124,10,pre_endgame,41,34,"[0, 0]",True,tile_place,tile_place,0,False,"tile placement (same phase, different square = blocking/conversion/tempo)","equal turn scoring (positional / blocking / future-equity, no completion diff)",possible W/L
mp1925000002,1925000002,124,10,pre_endgame,60,14,"[0, 0]",True,tile_place,tile_place,0,False,"tile placement (same phase, different square = blocking/conversion/tempo)","equal turn scoring (positional / blocking / future-equity, no completion diff)",possible W/L
mp1925000024,1925000024,124,10,pre_endgame,37,2,"[0, 0]",True,tile_place,tile_place,0,False,"tile placement (same phase, different square = blocking/conversion/tempo)","equal turn scoring (positional / blocking / future-equity, no completion diff)",possible W/L
mp1925000089,1925000089,124,10,pre_endgame,44,4,"[0, 0]",True,tile_place,tile_place,10,False,"tile placement (same phase, different square = blocking/conversion/tempo)",deep completes +10 more pts this turn (shallow leaves a completion / conversion),possible W/L
mp1925000021,1925000021,120,12,pre_endgame,30,1,"[0, 0]",True,tile_place,tile_place,0,False,"tile placement (same phase, different square = blocking/conversion/tempo)","equal turn scoring (positional / blocking / future-equity, no completion diff)",possible W/L
mp1925000036,1925000036,120,12,pre_endgame,40,4,"[0, 0]",True,tile_place,tile_place,0,False,"tile placement (same phase, different square = blocking/conversion/tempo)","equal turn scoring (positional / blocking / future-equity, no completion diff)",possible W/L
mp1925000064,1925000064,120,12,pre_endgame,37,50,"[0, 1]",True,tile_place,tile_place,0,False,"tile placement (same phase, different square = blocking/conversion/tempo)","equal turn scoring (positional / blocking / future-equity, no completion diff)",possible W/L
mp1925000011,1925000011,120,12,pre_endgame,60,19,"[1, 1]",True,tile_place,tile_place,0,True,"tile placement (same phase, different square = blocking/conversion/tempo)","equal turn scoring (positional / blocking / future-equity, no completion diff)",possible W/L
mp1925000089,1925000089,120,12,pre_endgame,41,4,"[0, 0]",True,tile_place,tile_place,0,True,"tile placement (same phase, different square = blocking/conversion/tempo)","equal turn scoring (positional / blocking / future-equity, no completion diff)",possible W/L
mp1925000040,1925000040,120,12,pre_endgame,45,21,"[0, 1]",True,tile_place,tile_place,0,False,"tile placement (same phase, different square = blocking/conversion/tempo)","equal turn scoring (positional / blocking / future-equity, no completion diff)",possible W/L
mp1925000033,1925000033,120,12,pre_endgame,33,49,"[0, 0]",True,tile_place,tile_place,0,False,"tile placement (same phase, different square = blocking/conversion/tempo)","equal turn scoring (positional / blocking / future-equity, no completion diff)",possible W/L
mp1925000018,1925000018,120,12,pre_endgame,109,16,"[0, 0]",True,tile_place,tile_place,-1,False,"tile placement (same phase, different square = blocking/conversion/tempo)",deep forgoes 1 completion pts this turn (positional / tempo / setup),possible W/L
mp1925000059,1925000059,120,12,pre_endgame,35,4,"[0, 0]",True,tile_place,tile_place,0,False,"tile placement (same phase, different square = blocking/conversion/tempo)","equal turn scoring (positional / blocking / future-equity, no completion diff)",possible W/L
mp1925000074,1925000074,120,12,pre_endgame,46,26,"[0, 1]",True,tile_place,tile_place,0,True,"tile placement (same phase, different square = blocking/conversion/tempo)","equal turn scoring (positional / blocking / future-equity, no completion diff)",possible W/L
mp1925000077,1925000077,120,12,pre_endgame,32,25,"[0, 0]",True,tile_place,tile_place,0,False,"tile placement (same phase, different square = blocking/conversion/tempo)","equal turn scoring (positional / blocking / future-equity, no completion diff)",possible W/L
mp1925000039,1925000039,120,12,pre_endgame,60,10,"[0, 1]",True,tile_place,tile_place,-6,True,"tile placement (same phase, different square = blocking/conversion/tempo)",deep forgoes 6 completion pts this turn (positional / tempo / setup),possible W/L
mp1925000060,1925000060,116,14,pre_endgame,32,4,"[0, 0]",True,tile_place,tile_place,0,False,"tile placement (same phase, different square = blocking/conversion/tempo)","equal turn scoring (positional / blocking / future-equity, no completion diff)",possible W/L
mp1925000019,1925000019,116,14,pre_endgame,27,34,"[1, 0]",True,tile_place,tile_place,0,False,"tile placement (same phase, different square = blocking/conversion/tempo)","equal turn scoring (positional / blocking / future-equity, no completion diff)",possible W/L
mp1925000045,1925000045,116,14,pre_endgame,44,6,"[0, 0]",True,tile_place,tile_place,0,True,"tile placement (same phase, different square = blocking/conversion/tempo)","equal turn scoring (positional / blocking / future-equity, no completion diff)",possible W/L
mp1925000051,1925000051,116,14,pre_endgame,44,16,"[0, 0]",True,tile_place,tile_place,0,False,"tile placement (same phase, different square = blocking/conversion/tempo)","equal turn scoring (positional / blocking / future-equity, no completion diff)",possible W/L
mp1925000055,1925000055,115,14,pre_endgame,51,25,"[0, 0]",True,tile_place,tile_place,0,True,"tile placement (same phase, different square = blocking/conversion/tempo)","equal turn scoring (positional / blocking / future-equity, no completion diff)",possible W/L
mp1925000011,1925000011,116,14,pre_endgame,42,22,"[0, 1]",True,tile_place,tile_place,0,False,"tile placement (same phase, different square = blocking/conversion/tempo)","equal turn scoring (positional / blocking / future-equity, no completion diff)",possible W/L
mp1925000037,1925000037,116,14,pre_endgame,28,22,"[0, 1]",True,tile_place,tile_place,0,False,"tile placement (same phase, different square = blocking/conversion/tempo)","equal turn scoring (positional / blocking / future-equity, no completion diff)",possible W/L
mp1925000065,1925000065,116,14,pre_endgame,29,9,"[0, 0]",True,tile_place,tile_place,0,False,"tile placement (same phase, different square = blocking/conversion/tempo)","equal turn scoring (positional / blocking / future-equity, no completion diff)",possible W/L
mp1925000031,1925000031,108,18,late_mid,42,16,"[0, 0]",True,tile_place,tile_place,0,False,"tile placement (same phase, different square = blocking/conversion/tempo)","equal turn scoring (positional / blocking / future-equity, no completion diff)",possible W/L
mp1925000040,1925000040,108,18,late_mid,58,7,"[0, 0]",True,tile_place,tile_place,0,False,"tile placement (same phase, different square = blocking/conversion/tempo)","equal turn scoring (positional / blocking / future-equity, no completion diff)",possible W/L
mp1925000084,1925000084,108,18,late_mid,30,16,"[0, 0]",True,tile_place,tile_place,0,True,"tile placement (same phase, different square = blocking/conversion/tempo)","equal turn scoring (positional / blocking / future-equity, no completion diff)",possible W/L
mp1925000043,1925000043,108,18,late_mid,27,3,"[0, 0]",True,tile_place,tile_place,0,False,"tile placement (same phase, different square = blocking/conversion/tempo)","equal turn scoring (positional / blocking / future-equity, no completion diff)",possible W/L
mp1925000055,1925000055,107,18,late_mid,30,26,"[0, 0]",True,tile_place,tile_place,0,False,"tile placement (same phase, different square = blocking/conversion/tempo)","equal turn scoring (positional / blocking / future-equity, no completion diff)",possible W/L
mp1925000089,1925000089,108,18,late_mid,40,4,"[0, 0]",True,tile_place,tile_place,0,True,"tile placement (same phase, different square = blocking/conversion/tempo)","equal turn scoring (positional / blocking / future-equity, no completion diff)",possible W/L
mp1925000011,1925000011,108,18,late_mid,49,20,"[0, 1]",True,tile_place,tile_place,0,False,"tile placement (same phase, different square = blocking/conversion/tempo)","equal turn scoring (positional / blocking / future-equity, no completion diff)",possible W/L
mp1925000037,1925000037,108,18,late_mid,26,16,"[0, 0]",True,tile_place,tile_place,0,False,"tile placement (same phase, different square = blocking/conversion/tempo)","equal turn scoring (positional / blocking / future-equity, no completion diff)",possible W/L
mp1925000052,1925000052,108,18,late_mid,33,4,"[1, 0]",True,tile_place,tile_place,0,False,"tile placement (same phase, different square = blocking/conversion/tempo)","equal turn scoring (positional / blocking / future-equity, no completion diff)",possible W/L
mp1925000076,1925000076,108,18,late_mid,29,14,"[0, 0]",True,tile_place,tile_place,0,False,"tile placement (same phase, different square = blocking/conversion/tempo)","equal turn scoring (positional / blocking / future-equity, no completion diff)",possible W/L
mp1925000021,1925000021,108,18,late_mid,24,1,"[0, 1]",True,tile_place,tile_place,0,True,"tile placement (same phase, different square = blocking/conversion/tempo)","equal turn scoring (positional / blocking / future-equity, no completion diff)",possible W/L
mp1925000028,1925000028,108,18,late_mid,31,1,"[0, 0]",True,tile_place,tile_place,0,False,"tile placement (same phase, different square = blocking/conversion/tempo)","equal turn scoring (positional / blocking / future-equity, no completion diff)",possible W/L
mp1925000081,1925000081,108,18,late_mid,26,12,"[0, 0]",True,tile_place,tile_place,0,True,"tile placement (same phase, different square = blocking/conversion/tempo)","equal turn scoring (positional / blocking / future-equity, no completion diff)",possible W/L
mp1925000028,1925000028,100,22,late_mid,22,2,"[0, 0]",True,tile_place,tile_place,0,False,"tile placement (same phase, different square = blocking/conversion/tempo)","equal turn scoring (positional / blocking / future-equity, no completion diff)",possible W/L
mp1925000009,1925000009,100,22,late_mid,76,9,"[0, 1]",True,tile_place,tile_place,0,False,"tile placement (same phase, different square = blocking/conversion/tempo)","equal turn scoring (positional / blocking / future-equity, no completion diff)",possible W/L
mp1925000069,1925000069,100,22,late_mid,44,38,"[2, 0]",True,tile_place,tile_place,0,False,"tile placement (same phase, different square = blocking/conversion/tempo)","equal turn scoring (positional / blocking / future-equity, no completion diff)",possible W/L
mp1925000010,1925000010,92,26,late_mid,34,7,"[0, 0]",True,tile_place,tile_place,0,False,"tile placement (same phase, different square = blocking/conversion/tempo)","equal turn scoring (positional / blocking / future-equity, no completion diff)",possible W/L
mp1925000026,1925000026,92,26,late_mid,21,8,"[1, 1]",True,tile_place,tile_place,0,False,"tile placement (same phase, different square = blocking/conversion/tempo)","equal turn scoring (positional / blocking / future-equity, no completion diff)",possible W/L
mp1925000036,1925000036,92,26,late_mid,23,4,"[0, 0]",True,tile_place,tile_place,0,False,"tile placement (same phase, different square = blocking/conversion/tempo)","equal turn scoring (positional / blocking / future-equity, no completion diff)",possible W/L
mp1925000044,1925000044,92,26,late_mid,42,7,"[0, 0]",True,tile_place,tile_place,0,False,"tile placement (same phase, different square = blocking/conversion/tempo)","equal turn scoring (positional / blocking / future-equity, no completion diff)",possible W/L
mp1925000054,1925000054,92,26,late_mid,72,18,"[0, 1]",True,tile_place,tile_place,0,False,"tile placement (same phase, different square = blocking/conversion/tempo)","equal turn scoring (positional / blocking / future-equity, no completion diff)",possible W/L
mp1925000002,1925000002,92,26,late_mid,16,9,"[0, 0]",True,tile_place,tile_place,0,False,"tile placement (same phase, different square = blocking/conversion/tempo)","equal turn scoring (positional / blocking / future-equity, no completion diff)",possible W/L
mp1925000070,1925000070,92,26,late_mid,35,0,"[0, 1]",True,tile_place,tile_place,0,False,"tile placement (same phase, different square = blocking/conversion/tempo)","equal turn scoring (positional / blocking / future-equity, no completion diff)",possible W/L
mp1925000020,1925000020,92,26,late_mid,80,16,"[0, 0]",True,tile_place,tile_place,0,False,"tile placement (same phase, different square = blocking/conversion/tempo)","equal turn scoring (positional / blocking / future-equity, no completion diff)",possible W/L
mp1925000085,1925000085,92,26,late_mid,52,18,"[0, 0]",True,tile_place,tile_place,0,False,"tile placement (same phase, different square = blocking/conversion/tempo)","equal turn scoring (positional / blocking / future-equity, no completion diff)",possible W/L
mp1925000075,1925000075,139,2,endgame,58,11,"[0, 0]",True,tile_place,tile_place,0,False,"tile placement (same phase, different square = blocking/conversion/tempo)","equal turn scoring (positional / blocking / future-equity, no completion diff)",margin-only
mp1925000008,1925000008,140,2,endgame,45,6,"[1, 0]",True,tile_place,tile_place,0,False,"tile placement (same phase, different square = blocking/conversion/tempo)","equal turn scoring (positional / blocking / future-equity, no completion diff)",margin-only
mp1925000049,1925000049,140,2,endgame,44,21,"[0, 0]",True,tile_place,tile_place,-9,False,"tile placement (same phase, different square = blocking/conversion/tempo)",deep forgoes 9 completion pts this turn (positional / tempo / setup),margin-only
mp1925000004,1925000004,140,2,endgame,49,42,"[0, 0]",True,tile_place,tile_place,0,False,"tile placement (same phase, different square = blocking/conversion/tempo)","equal turn scoring (positional / blocking / future-equity, no completion diff)",margin-only
mp1925000078,1925000078,140,2,endgame,51,2,"[1, 0]",True,tile_place,tile_place,0,True,"tile placement (same phase, different square = blocking/conversion/tempo)","equal turn scoring (positional / blocking / future-equity, no completion diff)",margin-only
mp1925000069,1925000069,140,2,endgame,42,57,"[0, 0]",True,tile_place,tile_place,0,False,"tile placement (same phase, different square = blocking/conversion/tempo)","equal turn scoring (positional / blocking / future-equity, no completion diff)",margin-only
mp1925000045,1925000045,140,2,endgame,67,29,"[0, 1]",True,tile_place,tile_place,0,False,"tile placement (same phase, different square = blocking/conversion/tempo)","equal turn scoring (positional / blocking / future-equity, no completion diff)",margin-only
mp1925000042,1925000042,140,2,endgame,46,14,"[0, 0]",True,tile_place,tile_place,0,False,"tile placement (same phase, different square = blocking/conversion/tempo)","equal turn scoring (positional / blocking / future-equity, no completion diff)",margin-only
mp1925000080,1925000080,140,2,endgame,61,11,"[0, 0]",True,tile_place,tile_place,0,False,"tile placement (same phase, different square = blocking/conversion/tempo)","equal turn scoring (positional / blocking / future-equity, no completion diff)",margin-only
mp1925000043,1925000043,138,3,endgame,112,6,"[1, 0]",True,tile_place,tile_place,0,False,"tile placement (same phase, different square = blocking/conversion/tempo)","equal turn scoring (positional / blocking / future-equity, no completion diff)",margin-only
mp1925000086,1925000086,138,3,endgame,13,30,"[1, 0]",True,tile_place,tile_place,0,False,"tile placement (same phase, different square = blocking/conversion/tempo)","equal turn scoring (positional / blocking / future-equity, no completion diff)",margin-only
mp1925000056,1925000056,137,3,endgame,30,12,"[0, 0]",True,tile_place,tile_place,-6,False,"tile placement (same phase, different square = blocking/conversion/tempo)",deep forgoes 6 completion pts this turn (positional / tempo / setup),margin-only
mp1925000004,1925000004,138,3,endgame,26,42,"[0, 0]",True,tile_place,tile_place,0,False,"tile placement (same phase, different square = blocking/conversion/tempo)","equal turn scoring (positional / blocking / future-equity, no completion diff)",margin-only
mp1925000013,1925000013,138,3,endgame,36,26,"[1, 0]",True,tile_place,tile_place,0,False,"tile placement (same phase, different square = blocking/conversion/tempo)","equal turn scoring (positional / blocking / future-equity, no completion diff)",margin-only
mp1925000052,1925000052,138,3,endgame,32,0,"[0, 0]",True,tile_place,tile_place,0,False,"tile placement (same phase, different square = blocking/conversion/tempo)","equal turn scoring (positional / blocking / future-equity, no completion diff)",margin-only
mp1925000078,1925000078,138,3,endgame,25,2,"[1, 0]",True,tile_place,tile_place,0,True,"tile placement (same phase, different square = blocking/conversion/tempo)","equal turn scoring (positional / blocking / future-equity, no completion diff)",margin-only
mp1925000040,1925000040,138,3,endgame,27,21,"[0, 0]",True,tile_place,tile_place,0,False,"tile placement (same phase, different square = blocking/conversion/tempo)","equal turn scoring (positional / blocking / future-equity, no completion diff)",margin-only
mp1925000000,1925000000,137,3,endgame,21,21,"[0, 0]",True,tile_place,tile_place,0,False,"tile placement (same phase, different square = blocking/conversion/tempo)","equal turn scoring (positional / blocking / future-equity, no completion diff)",margin-only
mp1925000034,1925000034,138,3,endgame,59,5,"[0, 0]",True,tile_place,tile_place,0,False,"tile placement (same phase, different square = blocking/conversion/tempo)","equal turn scoring (positional / blocking / future-equity, no completion diff)",margin-only
mp1925000080,1925000080,136,4,endgame,55,11,"[1, 0]",True,tile_place,tile_place,0,False,"tile placement (same phase, different square = blocking/conversion/tempo)","equal turn scoring (positional / blocking / future-equity, no completion diff)",margin-only
mp1925000050,1925000050,136,4,endgame,23,23,"[0, 0]",True,tile_place,tile_place,0,True,"tile placement (same phase, different square = blocking/conversion/tempo)","equal turn scoring (positional / blocking / future-equity, no completion diff)",margin-only
mp1925000068,1925000068,136,4,endgame,37,1,"[1, 0]",True,tile_place,tile_place,0,False,"tile placement (same phase, different square = blocking/conversion/tempo)","equal turn scoring (positional / blocking / future-equity, no completion diff)",margin-only
mp1925000049,1925000049,136,4,endgame,60,21,"[0, 0]",True,tile_place,tile_place,0,False,"tile placement (same phase, different square = blocking/conversion/tempo)","equal turn scoring (positional / blocking / future-equity, no completion diff)",margin-only
mp1925000038,1925000038,136,4,endgame,120,21,"[0, 1]",True,tile_place,tile_place,0,False,"tile placement (same phase, different square = blocking/conversion/tempo)","equal turn scoring (positional / blocking / future-equity, no completion diff)",margin-only
mp1925000030,1925000030,136,4,endgame,43,13,"[0, 1]",True,tile_place,tile_place,0,True,"tile placement (same phase, different square = blocking/conversion/tempo)","equal turn scoring (positional / blocking / future-equity, no completion diff)",margin-only
mp1925000041,1925000041,136,4,endgame,36,12,"[1, 0]",True,tile_place,tile_place,0,False,"tile placement (same phase, different square = blocking/conversion/tempo)","equal turn scoring (positional / blocking / future-equity, no completion diff)",margin-only
mp1925000012,1925000012,136,4,endgame,44,14,"[0, 2]",True,tile_place,tile_place,0,False,"tile placement (same phase, different square = blocking/conversion/tempo)","equal turn scoring (positional / blocking / future-equity, no completion diff)",margin-only
mp1925000045,1925000045,136,4,endgame,33,19,"[0, 0]",True,tile_place,tile_place,0,True,"tile placement (same phase, different square = blocking/conversion/tempo)","equal turn scoring (positional / blocking / future-equity, no completion diff)",margin-only
mp1925000015,1925000015,134,5,endgame,66,14,"[1, 0]",True,tile_place,tile_place,0,False,"tile placement (same phase, different square = blocking/conversion/tempo)","equal turn scoring (positional / blocking / future-equity, no completion diff)",margin-only
mp1925000065,1925000065,134,5,endgame,38,9,"[0, 0]",True,tile_place,tile_place,0,False,"tile placement (same phase, different square = blocking/conversion/tempo)","equal turn scoring (positional / blocking / future-equity, no completion diff)",margin-only
mp1925000089,1925000089,134,5,endgame,51,4,"[0, 0]",True,tile_place,tile_place,0,False,"tile placement (same phase, different square = blocking/conversion/tempo)","equal turn scoring (positional / blocking / future-equity, no completion diff)",margin-only
mp1925000063,1925000063,134,5,endgame,47,13,"[0, 0]",True,tile_place,tile_place,0,False,"tile placement (same phase, different square = blocking/conversion/tempo)","equal turn scoring (positional / blocking / future-equity, no completion diff)",margin-only
mp1925000016,1925000016,134,5,endgame,66,29,"[0, 0]",True,tile_place,tile_place,0,False,"tile placement (same phase, different square = blocking/conversion/tempo)","equal turn scoring (positional / blocking / future-equity, no completion diff)",margin-only
mp1925000021,1925000021,134,5,endgame,34,1,"[0, 0]",True,tile_place,tile_place,7,False,"tile placement (same phase, different square = blocking/conversion/tempo)",deep completes +7 more pts this turn (shallow leaves a completion / conversion),margin-only
mp1925000071,1925000071,134,5,endgame,40,22,"[0, 0]",True,tile_place,tile_place,0,False,"tile placement (same phase, different square = blocking/conversion/tempo)","equal turn scoring (positional / blocking / future-equity, no completion diff)",margin-only
mp1925000046,1925000046,134,5,endgame,48,10,"[0, 0]",True,tile_place,tile_place,0,False,"tile placement (same phase, different square = blocking/conversion/tempo)","equal turn scoring (positional / blocking / future-equity, no completion diff)",margin-only
mp1925000007,1925000007,134,5,endgame,23,22,"[0, 0]",True,tile_place,tile_place,0,False,"tile placement (same phase, different square = blocking/conversion/tempo)","equal turn scoring (positional / blocking / future-equity, no completion diff)",margin-only
mp1925000011,1925000011,134,5,endgame,90,19,"[0, 0]",True,tile_place,tile_place,0,False,"tile placement (same phase, different square = blocking/conversion/tempo)","equal turn scoring (positional / blocking / future-equity, no completion diff)",margin-only
mp1925000054,1925000054,132,6,endgame,47,21,"[0, 0]",True,tile_place,tile_place,0,False,"tile placement (same phase, different square = blocking/conversion/tempo)","equal turn scoring (positional / blocking / future-equity, no completion diff)",margin-only
mp1925000075,1925000075,131,6,endgame,74,11,"[0, 0]",True,tile_place,tile_place,0,False,"tile placement (same phase, different square = blocking/conversion/tempo)","equal turn scoring (positional / blocking / future-equity, no completion diff)",margin-only
mp1925000046,1925000046,132,6,endgame,47,10,"[0, 0]",True,tile_place,tile_place,0,False,"tile placement (same phase, different square = blocking/conversion/tempo)","equal turn scoring (positional / blocking / future-equity, no completion diff)",margin-only
mp1925000038,1925000038,132,6,endgame,21,25,"[1, 1]",True,tile_place,tile_place,0,False,"tile placement (same phase, different square = blocking/conversion/tempo)","equal turn scoring (positional / blocking / future-equity, no completion diff)",margin-only
mp1925000048,1925000048,132,6,endgame,36,10,"[0, 0]",True,tile_place,tile_place,0,True,"tile placement (same phase, different square = blocking/conversion/tempo)","equal turn scoring (positional / blocking / future-equity, no completion diff)",margin-only
mp1925000071,1925000071,132,6,endgame,32,22,"[0, 0]",True,tile_place,tile_place,0,False,"tile placement (same phase, different square = blocking/conversion/tempo)","equal turn scoring (positional / blocking / future-equity, no completion diff)",margin-only
mp1925000050,1925000050,132,6,endgame,64,23,"[0, 1]",True,tile_place,tile_place,0,True,"tile placement (same phase, different square = blocking/conversion/tempo)","equal turn scoring (positional / blocking / future-equity, no completion diff)",margin-only
mp1925000055,1925000055,131,6,endgame,48,1,"[1, 0]",True,tile_place,tile_place,0,False,"tile placement (same phase, different square = blocking/conversion/tempo)","equal turn scoring (positional / blocking / future-equity, no completion diff)",margin-only
mp1925000020,1925000020,132,6,endgame,43,30,"[1, 0]",True,tile_place,tile_place,0,True,"tile placement (same phase, different square = blocking/conversion/tempo)","equal turn scoring (positional / blocking / future-equity, no completion diff)",margin-only
mp1925000041,1925000041,132,6,endgame,56,22,"[0, 0]",True,tile_place,tile_place,0,True,"tile placement (same phase, different square = blocking/conversion/tempo)","equal turn scoring (positional / blocking / future-equity, no completion diff)",margin-only
mp1925000060,1925000060,132,6,endgame,28,6,"[0, 0]",True,tile_place,tile_place,0,True,"tile placement (same phase, different square = blocking/conversion/tempo)","equal turn scoring (positional / blocking / future-equity, no completion diff)",margin-only
mp1925000070,1925000070,132,6,endgame,39,8,"[0, 0]",True,tile_place,tile_place,0,False,"tile placement (same phase, different square = blocking/conversion/tempo)","equal turn scoring (positional / blocking / future-equity, no completion diff)",margin-only
mp1925000043,1925000043,132,6,endgame,41,12,"[0, 1]",True,tile_place,tile_place,0,False,"tile placement (same phase, different square = blocking/conversion/tempo)","equal turn scoring (positional / blocking / future-equity, no completion diff)",margin-only
mp1925000067,1925000067,132,6,endgame,27,5,"[0, 0]",True,tile_place,tile_place,0,False,"tile placement (same phase, different square = blocking/conversion/tempo)","equal turn scoring (positional / blocking / future-equity, no completion diff)",margin-only
mp1925000036,1925000036,132,6,endgame,40,4,"[0, 0]",True,tile_place,tile_place,0,True,"tile placement (same phase, different square = blocking/conversion/tempo)","equal turn scoring (positional / blocking / future-equity, no completion diff)",margin-only
mp1925000063,1925000063,80,32,midgame,24,2,"[1, 0]",True,tile_place,tile_place,0,False,"tile placement (same phase, different square = blocking/conversion/tempo)","equal turn scoring (positional / blocking / future-equity, no completion diff)",possible W/L
mp1925000079,1925000079,80,32,midgame,40,15,"[0, 0]",True,tile_place,tile_place,0,True,"tile placement (same phase, different square = blocking/conversion/tempo)","equal turn scoring (positional / blocking / future-equity, no completion diff)",possible W/L
mp1925000087,1925000087,80,32,midgame,39,27,"[1, 0]",True,tile_place,tile_place,0,True,"tile placement (same phase, different square = blocking/conversion/tempo)","equal turn scoring (positional / blocking / future-equity, no completion diff)",possible W/L
mp1925000053,1925000053,80,32,midgame,49,3,"[0, 0]",True,tile_place,tile_place,0,False,"tile placement (same phase, different square = blocking/conversion/tempo)","equal turn scoring (positional / blocking / future-equity, no completion diff)",possible W/L
mp1925000042,1925000042,80,32,midgame,36,6,"[0, 0]",True,tile_place,tile_place,0,False,"tile placement (same phase, different square = blocking/conversion/tempo)","equal turn scoring (positional / blocking / future-equity, no completion diff)",possible W/L
mp1925000058,1925000058,80,32,midgame,45,19,"[1, 1]",True,tile_place,tile_place,0,True,"tile placement (same phase, different square = blocking/conversion/tempo)","equal turn scoring (positional / blocking / future-equity, no completion diff)",possible W/L
mp1925000057,1925000057,78,32,midgame,33,4,"[0, 0]",True,tile_place,tile_place,0,False,"tile placement (same phase, different square = blocking/conversion/tempo)","equal turn scoring (positional / blocking / future-equity, no completion diff)",possible W/L
mp1925000004,1925000004,80,32,midgame,27,28,"[0, 0]",True,tile_place,tile_place,0,True,"tile placement (same phase, different square = blocking/conversion/tempo)","equal turn scoring (positional / blocking / future-equity, no completion diff)",possible W/L
mp1925000047,1925000047,80,32,midgame,60,6,"[0, 0]",True,tile_place,tile_place,0,False,"tile placement (same phase, different square = blocking/conversion/tempo)","equal turn scoring (positional / blocking / future-equity, no completion diff)",possible W/L
mp1925000068,1925000068,80,32,midgame,24,17,"[0, 1]",True,tile_place,tile_place,0,False,"tile placement (same phase, different square = blocking/conversion/tempo)","equal turn scoring (positional / blocking / future-equity, no completion diff)",possible W/L
mp1925000017,1925000017,80,32,midgame,48,14,"[0, 0]",True,tile_place,tile_place,0,True,"tile placement (same phase, different square = blocking/conversion/tempo)","equal turn scoring (positional / blocking / future-equity, no completion diff)",possible W/L
mp1925000020,1925000020,68,38,midgame,20,7,"[0, 0]",True,tile_place,tile_place,0,False,"tile placement (same phase, different square = blocking/conversion/tempo)","equal turn scoring (positional / blocking / future-equity, no completion diff)",possible W/L
mp1925000057,1925000057,66,38,midgame,14,4,"[0, 0]",True,tile_place,tile_place,0,True,"tile placement (same phase, different square = blocking/conversion/tempo)","equal turn scoring (positional / blocking / future-equity, no completion diff)",possible W/L
mp1925000011,1925000011,68,38,midgame,56,14,"[1, 0]",True,tile_place,tile_place,0,False,"tile placement (same phase, different square = blocking/conversion/tempo)","equal turn scoring (positional / blocking / future-equity, no completion diff)",possible W/L
mp1925000029,1925000029,68,38,midgame,44,5,"[0, 0]",True,tile_place,tile_place,0,False,"tile placement (same phase, different square = blocking/conversion/tempo)","equal turn scoring (positional / blocking / future-equity, no completion diff)",possible W/L
mp1925000058,1925000058,68,38,midgame,25,13,"[1, 1]",True,tile_place,tile_place,-2,False,"tile placement (same phase, different square = blocking/conversion/tempo)",deep forgoes 2 completion pts this turn (positional / tempo / setup),possible W/L
mp1925000072,1925000072,68,38,midgame,38,2,"[0, 0]",True,tile_place,tile_place,0,False,"tile placement (same phase, different square = blocking/conversion/tempo)","equal turn scoring (positional / blocking / future-equity, no completion diff)",possible W/L
mp1925000052,1925000052,68,38,midgame,32,4,"[1, 1]",True,tile_place,tile_place,-3,False,"tile placement (same phase, different square = blocking/conversion/tempo)",deep forgoes 3 completion pts this turn (positional / tempo / setup),possible W/L
mp1925000055,1925000055,67,38,midgame,32,12,"[0, 0]",True,tile_place,tile_place,0,True,"tile placement (same phase, different square = blocking/conversion/tempo)","equal turn scoring (positional / blocking / future-equity, no completion diff)",possible W/L
mp1925000045,1925000045,68,38,midgame,32,15,"[0, 0]",True,tile_place,tile_place,0,False,"tile placement (same phase, different square = blocking/conversion/tempo)","equal turn scoring (positional / blocking / future-equity, no completion diff)",possible W/L
mp1925000043,1925000043,68,38,midgame,38,15,"[0, 0]",True,tile_place,tile_place,0,False,"tile placement (same phase, different square = blocking/conversion/tempo)","equal turn scoring (positional / blocking / future-equity, no completion diff)",possible W/L
mp1925000017,1925000017,68,38,midgame,50,6,"[0, 0]",True,tile_place,tile_place,0,False,"tile placement (same phase, different square = blocking/conversion/tempo)","equal turn scoring (positional / blocking / future-equity, no completion diff)",possible W/L
mp1925000012,1925000012,68,38,midgame,47,14,"[0, 1]",True,tile_place,tile_place,2,False,"tile placement (same phase, different square = blocking/conversion/tempo)",deep completes +2 more pts this turn (shallow leaves a completion / conversion),possible W/L
mp1925000067,1925000067,56,44,midgame,48,5,"[2, 1]",True,tile_place,tile_place,-3,False,"tile placement (same phase, different square = blocking/conversion/tempo)",deep forgoes 3 completion pts this turn (positional / tempo / setup),possible W/L
mp1925000039,1925000039,56,44,midgame,27,12,"[0, 0]",True,tile_place,tile_place,0,True,"tile placement (same phase, different square = blocking/conversion/tempo)","equal turn scoring (positional / blocking / future-equity, no completion diff)",possible W/L
mp1925000013,1925000013,56,44,midgame,42,13,"[2, 1]",True,tile_place,tile_place,-4,True,"tile placement (same phase, different square = blocking/conversion/tempo)",deep forgoes 4 completion pts this turn (positional / tempo / setup),possible W/L
mp1925000029,1925000029,56,44,midgame,33,3,"[0, 3]",True,tile_place,tile_place,0,False,"tile placement (same phase, different square = blocking/conversion/tempo)","equal turn scoring (positional / blocking / future-equity, no completion diff)",possible W/L
mp1925000058,1925000058,56,44,midgame,36,7,"[1, 2]",True,tile_place,tile_place,0,False,"tile placement (same phase, different square = blocking/conversion/tempo)","equal turn scoring (positional / blocking / future-equity, no completion diff)",possible W/L
mp1925000053,1925000053,56,44,midgame,43,11,"[1, 0]",True,tile_place,tile_place,0,False,"tile placement (same phase, different square = blocking/conversion/tempo)","equal turn scoring (positional / blocking / future-equity, no completion diff)",possible W/L
mp1925000070,1925000070,56,44,midgame,45,8,"[1, 2]",True,tile_place,tile_place,0,False,"tile placement (same phase, different square = blocking/conversion/tempo)","equal turn scoring (positional / blocking / future-equity, no completion diff)",possible W/L
mp1925000008,1925000008,56,44,midgame,42,14,"[1, 0]",True,tile_place,tile_place,0,True,"tile placement (same phase, different square = blocking/conversion/tempo)","equal turn scoring (positional / blocking / future-equity, no completion diff)",possible W/L
mp1925000048,1925000048,56,44,midgame,16,7,"[2, 0]",True,tile_place,tile_place,0,False,"tile placement (same phase, different square = blocking/conversion/tempo)","equal turn scoring (positional / blocking / future-equity, no completion diff)",possible W/L
mp1925000015,1925000015,56,44,midgame,28,4,"[0, 1]",True,tile_place,tile_place,0,False,"tile placement (same phase, different square = blocking/conversion/tempo)","equal turn scoring (positional / blocking / future-equity, no completion diff)",possible W/L
mp1925000061,1925000061,56,44,midgame,64,10,"[0, 2]",True,tile_place,tile_place,0,False,"tile placement (same phase, different square = blocking/conversion/tempo)","equal turn scoring (positional / blocking / future-equity, no completion diff)",possible W/L
mp1925000019,1925000019,56,44,midgame,9,0,"[0, 3]",True,tile_place,tile_place,0,True,"tile placement (same phase, different square = blocking/conversion/tempo)","equal turn scoring (positional / blocking / future-equity, no completion diff)",possible W/L
mp1925000017,1925000017,56,44,midgame,30,8,"[0, 0]",True,tile_place,tile_place,0,False,"tile placement (same phase, different square = blocking/conversion/tempo)","equal turn scoring (positional / blocking / future-equity, no completion diff)",possible W/L
mp1925000040,1925000040,56,44,midgame,25,5,"[1, 0]",True,tile_place,tile_place,0,False,"tile placement (same phase, different square = blocking/conversion/tempo)","equal turn scoring (positional / blocking / future-equity, no completion diff)",possible W/L
mp1925000003,1925000003,44,50,opening,25,14,"[1, 3]",True,tile_place,tile_place,-4,False,"tile placement (same phase, different square = blocking/conversion/tempo)",deep forgoes 4 completion pts this turn (positional / tempo / setup),possible W/L
mp1925000006,1925000006,44,50,opening,22,6,"[0, 0]",True,tile_place,tile_place,0,False,"tile placement (same phase, different square = blocking/conversion/tempo)","equal turn scoring (positional / blocking / future-equity, no completion diff)",possible W/L
mp1925000013,1925000013,44,50,opening,24,5,"[2, 2]",True,tile_place,tile_place,0,False,"tile placement (same phase, different square = blocking/conversion/tempo)","equal turn scoring (positional / blocking / future-equity, no completion diff)",possible W/L
mp1925000036,1925000036,44,50,opening,15,2,"[0, 1]",True,tile_place,tile_place,0,False,"tile placement (same phase, different square = blocking/conversion/tempo)","equal turn scoring (positional / blocking / future-equity, no completion diff)",possible W/L
mp1925000033,1925000033,44,50,opening,25,14,"[3, 1]",True,tile_place,tile_place,0,False,"tile placement (same phase, different square = blocking/conversion/tempo)","equal turn scoring (positional / blocking / future-equity, no completion diff)",possible W/L
mp1925000027,1925000027,44,50,opening,32,18,"[3, 1]",True,tile_place,tile_place,0,True,"tile placement (same phase, different square = blocking/conversion/tempo)","equal turn scoring (positional / blocking / future-equity, no completion diff)",possible W/L
mp1925000016,1925000016,32,56,opening,24,1,"[4, 3]",True,tile_place,tile_place,0,False,"tile placement (same phase, different square = blocking/conversion/tempo)","equal turn scoring (positional / blocking / future-equity, no completion diff)",possible W/L
mp1925000080,1925000080,32,56,opening,34,6,"[3, 2]",True,tile_place,tile_place,0,True,"tile placement (same phase, different square = blocking/conversion/tempo)","equal turn scoring (positional / blocking / future-equity, no completion diff)",possible W/L
mp1925000044,1925000044,32,56,opening,24,0,"[2, 1]",True,tile_place,tile_place,0,False,"tile placement (same phase, different square = blocking/conversion/tempo)","equal turn scoring (positional / blocking / future-equity, no completion diff)",possible W/L
mp1925000060,1925000060,32,56,opening,36,3,"[3, 3]",True,tile_place,tile_place,0,True,"tile placement (same phase, different square = blocking/conversion/tempo)","equal turn scoring (positional / blocking / future-equity, no completion diff)",possible W/L
mp1925000071,1925000071,32,56,opening,19,3,"[2, 3]",True,tile_place,tile_place,0,False,"tile placement (same phase, different square = blocking/conversion/tempo)","equal turn scoring (positional / blocking / future-equity, no completion diff)",possible W/L
mp1925000022,1925000022,20,62,opening,12,0,"[3, 4]",True,tile_place,tile_place,0,False,"tile placement (same phase, different square = blocking/conversion/tempo)","equal turn scoring (positional / blocking / future-equity, no completion diff)",possible W/L
mp1925000086,1925000086,20,62,opening,7,4,"[5, 3]",True,tile_place,tile_place,0,False,"tile placement (same phase, different square = blocking/conversion/tempo)","equal turn scoring (positional / blocking / future-equity, no completion diff)",possible W/L
mp1925000030,1925000030,20,62,opening,11,0,"[4, 4]",True,tile_place,tile_place,0,False,"tile placement (same phase, different square = blocking/conversion/tempo)","equal turn scoring (positional / blocking / future-equity, no completion diff)",possible W/L
mp1925000080,1925000080,20,62,opening,18,6,"[5, 4]",True,tile_place,tile_place,0,False,"tile placement (same phase, different square = blocking/conversion/tempo)","equal turn scoring (positional / blocking / future-equity, no completion diff)",possible W/L
mp1925000046,1925000046,20,62,opening,12,4,"[3, 4]",True,tile_place,tile_place,0,False,"tile placement (same phase, different square = blocking/conversion/tempo)","equal turn scoring (positional / blocking / future-equity, no completion diff)",possible W/L
mp1925000025,1925000025,128,8,pre_endgame,37,2,"[1, 1]",False,tile_place,tile_place,0,False,"tile placement (same phase, different square = blocking/conversion/tempo)","equal turn scoring (positional / blocking / future-equity, no completion diff)",possible W/L
mp1925000035,1925000035,128,8,pre_endgame,46,7,"[1, 0]",False,tile_place,tile_place,0,False,"tile placement (same phase, different square = blocking/conversion/tempo)","equal turn scoring (positional / blocking / future-equity, no completion diff)",possible W/L
mp1925000065,1925000065,128,8,pre_endgame,52,9,"[0, 0]",False,tile_place,tile_place,0,False,"tile placement (same phase, different square = blocking/conversion/tempo)","equal turn scoring (positional / blocking / future-equity, no completion diff)",possible W/L
mp1925000020,1925000020,128,8,pre_endgame,41,21,"[0, 0]",False,tile_place,tile_place,0,False,"tile placement (same phase, different square = blocking/conversion/tempo)","equal turn scoring (positional / blocking / future-equity, no completion diff)",possible W/L
mp1925000001,1925000001,128,8,pre_endgame,92,24,"[0, 0]",False,tile_place,tile_place,0,False,"tile placement (same phase, different square = blocking/conversion/tempo)","equal turn scoring (positional / blocking / future-equity, no completion diff)",possible W/L
mp1925000087,1925000087,128,8,pre_endgame,36,34,"[0, 0]",False,tile_place,tile_place,0,False,"tile placement (same phase, different square = blocking/conversion/tempo)","equal turn scoring (positional / blocking / future-equity, no completion diff)",possible W/L
mp1925000021,1925000021,128,8,pre_endgame,45,1,"[0, 0]",False,tile_place,tile_place,0,False,"tile placement (same phase, different square = blocking/conversion/tempo)","equal turn scoring (positional / blocking / future-equity, no completion diff)",possible W/L
mp1925000023,1925000023,128,8,pre_endgame,29,2,"[0, 0]",False,tile_place,tile_place,0,False,"tile placement (same phase, different square = blocking/conversion/tempo)","equal turn scoring (positional / blocking / future-equity, no completion diff)",possible W/L
mp1925000073,1925000073,128,8,pre_endgame,62,22,"[0, 0]",False,tile_place,tile_place,0,False,"tile placement (same phase, different square = blocking/conversion/tempo)","equal turn scoring (positional / blocking / future-equity, no completion diff)",possible W/L
mp1925000033,1925000033,128,8,pre_endgame,51,49,"[0, 0]",False,tile_place,tile_place,0,True,"tile placement (same phase, different square = blocking/conversion/tempo)","equal turn scoring (positional / blocking / future-equity, no completion diff)",possible W/L
mp1925000046,1925000046,128,8,pre_endgame,36,10,"[0, 0]",False,tile_place,tile_place,0,False,"tile placement (same phase, different square = blocking/conversion/tempo)","equal turn scoring (positional / blocking / future-equity, no completion diff)",possible W/L
mp1925000066,1925000066,128,8,pre_endgame,83,3,"[0, 0]",False,tile_place,tile_place,0,False,"tile placement (same phase, different square = blocking/conversion/tempo)","equal turn scoring (positional / blocking / future-equity, no completion diff)",possible W/L
mp1925000000,1925000000,127,8,pre_endgame,18,21,"[0, 0]",False,tile_place,tile_place,0,False,"tile placement (same phase, different square = blocking/conversion/tempo)","equal turn scoring (positional / blocking / future-equity, no completion diff)",possible W/L
mp1925000081,1925000081,128,8,pre_endgame,41,30,"[0, 0]",False,tile_place,tile_place,0,False,"tile placement (same phase, different square = blocking/conversion/tempo)","equal turn scoring (positional / blocking / future-equity, no completion diff)",possible W/L
mp1925000029,1925000029,128,8,pre_endgame,36,12,"[0, 0]",False,tile_place,tile_place,0,False,"tile placement (same phase, different square = blocking/conversion/tempo)","equal turn scoring (positional / blocking / future-equity, no completion diff)",possible W/L
mp1925000051,1925000051,124,10,pre_endgame,53,16,"[0, 0]",False,tile_place,tile_place,0,False,"tile placement (same phase, different square = blocking/conversion/tempo)","equal turn scoring (positional / blocking / future-equity, no completion diff)",possible W/L
mp1925000035,1925000035,124,10,pre_endgame,38,7,"[2, 1]",False,tile_place,tile_place,0,False,"tile placement (same phase, different square = blocking/conversion/tempo)","equal turn scoring (positional / blocking / future-equity, no completion diff)",possible W/L
mp1925000066,1925000066,124,10,pre_endgame,46,3,"[1, 0]",False,tile_place,tile_place,0,False,"tile placement (same phase, different square = blocking/conversion/tempo)","equal turn scoring (positional / blocking / future-equity, no completion diff)",possible W/L
mp1925000030,1925000030,124,10,pre_endgame,49,16,"[1, 0]",False,tile_place,tile_place,0,False,"tile placement (same phase, different square = blocking/conversion/tempo)","equal turn scoring (positional / blocking / future-equity, no completion diff)",possible W/L
mp1925000083,1925000083,124,10,pre_endgame,14,2,"[0, 1]",False,tile_place,tile_place,0,False,"tile placement (same phase, different square = blocking/conversion/tempo)","equal turn scoring (positional / blocking / future-equity, no completion diff)",possible W/L
mp1925000067,1925000067,124,10,pre_endgame,32,5,"[0, 0]",False,tile_place,tile_place,0,True,"tile placement (same phase, different square = blocking/conversion/tempo)","equal turn scoring (positional / blocking / future-equity, no completion diff)",possible W/L
mp1925000045,1925000045,124,10,pre_endgame,54,19,"[0, 1]",False,tile_place,tile_place,0,False,"tile placement (same phase, different square = blocking/conversion/tempo)","equal turn scoring (positional / blocking / future-equity, no completion diff)",possible W/L
mp1925000015,1925000015,124,10,pre_endgame,19,10,"[0, 0]",False,tile_place,tile_place,0,True,"tile placement (same phase, different square = blocking/conversion/tempo)","equal turn scoring (positional / blocking / future-equity, no completion diff)",possible W/L
mp1925000025,1925000025,124,10,pre_endgame,32,6,"[2, 1]",False,tile_place,tile_place,0,True,"tile placement (same phase, different square = blocking/conversion/tempo)","equal turn scoring (positional / blocking / future-equity, no completion diff)",possible W/L
mp1925000022,1925000022,124,10,pre_endgame,30,19,"[0, 0]",False,tile_place,tile_place,0,False,"tile placement (same phase, different square = blocking/conversion/tempo)","equal turn scoring (positional / blocking / future-equity, no completion diff)",possible W/L
mp1925000050,1925000050,124,10,pre_endgame,26,21,"[0, 0]",False,tile_place,tile_place,0,False,"tile placement (same phase, different square = blocking/conversion/tempo)","equal turn scoring (positional / blocking / future-equity, no completion diff)",possible W/L
mp1925000034,1925000034,124,10,pre_endgame,48,5,"[0, 1]",False,tile_place,tile_place,0,True,"tile placement (same phase, different square = blocking/conversion/tempo)","equal turn scoring (positional / blocking / future-equity, no completion diff)",possible W/L
mp1925000033,1925000033,124,10,pre_endgame,61,49,"[0, 0]",False,tile_place,tile_place,0,False,"tile placement (same phase, different square = blocking/conversion/tempo)","equal turn scoring (positional / blocking / future-equity, no completion diff)",possible W/L
mp1925000046,1925000046,124,10,pre_endgame,36,10,"[0, 1]",False,tile_place,tile_place,0,True,"tile placement (same phase, different square = blocking/conversion/tempo)","equal turn scoring (positional / blocking / future-equity, no completion diff)",possible W/L
mp1925000074,1925000074,124,10,pre_endgame,45,26,"[0, 0]",False,tile_place,tile_place,0,True,"tile placement (same phase, different square = blocking/conversion/tempo)","equal turn scoring (positional / blocking / future-equity, no completion diff)",possible W/L
mp1925000028,1925000028,124,10,pre_endgame,31,1,"[0, 0]",False,tile_place,tile_place,0,False,"tile placement (same phase, different square = blocking/conversion/tempo)","equal turn scoring (positional / blocking / future-equity, no completion diff)",possible W/L
mp1925000072,1925000072,124,10,pre_endgame,29,13,"[0, 0]",False,tile_place,tile_place,0,False,"tile placement (same phase, different square = blocking/conversion/tempo)","equal turn scoring (positional / blocking / future-equity, no completion diff)",possible W/L
mp1925000082,1925000082,123,10,pre_endgame,60,28,"[0, 0]",False,tile_place,tile_place,0,False,"tile placement (same phase, different square = blocking/conversion/tempo)","equal turn scoring (positional / blocking / future-equity, no completion diff)",possible W/L
mp1925000065,1925000065,124,10,pre_endgame,52,9,"[0, 0]",False,tile_place,tile_place,0,False,"tile placement (same phase, different square = blocking/conversion/tempo)","equal turn scoring (positional / blocking / future-equity, no completion diff)",possible W/L
mp1925000043,1925000043,124,10,pre_endgame,50,9,"[0, 0]",False,tile_place,tile_place,0,False,"tile placement (same phase, different square = blocking/conversion/tempo)","equal turn scoring (positional / blocking / future-equity, no completion diff)",possible W/L
mp1925000008,1925000008,120,12,pre_endgame,58,12,"[0, 0]",False,tile_place,tile_place,0,False,"tile placement (same phase, different square = blocking/conversion/tempo)","equal turn scoring (positional / blocking / future-equity, no completion diff)",possible W/L
mp1925000002,1925000002,120,12,pre_endgame,75,14,"[1, 1]",False,tile_place,tile_place,0,False,"tile placement (same phase, different square = blocking/conversion/tempo)","equal turn scoring (positional / blocking / future-equity, no completion diff)",possible W/L
mp1925000014,1925000014,120,12,pre_endgame,63,0,"[0, 1]",False,tile_place,tile_place,0,False,"tile placement (same phase, different square = blocking/conversion/tempo)","equal turn scoring (positional / blocking / future-equity, no completion diff)",possible W/L
mp1925000051,1925000051,120,12,pre_endgame,43,16,"[0, 0]",False,tile_place,tile_place,0,False,"tile placement (same phase, different square = blocking/conversion/tempo)","equal turn scoring (positional / blocking / future-equity, no completion diff)",possible W/L
mp1925000009,1925000009,120,12,pre_endgame,52,26,"[0, 0]",False,tile_place,tile_place,0,False,"tile placement (same phase, different square = blocking/conversion/tempo)","equal turn scoring (positional / blocking / future-equity, no completion diff)",possible W/L
mp1925000067,1925000067,120,12,pre_endgame,34,5,"[0, 0]",False,tile_place,tile_place,0,True,"tile placement (same phase, different square = blocking/conversion/tempo)","equal turn scoring (positional / blocking / future-equity, no completion diff)",possible W/L
mp1925000054,1925000054,120,12,pre_endgame,57,21,"[0, 1]",False,tile_place,tile_place,0,False,"tile placement (same phase, different square = blocking/conversion/tempo)","equal turn scoring (positional / blocking / future-equity, no completion diff)",possible W/L
mp1925000063,1925000063,120,12,pre_endgame,37,13,"[1, 0]",False,tile_place,tile_place,0,False,"tile placement (same phase, different square = blocking/conversion/tempo)","equal turn scoring (positional / blocking / future-equity, no completion diff)",possible W/L
mp1925000022,1925000022,120,12,pre_endgame,44,19,"[0, 0]",False,tile_place,tile_place,0,False,"tile placement (same phase, different square = blocking/conversion/tempo)","equal turn scoring (positional / blocking / future-equity, no completion diff)",possible W/L
mp1925000057,1925000057,118,12,pre_endgame,37,30,"[0, 0]",False,tile_place,tile_place,0,False,"tile placement (same phase, different square = blocking/conversion/tempo)","equal turn scoring (positional / blocking / future-equity, no completion diff)",possible W/L
mp1925000076,1925000076,120,12,pre_endgame,35,10,"[1, 0]",False,tile_place,tile_place,0,False,"tile placement (same phase, different square = blocking/conversion/tempo)","equal turn scoring (positional / blocking / future-equity, no completion diff)",possible W/L
mp1925000080,1925000080,120,12,pre_endgame,45,0,"[1, 0]",False,tile_place,tile_place,0,False,"tile placement (same phase, different square = blocking/conversion/tempo)","equal turn scoring (positional / blocking / future-equity, no completion diff)",possible W/L
mp1925000013,1925000013,120,12,pre_endgame,36,27,"[0, 0]",False,tile_place,tile_place,0,False,"tile placement (same phase, different square = blocking/conversion/tempo)","equal turn scoring (positional / blocking / future-equity, no completion diff)",possible W/L
mp1925000052,1925000052,120,12,pre_endgame,36,4,"[0, 0]",False,tile_place,tile_place,0,False,"tile placement (same phase, different square = blocking/conversion/tempo)","equal turn scoring (positional / blocking / future-equity, no completion diff)",possible W/L
mp1925000073,1925000073,120,12,pre_endgame,48,22,"[1, 0]",False,tile_place,tile_place,0,False,"tile placement (same phase, different square = blocking/conversion/tempo)","equal turn scoring (positional / blocking / future-equity, no completion diff)",possible W/L
mp1925000050,1925000050,120,12,pre_endgame,44,21,"[0, 1]",False,tile_place,tile_place,0,False,"tile placement (same phase, different square = blocking/conversion/tempo)","equal turn scoring (positional / blocking / future-equity, no completion diff)",possible W/L
mp1925000042,1925000042,120,12,pre_endgame,38,14,"[0, 0]",False,tile_place,tile_place,0,False,"tile placement (same phase, different square = blocking/conversion/tempo)","equal turn scoring (positional / blocking / future-equity, no completion diff)",possible W/L
mp1925000034,1925000034,120,12,pre_endgame,53,7,"[0, 0]",False,tile_place,tile_place,0,True,"tile placement (same phase, different square = blocking/conversion/tempo)","equal turn scoring (positional / blocking / future-equity, no completion diff)",possible W/L
mp1925000061,1925000061,120,12,pre_endgame,36,38,"[0, 1]",False,tile_place,tile_place,0,False,"tile placement (same phase, different square = blocking/conversion/tempo)","equal turn scoring (positional / blocking / future-equity, no completion diff)",possible W/L
mp1925000037,1925000037,120,12,pre_endgame,34,22,"[0, 0]",False,tile_place,tile_place,0,False,"tile placement (same phase, different square = blocking/conversion/tempo)","equal turn scoring (positional / blocking / future-equity, no completion diff)",possible W/L
mp1925000089,1925000089,116,14,pre_endgame,55,4,"[0, 0]",False,tile_place,tile_place,0,False,"tile placement (same phase, different square = blocking/conversion/tempo)","equal turn scoring (positional / blocking / future-equity, no completion diff)",possible W/L
mp1925000010,1925000010,116,14,pre_endgame,24,2,"[0, 0]",False,tile_place,tile_place,0,True,"tile placement (same phase, different square = blocking/conversion/tempo)","equal turn scoring (positional / blocking / future-equity, no completion diff)",possible W/L
mp1925000005,1925000005,116,14,pre_endgame,54,5,"[1, 0]",False,tile_place,tile_place,0,False,"tile placement (same phase, different square = blocking/conversion/tempo)","equal turn scoring (positional / blocking / future-equity, no completion diff)",possible W/L
mp1925000028,1925000028,116,14,pre_endgame,36,1,"[0, 0]",False,tile_place,tile_place,0,False,"tile placement (same phase, different square = blocking/conversion/tempo)","equal turn scoring (positional / blocking / future-equity, no completion diff)",possible W/L
mp1925000069,1925000069,116,14,pre_endgame,42,46,"[1, 0]",False,tile_place,tile_place,0,False,"tile placement (same phase, different square = blocking/conversion/tempo)","equal turn scoring (positional / blocking / future-equity, no completion diff)",possible W/L
mp1925000031,1925000031,116,14,pre_endgame,42,25,"[1, 0]",False,tile_place,tile_place,0,False,"tile placement (same phase, different square = blocking/conversion/tempo)","equal turn scoring (positional / blocking / future-equity, no completion diff)",possible W/L
mp1925000038,1925000038,116,14,pre_endgame,54,18,"[0, 0]",False,tile_place,tile_place,0,True,"tile placement (same phase, different square = blocking/conversion/tempo)","equal turn scoring (positional / blocking / future-equity, no completion diff)",possible W/L
mp1925000033,1925000033,116,14,pre_endgame,42,49,"[0, 0]",False,tile_place,tile_place,0,False,"tile placement (same phase, different square = blocking/conversion/tempo)","equal turn scoring (positional / blocking / future-equity, no completion diff)",possible W/L
mp1925000088,1925000088,115,14,pre_endgame,41,16,"[0, 0]",False,tile_place,tile_place,0,False,"tile placement (same phase, different square = blocking/conversion/tempo)","equal turn scoring (positional / blocking / future-equity, no completion diff)",possible W/L
mp1925000024,1925000024,116,14,pre_endgame,58,2,"[0, 1]",False,tile_place,tile_place,0,False,"tile placement (same phase, different square = blocking/conversion/tempo)","equal turn scoring (positional / blocking / future-equity, no completion diff)",possible W/L
mp1925000073,1925000073,116,14,pre_endgame,32,18,"[1, 0]",False,tile_place,tile_place,0,True,"tile placement (same phase, different square = blocking/conversion/tempo)","equal turn scoring (positional / blocking / future-equity, no completion diff)",possible W/L
mp1925000083,1925000083,116,14,pre_endgame,50,10,"[0, 0]",False,tile_place,tile_place,0,False,"tile placement (same phase, different square = blocking/conversion/tempo)","equal turn scoring (positional / blocking / future-equity, no completion diff)",possible W/L
mp1925000064,1925000064,116,14,pre_endgame,42,45,"[0, 1]",False,tile_place,tile_place,0,False,"tile placement (same phase, different square = blocking/conversion/tempo)","equal turn scoring (positional / blocking / future-equity, no completion diff)",possible W/L
mp1925000029,1925000029,116,14,pre_endgame,13,10,"[0, 0]",False,tile_place,tile_place,0,False,"tile placement (same phase, different square = blocking/conversion/tempo)","equal turn scoring (positional / blocking / future-equity, no completion diff)",possible W/L
mp1925000044,1925000044,116,14,pre_endgame,31,7,"[0, 0]",False,tile_place,tile_place,0,False,"tile placement (same phase, different square = blocking/conversion/tempo)","equal turn scoring (positional / blocking / future-equity, no completion diff)",possible W/L
mp1925000016,1925000016,108,18,late_mid,54,15,"[0, 0]",False,tile_place,tile_place,0,False,"tile placement (same phase, different square = blocking/conversion/tempo)","equal turn scoring (positional / blocking / future-equity, no completion diff)",possible W/L
mp1925000036,1925000036,108,18,late_mid,36,6,"[0, 0]",False,tile_place,tile_place,0,False,"tile placement (same phase, different square = blocking/conversion/tempo)","equal turn scoring (positional / blocking / future-equity, no completion diff)",possible W/L
mp1925000047,1925000047,108,18,late_mid,38,2,"[1, 0]",False,tile_place,tile_place,0,False,"tile placement (same phase, different square = blocking/conversion/tempo)","equal turn scoring (positional / blocking / future-equity, no completion diff)",possible W/L
mp1925000004,1925000004,108,18,late_mid,50,42,"[0, 0]",False,tile_place,tile_place,0,False,"tile placement (same phase, different square = blocking/conversion/tempo)","equal turn scoring (positional / blocking / future-equity, no completion diff)",possible W/L
mp1925000078,1925000078,108,18,late_mid,11,1,"[0, 0]",False,tile_place,tile_place,0,True,"tile placement (same phase, different square = blocking/conversion/tempo)","equal turn scoring (positional / blocking / future-equity, no completion diff)",possible W/L
mp1925000007,1925000007,108,18,late_mid,40,22,"[0, 0]",False,tile_place,tile_place,0,True,"tile placement (same phase, different square = blocking/conversion/tempo)","equal turn scoring (positional / blocking / future-equity, no completion diff)",possible W/L
mp1925000079,1925000079,108,18,late_mid,46,7,"[0, 0]",False,tile_place,tile_place,0,False,"tile placement (same phase, different square = blocking/conversion/tempo)","equal turn scoring (positional / blocking / future-equity, no completion diff)",possible W/L
mp1925000053,1925000053,108,18,late_mid,40,10,"[0, 0]",False,tile_place,tile_place,0,False,"tile placement (same phase, different square = blocking/conversion/tempo)","equal turn scoring (positional / blocking / future-equity, no completion diff)",possible W/L
mp1925000061,1925000061,108,18,late_mid,32,32,"[0, 0]",False,tile_place,tile_place,0,False,"tile placement (same phase, different square = blocking/conversion/tempo)","equal turn scoring (positional / blocking / future-equity, no completion diff)",possible W/L
mp1925000077,1925000077,108,18,late_mid,43,25,"[0, 0]",False,tile_place,tile_place,0,False,"tile placement (same phase, different square = blocking/conversion/tempo)","equal turn scoring (positional / blocking / future-equity, no completion diff)",possible W/L
mp1925000080,1925000080,108,18,late_mid,33,9,"[0, 0]",False,tile_place,tile_place,0,False,"tile placement (same phase, different square = blocking/conversion/tempo)","equal turn scoring (positional / blocking / future-equity, no completion diff)",possible W/L
mp1925000024,1925000024,108,18,late_mid,60,20,"[0, 0]",False,tile_place,tile_place,0,False,"tile placement (same phase, different square = blocking/conversion/tempo)","equal turn scoring (positional / blocking / future-equity, no completion diff)",possible W/L
mp1925000030,1925000030,108,18,late_mid,45,12,"[2, 0]",False,tile_place,tile_place,0,False,"tile placement (same phase, different square = blocking/conversion/tempo)","equal turn scoring (positional / blocking / future-equity, no completion diff)",possible W/L
mp1925000005,1925000005,108,18,late_mid,58,4,"[0, 0]",False,tile_place,tile_place,0,False,"tile placement (same phase, different square = blocking/conversion/tempo)","equal turn scoring (positional / blocking / future-equity, no completion diff)",possible W/L
mp1925000045,1925000045,108,18,late_mid,49,6,"[0, 0]",False,tile_place,tile_place,0,False,"tile placement (same phase, different square = blocking/conversion/tempo)","equal turn scoring (positional / blocking / future-equity, no completion diff)",possible W/L
mp1925000012,1925000012,108,18,late_mid,40,21,"[1, 0]",False,tile_place,tile_place,0,False,"tile placement (same phase, different square = blocking/conversion/tempo)","equal turn scoring (positional / blocking / future-equity, no completion diff)",possible W/L
mp1925000020,1925000020,100,22,late_mid,65,16,"[0, 0]",False,tile_place,tile_place,0,False,"tile placement (same phase, different square = blocking/conversion/tempo)","equal turn scoring (positional / blocking / future-equity, no completion diff)",possible W/L
mp1925000088,1925000088,99,22,late_mid,51,16,"[0, 0]",False,tile_place,tile_place,0,False,"tile placement (same phase, different square = blocking/conversion/tempo)","equal turn scoring (positional / blocking / future-equity, no completion diff)",possible W/L
mp1925000064,1925000064,100,22,late_mid,41,38,"[0, 0]",False,tile_place,tile_place,0,False,"tile placement (same phase, different square = blocking/conversion/tempo)","equal turn scoring (positional / blocking / future-equity, no completion diff)",possible W/L
mp1925000005,1925000005,100,22,late_mid,40,4,"[0, 0]",False,tile_place,tile_place,0,False,"tile placement (same phase, different square = blocking/conversion/tempo)","equal turn scoring (positional / blocking / future-equity, no completion diff)",possible W/L
mp1925000061,1925000061,100,22,late_mid,35,32,"[0, 0]",False,tile_place,tile_place,0,False,"tile placement (same phase, different square = blocking/conversion/tempo)","equal turn scoring (positional / blocking / future-equity, no completion diff)",possible W/L
mp1925000059,1925000059,100,22,late_mid,48,8,"[0, 0]",False,tile_place,tile_place,0,False,"tile placement (same phase, different square = blocking/conversion/tempo)","equal turn scoring (positional / blocking / future-equity, no completion diff)",possible W/L
mp1925000072,1925000072,100,22,late_mid,38,13,"[0, 0]",False,tile_place,tile_place,0,False,"tile placement (same phase, different square = blocking/conversion/tempo)","equal turn scoring (positional / blocking / future-equity, no completion diff)",possible W/L
mp1925000001,1925000001,100,22,late_mid,38,13,"[0, 0]",False,tile_place,tile_place,0,False,"tile placement (same phase, different square = blocking/conversion/tempo)","equal turn scoring (positional / blocking / future-equity, no completion diff)",possible W/L
mp1925000046,1925000046,100,22,late_mid,28,8,"[0, 0]",False,tile_place,tile_place,0,False,"tile placement (same phase, different square = blocking/conversion/tempo)","equal turn scoring (positional / blocking / future-equity, no completion diff)",possible W/L
mp1925000015,1925000015,100,22,late_mid,48,19,"[1, 1]",False,tile_place,tile_place,0,False,"tile placement (same phase, different square = blocking/conversion/tempo)","equal turn scoring (positional / blocking / future-equity, no completion diff)",possible W/L
mp1925000023,1925000023,100,22,late_mid,44,13,"[0, 0]",False,tile_place,tile_place,0,True,"tile placement (same phase, different square = blocking/conversion/tempo)","equal turn scoring (positional / blocking / future-equity, no completion diff)",possible W/L
mp1925000077,1925000077,100,22,late_mid,29,25,"[0, 0]",False,tile_place,tile_place,0,False,"tile placement (same phase, different square = blocking/conversion/tempo)","equal turn scoring (positional / blocking / future-equity, no completion diff)",possible W/L
mp1925000004,1925000004,100,22,late_mid,46,42,"[0, 1]",False,tile_place,tile_place,0,False,"tile placement (same phase, different square = blocking/conversion/tempo)","equal turn scoring (positional / blocking / future-equity, no completion diff)",possible W/L
mp1925000019,1925000019,100,22,late_mid,36,3,"[0, 0]",False,tile_place,tile_place,0,False,"tile placement (same phase, different square = blocking/conversion/tempo)","equal turn scoring (positional / blocking / future-equity, no completion diff)",possible W/L
mp1925000053,1925000053,100,22,late_mid,28,10,"[1, 0]",False,tile_place,tile_place,0,False,"tile placement (same phase, different square = blocking/conversion/tempo)","equal turn scoring (positional / blocking / future-equity, no completion diff)",possible W/L
mp1925000040,1925000040,100,22,late_mid,41,7,"[0, 0]",False,tile_place,tile_place,0,False,"tile placement (same phase, different square = blocking/conversion/tempo)","equal turn scoring (positional / blocking / future-equity, no completion diff)",possible W/L
mp1925000052,1925000052,100,22,late_mid,25,6,"[0, 1]",False,tile_place,tile_place,0,True,"tile placement (same phase, different square = blocking/conversion/tempo)","equal turn scoring (positional / blocking / future-equity, no completion diff)",possible W/L
mp1925000089,1925000089,92,26,late_mid,12,8,"[0, 0]",False,tile_place,tile_place,0,True,"tile placement (same phase, different square = blocking/conversion/tempo)","equal turn scoring (positional / blocking / future-equity, no completion diff)",possible W/L
mp1925000016,1925000016,92,26,late_mid,60,19,"[0, 0]",False,tile_place,tile_place,0,False,"tile placement (same phase, different square = blocking/conversion/tempo)","equal turn scoring (positional / blocking / future-equity, no completion diff)",possible W/L
mp1925000075,1925000075,91,26,late_mid,35,24,"[0, 0]",False,tile_place,tile_place,0,False,"tile placement (same phase, different square = blocking/conversion/tempo)","equal turn scoring (positional / blocking / future-equity, no completion diff)",possible W/L
mp1925000033,1925000033,92,26,late_mid,47,35,"[0, 2]",False,tile_place,tile_place,0,False,"tile placement (same phase, different square = blocking/conversion/tempo)","equal turn scoring (positional / blocking / future-equity, no completion diff)",possible W/L
mp1925000057,1925000057,90,26,late_mid,56,4,"[0, 0]",False,tile_place,tile_place,0,False,"tile placement (same phase, different square = blocking/conversion/tempo)","equal turn scoring (positional / blocking / future-equity, no completion diff)",possible W/L
mp1925000063,1925000063,92,26,late_mid,41,2,"[0, 0]",False,tile_place,tile_place,0,False,"tile placement (same phase, different square = blocking/conversion/tempo)","equal turn scoring (positional / blocking / future-equity, no completion diff)",possible W/L
mp1925000009,1925000009,92,26,late_mid,39,5,"[0, 0]",False,tile_place,tile_place,0,False,"tile placement (same phase, different square = blocking/conversion/tempo)","equal turn scoring (positional / blocking / future-equity, no completion diff)",possible W/L
mp1925000050,1925000050,92,26,late_mid,38,21,"[0, 0]",False,tile_place,tile_place,0,False,"tile placement (same phase, different square = blocking/conversion/tempo)","equal turn scoring (positional / blocking / future-equity, no completion diff)",possible W/L
mp1925000071,1925000071,92,26,late_mid,40,5,"[0, 0]",False,tile_place,tile_place,0,False,"tile placement (same phase, different square = blocking/conversion/tempo)","equal turn scoring (positional / blocking / future-equity, no completion diff)",possible W/L
mp1925000061,1925000061,92,26,late_mid,32,32,"[0, 0]",False,tile_place,tile_place,0,False,"tile placement (same phase, different square = blocking/conversion/tempo)","equal turn scoring (positional / blocking / future-equity, no completion diff)",possible W/L
mp1925000064,1925000064,92,26,late_mid,27,34,"[0, 1]",False,tile_place,tile_place,0,False,"tile placement (same phase, different square = blocking/conversion/tempo)","equal turn scoring (positional / blocking / future-equity, no completion diff)",possible W/L
mp1925000086,1925000086,92,26,late_mid,29,2,"[1, 0]",False,tile_place,tile_place,-6,False,"tile placement (same phase, different square = blocking/conversion/tempo)",deep forgoes 6 completion pts this turn (positional / tempo / setup),possible W/L
mp1925000035,1925000035,92,26,late_mid,38,16,"[0, 0]",False,tile_place,tile_place,0,False,"tile placement (same phase, different square = blocking/conversion/tempo)","equal turn scoring (positional / blocking / future-equity, no completion diff)",possible W/L
mp1925000007,1925000007,92,26,late_mid,16,2,"[0, 0]",False,tile_place,tile_place,0,False,"tile placement (same phase, different square = blocking/conversion/tempo)","equal turn scoring (positional / blocking / future-equity, no completion diff)",possible W/L
mp1925000044,1925000044,140,2,endgame,24,7,"[0, 0]",False,tile_place,tile_place,0,False,"tile placement (same phase, different square = blocking/conversion/tempo)","equal turn scoring (positional / blocking / future-equity, no completion diff)",margin-only
mp1925000058,1925000058,140,2,endgame,45,13,"[0, 1]",False,tile_place,tile_place,0,False,"tile placement (same phase, different square = blocking/conversion/tempo)","equal turn scoring (positional / blocking / future-equity, no completion diff)",margin-only
mp1925000079,1925000079,140,2,endgame,35,3,"[0, 1]",False,tile_place,tile_place,0,False,"tile placement (same phase, different square = blocking/conversion/tempo)","equal turn scoring (positional / blocking / future-equity, no completion diff)",margin-only
mp1925000048,1925000048,140,2,endgame,48,4,"[1, 0]",False,tile_place,tile_place,0,True,"tile placement (same phase, different square = blocking/conversion/tempo)","equal turn scoring (positional / blocking / future-equity, no completion diff)",margin-only
mp1925000043,1925000043,140,2,endgame,66,6,"[1, 0]",False,tile_place,tile_place,0,False,"tile placement (same phase, different square = blocking/conversion/tempo)","equal turn scoring (positional / blocking / future-equity, no completion diff)",margin-only
mp1925000060,1925000060,140,2,endgame,32,6,"[0, 0]",False,tile_place,tile_place,0,False,"tile placement (same phase, different square = blocking/conversion/tempo)","equal turn scoring (positional / blocking / future-equity, no completion diff)",margin-only
mp1925000047,1925000047,140,2,endgame,51,6,"[0, 0]",False,tile_place,tile_place,0,False,"tile placement (same phase, different square = blocking/conversion/tempo)","equal turn scoring (positional / blocking / future-equity, no completion diff)",margin-only
mp1925000039,1925000039,140,2,endgame,36,30,"[0, 0]",False,tile_place,tile_place,0,False,"tile placement (same phase, different square = blocking/conversion/tempo)","equal turn scoring (positional / blocking / future-equity, no completion diff)",margin-only
mp1925000026,1925000026,140,2,endgame,36,12,"[0, 0]",False,tile_place,tile_place,0,False,"tile placement (same phase, different square = blocking/conversion/tempo)","equal turn scoring (positional / blocking / future-equity, no completion diff)",margin-only
mp1925000081,1925000081,140,2,endgame,61,27,"[1, 0]",False,tile_place,tile_place,0,False,"tile placement (same phase, different square = blocking/conversion/tempo)","equal turn scoring (positional / blocking / future-equity, no completion diff)",margin-only
mp1925000061,1925000061,140,2,endgame,40,25,"[1, 0]",False,tile_place,tile_place,0,False,"tile placement (same phase, different square = blocking/conversion/tempo)","equal turn scoring (positional / blocking / future-equity, no completion diff)",margin-only
mp1925000006,1925000006,140,2,endgame,25,29,"[1, 0]",False,tile_place,tile_place,0,False,"tile placement (same phase, different square = blocking/conversion/tempo)","equal turn scoring (positional / blocking / future-equity, no completion diff)",margin-only
mp1925000016,1925000016,140,2,endgame,57,29,"[0, 0]",False,tile_place,tile_place,0,False,"tile placement (same phase, different square = blocking/conversion/tempo)","equal turn scoring (positional / blocking / future-equity, no completion diff)",margin-only
mp1925000001,1925000001,140,2,endgame,72,24,"[0, 0]",False,tile_place,tile_place,0,False,"tile placement (same phase, different square = blocking/conversion/tempo)","equal turn scoring (positional / blocking / future-equity, no completion diff)",margin-only
mp1925000048,1925000048,138,3,endgame,41,4,"[1, 0]",False,tile_place,tile_place,0,True,"tile placement (same phase, different square = blocking/conversion/tempo)","equal turn scoring (positional / blocking / future-equity, no completion diff)",margin-only
mp1925000028,1925000028,138,3,endgame,60,1,"[0, 0]",False,tile_place,tile_place,0,False,"tile placement (same phase, different square = blocking/conversion/tempo)","equal turn scoring (positional / blocking / future-equity, no completion diff)",margin-only
mp1925000051,1925000051,138,3,endgame,45,16,"[0, 0]",False,tile_place,tile_place,0,False,"tile placement (same phase, different square = blocking/conversion/tempo)","equal turn scoring (positional / blocking / future-equity, no completion diff)",margin-only
mp1925000049,1925000049,138,3,endgame,39,21,"[0, 0]",False,tile_place,tile_place,0,False,"tile placement (same phase, different square = blocking/conversion/tempo)","equal turn scoring (positional / blocking / future-equity, no completion diff)",margin-only
mp1925000067,1925000067,138,3,endgame,33,5,"[0, 1]",False,tile_place,tile_place,0,True,"tile placement (same phase, different square = blocking/conversion/tempo)","equal turn scoring (positional / blocking / future-equity, no completion diff)",margin-only
mp1925000080,1925000080,138,3,endgame,52,11,"[0, 0]",False,tile_place,tile_place,0,False,"tile placement (same phase, different square = blocking/conversion/tempo)","equal turn scoring (positional / blocking / future-equity, no completion diff)",margin-only
mp1925000006,1925000006,138,3,endgame,62,29,"[1, 0]",False,tile_place,tile_place,0,False,"tile placement (same phase, different square = blocking/conversion/tempo)","equal turn scoring (positional / blocking / future-equity, no completion diff)",margin-only
mp1925000029,1925000029,138,3,endgame,24,12,"[0, 0]",False,tile_place,tile_place,0,False,"tile placement (same phase, different square = blocking/conversion/tempo)","equal turn scoring (positional / blocking / future-equity, no completion diff)",margin-only
mp1925000017,1925000017,138,3,endgame,74,31,"[0, 0]",False,tile_place,tile_place,0,False,"tile placement (same phase, different square = blocking/conversion/tempo)","equal turn scoring (positional / blocking / future-equity, no completion diff)",margin-only
mp1925000012,1925000012,138,3,endgame,55,14,"[0, 2]",False,tile_place,tile_place,0,False,"tile placement (same phase, different square = blocking/conversion/tempo)","equal turn scoring (positional / blocking / future-equity, no completion diff)",margin-only
mp1925000072,1925000072,138,3,endgame,52,13,"[0, 0]",False,tile_place,tile_place,0,False,"tile placement (same phase, different square = blocking/conversion/tempo)","equal turn scoring (positional / blocking / future-equity, no completion diff)",margin-only
mp1925000075,1925000075,137,3,endgame,100,11,"[0, 0]",False,tile_place,tile_place,0,False,"tile placement (same phase, different square = blocking/conversion/tempo)","equal turn scoring (positional / blocking / future-equity, no completion diff)",margin-only
mp1925000005,1925000005,138,3,endgame,54,27,"[0, 0]",False,tile_place,tile_place,0,False,"tile placement (same phase, different square = blocking/conversion/tempo)","equal turn scoring (positional / blocking / future-equity, no completion diff)",margin-only
mp1925000046,1925000046,138,3,endgame,52,10,"[0, 0]",False,tile_place,tile_place,0,False,"tile placement (same phase, different square = blocking/conversion/tempo)","equal turn scoring (positional / blocking / future-equity, no completion diff)",margin-only
mp1925000044,1925000044,138,3,endgame,31,7,"[0, 0]",False,tile_place,tile_place,0,True,"tile placement (same phase, different square = blocking/conversion/tempo)","equal turn scoring (positional / blocking / future-equity, no completion diff)",margin-only
mp1925000001,1925000001,138,3,endgame,46,24,"[0, 0]",False,tile_place,tile_place,0,False,"tile placement (same phase, different square = blocking/conversion/tempo)","equal turn scoring (positional / blocking / future-equity, no completion diff)",margin-only
mp1925000057,1925000057,136,3,endgame,28,21,"[0, 0]",False,tile_place,tile_place,0,False,"tile placement (same phase, different square = blocking/conversion/tempo)","equal turn scoring (positional / blocking / future-equity, no completion diff)",margin-only
mp1925000063,1925000063,138,3,endgame,59,13,"[0, 0]",False,tile_place,tile_place,0,False,"tile placement (same phase, different square = blocking/conversion/tempo)","equal turn scoring (positional / blocking / future-equity, no completion diff)",margin-only
mp1925000061,1925000061,138,3,endgame,41,25,"[1, 1]",False,tile_place,tile_place,0,False,"tile placement (same phase, different square = blocking/conversion/tempo)","equal turn scoring (positional / blocking / future-equity, no completion diff)",margin-only
mp1925000059,1925000059,138,3,endgame,42,22,"[0, 0]",False,tile_place,tile_place,0,False,"tile placement (same phase, different square = blocking/conversion/tempo)","equal turn scoring (positional / blocking / future-equity, no completion diff)",margin-only
mp1925000072,1925000072,136,4,endgame,53,13,"[0, 0]",False,tile_place,tile_place,0,False,"tile placement (same phase, different square = blocking/conversion/tempo)","equal turn scoring (positional / blocking / future-equity, no completion diff)",margin-only
mp1925000047,1925000047,136,4,endgame,33,6,"[0, 0]",False,tile_place,tile_place,0,False,"tile placement (same phase, different square = blocking/conversion/tempo)","equal turn scoring (positional / blocking / future-equity, no completion diff)",margin-only
mp1925000073,1925000073,136,4,endgame,29,13,"[0, 1]",False,tile_place,tile_place,0,False,"tile placement (same phase, different square = blocking/conversion/tempo)","equal turn scoring (positional / blocking / future-equity, no completion diff)",margin-only
mp1925000043,1925000043,136,4,endgame,45,12,"[0, 0]",False,tile_place,tile_place,0,False,"tile placement (same phase, different square = blocking/conversion/tempo)","equal turn scoring (positional / blocking / future-equity, no completion diff)",margin-only
mp1925000003,1925000003,136,4,endgame,31,23,"[0, 0]",False,tile_place,tile_place,0,False,"tile placement (same phase, different square = blocking/conversion/tempo)","equal turn scoring (positional / blocking / future-equity, no completion diff)",margin-only
mp1925000067,1925000067,136,4,endgame,25,5,"[0, 1]",False,tile_place,tile_place,0,False,"tile placement (same phase, different square = blocking/conversion/tempo)","equal turn scoring (positional / blocking / future-equity, no completion diff)",margin-only
mp1925000034,1925000034,136,4,endgame,58,5,"[0, 0]",False,tile_place,tile_place,0,False,"tile placement (same phase, different square = blocking/conversion/tempo)","equal turn scoring (positional / blocking / future-equity, no completion diff)",margin-only
mp1925000059,1925000059,136,4,endgame,60,22,"[0, 0]",False,tile_place,tile_place,0,True,"tile placement (same phase, different square = blocking/conversion/tempo)","equal turn scoring (positional / blocking / future-equity, no completion diff)",margin-only
mp1925000054,1925000054,136,4,endgame,40,21,"[0, 0]",False,tile_place,tile_place,0,True,"tile placement (same phase, different square = blocking/conversion/tempo)","equal turn scoring (positional / blocking / future-equity, no completion diff)",margin-only
mp1925000040,1925000040,136,4,endgame,76,21,"[0, 0]",False,tile_place,tile_place,0,False,"tile placement (same phase, different square = blocking/conversion/tempo)","equal turn scoring (positional / blocking / future-equity, no completion diff)",margin-only
mp1925000070,1925000070,136,4,endgame,42,8,"[0, 0]",False,tile_place,tile_place,0,False,"tile placement (same phase, different square = blocking/conversion/tempo)","equal turn scoring (positional / blocking / future-equity, no completion diff)",margin-only
mp1925000066,1925000066,136,4,endgame,34,3,"[0, 0]",False,tile_place,tile_place,0,True,"tile placement (same phase, different square = blocking/conversion/tempo)","equal turn scoring (positional / blocking / future-equity, no completion diff)",margin-only
mp1925000053,1925000053,136,4,endgame,33,19,"[0, 0]",False,tile_place,tile_place,0,True,"tile placement (same phase, different square = blocking/conversion/tempo)","equal turn scoring (positional / blocking / future-equity, no completion diff)",margin-only
mp1925000025,1925000025,136,4,endgame,38,6,"[0, 1]",False,tile_place,tile_place,0,False,"tile placement (same phase, different square = blocking/conversion/tempo)","equal turn scoring (positional / blocking / future-equity, no completion diff)",margin-only
mp1925000000,1925000000,135,4,endgame,23,21,"[0, 0]",False,tile_place,tile_place,0,True,"tile placement (same phase, different square = blocking/conversion/tempo)","equal turn scoring (positional / blocking / future-equity, no completion diff)",margin-only
mp1925000063,1925000063,136,4,endgame,32,13,"[0, 0]",False,tile_place,tile_place,0,False,"tile placement (same phase, different square = blocking/conversion/tempo)","equal turn scoring (positional / blocking / future-equity, no completion diff)",margin-only
mp1925000062,1925000062,136,4,endgame,46,17,"[0, 0]",False,tile_place,tile_place,0,True,"tile placement (same phase, different square = blocking/conversion/tempo)","equal turn scoring (positional / blocking / future-equity, no completion diff)",margin-only
mp1925000089,1925000089,136,4,endgame,49,4,"[0, 0]",False,tile_place,tile_place,0,False,"tile placement (same phase, different square = blocking/conversion/tempo)","equal turn scoring (positional / blocking / future-equity, no completion diff)",margin-only
mp1925000076,1925000076,136,4,endgame,33,3,"[0, 0]",False,tile_place,tile_place,0,False,"tile placement (same phase, different square = blocking/conversion/tempo)","equal turn scoring (positional / blocking / future-equity, no completion diff)",margin-only
mp1925000066,1925000066,134,5,endgame,60,3,"[0, 0]",False,tile_place,tile_place,0,True,"tile placement (same phase, different square = blocking/conversion/tempo)","equal turn scoring (positional / blocking / future-equity, no completion diff)",margin-only
mp1925000085,1925000085,134,5,endgame,60,6,"[1, 0]",False,tile_place,tile_place,0,False,"tile placement (same phase, different square = blocking/conversion/tempo)","equal turn scoring (positional / blocking / future-equity, no completion diff)",margin-only
mp1925000054,1925000054,134,5,endgame,28,21,"[0, 0]",False,tile_place,tile_place,0,False,"tile placement (same phase, different square = blocking/conversion/tempo)","equal turn scoring (positional / blocking / future-equity, no completion diff)",margin-only
mp1925000068,1925000068,134,5,endgame,76,1,"[1, 0]",False,tile_place,tile_place,0,False,"tile placement (same phase, different square = blocking/conversion/tempo)","equal turn scoring (positional / blocking / future-equity, no completion diff)",margin-only
mp1925000033,1925000033,134,5,endgame,49,45,"[1, 0]",False,tile_place,tile_place,0,False,"tile placement (same phase, different square = blocking/conversion/tempo)","equal turn scoring (positional / blocking / future-equity, no completion diff)",margin-only
mp1925000081,1925000081,134,5,endgame,44,30,"[0, 0]",False,tile_place,tile_place,0,False,"tile placement (same phase, different square = blocking/conversion/tempo)","equal turn scoring (positional / blocking / future-equity, no completion diff)",margin-only
mp1925000057,1925000057,132,5,endgame,41,21,"[1, 0]",False,tile_place,tile_place,0,False,"tile placement (same phase, different square = blocking/conversion/tempo)","equal turn scoring (positional / blocking / future-equity, no completion diff)",margin-only
mp1925000024,1925000024,134,5,endgame,46,2,"[0, 0]",False,tile_place,tile_place,0,False,"tile placement (same phase, different square = blocking/conversion/tempo)","equal turn scoring (positional / blocking / future-equity, no completion diff)",margin-only
mp1925000009,1925000009,134,5,endgame,47,16,"[1, 0]",False,tile_place,tile_place,0,False,"tile placement (same phase, different square = blocking/conversion/tempo)","equal turn scoring (positional / blocking / future-equity, no completion diff)",margin-only
mp1925000079,1925000079,134,5,endgame,30,13,"[0, 0]",False,tile_place,tile_place,0,False,"tile placement (same phase, different square = blocking/conversion/tempo)","equal turn scoring (positional / blocking / future-equity, no completion diff)",margin-only
mp1925000084,1925000084,134,5,endgame,27,10,"[1, 0]",False,tile_place,tile_place,0,False,"tile placement (same phase, different square = blocking/conversion/tempo)","equal turn scoring (positional / blocking / future-equity, no completion diff)",margin-only
mp1925000042,1925000042,134,5,endgame,52,14,"[0, 0]",False,tile_place,tile_place,9,False,"tile placement (same phase, different square = blocking/conversion/tempo)",deep completes +9 more pts this turn (shallow leaves a completion / conversion),margin-only
mp1925000035,1925000035,134,5,endgame,52,3,"[1, 0]",False,tile_place,tile_place,0,False,"tile placement (same phase, different square = blocking/conversion/tempo)","equal turn scoring (positional / blocking / future-equity, no completion diff)",margin-only
mp1925000039,1925000039,134,5,endgame,63,30,"[1, 0]",False,tile_place,tile_place,0,False,"tile placement (same phase, different square = blocking/conversion/tempo)","equal turn scoring (positional / blocking / future-equity, no completion diff)",margin-only
mp1925000041,1925000041,134,5,endgame,24,12,"[1, 0]",False,tile_place,tile_place,0,False,"tile placement (same phase, different square = blocking/conversion/tempo)","equal turn scoring (positional / blocking / future-equity, no completion diff)",margin-only
mp1925000064,1925000064,134,5,endgame,54,48,"[0, 0]",False,tile_place,tile_place,0,False,"tile placement (same phase, different square = blocking/conversion/tempo)","equal turn scoring (positional / blocking / future-equity, no completion diff)",margin-only
mp1925000045,1925000045,132,6,endgame,67,19,"[0, 0]",False,tile_place,tile_place,0,True,"tile placement (same phase, different square = blocking/conversion/tempo)","equal turn scoring (positional / blocking / future-equity, no completion diff)",margin-only
mp1925000056,1925000056,131,6,endgame,48,12,"[0, 0]",False,tile_place,tile_place,0,False,"tile placement (same phase, different square = blocking/conversion/tempo)","equal turn scoring (positional / blocking / future-equity, no completion diff)",margin-only
mp1925000004,1925000004,132,6,endgame,38,42,"[0, 0]",False,tile_place,tile_place,0,False,"tile placement (same phase, different square = blocking/conversion/tempo)","equal turn scoring (positional / blocking / future-equity, no completion diff)",margin-only
mp1925000081,1925000081,132,6,endgame,34,30,"[0, 0]",False,tile_place,tile_place,0,False,"tile placement (same phase, different square = blocking/conversion/tempo)","equal turn scoring (positional / blocking / future-equity, no completion diff)",margin-only
mp1925000072,1925000072,132,6,endgame,36,13,"[1, 0]",False,tile_place,tile_place,0,False,"tile placement (same phase, different square = blocking/conversion/tempo)","equal turn scoring (positional / blocking / future-equity, no completion diff)",margin-only
mp1925000082,1925000082,131,6,endgame,26,28,"[0, 0]",False,tile_place,tile_place,0,False,"tile placement (same phase, different square = blocking/conversion/tempo)","equal turn scoring (positional / blocking / future-equity, no completion diff)",margin-only
mp1925000042,1925000042,132,6,endgame,39,14,"[0, 0]",False,tile_place,tile_place,0,False,"tile placement (same phase, different square = blocking/conversion/tempo)","equal turn scoring (positional / blocking / future-equity, no completion diff)",margin-only
mp1925000078,1925000078,132,6,endgame,40,1,"[0, 0]",False,tile_place,tile_place,0,False,"tile placement (same phase, different square = blocking/conversion/tempo)","equal turn scoring (positional / blocking / future-equity, no completion diff)",margin-only
mp1925000000,1925000000,131,6,endgame,32,21,"[0, 0]",False,tile_place,tile_place,0,True,"tile placement (same phase, different square = blocking/conversion/tempo)","equal turn scoring (positional / blocking / future-equity, no completion diff)",margin-only
mp1925000032,1925000032,132,6,endgame,37,16,"[0, 0]",False,tile_place,tile_place,0,False,"tile placement (same phase, different square = blocking/conversion/tempo)","equal turn scoring (positional / blocking / future-equity, no completion diff)",margin-only
mp1925000089,1925000089,132,6,endgame,44,4,"[0, 0]",False,tile_place,tile_place,0,False,"tile placement (same phase, different square = blocking/conversion/tempo)","equal turn scoring (positional / blocking / future-equity, no completion diff)",margin-only
mp1925000005,1925000005,132,6,endgame,55,27,"[2, 0]",False,tile_place,tile_place,0,True,"tile placement (same phase, different square = blocking/conversion/tempo)","equal turn scoring (positional / blocking / future-equity, no completion diff)",margin-only
mp1925000027,1925000027,132,6,endgame,44,32,"[0, 0]",False,tile_place,tile_place,0,True,"tile placement (same phase, different square = blocking/conversion/tempo)","equal turn scoring (positional / blocking / future-equity, no completion diff)",margin-only
mp1925000065,1925000065,132,6,endgame,57,9,"[0, 0]",False,tile_place,tile_place,0,False,"tile placement (same phase, different square = blocking/conversion/tempo)","equal turn scoring (positional / blocking / future-equity, no completion diff)",margin-only
mp1925000066,1925000066,132,6,endgame,62,3,"[0, 0]",False,tile_place,tile_place,0,True,"tile placement (same phase, different square = blocking/conversion/tempo)","equal turn scoring (positional / blocking / future-equity, no completion diff)",margin-only
mp1925000088,1925000088,79,32,midgame,30,20,"[1, 0]",False,tile_place,tile_place,0,False,"tile placement (same phase, different square = blocking/conversion/tempo)","equal turn scoring (positional / blocking / future-equity, no completion diff)",possible W/L
mp1925000062,1925000062,80,32,midgame,42,3,"[0, 0]",False,tile_place,tile_place,0,False,"tile placement (same phase, different square = blocking/conversion/tempo)","equal turn scoring (positional / blocking / future-equity, no completion diff)",possible W/L
mp1925000081,1925000081,80,32,midgame,44,10,"[0, 0]",False,tile_place,tile_place,0,False,"tile placement (same phase, different square = blocking/conversion/tempo)","equal turn scoring (positional / blocking / future-equity, no completion diff)",possible W/L
mp1925000065,1925000065,80,32,midgame,54,14,"[0, 0]",False,tile_place,tile_place,0,False,"tile placement (same phase, different square = blocking/conversion/tempo)","equal turn scoring (positional / blocking / future-equity, no completion diff)",possible W/L
mp1925000014,1925000014,80,32,midgame,34,2,"[0, 0]",False,tile_place,tile_place,0,False,"tile placement (same phase, different square = blocking/conversion/tempo)","equal turn scoring (positional / blocking / future-equity, no completion diff)",possible W/L
mp1925000043,1925000043,80,32,midgame,39,15,"[0, 0]",False,tile_place,tile_place,0,False,"tile placement (same phase, different square = blocking/conversion/tempo)","equal turn scoring (positional / blocking / future-equity, no completion diff)",possible W/L
mp1925000080,1925000080,80,32,midgame,40,16,"[0, 0]",False,tile_place,tile_place,-3,True,"tile placement (same phase, different square = blocking/conversion/tempo)",deep forgoes 3 completion pts this turn (positional / tempo / setup),possible W/L
mp1925000037,1925000037,80,32,midgame,26,16,"[0, 0]",False,tile_place,tile_place,0,False,"tile placement (same phase, different square = blocking/conversion/tempo)","equal turn scoring (positional / blocking / future-equity, no completion diff)",possible W/L
mp1925000061,1925000061,80,32,midgame,64,32,"[0, 1]",False,tile_place,tile_place,0,False,"tile placement (same phase, different square = blocking/conversion/tempo)","equal turn scoring (positional / blocking / future-equity, no completion diff)",possible W/L
mp1925000002,1925000002,80,32,midgame,16,9,"[1, 2]",False,tile_place,tile_place,0,False,"tile placement (same phase, different square = blocking/conversion/tempo)","equal turn scoring (positional / blocking / future-equity, no completion diff)",possible W/L
mp1925000007,1925000007,80,32,midgame,14,2,"[1, 0]",False,tile_place,tile_place,0,False,"tile placement (same phase, different square = blocking/conversion/tempo)","equal turn scoring (positional / blocking / future-equity, no completion diff)",possible W/L
mp1925000052,1925000052,80,32,midgame,23,7,"[0, 1]",False,tile_place,tile_place,0,False,"tile placement (same phase, different square = blocking/conversion/tempo)","equal turn scoring (positional / blocking / future-equity, no completion diff)",possible W/L
mp1925000008,1925000008,80,32,midgame,36,6,"[0, 0]",False,tile_place,tile_place,0,False,"tile placement (same phase, different square = blocking/conversion/tempo)","equal turn scoring (positional / blocking / future-equity, no completion diff)",possible W/L
mp1925000064,1925000064,80,32,midgame,24,16,"[0, 1]",False,tile_place,tile_place,0,False,"tile placement (same phase, different square = blocking/conversion/tempo)","equal turn scoring (positional / blocking / future-equity, no completion diff)",possible W/L
mp1925000085,1925000085,80,32,midgame,39,15,"[0, 0]",False,tile_place,tile_place,0,True,"tile placement (same phase, different square = blocking/conversion/tempo)","equal turn scoring (positional / blocking / future-equity, no completion diff)",possible W/L
mp1925000055,1925000055,79,32,midgame,50,12,"[0, 0]",False,tile_place,tile_place,0,False,"tile placement (same phase, different square = blocking/conversion/tempo)","equal turn scoring (positional / blocking / future-equity, no completion diff)",possible W/L
mp1925000030,1925000030,80,32,midgame,42,2,"[0, 0]",False,tile_place,tile_place,0,False,"tile placement (same phase, different square = blocking/conversion/tempo)","equal turn scoring (positional / blocking / future-equity, no completion diff)",possible W/L
mp1925000039,1925000039,80,32,midgame,40,2,"[0, 2]",False,tile_place,tile_place,0,True,"tile placement (same phase, different square = blocking/conversion/tempo)","equal turn scoring (positional / blocking / future-equity, no completion diff)",possible W/L
mp1925000040,1925000040,80,32,midgame,24,1,"[0, 0]",False,tile_place,tile_place,0,False,"tile placement (same phase, different square = blocking/conversion/tempo)","equal turn scoring (positional / blocking / future-equity, no completion diff)",possible W/L
mp1925000021,1925000021,80,32,midgame,60,12,"[0, 0]",False,tile_place,tile_place,0,False,"tile placement (same phase, different square = blocking/conversion/tempo)","equal turn scoring (positional / blocking / future-equity, no completion diff)",possible W/L
mp1925000035,1925000035,68,38,midgame,26,4,"[0, 0]",False,tile_place,tile_place,0,False,"tile placement (same phase, different square = blocking/conversion/tempo)","equal turn scoring (positional / blocking / future-equity, no completion diff)",possible W/L
mp1925000037,1925000037,68,38,midgame,34,16,"[0, 0]",False,tile_place,tile_place,0,False,"tile placement (same phase, different square = blocking/conversion/tempo)","equal turn scoring (positional / blocking / future-equity, no completion diff)",possible W/L
mp1925000081,1925000081,68,38,midgame,40,4,"[1, 0]",False,tile_place,tile_place,0,False,"tile placement (same phase, different square = blocking/conversion/tempo)","equal turn scoring (positional / blocking / future-equity, no completion diff)",possible W/L
mp1925000063,1925000063,68,38,midgame,38,1,"[0, 0]",False,tile_place,tile_place,0,False,"tile placement (same phase, different square = blocking/conversion/tempo)","equal turn scoring (positional / blocking / future-equity, no completion diff)",possible W/L
mp1925000014,1925000014,68,38,midgame,27,4,"[1, 0]",False,tile_place,tile_place,0,True,"tile placement (same phase, different square = blocking/conversion/tempo)","equal turn scoring (positional / blocking / future-equity, no completion diff)",possible W/L
mp1925000013,1925000013,68,38,midgame,34,17,"[0, 0]",False,tile_place,tile_place,0,False,"tile placement (same phase, different square = blocking/conversion/tempo)","equal turn scoring (positional / blocking / future-equity, no completion diff)",possible W/L
mp1925000007,1925000007,68,38,midgame,34,2,"[2, 1]",False,tile_place,tile_place,0,False,"tile placement (same phase, different square = blocking/conversion/tempo)","equal turn scoring (positional / blocking / future-equity, no completion diff)",possible W/L
mp1925000051,1925000051,68,38,midgame,49,8,"[1, 1]",False,tile_place,tile_place,0,False,"tile placement (same phase, different square = blocking/conversion/tempo)","equal turn scoring (positional / blocking / future-equity, no completion diff)",possible W/L
mp1925000001,1925000001,68,38,midgame,25,1,"[0, 1]",False,tile_place,tile_place,0,False,"tile placement (same phase, different square = blocking/conversion/tempo)","equal turn scoring (positional / blocking / future-equity, no completion diff)",possible W/L
mp1925000030,1925000030,68,38,midgame,39,12,"[1, 1]",False,tile_place,tile_place,0,False,"tile placement (same phase, different square = blocking/conversion/tempo)","equal turn scoring (positional / blocking / future-equity, no completion diff)",possible W/L
mp1925000054,1925000054,68,38,midgame,20,1,"[1, 0]",False,tile_place,tile_place,0,False,"tile placement (same phase, different square = blocking/conversion/tempo)","equal turn scoring (positional / blocking / future-equity, no completion diff)",possible W/L
mp1925000025,1925000025,68,38,midgame,36,4,"[1, 0]",False,tile_place,tile_place,0,False,"tile placement (same phase, different square = blocking/conversion/tempo)","equal turn scoring (positional / blocking / future-equity, no completion diff)",possible W/L
mp1925000048,1925000048,68,38,midgame,38,1,"[1, 1]",False,tile_place,tile_place,0,False,"tile placement (same phase, different square = blocking/conversion/tempo)","equal turn scoring (positional / blocking / future-equity, no completion diff)",possible W/L
mp1925000022,1925000022,68,38,midgame,48,10,"[0, 0]",False,tile_place,tile_place,0,False,"tile placement (same phase, different square = blocking/conversion/tempo)","equal turn scoring (positional / blocking / future-equity, no completion diff)",possible W/L
mp1925000016,1925000016,68,38,midgame,40,16,"[1, 0]",False,tile_place,tile_place,0,False,"tile placement (same phase, different square = blocking/conversion/tempo)","equal turn scoring (positional / blocking / future-equity, no completion diff)",possible W/L
mp1925000072,1925000072,56,44,midgame,34,4,"[2, 1]",False,tile_place,tile_place,0,False,"tile placement (same phase, different square = blocking/conversion/tempo)","equal turn scoring (positional / blocking / future-equity, no completion diff)",possible W/L
mp1925000021,1925000021,56,44,midgame,43,12,"[1, 2]",False,tile_place,tile_place,0,False,"tile placement (same phase, different square = blocking/conversion/tempo)","equal turn scoring (positional / blocking / future-equity, no completion diff)",possible W/L
mp1925000076,1925000076,56,44,midgame,26,1,"[0, 0]",False,tile_place,tile_place,0,False,"tile placement (same phase, different square = blocking/conversion/tempo)","equal turn scoring (positional / blocking / future-equity, no completion diff)",possible W/L
mp1925000001,1925000001,56,44,midgame,33,5,"[1, 3]",False,tile_place,tile_place,0,False,"tile placement (same phase, different square = blocking/conversion/tempo)","equal turn scoring (positional / blocking / future-equity, no completion diff)",possible W/L
mp1925000005,1925000005,56,44,midgame,40,7,"[0, 3]",False,tile_place,tile_place,0,False,"tile placement (same phase, different square = blocking/conversion/tempo)","equal turn scoring (positional / blocking / future-equity, no completion diff)",possible W/L
mp1925000085,1925000085,56,44,midgame,16,0,"[0, 0]",False,tile_place,tile_place,0,False,"tile placement (same phase, different square = blocking/conversion/tempo)","equal turn scoring (positional / blocking / future-equity, no completion diff)",possible W/L
mp1925000052,1925000052,56,44,midgame,32,4,"[2, 2]",False,tile_place,tile_place,0,False,"tile placement (same phase, different square = blocking/conversion/tempo)","equal turn scoring (positional / blocking / future-equity, no completion diff)",possible W/L
mp1925000006,1925000006,56,44,midgame,34,6,"[0, 0]",False,tile_place,tile_place,0,False,"tile placement (same phase, different square = blocking/conversion/tempo)","equal turn scoring (positional / blocking / future-equity, no completion diff)",possible W/L
mp1925000065,1925000065,56,44,midgame,29,7,"[1, 0]",False,tile_place,tile_place,-4,False,"tile placement (same phase, different square = blocking/conversion/tempo)",deep forgoes 4 completion pts this turn (positional / tempo / setup),possible W/L
mp1925000087,1925000087,56,44,midgame,21,17,"[0, 1]",False,tile_place,tile_place,0,False,"tile placement (same phase, different square = blocking/conversion/tempo)","equal turn scoring (positional / blocking / future-equity, no completion diff)",possible W/L
mp1925000046,1925000046,56,44,midgame,26,8,"[2, 1]",False,tile_place,tile_place,0,False,"tile placement (same phase, different square = blocking/conversion/tempo)","equal turn scoring (positional / blocking / future-equity, no completion diff)",possible W/L
mp1925000067,1925000067,44,50,opening,36,2,"[2, 2]",False,tile_place,tile_place,0,True,"tile placement (same phase, different square = blocking/conversion/tempo)","equal turn scoring (positional / blocking / future-equity, no completion diff)",possible W/L
mp1925000017,1925000017,44,50,opening,34,8,"[0, 2]",False,tile_place,tile_place,0,False,"tile placement (same phase, different square = blocking/conversion/tempo)","equal turn scoring (positional / blocking / future-equity, no completion diff)",possible W/L
mp1925000040,1925000040,44,50,opening,35,0,"[1, 0]",False,tile_place,tile_place,0,False,"tile placement (same phase, different square = blocking/conversion/tempo)","equal turn scoring (positional / blocking / future-equity, no completion diff)",possible W/L
mp1925000018,1925000018,44,50,opening,21,7,"[0, 3]",False,tile_place,tile_place,0,False,"tile placement (same phase, different square = blocking/conversion/tempo)","equal turn scoring (positional / blocking / future-equity, no completion diff)",possible W/L
mp1925000054,1925000054,44,50,opening,30,9,"[3, 3]",False,tile_place,tile_place,0,False,"tile placement (same phase, different square = blocking/conversion/tempo)","equal turn scoring (positional / blocking / future-equity, no completion diff)",possible W/L
mp1925000068,1925000068,44,50,opening,29,8,"[1, 2]",False,tile_place,tile_place,-6,False,"tile placement (same phase, different square = blocking/conversion/tempo)",deep forgoes 6 completion pts this turn (positional / tempo / setup),possible W/L
mp1925000072,1925000072,44,50,opening,28,7,"[2, 2]",False,tile_place,tile_place,0,False,"tile placement (same phase, different square = blocking/conversion/tempo)","equal turn scoring (positional / blocking / future-equity, no completion diff)",possible W/L
mp1925000075,1925000075,43,50,opening,15,5,"[1, 1]",False,tile_place,tile_place,0,False,"tile placement (same phase, different square = blocking/conversion/tempo)","equal turn scoring (positional / blocking / future-equity, no completion diff)",possible W/L
mp1925000039,1925000039,44,50,opening,37,0,"[0, 0]",False,tile_place,tile_place,0,True,"tile placement (same phase, different square = blocking/conversion/tempo)","equal turn scoring (positional / blocking / future-equity, no completion diff)",possible W/L
mp1925000060,1925000060,44,50,opening,17,7,"[2, 2]",False,tile_place,tile_place,0,False,"tile placement (same phase, different square = blocking/conversion/tempo)","equal turn scoring (positional / blocking / future-equity, no completion diff)",possible W/L
mp1925000030,1925000030,44,50,opening,23,0,"[0, 1]",False,tile_place,tile_place,0,False,"tile placement (same phase, different square = blocking/conversion/tempo)","equal turn scoring (positional / blocking / future-equity, no completion diff)",possible W/L
mp1925000044,1925000044,44,50,opening,31,5,"[1, 1]",False,tile_place,tile_place,0,True,"tile placement (same phase, different square = blocking/conversion/tempo)","equal turn scoring (positional / blocking / future-equity, no completion diff)",possible W/L
mp1925000064,1925000064,44,50,opening,34,10,"[1, 1]",False,tile_place,tile_place,0,False,"tile placement (same phase, different square = blocking/conversion/tempo)","equal turn scoring (positional / blocking / future-equity, no completion diff)",possible W/L
mp1925000088,1925000088,31,56,opening,26,4,"[1, 4]",False,tile_place,tile_place,0,False,"tile placement (same phase, different square = blocking/conversion/tempo)","equal turn scoring (positional / blocking / future-equity, no completion diff)",possible W/L
mp1925000051,1925000051,32,56,opening,16,6,"[4, 4]",False,tile_place,tile_place,0,False,"tile placement (same phase, different square = blocking/conversion/tempo)","equal turn scoring (positional / blocking / future-equity, no completion diff)",possible W/L
mp1925000031,1925000031,32,56,opening,10,6,"[3, 2]",False,tile_place,tile_place,0,False,"tile placement (same phase, different square = blocking/conversion/tempo)","equal turn scoring (positional / blocking / future-equity, no completion diff)",possible W/L
mp1925000035,1925000035,32,56,opening,30,7,"[3, 4]",False,tile_place,tile_place,0,False,"tile placement (same phase, different square = blocking/conversion/tempo)","equal turn scoring (positional / blocking / future-equity, no completion diff)",possible W/L
mp1925000056,1925000056,31,56,opening,22,6,"[4, 5]",False,tile_place,tile_place,2,False,"tile placement (same phase, different square = blocking/conversion/tempo)",deep completes +2 more pts this turn (shallow leaves a completion / conversion),possible W/L
mp1925000054,1925000054,32,56,opening,18,10,"[4, 3]",False,tile_place,tile_place,0,False,"tile placement (same phase, different square = blocking/conversion/tempo)","equal turn scoring (positional / blocking / future-equity, no completion diff)",possible W/L
mp1925000024,1925000024,32,56,opening,17,0,"[2, 2]",False,tile_place,tile_place,0,False,"tile placement (same phase, different square = blocking/conversion/tempo)","equal turn scoring (positional / blocking / future-equity, no completion diff)",possible W/L
mp1925000068,1925000068,32,56,opening,26,8,"[2, 2]",False,tile_place,tile_place,0,True,"tile placement (same phase, different square = blocking/conversion/tempo)","equal turn scoring (positional / blocking / future-equity, no completion diff)",possible W/L
mp1925000066,1925000066,32,56,opening,26,6,"[2, 3]",False,tile_place,tile_place,1,False,"tile placement (same phase, different square = blocking/conversion/tempo)",deep completes +1 more pts this turn (shallow leaves a completion / conversion),possible W/L
mp1925000005,1925000005,32,56,opening,30,4,"[1, 3]",False,tile_place,tile_place,0,False,"tile placement (same phase, different square = blocking/conversion/tempo)","equal turn scoring (positional / blocking / future-equity, no completion diff)",possible W/L
mp1925000061,1925000061,32,56,opening,12,2,"[2, 3]",False,tile_place,tile_place,0,False,"tile placement (same phase, different square = blocking/conversion/tempo)","equal turn scoring (positional / blocking / future-equity, no completion diff)",possible W/L
mp1925000011,1925000011,32,56,opening,24,2,"[5, 3]",False,tile_place,tile_place,-4,True,"tile placement (same phase, different square = blocking/conversion/tempo)",deep forgoes 4 completion pts this turn (positional / tempo / setup),possible W/L
mp1925000072,1925000072,32,56,opening,16,2,"[4, 4]",False,tile_place,tile_place,0,False,"tile placement (same phase, different square = blocking/conversion/tempo)","equal turn scoring (positional / blocking / future-equity, no completion diff)",possible W/L
mp1925000053,1925000053,32,56,opening,30,7,"[4, 2]",False,tile_place,tile_place,0,True,"tile placement (same phase, different square = blocking/conversion/tempo)","equal turn scoring (positional / blocking / future-equity, no completion diff)",possible W/L
mp1925000081,1925000081,32,56,opening,25,4,"[1, 1]",False,tile_place,tile_place,0,False,"tile placement (same phase, different square = blocking/conversion/tempo)","equal turn scoring (positional / blocking / future-equity, no completion diff)",possible W/L
mp1925000013,1925000013,32,56,opening,15,7,"[4, 3]",False,tile_place,tile_place,0,True,"tile placement (same phase, different square = blocking/conversion/tempo)","equal turn scoring (positional / blocking / future-equity, no completion diff)",possible W/L
mp1925000074,1925000074,32,56,opening,16,8,"[5, 0]",False,tile_place,tile_place,0,False,"tile placement (same phase, different square = blocking/conversion/tempo)","equal turn scoring (positional / blocking / future-equity, no completion diff)",possible W/L
mp1925000020,1925000020,32,56,opening,24,0,"[3, 3]",False,tile_place,tile_place,0,False,"tile placement (same phase, different square = blocking/conversion/tempo)","equal turn scoring (positional / blocking / future-equity, no completion diff)",possible W/L
mp1925000052,1925000052,32,56,opening,22,4,"[5, 5]",False,tile_place,tile_place,0,False,"tile placement (same phase, different square = blocking/conversion/tempo)","equal turn scoring (positional / blocking / future-equity, no completion diff)",possible W/L
mp1925000017,1925000017,32,56,opening,40,8,"[2, 4]",False,tile_place,tile_place,0,True,"tile placement (same phase, different square = blocking/conversion/tempo)","equal turn scoring (positional / blocking / future-equity, no completion diff)",possible W/L
mp1925000012,1925000012,32,56,opening,13,6,"[3, 4]",False,tile_place,tile_place,0,False,"tile placement (same phase, different square = blocking/conversion/tempo)","equal turn scoring (positional / blocking / future-equity, no completion diff)",possible W/L
mp1925000067,1925000067,32,56,opening,20,4,"[4, 2]",False,tile_place,tile_place,-8,False,"tile placement (same phase, different square = blocking/conversion/tempo)",deep forgoes 8 completion pts this turn (positional / tempo / setup),possible W/L
mp1925000009,1925000009,32,56,opening,32,1,"[3, 3]",False,tile_place,tile_place,0,False,"tile placement (same phase, different square = blocking/conversion/tempo)","equal turn scoring (positional / blocking / future-equity, no completion diff)",possible W/L
mp1925000073,1925000073,20,62,opening,21,2,"[4, 4]",False,tile_place,tile_place,0,True,"tile placement (same phase, different square = blocking/conversion/tempo)","equal turn scoring (positional / blocking / future-equity, no completion diff)",possible W/L
mp1925000067,1925000067,20,62,opening,17,2,"[5, 4]",False,tile_place,tile_place,0,True,"tile placement (same phase, different square = blocking/conversion/tempo)","equal turn scoring (positional / blocking / future-equity, no completion diff)",possible W/L
mp1925000061,1925000061,20,62,opening,14,6,"[4, 4]",False,tile_place,tile_place,0,False,"tile placement (same phase, different square = blocking/conversion/tempo)","equal turn scoring (positional / blocking / future-equity, no completion diff)",possible W/L
mp1925000042,1925000042,20,62,opening,14,0,"[5, 3]",False,tile_place,tile_place,0,False,"tile placement (same phase, different square = blocking/conversion/tempo)","equal turn scoring (positional / blocking / future-equity, no completion diff)",possible W/L
mp1925000007,1925000007,20,62,opening,18,0,"[3, 3]",False,tile_place,tile_place,0,False,"tile placement (same phase, different square = blocking/conversion/tempo)","equal turn scoring (positional / blocking / future-equity, no completion diff)",possible W/L
mp1925000010,1925000010,20,62,opening,18,4,"[4, 4]",False,tile_place,tile_place,0,False,"tile placement (same phase, different square = blocking/conversion/tempo)","equal turn scoring (positional / blocking / future-equity, no completion diff)",possible W/L
mp1925000027,1925000027,20,62,opening,8,12,"[4, 3]",False,tile_place,tile_place,0,False,"tile placement (same phase, different square = blocking/conversion/tempo)","equal turn scoring (positional / blocking / future-equity, no completion diff)",possible W/L
mp1925000071,1925000071,20,62,opening,11,7,"[4, 3]",False,tile_place,tile_place,0,False,"tile placement (same phase, different square = blocking/conversion/tempo)","equal turn scoring (positional / blocking / future-equity, no completion diff)",possible W/L
mp1925000058,1925000058,20,62,opening,13,0,"[4, 4]",False,tile_place,tile_place,0,False,"tile placement (same phase, different square = blocking/conversion/tempo)","equal turn scoring (positional / blocking / future-equity, no completion diff)",possible W/L
mp1925000081,1925000081,20,62,opening,20,0,"[3, 3]",False,tile_place,tile_place,0,False,"tile placement (same phase, different square = blocking/conversion/tempo)","equal turn scoring (positional / blocking / future-equity, no completion diff)",possible W/L
