case_id,dataset,position_id,k,band,source,n_legal,gap,v27_choice,ref_choice,ref_kind,v27_q,ref_q,v27_eval,ref_eval,mechanism_raw,failure_class,candidate_patch,leaf_addressable,also_iter8_miss,raw_path
mid::greedy_s3500000027_K40,midgame,greedy_s3500000027_K40,40,early_mid,greedy,16,0.2272,957,1369,teacher(heur@3200),-0.41996,-0.11699,,,structural/closure,closure-timing/farm-growth,completion_timing_v1|farm_final_value_v1,partial,False,
mid::greedy_s3500000014_K52,midgame,greedy_s3500000014_K52,52,opening,greedy,19,0.1525,1060,1063,teacher(heur@3200),-0.08633,0.16048,,,structural/unclear,structural-positional,NONE(search-horizon),no,False,
mid::greedy_s3500000040_K52,midgame,greedy_s3500000040_K52,52,opening,greedy,20,0.1481,849,1356,teacher(heur@3200),-0.4635,0.26822,,,structural/unclear,structural-positional,NONE(search-horizon),no,False,
mid::iter8_s3501000000_K28,midgame,iter8_s3501000000_K28,28,mid,iter8,46,0.1087,1139,1657,teacher(heur@3200),0.15624,0.27162,,,structural/unclear,structural-positional,NONE(search-horizon),no,False,
mid::hybrid_8_3200_s3503000019_K52,midgame,hybrid_8_3200_s3503000019_K52,52,opening,hybrid:8:3200,28,0.0918,1060,1152,teacher(heur@3200),0.37121,0.46299,,,structural/unclear,structural-positional,NONE(search-horizon),no,False,
mid::iter8_s3501000010_K16,midgame,iter8_s3501000010_K16,16,late_mid,iter8,30,0.0897,848,1241,teacher(heur@3200),0.24555,0.33521,,,structural/closure,closure-timing/farm-growth,completion_timing_v1|farm_final_value_v1,partial,False,
mid::greedy_s3500000001_K52,midgame,greedy_s3500000001_K52,52,opening,greedy,23,0.0876,949,1144,teacher(heur@3200),-0.39265,-0.30455,,,completion/score-greed,completion-timing,completion_timing_v1,partial,False,
mid::iter8_s3501000016_K28,midgame,iter8_s3501000016_K28,28,mid,iter8,34,0.0832,660,1567,teacher(heur@3200),0.33967,0.51422,,,structural/closure,closure-timing/farm-growth,completion_timing_v1|farm_final_value_v1,partial,False,
mid::greedy_s3500000009_K52,midgame,greedy_s3500000009_K52,52,opening,greedy,17,0.0744,957,1056,teacher(heur@3200),-0.04138,0.11246,,,completion/score-greed,completion-timing,completion_timing_v1,partial,False,
mid::greedy_s3500000044_K52,midgame,greedy_s3500000044_K52,52,opening,greedy,37,0.0695,932,1239,teacher(heur@3200),-0.14694,0.41645,,,structural/unclear,structural-positional,NONE(search-horizon),no,False,
mid::greedy_s3500000000_K52,midgame,greedy_s3500000000_K52,52,opening,greedy,26,0.1292,844,1040,teacher(heur@3200),-0.2141,-0.02296,,,structural/unclear,structural-positional,NONE(search-horizon),no,True,
mid::heur3200_s3502000024_K52,midgame,heur3200_s3502000024_K52,52,opening,heur@3200,40,0.0593,948,1444,teacher(heur@3200),0.27451,0.37891,,,structural/unclear,structural-positional,NONE(search-horizon),no,False,
mid::greedy_s3500000019_K16,midgame,greedy_s3500000019_K16,16,late_mid,greedy,88,0.0563,732,1356,teacher(heur@3200),0.47427,0.64534,,,structural/unclear,structural-positional,NONE(search-horizon),no,False,
mid::heur3200_s3502000023_K52,midgame,heur3200_s3502000023_K52,52,opening,heur@3200,32,0.0554,856,1144,teacher(heur@3200),-0.56719,-0.51177,,,structural/unclear,structural-positional,NONE(search-horizon),no,False,
mid::heur3200_s3502000025_K52,midgame,heur3200_s3502000025_K52,52,opening,heur@3200,28,0.0524,840,1644,teacher(heur@3200),0.18056,0.233,,,structural/unclear,structural-positional,NONE(search-horizon),no,False,
mid::greedy_s3500000035_K52,midgame,greedy_s3500000035_K52,52,opening,greedy,40,0.0501,852,1056,teacher(heur@3200),0.1475,0.23242,,,structural/unclear,structural-positional,NONE(search-horizon),no,False,
mid::greedy_s3500000015_K16,midgame,greedy_s3500000015_K16,16,late_mid,greedy,88,0.0495,728,1160,teacher(heur@3200),-0.3377,0.03209,,,structural/unclear,structural-positional,NONE(search-horizon),no,False,
mid::greedy_s3500000006_K10,midgame,greedy_s3500000006_K10,10,pre_endgame,greedy,80,0.097,744,1332,teacher(heur@3200),-0.12187,0.10515,,,structural/unclear,structural-positional,NONE(search-horizon),no,True,
mid::greedy_s3500000014_K28,midgame,greedy_s3500000014_K28,28,mid,greedy,52,0.048,1264,1360,teacher(heur@3200),0.8202,0.86816,,,structural/unclear,structural-positional,NONE(search-horizon),no,False,
mid::iter8_s3501000049_K16,midgame,iter8_s3501000049_K16,16,late_mid,iter8,43,0.0441,749,1137,teacher(heur@3200),-0.14767,0.04153,,,structural/unclear,structural-positional,NONE(search-horizon),no,False,
mid::iter8_s3501000002_K28,midgame,iter8_s3501000002_K28,28,mid,iter8,37,0.04,861,971,teacher(heur@3200),-0.66551,-0.60813,,,structural/closure,closure-timing/farm-growth,completion_timing_v1|farm_final_value_v1,partial,False,
mid::hybrid_8_3200_s3503000038_K40,midgame,hybrid_8_3200_s3503000038_K40,40,early_mid,hybrid:8:3200,26,0.038,1033,1324,teacher(heur@3200),0.11687,0.1549,,,structural/unclear,structural-positional,NONE(search-horizon),no,False,
mid::iter8_s3501000019_K40,midgame,iter8_s3501000019_K40,40,early_mid,iter8,34,0.0374,1045,1533,teacher(heur@3200),-0.74995,-0.69386,,,structural/unclear,structural-positional,NONE(search-horizon),no,False,
mid::iter8_s3501000022_K52,midgame,iter8_s3501000022_K52,52,opening,iter8,17,0.0363,1156,1454,teacher(heur@3200),-0.16599,-0.12966,,,structural/unclear,structural-positional,NONE(search-horizon),no,False,
mid::heur3200_s3502000021_K10,midgame,heur3200_s3502000021_K10,10,pre_endgame,heur@3200,54,0.0362,832,1160,teacher(heur@3200),-0.41184,-0.37372,,,structural/closure,closure-timing/farm-growth,completion_timing_v1|farm_final_value_v1,partial,False,
mid::heur3200_s3502000036_K52,midgame,heur3200_s3502000036_K52,52,opening,heur@3200,20,0.0358,1265,1450,teacher(heur@3200),0.29172,0.33763,,,structural/unclear,structural-positional,NONE(search-horizon),no,False,
mid::greedy_s3500000013_K28,midgame,greedy_s3500000013_K28,28,mid,greedy,44,0.058,1468,1541,teacher(heur@3200),0.06922,0.16041,,,structural/unclear,structural-positional,NONE(search-horizon),no,True,
mid::iter8_s3501000012_K52,midgame,iter8_s3501000012_K52,52,opening,iter8,25,0.0508,1145,1343,teacher(heur@3200),-0.21009,-0.15931,,,structural/unclear,structural-positional,NONE(search-horizon),no,True,
mid::greedy_s3500000009_K16,midgame,greedy_s3500000009_K16,16,late_mid,greedy,40,0.05,1241,1165,teacher(heur@3200),-0.01769,0.21365,,,structural/unclear,structural-positional,NONE(search-horizon),no,True,
mid::hybrid_8_3200_s3503000038_K28,midgame,hybrid_8_3200_s3503000038_K28,28,mid,hybrid:8:3200,42,0.0249,957,1029,teacher(heur@3200),0.34986,0.37474,,,immediate-score,immediate-scoring,(mostly v2.7-covered),weak,False,
mid::heur3200_s3502000014_K16,midgame,heur3200_s3502000014_K16,16,late_mid,heur@3200,29,0.0247,1462,864,teacher(heur@3200),0.30712,0.38852,,,meeple-economy,meeple-economy,meeple_economy_v1,yes,False,
mid::greedy_s3500000026_K10,midgame,greedy_s3500000026_K10,10,pre_endgame,greedy,36,0.0478,959,1757,teacher(heur@3200),-0.77131,-0.72356,,,structural/unclear,structural-positional,NONE(search-horizon),no,True,
mid::heur3200_s3502000020_K28,midgame,heur3200_s3502000020_K28,28,mid,heur@3200,28,0.0236,756,1049,teacher(heur@3200),-0.26368,-0.24004,,,structural/closure,closure-timing/farm-growth,completion_timing_v1|farm_final_value_v1,partial,False,
mid::iter8_s3501000034_K52,midgame,iter8_s3501000034_K52,52,opening,iter8,16,0.0222,1060,1452,teacher(heur@3200),-0.2922,-0.26999,,,structural/unclear,structural-positional,NONE(search-horizon),no,False,
mid::iter8_s3501000010_K28,midgame,iter8_s3501000010_K28,28,mid,iter8,25,0.0438,941,1469,teacher(heur@3200),0.05261,0.21637,,,structural/unclear,structural-positional,NONE(search-horizon),no,True,
mid::iter8_s3501000013_K52,midgame,iter8_s3501000013_K52,52,opening,iter8,19,0.0201,944,1341,teacher(heur@3200),-0.61565,-0.59061,,,structural/closure,closure-timing/farm-growth,completion_timing_v1|farm_final_value_v1,partial,False,
mid::heur3200_s3502000015_K10,midgame,heur3200_s3502000015_K10,10,pre_endgame,heur@3200,26,0.0196,740,1661,teacher(heur@3200),-0.42256,-0.34949,,,structural/closure,closure-timing/farm-growth,completion_timing_v1|farm_final_value_v1,partial,False,
mid::iter8_s3501000047_K52,midgame,iter8_s3501000047_K52,52,opening,iter8,20,0.0386,1449,1132,teacher(heur@3200),-0.18276,-0.14419,,,structural/unclear,structural-positional,NONE(search-horizon),no,True,
mid::heur3200_s3502000036_K40,midgame,heur3200_s3502000036_K40,40,early_mid,heur@3200,15,0.0186,1265,1539,teacher(heur@3200),0.68544,0.70497,,,structural/unclear,structural-positional,NONE(search-horizon),no,False,
mid::greedy_s3500000008_K52,midgame,greedy_s3500000008_K52,52,opening,greedy,27,0.0184,1437,1447,teacher(heur@3200),0.15532,0.17375,,,structural/unclear,structural-positional,NONE(search-horizon),no,False,
mid::greedy_s3500000014_K16,midgame,greedy_s3500000014_K16,16,late_mid,greedy,51,0.018,742,1166,teacher(heur@3200),0.35469,0.37634,,,structural/closure,closure-timing/farm-growth,completion_timing_v1|farm_final_value_v1,partial,False,
mid::heur3200_s3502000044_K40,midgame,heur3200_s3502000044_K40,40,early_mid,heur@3200,40,0.018,856,1352,teacher(heur@3200),0.26962,0.28825,,,structural/unclear,structural-positional,NONE(search-horizon),no,False,
mid::heur3200_s3502000022_K10,midgame,heur3200_s3502000022_K10,10,pre_endgame,heur@3200,52,0.036,656,1840,teacher(heur@3200),-0.52115,-0.35367,,,structural/unclear,structural-positional,NONE(search-horizon),no,True,
mid::iter8_s3501000009_K52,midgame,iter8_s3501000009_K52,52,opening,iter8,17,0.0357,1142,1456,teacher(heur@3200),0.24121,0.2852,,,structural/unclear,structural-positional,NONE(search-horizon),no,True,
mid::greedy_s3500000025_K52,midgame,greedy_s3500000025_K52,52,opening,greedy,10,0.0172,1129,1339,teacher(heur@3200),0.64403,0.66261,,,completion/score-greed,completion-timing,completion_timing_v1,partial,False,
mid::iter8_s3501000008_K40,midgame,iter8_s3501000008_K40,40,early_mid,iter8,9,0.034,837,1268,teacher(heur@3200),0.33938,0.37342,,,structural/closure,closure-timing/farm-growth,completion_timing_v1|farm_final_value_v1,partial,True,
mid::heur3200_s3502000013_K52,midgame,heur3200_s3502000013_K52,52,opening,heur@3200,15,0.0159,849,1558,teacher(heur@3200),-0.18312,-0.15339,,,structural/unclear,structural-positional,NONE(search-horizon),no,False,
mid::hybrid_8_3200_s3503000009_K40,midgame,hybrid_8_3200_s3503000009_K40,40,early_mid,hybrid:8:3200,18,0.0319,850,1643,teacher(heur@3200),0.0398,0.09443,,,structural/unclear,structural-positional,NONE(search-horizon),no,True,
mid::greedy_s3500000021_K40,midgame,greedy_s3500000021_K40,40,early_mid,greedy,50,0.0157,1260,1253,teacher(heur@3200),0.47097,0.48671,,,structural/unclear,structural-positional,NONE(search-horizon),no,False,
mid::greedy_s3500000029_K52,midgame,greedy_s3500000029_K52,52,opening,greedy,28,0.0154,1337,1157,teacher(heur@3200),-0.36446,-0.31134,,,structural/unclear,structural-positional,NONE(search-horizon),no,False,
mid::greedy_s3500000040_K40,midgame,greedy_s3500000040_K40,40,early_mid,greedy,18,0.0302,844,848,teacher(heur@3200),0.53266,0.56564,,,structural/closure,closure-timing/farm-growth,completion_timing_v1|farm_final_value_v1,partial,True,
mid::hybrid_8_3200_s3503000047_K40,midgame,hybrid_8_3200_s3503000047_K40,40,early_mid,hybrid:8:3200,23,0.015,1138,1139,teacher(heur@3200),0.05345,0.06846,,,structural/unclear,structural-positional,NONE(search-horizon),no,False,
mid::heur3200_s3502000037_K52,midgame,heur3200_s3502000037_K52,52,opening,heur@3200,23,0.0138,1036,1339,teacher(heur@3200),0.19757,0.21142,,,structural/unclear,structural-positional,NONE(search-horizon),no,False,
mid::iter8_s3501000025_K52,midgame,iter8_s3501000025_K52,52,opening,iter8,14,0.0128,856,1161,teacher(heur@3200),-0.09562,-0.00214,,,structural/closure,closure-timing/farm-growth,completion_timing_v1|farm_final_value_v1,partial,False,
mid::iter8_s3501000037_K52,midgame,iter8_s3501000037_K52,52,opening,iter8,19,0.0124,1160,1161,teacher(heur@3200),-0.00926,0.00314,,,structural/unclear,structural-positional,NONE(search-horizon),no,False,
mid::greedy_s3500000032_K52,midgame,greedy_s3500000032_K52,52,opening,greedy,22,0.0119,937,1460,teacher(heur@3200),0.26911,0.28484,,,structural/unclear,structural-positional,NONE(search-horizon),no,False,
mid::hybrid_8_3200_s3503000013_K40,midgame,hybrid_8_3200_s3503000013_K40,40,early_mid,hybrid:8:3200,23,0.0118,1041,1436,teacher(heur@3200),-0.73314,-0.71501,,,structural/unclear,structural-positional,NONE(search-horizon),no,False,
mid::greedy_s3500000012_K40,midgame,greedy_s3500000012_K40,40,early_mid,greedy,38,0.0234,1645,1652,teacher(heur@3200),-0.45978,-0.42948,,,structural/closure,closure-timing/farm-growth,completion_timing_v1|farm_final_value_v1,partial,True,
mid::heur3200_s3502000001_K40,midgame,heur3200_s3502000001_K40,40,early_mid,heur@3200,16,0.0117,1132,1652,teacher(heur@3200),0.67308,0.69244,,,structural/unclear,structural-positional,NONE(search-horizon),no,False,
mid::greedy_s3500000049_K52,midgame,greedy_s3500000049_K52,52,opening,greedy,22,0.0231,1436,848,teacher(heur@3200),0.72684,0.77863,,,structural/closure,closure-timing/farm-growth,completion_timing_v1|farm_final_value_v1,partial,True,
mid::iter8_s3501000030_K28,midgame,iter8_s3501000030_K28,28,mid,iter8,32,0.0114,740,943,teacher(heur@3200),0.59759,0.61091,,,structural/unclear,structural-positional,NONE(search-horizon),no,False,
mid::iter8_s3501000016_K40,midgame,iter8_s3501000016_K40,40,early_mid,iter8,24,0.0112,752,1341,teacher(heur@3200),-0.46006,-0.44885,,,structural/unclear,structural-positional,NONE(search-horizon),no,False,
mid::heur3200_s3502000004_K10,midgame,heur3200_s3502000004_K10,10,pre_endgame,heur@3200,28,0.0223,1640,1233,teacher(heur@3200),0.60316,0.62548,,,immediate-score,immediate-scoring,(mostly v2.7-covered),weak,True,
mid::heur3200_s3502000004_K52,midgame,heur3200_s3502000004_K52,52,opening,heur@3200,24,0.0107,750,754,teacher(heur@3200),0.7375,0.74825,,,structural/unclear,structural-positional,NONE(search-horizon),no,False,
mid::heur3200_s3502000044_K10,midgame,heur3200_s3502000044_K10,10,pre_endgame,heur@3200,32,0.0102,1125,1368,teacher(heur@3200),0.81425,0.83498,,,structural/closure,closure-timing/farm-growth,completion_timing_v1|farm_final_value_v1,partial,False,
mid::heur3200_s3502000037_K40,midgame,heur3200_s3502000037_K40,40,early_mid,heur@3200,24,0.0102,943,1540,teacher(heur@3200),0.79623,0.8112,,,structural/closure,closure-timing/farm-growth,completion_timing_v1|farm_final_value_v1,partial,False,
mid::hybrid_8_3200_s3503000020_K10,midgame,hybrid_8_3200_s3503000020_K10,10,pre_endgame,hybrid:8:3200,50,0.0201,1068,1421,teacher(heur@3200),0.48946,0.5617,,,structural/unclear,structural-positional,NONE(search-horizon),no,True,
mid::greedy_s3500000016_K10,midgame,greedy_s3500000016_K10,10,pre_endgame,greedy,46,0.02,745,1329,teacher(heur@3200),0.86618,0.88617,,,structural/closure,closure-timing/farm-growth,completion_timing_v1|farm_final_value_v1,partial,True,
mid::heur3200_s3502000013_K10,midgame,heur3200_s3502000013_K10,10,pre_endgame,heur@3200,35,0.02,738,1432,teacher(heur@3200),0.24961,0.27943,,,bag/scarcity,open-edge-scarcity,open_edge_scarcity_v1,weak,True,
mid::heur3200_s3502000026_K52,midgame,heur3200_s3502000026_K52,52,opening,heur@3200,29,0.0197,940,1133,teacher(heur@3200),-0.47234,-0.44327,,,structural/closure,closure-timing/farm-growth,completion_timing_v1|farm_final_value_v1,partial,True,
mid::iter8_s3501000001_K52,midgame,iter8_s3501000001_K52,52,opening,iter8,20,0.0197,1548,1551,teacher(heur@3200),0.05419,0.07824,,,structural/unclear,structural-positional,NONE(search-horizon),no,True,
mid::heur3200_s3502000018_K52,midgame,heur3200_s3502000018_K52,52,opening,heur@3200,15,0.0097,964,1470,teacher(heur@3200),0.35799,0.4057,,,structural/unclear,structural-positional,NONE(search-horizon),no,False,
mid::heur3200_s3502000011_K40,midgame,heur3200_s3502000011_K40,40,early_mid,heur@3200,27,0.0097,1545,1546,teacher(heur@3200),0.52406,0.55001,,,structural/unclear,structural-positional,NONE(search-horizon),no,False,
mid::hybrid_8_3200_s3503000019_K28,midgame,hybrid_8_3200_s3503000019_K28,28,mid,hybrid:8:3200,44,0.019,833,1637,teacher(heur@3200),0.55233,0.59758,,,structural/unclear,structural-positional,NONE(search-horizon),no,True,
mid::iter8_s3501000034_K10,midgame,iter8_s3501000034_K10,10,pre_endgame,iter8,27,0.0186,641,1335,teacher(heur@3200),-0.7951,-0.71394,,,structural/unclear,structural-positional,NONE(search-horizon),no,True,
mid::heur3200_s3502000027_K28,midgame,heur3200_s3502000027_K28,28,mid,heur@3200,38,0.0184,745,1068,teacher(heur@3200),-0.55921,-0.50946,,,structural/unclear,structural-positional,NONE(search-horizon),no,True,
mid::hybrid_8_3200_s3503000041_K52,midgame,hybrid_8_3200_s3503000041_K52,52,opening,hybrid:8:3200,17,0.0174,1138,1462,teacher(heur@3200),0.2483,0.282,,,meeple-economy,meeple-economy,meeple_economy_v1,yes,True,
mid::heur3200_s3502000040_K52,midgame,heur3200_s3502000040_K52,52,opening,heur@3200,30,0.0086,1357,1558,teacher(heur@3200),0.05576,0.06433,,,structural/unclear,structural-positional,NONE(search-horizon),no,False,
mid::heur3200_s3502000043_K52,midgame,heur3200_s3502000043_K52,52,opening,heur@3200,14,0.0084,1654,1256,teacher(heur@3200),-0.1219,-0.03423,,,meeple-economy,meeple-economy,meeple_economy_v1,yes,False,
mid::hybrid_8_3200_s3503000017_K40,midgame,hybrid_8_3200_s3503000017_K40,40,early_mid,hybrid:8:3200,29,0.0083,867,1547,teacher(heur@3200),-0.91188,-0.90164,,,structural/unclear,structural-positional,NONE(search-horizon),no,False,
mid::heur3200_s3502000014_K28,midgame,heur3200_s3502000014_K28,28,mid,heur@3200,36,0.0083,961,1049,teacher(heur@3200),0.15723,0.16553,,,structural/unclear,structural-positional,NONE(search-horizon),no,False,
mid::iter8_s3501000048_K28,midgame,iter8_s3501000048_K28,28,mid,iter8,37,0.0082,756,1556,teacher(heur@3200),0.41899,0.43243,,,structural/unclear,structural-positional,NONE(search-horizon),no,False,
mid::iter8_s3501000009_K28,midgame,iter8_s3501000009_K28,28,mid,iter8,30,0.0081,1136,1360,teacher(heur@3200),0.18249,0.22499,,,immediate-score,immediate-scoring,(mostly v2.7-covered),weak,False,
mid::iter8_s3501000034_K16,midgame,iter8_s3501000034_K16,16,late_mid,iter8,56,0.0081,736,1040,teacher(heur@3200),-0.9414,-0.91221,,,structural/unclear,structural-positional,NONE(search-horizon),no,False,
mid::iter8_s3501000046_K16,midgame,iter8_s3501000046_K16,16,late_mid,iter8,33,0.0077,1225,1328,teacher(heur@3200),0.33923,0.34691,,,structural/unclear,structural-positional,NONE(search-horizon),no,False,
mid::hybrid_8_3200_s3503000024_K10,midgame,hybrid_8_3200_s3503000024_K10,10,pre_endgame,hybrid:8:3200,92,0.0146,856,1660,teacher(heur@3200),0.13368,0.15434,,,structural/unclear,structural-positional,NONE(search-horizon),no,True,
mid::iter8_s3501000041_K52,midgame,iter8_s3501000041_K52,52,opening,iter8,7,0.0072,943,1339,teacher(heur@3200),0.76738,0.79022,,,structural/unclear,structural-positional,NONE(search-horizon),no,False,
mid::greedy_s3500000007_K28,midgame,greedy_s3500000007_K28,28,mid,greedy,42,0.0144,860,863,teacher(heur@3200),-0.39917,-0.38478,,,structural/unclear,structural-positional,NONE(search-horizon),no,True,
mid::greedy_s3500000046_K28,midgame,greedy_s3500000046_K28,28,mid,greedy,18,0.0072,1138,1240,teacher(heur@3200),-0.09597,-0.08881,,,structural/unclear,structural-positional,NONE(search-horizon),no,False,
mid::greedy_s3500000045_K40,midgame,greedy_s3500000045_K40,40,early_mid,greedy,46,0.0142,1149,1649,teacher(heur@3200),0.6737,0.68791,,,structural/unclear,structural-positional,NONE(search-horizon),no,True,
mid::iter8_s3501000001_K28,midgame,iter8_s3501000001_K28,28,mid,iter8,33,0.0067,836,839,teacher(heur@3200),-0.81635,-0.80106,,,structural/unclear,structural-positional,NONE(search-horizon),no,False,
mid::greedy_s3500000016_K52,midgame,greedy_s3500000016_K52,52,opening,greedy,22,0.0064,1156,1548,teacher(heur@3200),0.7298,0.78256,,,structural/unclear,structural-positional,NONE(search-horizon),no,False,
mid::hybrid_8_3200_s3503000046_K10,midgame,hybrid_8_3200_s3503000046_K10,10,pre_endgame,hybrid:8:3200,40,0.0064,647,1651,teacher(heur@3200),-0.53457,-0.51906,,,structural/closure,closure-timing/farm-growth,completion_timing_v1|farm_final_value_v1,partial,False,
mid::iter8_s3501000043_K52,midgame,iter8_s3501000043_K52,52,opening,iter8,37,0.0063,1463,1556,teacher(heur@3200),0.01391,0.02021,,,structural/unclear,structural-positional,NONE(search-horizon),no,False,
mid::heur3200_s3502000016_K28,midgame,heur3200_s3502000016_K28,28,mid,heur@3200,34,0.0123,965,1558,teacher(heur@3200),-0.51675,-0.5036,,,structural/unclear,structural-positional,NONE(search-horizon),no,True,
mid::greedy_s3500000012_K10,midgame,greedy_s3500000012_K10,10,pre_endgame,greedy,48,0.006,828,1328,teacher(heur@3200),-0.66404,-0.65752,,,structural/unclear,structural-positional,NONE(search-horizon),no,False,
mid::hybrid_8_3200_s3503000016_K40,midgame,hybrid_8_3200_s3503000016_K40,40,early_mid,hybrid:8:3200,30,0.0059,1060,1063,teacher(heur@3200),0.13299,0.13999,,,structural/unclear,structural-positional,NONE(search-horizon),no,False,
mid::iter8_s3501000046_K10,midgame,iter8_s3501000046_K10,10,pre_endgame,iter8,48,0.0118,1468,1658,teacher(heur@3200),0.56495,0.57671,,,structural/unclear,structural-positional,NONE(search-horizon),no,True,
mid::greedy_s3500000030_K52,midgame,greedy_s3500000030_K52,52,opening,greedy,30,0.0058,761,1538,teacher(heur@3200),-0.38856,-0.31864,,,structural/unclear,structural-positional,NONE(search-horizon),no,False,
mid::hybrid_8_3200_s3503000011_K52,midgame,hybrid_8_3200_s3503000011_K52,52,opening,hybrid:8:3200,17,0.0058,1238,1337,teacher(heur@3200),-0.11105,-0.10524,,,structural/unclear,structural-positional,NONE(search-horizon),no,False,
mid::hybrid_8_3200_s3503000030_K28,midgame,hybrid_8_3200_s3503000030_K28,28,mid,hybrid:8:3200,12,0.0056,1268,1332,teacher(heur@3200),0.69254,0.69851,,,structural/unclear,structural-positional,NONE(search-horizon),no,False,
mid::heur3200_s3502000011_K10,midgame,heur3200_s3502000011_K10,10,pre_endgame,heur@3200,43,0.0056,936,939,teacher(heur@3200),0.46319,0.46877,,,structural/unclear,structural-positional,NONE(search-horizon),no,False,
mid::iter8_s3501000024_K52,midgame,iter8_s3501000024_K52,52,opening,iter8,32,0.0055,1357,1156,teacher(heur@3200),-0.47393,-0.46103,,,structural/unclear,structural-positional,NONE(search-horizon),no,False,
mid::greedy_s3500000028_K10,midgame,greedy_s3500000028_K10,10,pre_endgame,greedy,30,0.0054,1229,1230,teacher(heur@3200),-0.66333,-0.65794,,,structural/unclear,structural-positional,NONE(search-horizon),no,False,
mid::heur3200_s3502000029_K40,midgame,heur3200_s3502000029_K40,40,early_mid,heur@3200,41,0.0106,958,1455,teacher(heur@3200),-0.11487,-0.10338,,,structural/unclear,structural-positional,NONE(search-horizon),no,True,
mid::iter8_s3501000021_K40,midgame,iter8_s3501000021_K40,40,early_mid,iter8,28,0.0106,1134,1135,teacher(heur@3200),0.07218,0.08279,,,structural/unclear,structural-positional,NONE(search-horizon),no,True,
mid::greedy_s3500000004_K52,midgame,greedy_s3500000004_K52,52,opening,greedy,35,0.0052,1537,1740,teacher(heur@3200),0.56778,0.58741,,,structural/unclear,structural-positional,NONE(search-horizon),no,False,
mid::greedy_s3500000031_K40,midgame,greedy_s3500000031_K40,40,early_mid,greedy,30,0.0102,954,1540,teacher(heur@3200),0.05012,0.0603,,,structural/unclear,structural-positional,NONE(search-horizon),no,True,
mid::heur3200_s3502000047_K40,midgame,heur3200_s3502000047_K40,40,early_mid,heur@3200,10,0.0047,1438,1646,teacher(heur@3200),0.71866,0.7234,,,completion/score-greed,completion-timing,completion_timing_v1,partial,False,
mid::greedy_s3500000005_K40,midgame,greedy_s3500000005_K40,40,early_mid,greedy,25,0.0092,1555,1636,teacher(heur@3200),0.52838,0.53759,,,meeple-economy,meeple-economy,meeple_economy_v1,yes,True,
mid::hybrid_8_3200_s3503000036_K40,midgame,hybrid_8_3200_s3503000036_K40,40,early_mid,hybrid:8:3200,28,0.0045,748,945,teacher(heur@3200),0.78397,0.79124,,,structural/closure,closure-timing/farm-growth,completion_timing_v1|farm_final_value_v1,partial,False,
mid::hybrid_8_3200_s3503000022_K52,midgame,hybrid_8_3200_s3503000022_K52,52,opening,hybrid:8:3200,11,0.0044,948,1462,teacher(heur@3200),0.38712,0.44701,,,structural/closure,closure-timing/farm-growth,completion_timing_v1|farm_final_value_v1,partial,False,
mid::hybrid_8_3200_s3503000047_K16,midgame,hybrid_8_3200_s3503000047_K16,16,late_mid,hybrid:8:3200,38,0.0089,748,1469,teacher(heur@3200),-0.00904,0.00452,,,structural/unclear,structural-positional,NONE(search-horizon),no,True,
mid::heur3200_s3502000001_K52,midgame,heur3200_s3502000001_K52,52,opening,heur@3200,28,0.0044,953,1441,teacher(heur@3200),0.54969,0.59843,,,structural/unclear,structural-positional,NONE(search-horizon),no,False,
mid::heur3200_s3502000049_K40,midgame,heur3200_s3502000049_K40,40,early_mid,heur@3200,24,0.0086,1132,1536,teacher(heur@3200),-0.09586,-0.08709,,,structural/closure,closure-timing/farm-growth,completion_timing_v1|farm_final_value_v1,partial,True,
mid::greedy_s3500000015_K28,midgame,greedy_s3500000015_K28,28,mid,greedy,33,0.0043,836,1170,teacher(heur@3200),-0.32278,-0.21475,,,structural/closure,closure-timing/farm-growth,completion_timing_v1|farm_final_value_v1,partial,False,
mid::hybrid_8_3200_s3503000015_K28,midgame,hybrid_8_3200_s3503000015_K28,28,mid,hybrid:8:3200,40,0.0043,1557,1745,teacher(heur@3200),0.74498,0.7493,,,structural/unclear,structural-positional,NONE(search-horizon),no,False,
mid::greedy_s3500000029_K28,midgame,greedy_s3500000029_K28,28,mid,greedy,53,0.0043,744,1460,teacher(heur@3200),-0.59722,-0.59036,,,structural/closure,closure-timing/farm-growth,completion_timing_v1|farm_final_value_v1,partial,False,
mid::hybrid_8_3200_s3503000046_K16,midgame,hybrid_8_3200_s3503000046_K16,16,late_mid,hybrid:8:3200,32,0.004,744,954,teacher(heur@3200),-0.57658,-0.57245,,,structural/closure,closure-timing/farm-growth,completion_timing_v1|farm_final_value_v1,partial,False,
mid::greedy_s3500000042_K52,midgame,greedy_s3500000042_K52,52,opening,greedy,23,0.0077,849,1339,teacher(heur@3200),0.36247,0.43754,,,structural/unclear,structural-positional,NONE(search-horizon),no,True,
mid::hybrid_8_3200_s3503000007_K52,midgame,hybrid_8_3200_s3503000007_K52,52,opening,hybrid:8:3200,25,0.0077,940,1646,teacher(heur@3200),-0.09082,-0.08311,,,structural/closure,closure-timing/farm-growth,completion_timing_v1|farm_final_value_v1,partial,True,
mid::heur3200_s3502000034_K40,midgame,heur3200_s3502000034_K40,40,early_mid,heur@3200,41,0.0077,1064,1551,teacher(heur@3200),-0.69655,-0.68065,,,structural/closure,closure-timing/farm-growth,completion_timing_v1|farm_final_value_v1,partial,True,
mid::heur3200_s3502000006_K16,midgame,heur3200_s3502000006_K16,16,late_mid,heur@3200,28,0.0077,638,1033,teacher(heur@3200),0.02794,0.0387,,,structural/unclear,structural-positional,NONE(search-horizon),no,True,
mid::greedy_s3500000044_K40,midgame,greedy_s3500000044_K40,40,early_mid,greedy,48,0.0076,1026,1441,teacher(heur@3200),-0.43023,-0.42247,,,structural/unclear,structural-positional,NONE(search-horizon),no,True,
mid::hybrid_8_3200_s3503000046_K52,midgame,hybrid_8_3200_s3503000046_K52,52,opening,hybrid:8:3200,19,0.0074,1560,1562,teacher(heur@3200),0.58005,0.58838,,,meeple-economy,meeple-economy,meeple_economy_v1,yes,True,
mid::hybrid_8_3200_s3503000018_K52,midgame,hybrid_8_3200_s3503000018_K52,52,opening,hybrid:8:3200,23,0.0073,1360,1463,teacher(heur@3200),-0.14071,-0.13343,,,structural/closure,closure-timing/farm-growth,completion_timing_v1|farm_final_value_v1,partial,True,
mid::greedy_s3500000003_K40,midgame,greedy_s3500000003_K40,40,early_mid,greedy,40,0.0069,1136,1364,teacher(heur@3200),0.37956,0.38777,,,structural/unclear,structural-positional,NONE(search-horizon),no,True,
mid::greedy_s3500000011_K40,midgame,greedy_s3500000011_K40,40,early_mid,greedy,29,0.0035,833,967,teacher(heur@3200),-0.37986,-0.37639,,,meeple-economy,meeple-economy,meeple_economy_v1,yes,False,
mid::greedy_s3500000025_K16,midgame,greedy_s3500000025_K16,16,late_mid,greedy,39,0.0067,846,1256,teacher(heur@3200),0.68107,0.68775,,,structural/unclear,structural-positional,NONE(search-horizon),no,True,
mid::greedy_s3500000019_K52,midgame,greedy_s3500000019_K52,52,opening,greedy,22,0.0032,1261,1556,teacher(heur@3200),0.53609,0.5493,,,structural/unclear,structural-positional,NONE(search-horizon),no,False,
mid::heur3200_s3502000031_K40,midgame,heur3200_s3502000031_K40,40,early_mid,heur@3200,29,0.0065,1038,1232,teacher(heur@3200),0.62329,0.63162,,,structural/unclear,structural-positional,NONE(search-horizon),no,True,
mid::heur3200_s3502000005_K40,midgame,heur3200_s3502000005_K40,40,early_mid,heur@3200,16,0.0064,744,848,teacher(heur@3200),0.3636,0.36999,,,structural/unclear,structural-positional,NONE(search-horizon),no,True,
mid::hybrid_8_3200_s3503000004_K16,midgame,hybrid_8_3200_s3503000004_K16,16,late_mid,hybrid:8:3200,22,0.0032,752,754,teacher(heur@3200),-0.01173,-0.00852,,,structural/closure,closure-timing/farm-growth,completion_timing_v1|farm_final_value_v1,partial,False,
mid::iter8_s3501000010_K10,midgame,iter8_s3501000010_K10,10,pre_endgame,iter8,48,0.0031,941,1656,teacher(heur@3200),0.48786,0.49098,,,structural/unclear,structural-positional,NONE(search-horizon),no,False,
mid::iter8_s3501000021_K52,midgame,iter8_s3501000021_K52,52,opening,iter8,25,0.006,1253,1454,teacher(heur@3200),0.04251,0.04852,,,structural/closure,closure-timing/farm-growth,completion_timing_v1|farm_final_value_v1,partial,True,
mid::greedy_s3500000003_K52,midgame,greedy_s3500000003_K52,52,opening,greedy,22,0.0029,1361,1362,teacher(heur@3200),-0.10474,-0.09222,,,structural/unclear,structural-positional,NONE(search-horizon),no,False,
mid::hybrid_8_3200_s3503000043_K40,midgame,hybrid_8_3200_s3503000043_K40,40,early_mid,hybrid:8:3200,30,0.0059,1230,1551,teacher(heur@3200),0.87532,0.8864,,,structural/unclear,structural-positional,NONE(search-horizon),no,True,
mid::hybrid_8_3200_s3503000015_K40,midgame,hybrid_8_3200_s3503000015_K40,40,early_mid,hybrid:8:3200,32,0.0029,841,1339,teacher(heur@3200),-0.01987,0.04156,,,completion/score-greed,completion-timing,completion_timing_v1,partial,False,
mid::greedy_s3500000026_K52,midgame,greedy_s3500000026_K52,52,opening,greedy,16,0.0057,848,849,teacher(heur@3200),-0.62178,-0.61609,,,structural/unclear,structural-positional,NONE(search-horizon),no,True,
mid::greedy_s3500000035_K28,midgame,greedy_s3500000035_K28,28,mid,greedy,32,0.0057,842,962,teacher(heur@3200),-0.12902,0.19962,,,structural/unclear,structural-positional,NONE(search-horizon),no,True,
mid::iter8_s3501000021_K28,midgame,iter8_s3501000021_K28,28,mid,iter8,40,0.0057,1130,1325,teacher(heur@3200),0.27903,0.28477,,,structural/unclear,structural-positional,NONE(search-horizon),no,True,
mid::greedy_s3500000011_K16,midgame,greedy_s3500000011_K16,16,late_mid,greedy,48,0.0057,1132,1139,teacher(heur@3200),-0.53308,-0.52741,,,structural/closure,closure-timing/farm-growth,completion_timing_v1|farm_final_value_v1,partial,True,
mid::hybrid_8_3200_s3503000010_K28,midgame,hybrid_8_3200_s3503000010_K28,28,mid,hybrid:8:3200,29,0.0056,1138,1162,teacher(heur@3200),-0.75679,-0.72011,,,structural/unclear,structural-positional,NONE(search-horizon),no,True,
mid::greedy_s3500000024_K40,midgame,greedy_s3500000024_K40,40,early_mid,greedy,32,0.0054,1648,1663,teacher(heur@3200),0.46883,0.50238,,,structural/unclear,structural-positional,NONE(search-horizon),no,True,
mid::heur3200_s3502000025_K40,midgame,heur3200_s3502000025_K40,40,early_mid,heur@3200,23,0.0054,1162,1267,teacher(heur@3200),0.38361,0.38906,,,structural/closure,closure-timing/farm-growth,completion_timing_v1|farm_final_value_v1,partial,True,
mid::heur3200_s3502000008_K52,midgame,heur3200_s3502000008_K52,52,opening,heur@3200,25,0.0052,1034,1234,teacher(heur@3200),-0.13801,-0.12025,,,structural/unclear,structural-positional,NONE(search-horizon),no,True,
mid::heur3200_s3502000015_K52,midgame,heur3200_s3502000015_K52,52,opening,heur@3200,23,0.0026,1050,1141,teacher(heur@3200),0.00067,0.01719,,,structural/unclear,structural-positional,NONE(search-horizon),no,False,
mid::iter8_s3501000034_K40,midgame,iter8_s3501000034_K40,40,early_mid,iter8,25,0.0052,944,1166,teacher(heur@3200),-0.54202,-0.50222,,,structural/closure,closure-timing/farm-growth,completion_timing_v1|farm_final_value_v1,partial,True,
mid::heur3200_s3502000011_K52,midgame,heur3200_s3502000011_K52,52,opening,heur@3200,15,0.0026,1041,1459,teacher(heur@3200),0.42326,0.49706,,,structural/unclear,structural-positional,NONE(search-horizon),no,False,
mid::iter8_s3501000040_K10,midgame,iter8_s3501000040_K10,10,pre_endgame,iter8,64,0.0051,632,1068,teacher(heur@3200),0.6381,0.64344,,,structural/unclear,structural-positional,NONE(search-horizon),no,True,
mid::hybrid_8_3200_s3503000006_K52,midgame,hybrid_8_3200_s3503000006_K52,52,opening,hybrid:8:3200,26,0.0025,958,1059,teacher(heur@3200),0.94698,0.95008,,,structural/unclear,structural-positional,NONE(search-horizon),no,False,
mid::greedy_s3500000031_K10,midgame,greedy_s3500000031_K10,10,pre_endgame,greedy,44,0.005,646,931,teacher(heur@3200),-0.30168,-0.28611,,,structural/unclear,structural-positional,NONE(search-horizon),no,True,
mid::iter8_s3501000010_K52,midgame,iter8_s3501000010_K52,52,opening,iter8,22,0.0047,954,1458,teacher(heur@3200),0.18086,0.18561,,,structural/closure,closure-timing/farm-growth,completion_timing_v1|farm_final_value_v1,partial,True,
mid::hybrid_8_3200_s3503000028_K52,midgame,hybrid_8_3200_s3503000028_K52,52,opening,hybrid:8:3200,16,0.0023,940,1060,teacher(heur@3200),0.1379,0.14026,,,structural/unclear,structural-positional,NONE(search-horizon),no,False,
mid::hybrid_8_3200_s3503000031_K52,midgame,hybrid_8_3200_s3503000031_K52,52,opening,hybrid:8:3200,26,0.0022,1244,1365,teacher(heur@3200),0.34387,0.36436,,,structural/unclear,structural-positional,NONE(search-horizon),no,False,
mid::iter8_s3501000010_K40,midgame,iter8_s3501000010_K40,40,early_mid,iter8,20,0.0023,849,1336,teacher(heur@3200),-0.09022,-0.08085,,,structural/unclear,structural-positional,NONE(search-horizon),no,False,
mid::heur3200_s3502000048_K10,midgame,heur3200_s3502000048_K10,10,pre_endgame,heur@3200,24,0.0045,1476,1135,teacher(heur@3200),-0.46154,-0.37259,,,structural/unclear,structural-positional,NONE(search-horizon),no,True,
mid::heur3200_s3502000034_K52,midgame,heur3200_s3502000034_K52,52,opening,heur@3200,40,0.0044,944,1164,teacher(heur@3200),-0.28503,-0.28058,,,structural/unclear,structural-positional,NONE(search-horizon),no,True,
mid::hybrid_8_3200_s3503000046_K28,midgame,hybrid_8_3200_s3503000046_K28,28,mid,hybrid:8:3200,32,0.0043,644,1036,teacher(heur@3200),0.1362,0.14142,,,structural/unclear,structural-positional,NONE(search-horizon),no,True,
mid::hybrid_8_3200_s3503000007_K40,midgame,hybrid_8_3200_s3503000007_K40,40,early_mid,hybrid:8:3200,39,0.0042,840,844,teacher(heur@3200),0.29262,0.30444,,,structural/unclear,structural-positional,NONE(search-horizon),no,True,
mid::greedy_s3500000002_K16,midgame,greedy_s3500000002_K16,16,late_mid,greedy,48,0.0021,1137,1268,teacher(heur@3200),-0.24916,-0.22728,,,structural/unclear,structural-positional,NONE(search-horizon),no,False,
mid::heur3200_s3502000007_K16,midgame,heur3200_s3502000007_K16,16,late_mid,heur@3200,33,0.0021,745,1232,teacher(heur@3200),0.8902,0.8923,,,structural/closure,closure-timing/farm-growth,completion_timing_v1|farm_final_value_v1,partial,False,
mid::greedy_s3500000046_K40,midgame,greedy_s3500000046_K40,40,early_mid,greedy,15,0.0041,1237,1145,teacher(heur@3200),-0.33479,-0.31953,,,structural/unclear,structural-positional,NONE(search-horizon),no,True,
mid::greedy_s3500000030_K28,midgame,greedy_s3500000030_K28,28,mid,greedy,50,0.002,937,940,teacher(heur@3200),-0.73473,-0.7327,,,structural/closure,closure-timing/farm-growth,completion_timing_v1|farm_final_value_v1,partial,False,
mid::heur3200_s3502000002_K28,midgame,heur3200_s3502000002_K28,28,mid,heur@3200,32,0.0041,944,1265,teacher(heur@3200),0.19458,0.2009,,,structural/unclear,structural-positional,NONE(search-horizon),no,True,
mid::hybrid_8_3200_s3503000043_K52,midgame,hybrid_8_3200_s3503000043_K52,52,opening,hybrid:8:3200,16,0.002,1364,1365,teacher(heur@3200),0.73336,0.73777,,,structural/unclear,structural-positional,NONE(search-horizon),no,False,
mid::iter8_s3501000008_K28,midgame,iter8_s3501000008_K28,28,mid,iter8,36,0.0019,833,1537,teacher(heur@3200),-0.34114,-0.33293,,,structural/unclear,structural-positional,NONE(search-horizon),no,False,
mid::greedy_s3500000015_K52,midgame,greedy_s3500000015_K52,52,opening,greedy,17,0.0038,1060,1352,teacher(heur@3200),0.03263,0.03822,,,structural/unclear,structural-positional,NONE(search-horizon),no,True,
mid::greedy_s3500000025_K28,midgame,greedy_s3500000025_K28,28,mid,greedy,31,0.0038,836,877,teacher(heur@3200),0.56613,0.57643,,,structural/closure,closure-timing/farm-growth,completion_timing_v1|farm_final_value_v1,partial,True,
mid::iter8_s3501000036_K28,midgame,iter8_s3501000036_K28,28,mid,iter8,41,0.0038,828,1473,teacher(heur@3200),-0.02283,0.00696,,,structural/unclear,structural-positional,NONE(search-horizon),no,True,
mid::heur3200_s3502000039_K52,midgame,heur3200_s3502000039_K52,52,opening,heur@3200,22,0.0037,1042,1141,teacher(heur@3200),-0.2757,-0.26148,,,structural/unclear,structural-positional,NONE(search-horizon),no,True,
mid::greedy_s3500000047_K10,midgame,greedy_s3500000047_K10,10,pre_endgame,greedy,63,0.0037,641,761,teacher(heur@3200),-0.95552,-0.95053,,,completion/score-greed,completion-timing,completion_timing_v1,partial,True,
mid::iter8_s3501000023_K10,midgame,iter8_s3501000023_K10,10,pre_endgame,iter8,39,0.0037,830,1070,teacher(heur@3200),-0.98748,-0.97323,,,structural/closure,closure-timing/farm-growth,completion_timing_v1|farm_final_value_v1,partial,True,
mid::greedy_s3500000046_K52,midgame,greedy_s3500000046_K52,52,opening,greedy,36,0.0018,1237,1456,teacher(heur@3200),0.0838,0.1436,,,structural/closure,closure-timing/farm-growth,completion_timing_v1|farm_final_value_v1,partial,False,
mid::heur3200_s3502000002_K16,midgame,heur3200_s3502000002_K16,16,late_mid,heur@3200,40,0.0036,725,1433,teacher(heur@3200),-0.39149,-0.38431,,,structural/unclear,structural-positional,NONE(search-horizon),no,True,
mid::greedy_s3500000048_K52,midgame,greedy_s3500000048_K52,52,opening,greedy,21,0.0017,963,1538,teacher(heur@3200),-0.19085,-0.18735,,,completion/score-greed,completion-timing,completion_timing_v1,partial,False,
mid::heur3200_s3502000024_K16,midgame,heur3200_s3502000024_K16,16,late_mid,heur@3200,52,0.0035,1657,1749,teacher(heur@3200),0.97108,0.97783,,,meeple-economy,meeple-economy,meeple_economy_v1,yes,True,
mid::hybrid_8_3200_s3503000045_K16,midgame,hybrid_8_3200_s3503000045_K16,16,late_mid,hybrid:8:3200,38,0.0035,648,1269,teacher(heur@3200),0.31641,0.3229,,,structural/unclear,structural-positional,NONE(search-horizon),no,True,
mid::iter8_s3501000001_K10,midgame,iter8_s3501000001_K10,10,pre_endgame,iter8,34,0.0035,752,1265,teacher(heur@3200),-0.45089,-0.43974,,,structural/unclear,structural-positional,NONE(search-horizon),no,True,
mid::hybrid_8_3200_s3503000020_K52,midgame,hybrid_8_3200_s3503000020_K52,52,opening,hybrid:8:3200,26,0.0034,962,1036,teacher(heur@3200),0.70366,0.71494,,,structural/unclear,structural-positional,NONE(search-horizon),no,True,
mid::greedy_s3500000004_K40,midgame,greedy_s3500000004_K40,40,early_mid,greedy,42,0.0034,1132,1541,teacher(heur@3200),0.54223,0.54659,,,structural/unclear,structural-positional,NONE(search-horizon),no,True,
mid::iter8_s3501000014_K16,midgame,iter8_s3501000014_K16,16,late_mid,iter8,44,0.0034,765,836,teacher(heur@3200),-0.67115,-0.6635,,,structural/unclear,structural-positional,NONE(search-horizon),no,True,
mid::iter8_s3501000045_K52,midgame,iter8_s3501000045_K52,52,opening,iter8,22,0.0033,953,1156,teacher(heur@3200),0.66283,0.67425,,,structural/unclear,structural-positional,NONE(search-horizon),no,True,
mid::iter8_s3501000013_K40,midgame,iter8_s3501000013_K40,40,early_mid,iter8,38,0.0033,741,1168,teacher(heur@3200),-0.71057,-0.69952,,,structural/unclear,structural-positional,NONE(search-horizon),no,True,
mid::hybrid_8_3200_s3503000049_K10,midgame,hybrid_8_3200_s3503000049_K10,10,pre_endgame,hybrid:8:3200,31,0.0033,630,1036,teacher(heur@3200),-0.25619,-0.24853,,,structural/closure,closure-timing/farm-growth,completion_timing_v1|farm_final_value_v1,partial,True,
mid::iter8_s3501000024_K10,midgame,iter8_s3501000024_K10,10,pre_endgame,iter8,35,0.0033,1034,1035,teacher(heur@3200),-0.77778,-0.77449,,,structural/unclear,structural-positional,NONE(search-horizon),no,True,
mid::heur3200_s3502000015_K28,midgame,heur3200_s3502000015_K28,28,mid,heur@3200,31,0.0032,749,1172,teacher(heur@3200),-0.51823,-0.49624,,,structural/unclear,structural-positional,NONE(search-horizon),no,True,
mid::iter8_s3501000006_K16,midgame,iter8_s3501000006_K16,16,late_mid,iter8,49,0.0016,1747,751,teacher(heur@3200),0.95758,0.95936,,,structural/unclear,structural-positional,NONE(search-horizon),no,False,
mid::heur3200_s3502000009_K52,midgame,heur3200_s3502000009_K52,52,opening,heur@3200,22,0.0031,941,1362,teacher(heur@3200),-0.59175,-0.48449,,,structural/unclear,structural-positional,NONE(search-horizon),no,True,
mid::heur3200_s3502000049_K52,midgame,heur3200_s3502000049_K52,52,opening,heur@3200,31,0.0031,1359,1444,teacher(heur@3200),-0.66452,-0.65135,,,structural/closure,closure-timing/farm-growth,completion_timing_v1|farm_final_value_v1,partial,True,
mid::hybrid_8_3200_s3503000022_K28,midgame,hybrid_8_3200_s3503000022_K28,28,mid,hybrid:8:3200,32,0.0031,741,936,teacher(heur@3200),0.41004,0.41717,,,structural/unclear,structural-positional,NONE(search-horizon),no,True,
mid::hybrid_8_3200_s3503000023_K16,midgame,hybrid_8_3200_s3503000023_K16,16,late_mid,hybrid:8:3200,25,0.0015,1165,1435,teacher(heur@3200),-0.28267,-0.28002,,,structural/unclear,structural-positional,NONE(search-horizon),no,False,
mid::iter8_s3501000000_K10,midgame,iter8_s3501000000_K10,10,pre_endgame,iter8,52,0.0031,848,948,teacher(heur@3200),-0.87846,-0.87448,,,structural/unclear,structural-positional,NONE(search-horizon),no,True,
mid::heur3200_s3502000042_K16,midgame,heur3200_s3502000042_K16,16,late_mid,heur@3200,44,0.003,754,1025,teacher(heur@3200),0.41363,0.43479,,,structural/unclear,structural-positional,NONE(search-horizon),no,True,
mid::heur3200_s3502000018_K10,midgame,heur3200_s3502000018_K10,10,pre_endgame,heur@3200,56,0.0015,852,1280,teacher(heur@3200),-0.64323,-0.63564,,,structural/unclear,structural-positional,NONE(search-horizon),no,False,
mid::hybrid_8_3200_s3503000000_K10,midgame,hybrid_8_3200_s3503000000_K10,10,pre_endgame,hybrid:8:3200,52,0.003,772,852,teacher(heur@3200),-0.48135,-0.47594,,,structural/unclear,structural-positional,NONE(search-horizon),no,True,
mid::hybrid_8_3200_s3503000011_K40,midgame,hybrid_8_3200_s3503000011_K40,40,early_mid,hybrid:8:3200,20,0.0015,848,964,teacher(heur@3200),0.76159,0.76305,,,structural/unclear,structural-positional,NONE(search-horizon),no,False,
mid::iter8_s3501000032_K40,midgame,iter8_s3501000032_K40,40,early_mid,iter8,30,0.0029,746,1468,teacher(heur@3200),-0.20833,-0.20136,,,structural/unclear,structural-positional,NONE(search-horizon),no,True,
mid::iter8_s3501000029_K28,midgame,iter8_s3501000029_K28,28,mid,iter8,34,0.0029,1161,1441,teacher(heur@3200),-0.66225,-0.65931,,,structural/closure,closure-timing/farm-growth,completion_timing_v1|farm_final_value_v1,partial,True,
mid::iter8_s3501000044_K28,midgame,iter8_s3501000044_K28,28,mid,iter8,26,0.0014,1434,1533,teacher(heur@3200),-0.87073,-0.86928,,,structural/closure,closure-timing/farm-growth,completion_timing_v1|farm_final_value_v1,partial,False,
mid::greedy_s3500000034_K52,midgame,greedy_s3500000034_K52,52,opening,greedy,17,0.0028,1448,1449,teacher(heur@3200),0.48961,0.52116,,,structural/unclear,structural-positional,NONE(search-horizon),no,True,
mid::greedy_s3500000011_K28,midgame,greedy_s3500000011_K28,28,mid,greedy,38,0.0014,962,1161,teacher(heur@3200),-0.11622,-0.11484,,,structural/unclear,structural-positional,NONE(search-horizon),no,False,
mid::greedy_s3500000007_K10,midgame,greedy_s3500000007_K10,10,pre_endgame,greedy,58,0.0028,944,969,teacher(heur@3200),-0.38679,-0.38395,,,structural/unclear,structural-positional,NONE(search-horizon),no,True,
mid::hybrid_8_3200_s3503000034_K52,midgame,hybrid_8_3200_s3503000034_K52,52,opening,hybrid:8:3200,30,0.0027,1233,1336,teacher(heur@3200),0.00778,0.01044,,,structural/unclear,structural-positional,NONE(search-horizon),no,True,
mid::hybrid_8_3200_s3503000014_K40,midgame,hybrid_8_3200_s3503000014_K40,40,early_mid,hybrid:8:3200,37,0.0027,853,1533,teacher(heur@3200),-0.88988,-0.88243,,,structural/unclear,structural-positional,NONE(search-horizon),no,True,
mid::iter8_s3501000037_K28,midgame,iter8_s3501000037_K28,28,mid,iter8,36,0.0013,836,1436,teacher(heur@3200),-0.87309,-0.87006,,,structural/unclear,structural-positional,NONE(search-horizon),no,False,
mid::heur3200_s3502000020_K16,midgame,heur3200_s3502000020_K16,16,late_mid,heur@3200,36,0.0027,744,964,teacher(heur@3200),-0.23808,-0.23541,,,structural/unclear,structural-positional,NONE(search-horizon),no,True,
mid::hybrid_8_3200_s3503000008_K16,midgame,hybrid_8_3200_s3503000008_K16,16,late_mid,hybrid:8:3200,43,0.0027,832,1660,teacher(heur@3200),0.4438,0.44716,,,structural/unclear,structural-positional,NONE(search-horizon),no,True,
mid::heur3200_s3502000020_K10,midgame,heur3200_s3502000020_K10,10,pre_endgame,heur@3200,37,0.0013,836,937,teacher(heur@3200),-0.22081,-0.21605,,,structural/unclear,structural-positional,NONE(search-horizon),no,False,
mid::heur3200_s3502000003_K28,midgame,heur3200_s3502000003_K28,28,mid,heur@3200,49,0.0026,846,847,teacher(heur@3200),-0.84893,-0.84635,,,structural/unclear,structural-positional,NONE(search-horizon),no,True,
mid::hybrid_8_3200_s3503000013_K10,midgame,hybrid_8_3200_s3503000013_K10,10,pre_endgame,hybrid:8:3200,44,0.0026,741,1131,teacher(heur@3200),-0.58413,-0.5728,,,structural/unclear,structural-positional,NONE(search-horizon),no,True,
mid::greedy_s3500000007_K52,midgame,greedy_s3500000007_K52,52,opening,greedy,29,0.0013,1461,1462,teacher(heur@3200),-0.56415,-0.5629,,,structural/unclear,structural-positional,NONE(search-horizon),no,False,
mid::greedy_s3500000039_K52,midgame,greedy_s3500000039_K52,52,opening,greedy,14,0.0025,1266,1267,teacher(heur@3200),0.07548,0.07908,,,structural/closure,closure-timing/farm-growth,completion_timing_v1|farm_final_value_v1,partial,True,
mid::heur3200_s3502000012_K52,midgame,heur3200_s3502000012_K52,52,opening,heur@3200,20,0.0012,944,1455,teacher(heur@3200),-0.24763,-0.24337,,,meeple-economy,meeple-economy,meeple_economy_v1,yes,False,
mid::heur3200_s3502000016_K52,midgame,heur3200_s3502000016_K52,52,opening,heur@3200,18,0.0025,1356,1358,teacher(heur@3200),-0.7805,-0.778,,,structural/unclear,structural-positional,NONE(search-horizon),no,True,
mid::iter8_s3501000006_K28,midgame,iter8_s3501000006_K28,28,mid,iter8,32,0.0025,646,1454,teacher(heur@3200),0.79053,0.82301,,,structural/closure,closure-timing/farm-growth,completion_timing_v1|farm_final_value_v1,partial,True,
mid::heur3200_s3502000038_K16,midgame,heur3200_s3502000038_K16,16,late_mid,heur@3200,40,0.0025,744,748,teacher(heur@3200),0.55894,0.56356,,,structural/closure,closure-timing/farm-growth,completion_timing_v1|farm_final_value_v1,partial,True,
mid::hybrid_8_3200_s3503000045_K28,midgame,hybrid_8_3200_s3503000045_K28,28,mid,hybrid:8:3200,36,0.0024,748,750,teacher(heur@3200),0.59272,0.59508,,,completion/score-greed,completion-timing,completion_timing_v1,partial,True,
mid::iter8_s3501000049_K28,midgame,iter8_s3501000049_K28,28,mid,iter8,52,0.0024,840,1136,teacher(heur@3200),-0.15351,-0.15098,,,structural/unclear,structural-positional,NONE(search-horizon),no,True,
mid::iter8_s3501000027_K16,midgame,iter8_s3501000027_K16,16,late_mid,iter8,27,0.0024,1238,1434,teacher(heur@3200),0.32514,0.32752,,,structural/unclear,structural-positional,NONE(search-horizon),no,True,
mid::greedy_s3500000032_K10,midgame,greedy_s3500000032_K10,10,pre_endgame,greedy,47,0.0024,1326,1645,teacher(heur@3200),-0.20698,-0.20212,,,structural/closure,closure-timing/farm-growth,completion_timing_v1|farm_final_value_v1,partial,True,
mid::iter8_s3501000048_K10,midgame,iter8_s3501000048_K10,10,pre_endgame,iter8,43,0.0024,658,741,teacher(heur@3200),0.77835,0.78881,,,structural/unclear,structural-positional,NONE(search-horizon),no,True,
mid::greedy_s3500000013_K52,midgame,greedy_s3500000013_K52,52,opening,greedy,31,0.0023,744,1237,teacher(heur@3200),0.49931,0.56093,,,structural/unclear,structural-positional,NONE(search-horizon),no,True,
mid::greedy_s3500000027_K52,midgame,greedy_s3500000027_K52,52,opening,greedy,19,0.0023,1544,1545,teacher(heur@3200),-0.37528,-0.37298,,,structural/unclear,structural-positional,NONE(search-horizon),no,True,
mid::hybrid_8_3200_s3503000005_K40,midgame,hybrid_8_3200_s3503000005_K40,40,early_mid,hybrid:8:3200,26,0.0011,854,858,teacher(heur@3200),0.13919,0.14032,,,structural/unclear,structural-positional,NONE(search-horizon),no,False,
mid::hybrid_8_3200_s3503000042_K40,midgame,hybrid_8_3200_s3503000042_K40,40,early_mid,hybrid:8:3200,16,0.0023,945,952,teacher(heur@3200),0.05024,0.05254,,,structural/unclear,structural-positional,NONE(search-horizon),no,True,
mid::hybrid_8_3200_s3503000032_K28,midgame,hybrid_8_3200_s3503000032_K28,28,mid,hybrid:8:3200,34,0.0011,1632,1845,teacher(heur@3200),0.97367,0.97493,,,structural/unclear,structural-positional,NONE(search-horizon),no,False,
mid::iter8_s3501000026_K16,midgame,iter8_s3501000026_K16,16,late_mid,iter8,34,0.0023,744,1762,teacher(heur@3200),-0.16623,-0.12804,,,structural/unclear,structural-positional,NONE(search-horizon),no,True,
mid::greedy_s3500000036_K52,midgame,greedy_s3500000036_K52,52,opening,greedy,27,0.0022,840,1242,teacher(heur@3200),-0.34493,-0.20922,,,structural/unclear,structural-positional,NONE(search-horizon),no,True,
mid::heur3200_s3502000018_K28,midgame,heur3200_s3502000018_K28,28,mid,heur@3200,50,0.0022,1343,1450,teacher(heur@3200),0.55702,0.55925,,,structural/unclear,structural-positional,NONE(search-horizon),no,True,
mid::iter8_s3501000028_K28,midgame,iter8_s3501000028_K28,28,mid,iter8,27,0.0011,937,943,teacher(heur@3200),-0.79349,-0.7923,,,structural/unclear,structural-positional,NONE(search-horizon),no,False,
mid::heur3200_s3502000035_K16,midgame,heur3200_s3502000035_K16,16,late_mid,heur@3200,26,0.0022,860,863,teacher(heur@3200),-0.78389,-0.78165,,,structural/unclear,structural-positional,NONE(search-horizon),no,True,
mid::hybrid_8_3200_s3503000012_K16,midgame,hybrid_8_3200_s3503000012_K16,16,late_mid,hybrid:8:3200,50,0.0022,641,1840,teacher(heur@3200),-0.15444,-0.14625,,,structural/unclear,structural-positional,NONE(search-horizon),no,True,
mid::heur3200_s3502000041_K52,midgame,heur3200_s3502000041_K52,52,opening,heur@3200,28,0.0021,1157,950,teacher(heur@3200),0.71122,0.7863,,,structural/unclear,structural-positional,NONE(search-horizon),no,True,
mid::heur3200_s3502000046_K40,midgame,heur3200_s3502000046_K40,40,early_mid,heur@3200,31,0.0021,1065,1360,teacher(heur@3200),0.37268,0.38158,,,structural/unclear,structural-positional,NONE(search-horizon),no,True,
mid::hybrid_8_3200_s3503000038_K52,midgame,hybrid_8_3200_s3503000038_K52,52,opening,hybrid:8:3200,36,0.002,953,1540,teacher(heur@3200),0.57316,0.6342,,,structural/unclear,structural-positional,NONE(search-horizon),no,True,
mid::hybrid_8_3200_s3503000034_K40,midgame,hybrid_8_3200_s3503000034_K40,40,early_mid,hybrid:8:3200,33,0.002,1230,930,teacher(heur@3200),0.77649,0.77849,,,structural/unclear,structural-positional,NONE(search-horizon),no,True,
mid::hybrid_8_3200_s3503000045_K40,midgame,hybrid_8_3200_s3503000045_K40,40,early_mid,hybrid:8:3200,28,0.0019,1040,1041,teacher(heur@3200),0.48067,0.48253,,,structural/unclear,structural-positional,NONE(search-horizon),no,True,
mid::greedy_s3500000004_K28,midgame,greedy_s3500000004_K28,28,mid,greedy,38,0.0019,1032,1348,teacher(heur@3200),0.30576,0.3165,,,structural/unclear,structural-positional,NONE(search-horizon),no,True,
mid::heur3200_s3502000030_K28,midgame,heur3200_s3502000030_K28,28,mid,heur@3200,33,0.0019,1034,1538,teacher(heur@3200),0.85365,0.85711,,,structural/unclear,structural-positional,NONE(search-horizon),no,True,
mid::iter8_s3501000031_K16,midgame,iter8_s3501000031_K16,16,late_mid,iter8,30,0.0019,839,1439,teacher(heur@3200),0.54086,0.54277,,,structural/closure,closure-timing/farm-growth,completion_timing_v1|farm_final_value_v1,partial,True,
mid::iter8_s3501000019_K10,midgame,iter8_s3501000019_K10,10,pre_endgame,iter8,46,0.0009,664,1233,teacher(heur@3200),0.89943,0.90114,,,structural/unclear,structural-positional,NONE(search-horizon),no,False,
mid::hybrid_8_3200_s3503000009_K52,midgame,hybrid_8_3200_s3503000009_K52,52,opening,hybrid:8:3200,36,0.0018,1056,1444,teacher(heur@3200),-0.38378,-0.31581,,,structural/unclear,structural-positional,NONE(search-horizon),no,True,
mid::greedy_s3500000039_K16,midgame,greedy_s3500000039_K16,16,late_mid,greedy,54,0.0009,1177,1640,teacher(heur@3200),0.63321,0.64195,,,structural/unclear,structural-positional,NONE(search-horizon),no,False,
mid::iter8_s3501000009_K16,midgame,iter8_s3501000009_K16,16,late_mid,iter8,34,0.0018,1038,1133,teacher(heur@3200),0.62059,0.62535,,,structural/closure,closure-timing/farm-growth,completion_timing_v1|farm_final_value_v1,partial,True,
mid::heur3200_s3502000027_K10,midgame,heur3200_s3502000027_K10,10,pre_endgame,heur@3200,32,0.0018,644,740,teacher(heur@3200),0.26151,0.26328,,,structural/unclear,structural-positional,NONE(search-horizon),no,True,
mid::greedy_s3500000033_K52,midgame,greedy_s3500000033_K52,52,opening,greedy,36,0.0008,956,1440,teacher(heur@3200),0.28292,0.36665,,,structural/unclear,structural-positional,NONE(search-horizon),no,False,
mid::greedy_s3500000032_K16,midgame,greedy_s3500000032_K16,16,late_mid,greedy,13,0.0017,837,1627,teacher(heur@3200),-0.20533,-0.20289,,,structural/unclear,structural-positional,NONE(search-horizon),no,True,
mid::iter8_s3501000041_K10,midgame,iter8_s3501000041_K10,10,pre_endgame,iter8,30,0.0017,649,1957,teacher(heur@3200),-0.05485,-0.04328,,,structural/unclear,structural-positional,NONE(search-horizon),no,True,
mid::heur3200_s3502000045_K52,midgame,heur3200_s3502000045_K52,52,opening,heur@3200,17,0.0016,1257,1362,teacher(heur@3200),0.68192,0.68348,,,structural/unclear,structural-positional,NONE(search-horizon),no,True,
mid::hybrid_8_3200_s3503000044_K52,midgame,hybrid_8_3200_s3503000044_K52,52,opening,hybrid:8:3200,21,0.0016,1265,1266,teacher(heur@3200),-0.78428,-0.78265,,,structural/unclear,structural-positional,NONE(search-horizon),no,True,
mid::greedy_s3500000048_K40,midgame,greedy_s3500000048_K40,40,early_mid,greedy,14,0.0016,760,1638,teacher(heur@3200),-0.30934,-0.3075,,,structural/closure,closure-timing/farm-growth,completion_timing_v1|farm_final_value_v1,partial,True,
mid::heur3200_s3502000026_K40,midgame,heur3200_s3502000026_K40,40,early_mid,heur@3200,60,0.0016,848,1440,teacher(heur@3200),-0.43682,-0.42901,,,structural/unclear,structural-positional,NONE(search-horizon),no,True,
mid::heur3200_s3502000005_K28,midgame,heur3200_s3502000005_K28,28,mid,heur@3200,36,0.0016,1648,1762,teacher(heur@3200),0.63082,0.63279,,,structural/unclear,structural-positional,NONE(search-horizon),no,True,
mid::greedy_s3500000018_K16,midgame,greedy_s3500000018_K16,16,late_mid,greedy,36,0.0016,648,1341,teacher(heur@3200),-0.24474,-0.2267,,,meeple-economy,meeple-economy,meeple_economy_v1,yes,True,
mid::hybrid_8_3200_s3503000015_K52,midgame,hybrid_8_3200_s3503000015_K52,52,opening,hybrid:8:3200,13,0.0007,952,1750,teacher(heur@3200),-0.14309,-0.13538,,,structural/unclear,structural-positional,NONE(search-horizon),no,False,
mid::iter8_s3501000018_K52,midgame,iter8_s3501000018_K52,52,opening,iter8,17,0.0015,941,1456,teacher(heur@3200),-0.29912,-0.29729,,,structural/unclear,structural-positional,NONE(search-horizon),no,True,
mid::greedy_s3500000022_K40,midgame,greedy_s3500000022_K40,40,early_mid,greedy,15,0.0015,1136,1267,teacher(heur@3200),0.85522,0.85683,,,structural/unclear,structural-positional,NONE(search-horizon),no,True,
mid::greedy_s3500000047_K40,midgame,greedy_s3500000047_K40,40,early_mid,greedy,41,0.0015,744,856,teacher(heur@3200),-0.63147,-0.62323,,,structural/unclear,structural-positional,NONE(search-horizon),no,True,
mid::heur3200_s3502000048_K28,midgame,heur3200_s3502000048_K28,28,mid,heur@3200,48,0.0015,752,836,teacher(heur@3200),-0.85099,-0.84717,,,structural/unclear,structural-positional,NONE(search-horizon),no,True,
mid::hybrid_8_3200_s3503000025_K28,midgame,hybrid_8_3200_s3503000025_K28,28,mid,hybrid:8:3200,40,0.0015,548,748,teacher(heur@3200),0.59225,0.59421,,,structural/unclear,structural-positional,NONE(search-horizon),no,True,
mid::iter8_s3501000014_K28,midgame,iter8_s3501000014_K28,28,mid,iter8,36,0.0015,836,1649,teacher(heur@3200),-0.34096,-0.33461,,,structural/unclear,structural-positional,NONE(search-horizon),no,True,
mid::hybrid_8_3200_s3503000026_K10,midgame,hybrid_8_3200_s3503000026_K10,10,pre_endgame,hybrid:8:3200,51,0.0015,961,1557,teacher(heur@3200),0.70701,0.74325,,,structural/unclear,structural-positional,NONE(search-horizon),no,True,
mid::heur3200_s3502000030_K40,midgame,heur3200_s3502000030_K40,40,early_mid,heur@3200,30,0.0007,1236,1336,teacher(heur@3200),0.94319,0.94422,,,structural/unclear,structural-positional,NONE(search-horizon),no,False,
mid::iter8_s3501000031_K40,midgame,iter8_s3501000031_K40,40,early_mid,iter8,33,0.0014,1161,1461,teacher(heur@3200),-0.32682,-0.31702,,,structural/unclear,structural-positional,NONE(search-horizon),no,True,
mid::iter8_s3501000022_K16,midgame,iter8_s3501000022_K16,16,late_mid,iter8,33,0.0007,1657,1658,teacher(heur@3200),0.833,0.8357,,,structural/closure,closure-timing/farm-growth,completion_timing_v1|farm_final_value_v1,partial,False,
mid::greedy_s3500000043_K10,midgame,greedy_s3500000043_K10,10,pre_endgame,greedy,35,0.0007,644,1268,teacher(heur@3200),-0.17166,-0.15199,,,completion/score-greed,completion-timing,completion_timing_v1,partial,False,
mid::iter8_s3501000005_K10,midgame,iter8_s3501000005_K10,10,pre_endgame,iter8,60,0.0014,963,1661,teacher(heur@3200),0.78725,0.78863,,,meeple-economy,meeple-economy,meeple_economy_v1,yes,True,
mid::iter8_s3501000027_K10,midgame,iter8_s3501000027_K10,10,pre_endgame,iter8,42,0.0014,629,1753,teacher(heur@3200),0.42731,0.43686,,,structural/unclear,structural-positional,NONE(search-horizon),no,True,
mid::greedy_s3500000045_K28,midgame,greedy_s3500000045_K28,28,mid,greedy,30,0.0006,1640,1749,teacher(heur@3200),0.77944,0.78007,,,structural/unclear,structural-positional,NONE(search-horizon),no,False,
mid::heur3200_s3502000022_K28,midgame,heur3200_s3502000022_K28,28,mid,heur@3200,37,0.0013,650,940,teacher(heur@3200),-0.00876,-0.00614,,,structural/closure,closure-timing/farm-growth,completion_timing_v1|farm_final_value_v1,partial,True,
mid::iter8_s3501000042_K28,midgame,iter8_s3501000042_K28,28,mid,iter8,40,0.0013,653,1128,teacher(heur@3200),0.53852,0.53995,,,structural/unclear,structural-positional,NONE(search-horizon),no,True,
mid::greedy_s3500000047_K16,midgame,greedy_s3500000047_K16,16,late_mid,greedy,33,0.0013,740,757,teacher(heur@3200),-0.88486,-0.88356,,,structural/unclear,structural-positional,NONE(search-horizon),no,True,
mid::iter8_s3501000021_K16,midgame,iter8_s3501000021_K16,16,late_mid,iter8,52,0.0007,956,1628,teacher(heur@3200),0.68878,0.68945,,,structural/unclear,structural-positional,NONE(search-horizon),no,False,
mid::iter8_s3501000014_K10,midgame,iter8_s3501000014_K10,10,pre_endgame,iter8,41,0.0013,837,1026,teacher(heur@3200),-0.69087,-0.68957,,,bag/scarcity,open-edge-scarcity,open_edge_scarcity_v1,weak,True,
mid::greedy_s3500000023_K52,midgame,greedy_s3500000023_K52,52,opening,greedy,39,0.0012,1043,1238,teacher(heur@3200),0.90019,0.90139,,,structural/closure,closure-timing/farm-growth,completion_timing_v1|farm_final_value_v1,partial,True,
mid::iter8_s3501000001_K40,midgame,iter8_s3501000001_K40,40,early_mid,iter8,31,0.0006,744,1361,teacher(heur@3200),-0.16732,-0.12349,,,structural/unclear,structural-positional,NONE(search-horizon),no,False,
mid::greedy_s3500000037_K28,midgame,greedy_s3500000037_K28,28,mid,greedy,64,0.0006,736,1640,teacher(heur@3200),0.39121,0.39182,,,structural/unclear,structural-positional,NONE(search-horizon),no,False,
mid::heur3200_s3502000044_K28,midgame,heur3200_s3502000044_K28,28,mid,heur@3200,42,0.0012,841,936,teacher(heur@3200),0.40264,0.40998,,,structural/closure,closure-timing/farm-growth,completion_timing_v1|farm_final_value_v1,partial,True,
mid::hybrid_8_3200_s3503000039_K28,midgame,hybrid_8_3200_s3503000039_K28,28,mid,hybrid:8:3200,26,0.0012,1557,1854,teacher(heur@3200),0.89863,0.90174,,,structural/unclear,structural-positional,NONE(search-horizon),no,True,
mid::iter8_s3501000023_K28,midgame,iter8_s3501000023_K28,28,mid,iter8,24,0.0006,841,956,teacher(heur@3200),-0.97329,-0.9722,,,structural/unclear,structural-positional,NONE(search-horizon),no,False,
mid::iter8_s3501000025_K28,midgame,iter8_s3501000025_K28,28,mid,iter8,33,0.0012,1841,1843,teacher(heur@3200),0.33941,0.34062,,,structural/unclear,structural-positional,NONE(search-horizon),no,True,
mid::iter8_s3501000041_K28,midgame,iter8_s3501000041_K28,28,mid,iter8,32,0.0012,649,1561,teacher(heur@3200),0.19908,0.20399,,,structural/unclear,structural-positional,NONE(search-horizon),no,True,
mid::heur3200_s3502000016_K16,midgame,heur3200_s3502000016_K16,16,late_mid,heur@3200,35,0.0012,1264,1661,teacher(heur@3200),-0.05389,-0.02908,,,structural/unclear,structural-positional,NONE(search-horizon),no,True,
mid::hybrid_8_3200_s3503000031_K16,midgame,hybrid_8_3200_s3503000031_K16,16,late_mid,hybrid:8:3200,44,0.0006,844,1065,teacher(heur@3200),0.96482,0.96544,,,structural/unclear,structural-positional,NONE(search-horizon),no,False,
mid::heur3200_s3502000002_K52,midgame,heur3200_s3502000002_K52,52,opening,heur@3200,22,0.0005,952,1063,teacher(heur@3200),-0.1395,-0.13464,,,meeple-economy,meeple-economy,meeple_economy_v1,yes,False,
mid::hybrid_8_3200_s3503000002_K52,midgame,hybrid_8_3200_s3503000002_K52,52,opening,hybrid:8:3200,24,0.0011,1041,1042,teacher(heur@3200),0.62753,0.62863,,,structural/unclear,structural-positional,NONE(search-horizon),no,True,
mid::hybrid_8_3200_s3503000041_K40,midgame,hybrid_8_3200_s3503000041_K40,40,early_mid,hybrid:8:3200,30,0.0006,1160,1648,teacher(heur@3200),0.75617,0.75709,,,structural/unclear,structural-positional,NONE(search-horizon),no,False,
mid::greedy_s3500000047_K28,midgame,greedy_s3500000047_K28,28,mid,greedy,47,0.0011,753,957,teacher(heur@3200),-0.94286,-0.94101,,,structural/unclear,structural-positional,NONE(search-horizon),no,True,
mid::hybrid_8_3200_s3503000014_K28,midgame,hybrid_8_3200_s3503000014_K28,28,mid,hybrid:8:3200,29,0.0011,1652,1653,teacher(heur@3200),-0.76058,-0.75692,,,structural/unclear,structural-positional,NONE(search-horizon),no,True,
mid::iter8_s3501000015_K28,midgame,iter8_s3501000015_K28,28,mid,iter8,24,0.0011,1163,1447,teacher(heur@3200),-0.50345,-0.50164,,,structural/unclear,structural-positional,NONE(search-horizon),no,True,
mid::iter8_s3501000002_K16,midgame,iter8_s3501000002_K16,16,late_mid,iter8,35,0.0011,1661,1758,teacher(heur@3200),-0.43928,-0.43201,,,structural/unclear,structural-positional,NONE(search-horizon),no,True,
mid::greedy_s3500000019_K10,midgame,greedy_s3500000019_K10,10,pre_endgame,greedy,68,0.0011,640,1173,teacher(heur@3200),0.47015,0.48754,,,structural/unclear,structural-positional,NONE(search-horizon),no,True,
mid::hybrid_8_3200_s3503000004_K10,midgame,hybrid_8_3200_s3503000004_K10,10,pre_endgame,hybrid:8:3200,26,0.0011,761,1537,teacher(heur@3200),-0.0717,-0.0319,,,structural/closure,closure-timing/farm-growth,completion_timing_v1|farm_final_value_v1,partial,True,
mid::iter8_s3501000007_K10,midgame,iter8_s3501000007_K10,10,pre_endgame,iter8,35,0.0005,1334,1335,teacher(heur@3200),0.87111,0.87164,,,structural/unclear,structural-positional,NONE(search-horizon),no,False,
mid::iter8_s3501000049_K10,midgame,iter8_s3501000049_K10,10,pre_endgame,iter8,30,0.0011,844,854,teacher(heur@3200),-0.44174,-0.4406,,,meeple-economy,meeple-economy,meeple_economy_v1,yes,True,
mid::greedy_s3500000016_K40,midgame,greedy_s3500000016_K40,40,early_mid,greedy,37,0.001,1541,1543,teacher(heur@3200),0.93771,0.93937,,,structural/closure,closure-timing/farm-growth,completion_timing_v1|farm_final_value_v1,partial,True,
mid::hybrid_8_3200_s3503000000_K40,midgame,hybrid_8_3200_s3503000000_K40,40,early_mid,hybrid:8:3200,18,0.001,846,863,teacher(heur@3200),0.16231,0.20327,,,structural/unclear,structural-positional,NONE(search-horizon),no,True,
mid::iter8_s3501000043_K40,midgame,iter8_s3501000043_K40,40,early_mid,iter8,28,0.001,846,1645,teacher(heur@3200),-0.03692,0.0315,,,structural/unclear,structural-positional,NONE(search-horizon),no,True,
mid::heur3200_s3502000015_K16,midgame,heur3200_s3502000015_K16,16,late_mid,heur@3200,44,0.001,848,1367,teacher(heur@3200),-0.65862,-0.65548,,,structural/unclear,structural-positional,NONE(search-horizon),no,True,
mid::heur3200_s3502000022_K16,midgame,heur3200_s3502000022_K16,16,late_mid,heur@3200,29,0.001,756,1838,teacher(heur@3200),-0.53528,-0.53209,,,structural/unclear,structural-positional,NONE(search-horizon),no,True,
mid::hybrid_8_3200_s3503000006_K16,midgame,hybrid_8_3200_s3503000006_K16,16,late_mid,hybrid:8:3200,22,0.001,939,1273,teacher(heur@3200),0.88426,0.88531,,,structural/closure,closure-timing/farm-growth,completion_timing_v1|farm_final_value_v1,partial,True,
mid::iter8_s3501000045_K16,midgame,iter8_s3501000045_K16,16,late_mid,iter8,38,0.001,628,1572,teacher(heur@3200),0.2428,0.24377,,,structural/unclear,structural-positional,NONE(search-horizon),no,True,
mid::greedy_s3500000040_K10,midgame,greedy_s3500000040_K10,10,pre_endgame,greedy,51,0.001,1953,1954,teacher(heur@3200),0.06276,0.06376,,,structural/unclear,structural-positional,NONE(search-horizon),no,True,
mid::iter8_s3501000014_K52,midgame,iter8_s3501000014_K52,52,opening,iter8,21,0.0009,941,1167,teacher(heur@3200),-0.28011,-0.26938,,,structural/unclear,structural-positional,NONE(search-horizon),no,True,
mid::hybrid_8_3200_s3503000029_K40,midgame,hybrid_8_3200_s3503000029_K40,40,early_mid,hybrid:8:3200,23,0.0009,946,1370,teacher(heur@3200),0.66113,0.66832,,,structural/closure,closure-timing/farm-growth,completion_timing_v1|farm_final_value_v1,partial,True,
mid::iter8_s3501000035_K40,midgame,iter8_s3501000035_K40,40,early_mid,iter8,14,0.0009,1060,753,teacher(heur@3200),-0.58967,-0.58252,,,structural/unclear,structural-positional,NONE(search-horizon),no,True,
mid::iter8_s3501000041_K40,midgame,iter8_s3501000041_K40,40,early_mid,iter8,28,0.0009,644,1554,teacher(heur@3200),0.68188,0.68398,,,structural/unclear,structural-positional,NONE(search-horizon),no,True,
mid::heur3200_s3502000033_K28,midgame,heur3200_s3502000033_K28,28,mid,heur@3200,33,0.0009,1432,1434,teacher(heur@3200),-0.34515,-0.33987,,,structural/unclear,structural-positional,NONE(search-horizon),no,True,
mid::iter8_s3501000013_K28,midgame,iter8_s3501000013_K28,28,mid,iter8,28,0.0009,736,862,teacher(heur@3200),-0.62831,-0.6242,,,structural/unclear,structural-positional,NONE(search-horizon),no,True,
mid::greedy_s3500000041_K16,midgame,greedy_s3500000041_K16,16,late_mid,greedy,48,0.0009,756,1024,teacher(heur@3200),-0.71347,-0.71189,,,structural/unclear,structural-positional,NONE(search-horizon),no,True,
mid::greedy_s3500000043_K16,midgame,greedy_s3500000043_K16,16,late_mid,greedy,42,0.0009,642,1752,teacher(heur@3200),0.57077,0.57168,,,structural/unclear,structural-positional,NONE(search-horizon),no,True,
mid::heur3200_s3502000044_K16,midgame,heur3200_s3502000044_K16,16,late_mid,heur@3200,34,0.0009,644,1453,teacher(heur@3200),0.68798,0.69153,,,structural/unclear,structural-positional,NONE(search-horizon),no,True,
mid::hybrid_8_3200_s3503000005_K10,midgame,hybrid_8_3200_s3503000005_K10,10,pre_endgame,hybrid:8:3200,50,0.0009,644,1765,teacher(heur@3200),0.38125,0.38296,,,structural/unclear,structural-positional,NONE(search-horizon),no,True,
mid::iter8_s3501000019_K52,midgame,iter8_s3501000019_K52,52,opening,iter8,18,0.0008,956,1450,teacher(heur@3200),-0.75265,-0.7499,,,immediate-score,immediate-scoring,(mostly v2.7-covered),weak,True,
mid::iter8_s3501000036_K52,midgame,iter8_s3501000036_K52,52,opening,iter8,27,0.0004,943,948,teacher(heur@3200),0.61254,0.61292,,,structural/unclear,structural-positional,NONE(search-horizon),no,False,
mid::heur3200_s3502000045_K40,midgame,heur3200_s3502000045_K40,40,early_mid,heur@3200,24,0.0008,1263,1366,teacher(heur@3200),0.61597,0.61697,,,structural/unclear,structural-positional,NONE(search-horizon),no,True,
mid::iter8_s3501000012_K40,midgame,iter8_s3501000012_K40,40,early_mid,iter8,30,0.0008,1237,1545,teacher(heur@3200),-0.84562,-0.84367,,,meeple-economy,meeple-economy,meeple_economy_v1,yes,True,
mid::iter8_s3501000014_K40,midgame,iter8_s3501000014_K40,40,early_mid,iter8,25,0.0008,836,963,teacher(heur@3200),-0.39193,-0.38533,,,structural/unclear,structural-positional,NONE(search-horizon),no,True,
mid::greedy_s3500000036_K28,midgame,greedy_s3500000036_K28,28,mid,greedy,59,0.0008,1536,641,teacher(heur@3200),-0.70024,-0.64389,,,meeple-economy,meeple-economy,meeple_economy_v1,yes,True,
mid::heur3200_s3502000009_K28,midgame,heur3200_s3502000009_K28,28,mid,heur@3200,28,0.0008,841,1264,teacher(heur@3200),-0.13438,-0.13358,,,structural/unclear,structural-positional,NONE(search-horizon),no,True,
mid::hybrid_8_3200_s3503000028_K28,midgame,hybrid_8_3200_s3503000028_K28,28,mid,hybrid:8:3200,33,0.0004,944,1142,teacher(heur@3200),0.23723,0.23763,,,structural/unclear,structural-positional,NONE(search-horizon),no,False,
mid::hybrid_8_3200_s3503000009_K16,midgame,hybrid_8_3200_s3503000009_K16,16,late_mid,hybrid:8:3200,49,0.0008,660,1960,teacher(heur@3200),-0.76573,-0.76331,,,structural/unclear,structural-positional,NONE(search-horizon),no,True,
mid::hybrid_8_3200_s3503000044_K16,midgame,hybrid_8_3200_s3503000044_K16,16,late_mid,hybrid:8:3200,23,0.0008,650,656,teacher(heur@3200),-0.98264,-0.98158,,,structural/closure,closure-timing/farm-growth,completion_timing_v1|farm_final_value_v1,partial,True,
mid::greedy_s3500000003_K10,midgame,greedy_s3500000003_K10,10,pre_endgame,greedy,12,0.0004,1120,1464,teacher(heur@3200),0.92313,0.92355,,,structural/unclear,structural-positional,NONE(search-horizon),no,False,
mid::hybrid_8_3200_s3503000006_K10,midgame,hybrid_8_3200_s3503000006_K10,10,pre_endgame,hybrid:8:3200,41,0.0008,741,1335,teacher(heur@3200),0.87827,0.88047,,,structural/unclear,structural-positional,NONE(search-horizon),no,True,
mid::iter8_s3501000035_K10,midgame,iter8_s3501000035_K10,10,pre_endgame,iter8,40,0.0008,824,1429,teacher(heur@3200),-0.58272,-0.58102,,,structural/closure,closure-timing/farm-growth,completion_timing_v1|farm_final_value_v1,partial,True,
mid::hybrid_8_3200_s3503000049_K52,midgame,hybrid_8_3200_s3503000049_K52,52,opening,hybrid:8:3200,28,0.0007,948,1032,teacher(heur@3200),0.29495,0.34008,,,structural/unclear,structural-positional,NONE(search-horizon),no,True,
mid::heur3200_s3502000000_K40,midgame,heur3200_s3502000000_K40,40,early_mid,heur@3200,22,0.0007,855,1736,teacher(heur@3200),-0.44767,-0.44592,,,structural/unclear,structural-positional,NONE(search-horizon),no,True,
mid::hybrid_8_3200_s3503000019_K40,midgame,hybrid_8_3200_s3503000019_K40,40,early_mid,hybrid:8:3200,19,0.0007,1032,1034,teacher(heur@3200),0.48809,0.48901,,,structural/unclear,structural-positional,NONE(search-horizon),no,True,
mid::iter8_s3501000009_K40,midgame,iter8_s3501000009_K40,40,early_mid,iter8,28,0.0007,1353,1657,teacher(heur@3200),0.31635,0.31705,,,structural/unclear,structural-positional,NONE(search-horizon),no,True,
mid::greedy_s3500000016_K28,midgame,greedy_s3500000016_K28,28,mid,greedy,24,0.0003,1052,1259,teacher(heur@3200),0.9528,0.9533,,,structural/unclear,structural-positional,NONE(search-horizon),no,False,
mid::greedy_s3500000039_K28,midgame,greedy_s3500000039_K28,28,mid,greedy,32,0.0007,1160,1748,teacher(heur@3200),0.53079,0.53485,,,structural/closure,closure-timing/farm-growth,completion_timing_v1|farm_final_value_v1,partial,True,
mid::heur3200_s3502000046_K28,midgame,heur3200_s3502000046_K28,28,mid,heur@3200,39,0.0007,1541,1542,teacher(heur@3200),0.31867,0.31939,,,structural/unclear,structural-positional,NONE(search-horizon),no,True,
mid::hybrid_8_3200_s3503000002_K28,midgame,hybrid_8_3200_s3503000002_K28,28,mid,hybrid:8:3200,30,0.0007,739,1654,teacher(heur@3200),0.82644,0.83192,,,structural/unclear,structural-positional,NONE(search-horizon),no,True,
mid::greedy_s3500000016_K16,midgame,greedy_s3500000016_K16,16,late_mid,greedy,41,0.0007,734,1530,teacher(heur@3200),0.92553,0.93155,,,structural/unclear,structural-positional,NONE(search-horizon),no,True,
mid::iter8_s3501000040_K16,midgame,iter8_s3501000040_K16,16,late_mid,iter8,25,0.0007,1568,1570,teacher(heur@3200),0.90965,0.91031,,,structural/unclear,structural-positional,NONE(search-horizon),no,True,
mid::hybrid_8_3200_s3503000021_K10,midgame,hybrid_8_3200_s3503000021_K10,10,pre_endgame,hybrid:8:3200,34,0.0007,1074,1476,teacher(heur@3200),0.62528,0.62964,,,bag/scarcity,open-edge-scarcity,open_edge_scarcity_v1,weak,True,
mid::greedy_s3500000011_K52,midgame,greedy_s3500000011_K52,52,opening,greedy,16,0.0006,1464,1465,teacher(heur@3200),0.13595,0.13651,,,completion/score-greed,completion-timing,completion_timing_v1,partial,True,
mid::greedy_s3500000037_K40,midgame,greedy_s3500000037_K40,40,early_mid,greedy,36,0.0003,932,1336,teacher(heur@3200),0.66466,0.66498,,,structural/unclear,structural-positional,NONE(search-horizon),no,False,
mid::iter8_s3501000046_K40,midgame,iter8_s3501000046_K40,40,early_mid,iter8,30,0.0006,756,849,teacher(heur@3200),-0.84399,-0.84239,,,structural/unclear,structural-positional,NONE(search-horizon),no,True,
mid::greedy_s3500000040_K28,midgame,greedy_s3500000040_K28,28,mid,greedy,39,0.0006,1463,1567,teacher(heur@3200),0.226,0.23426,,,structural/closure,closure-timing/farm-growth,completion_timing_v1|farm_final_value_v1,partial,True,
mid::greedy_s3500000049_K28,midgame,greedy_s3500000049_K28,28,mid,greedy,32,0.0006,852,1557,teacher(heur@3200),0.94828,0.94979,,,structural/unclear,structural-positional,NONE(search-horizon),no,True,
mid::heur3200_s3502000008_K28,midgame,heur3200_s3502000008_K28,28,mid,heur@3200,27,0.0006,745,1030,teacher(heur@3200),-0.95499,-0.95395,,,meeple-economy,meeple-economy,meeple_economy_v1,yes,True,
mid::heur3200_s3502000029_K28,midgame,heur3200_s3502000029_K28,28,mid,heur@3200,31,0.0006,1640,1647,teacher(heur@3200),-0.30217,-0.29812,,,structural/closure,closure-timing/farm-growth,completion_timing_v1|farm_final_value_v1,partial,True,
mid::heur3200_s3502000031_K28,midgame,heur3200_s3502000031_K28,28,mid,heur@3200,51,0.0006,1158,1271,teacher(heur@3200),0.66116,0.66404,,,structural/unclear,structural-positional,NONE(search-horizon),no,True,
mid::hybrid_8_3200_s3503000003_K28,midgame,hybrid_8_3200_s3503000003_K28,28,mid,hybrid:8:3200,28,0.0006,740,1744,teacher(heur@3200),-0.38196,-0.37783,,,structural/unclear,structural-positional,NONE(search-horizon),no,True,
mid::hybrid_8_3200_s3503000023_K28,midgame,hybrid_8_3200_s3503000023_K28,28,mid,hybrid:8:3200,32,0.0006,744,840,teacher(heur@3200),-0.28388,-0.27877,,,structural/unclear,structural-positional,NONE(search-horizon),no,True,
mid::hybrid_8_3200_s3503000036_K28,midgame,hybrid_8_3200_s3503000036_K28,28,mid,hybrid:8:3200,20,0.0006,1164,1640,teacher(heur@3200),0.63606,0.66607,,,structural/unclear,structural-positional,NONE(search-horizon),no,True,
mid::iter8_s3501000017_K28,midgame,iter8_s3501000017_K28,28,mid,iter8,23,0.0006,1535,1655,teacher(heur@3200),0.93204,0.93263,,,structural/closure,closure-timing/farm-growth,completion_timing_v1|farm_final_value_v1,partial,True,
mid::greedy_s3500000000_K16,midgame,greedy_s3500000000_K16,16,late_mid,greedy,55,0.0006,1161,939,teacher(heur@3200),-0.8322,-0.82518,,,structural/closure,closure-timing/farm-growth,completion_timing_v1|farm_final_value_v1,partial,True,
mid::greedy_s3500000022_K16,midgame,greedy_s3500000022_K16,16,late_mid,greedy,12,0.0006,1270,1747,teacher(heur@3200),0.70237,0.70506,,,meeple-economy,meeple-economy,meeple_economy_v1,yes,True,
mid::hybrid_8_3200_s3503000036_K16,midgame,hybrid_8_3200_s3503000036_K16,16,late_mid,hybrid:8:3200,34,0.0003,657,1856,teacher(heur@3200),0.8523,0.8529,,,structural/unclear,structural-positional,NONE(search-horizon),no,False,
mid::hybrid_8_3200_s3503000039_K16,midgame,hybrid_8_3200_s3503000039_K16,16,late_mid,hybrid:8:3200,39,0.0003,1660,1661,teacher(heur@3200),0.89951,0.8998,,,structural/unclear,structural-positional,NONE(search-horizon),no,False,
mid::iter8_s3501000008_K16,midgame,iter8_s3501000008_K16,16,late_mid,iter8,28,0.0006,1024,1668,teacher(heur@3200),-0.49448,-0.48121,,,structural/unclear,structural-positional,NONE(search-horizon),no,True,
mid::greedy_s3500000024_K10,midgame,greedy_s3500000024_K10,10,pre_endgame,greedy,68,0.0006,552,1748,teacher(heur@3200),0.73717,0.74109,,,structural/unclear,structural-positional,NONE(search-horizon),no,True,
mid::greedy_s3500000041_K10,midgame,greedy_s3500000041_K10,10,pre_endgame,greedy,12,0.0006,1468,1632,teacher(heur@3200),-0.92055,-0.91997,,,structural/unclear,structural-positional,NONE(search-horizon),no,True,
mid::heur3200_s3502000023_K10,midgame,heur3200_s3502000023_K10,10,pre_endgame,heur@3200,36,0.0006,841,1743,teacher(heur@3200),-0.68576,-0.68518,,,structural/unclear,structural-positional,NONE(search-horizon),no,True,
mid::hybrid_8_3200_s3503000019_K10,midgame,hybrid_8_3200_s3503000019_K10,10,pre_endgame,hybrid:8:3200,46,0.0006,841,856,teacher(heur@3200),0.9403,0.9458,,,structural/unclear,structural-positional,NONE(search-horizon),no,True,
mid::hybrid_8_3200_s3503000034_K10,midgame,hybrid_8_3200_s3503000034_K10,10,pre_endgame,hybrid:8:3200,40,0.0006,967,1070,teacher(heur@3200),0.70963,0.73137,,,structural/unclear,structural-positional,NONE(search-horizon),no,True,
mid::hybrid_8_3200_s3503000043_K10,midgame,hybrid_8_3200_s3503000043_K10,10,pre_endgame,hybrid:8:3200,30,0.0003,852,1637,teacher(heur@3200),0.96708,0.96829,,,structural/unclear,structural-positional,NONE(search-horizon),no,False,
mid::iter8_s3501000021_K10,midgame,iter8_s3501000021_K10,10,pre_endgame,iter8,54,0.0006,956,1828,teacher(heur@3200),0.66847,0.66904,,,structural/unclear,structural-positional,NONE(search-horizon),no,True,
mid::iter8_s3501000029_K10,midgame,iter8_s3501000029_K10,10,pre_endgame,iter8,54,0.0006,645,1573,teacher(heur@3200),-0.85086,-0.84933,,,structural/unclear,structural-positional,NONE(search-horizon),no,True,
mid::heur3200_s3502000021_K52,midgame,heur3200_s3502000021_K52,52,opening,heur@3200,24,0.0002,1271,1364,teacher(heur@3200),0.53459,0.53483,,,structural/unclear,structural-positional,NONE(search-horizon),no,False,
mid::iter8_s3501000048_K52,midgame,iter8_s3501000048_K52,52,opening,iter8,17,0.0005,856,1356,teacher(heur@3200),0.85969,0.87167,,,structural/closure,closure-timing/farm-growth,completion_timing_v1|farm_final_value_v1,partial,True,
mid::heur3200_s3502000047_K28,midgame,heur3200_s3502000047_K28,28,mid,heur@3200,33,0.0005,646,1368,teacher(heur@3200),0.42568,0.43154,,,structural/unclear,structural-positional,NONE(search-horizon),no,True,
mid::hybrid_8_3200_s3503000041_K28,midgame,hybrid_8_3200_s3503000041_K28,28,mid,hybrid:8:3200,24,0.0005,653,1852,teacher(heur@3200),0.78176,0.78334,,,structural/closure,closure-timing/farm-growth,completion_timing_v1|farm_final_value_v1,partial,True,
mid::iter8_s3501000011_K28,midgame,iter8_s3501000011_K28,28,mid,iter8,28,0.0005,840,1124,teacher(heur@3200),0.69416,0.72145,,,structural/unclear,structural-positional,NONE(search-horizon),no,True,
mid::heur3200_s3502000019_K16,midgame,heur3200_s3502000019_K16,16,late_mid,heur@3200,24,0.0003,1564,1657,teacher(heur@3200),0.97573,0.97599,,,structural/unclear,structural-positional,NONE(search-horizon),no,False,
mid::hybrid_8_3200_s3503000003_K16,midgame,hybrid_8_3200_s3503000003_K16,16,late_mid,hybrid:8:3200,40,0.0005,644,1745,teacher(heur@3200),-0.76466,-0.764,,,structural/closure,closure-timing/farm-growth,completion_timing_v1|farm_final_value_v1,partial,True,
mid::hybrid_8_3200_s3503000035_K16,midgame,hybrid_8_3200_s3503000035_K16,16,late_mid,hybrid:8:3200,38,0.0005,633,752,teacher(heur@3200),0.53463,0.53836,,,structural/unclear,structural-positional,NONE(search-horizon),no,True,
mid::hybrid_8_3200_s3503000042_K16,midgame,hybrid_8_3200_s3503000042_K16,16,late_mid,hybrid:8:3200,30,0.0005,845,853,teacher(heur@3200),0.24846,0.24897,,,structural/unclear,structural-positional,NONE(search-horizon),no,True,
mid::iter8_s3501000011_K16,midgame,iter8_s3501000011_K16,16,late_mid,iter8,26,0.0005,1216,1218,teacher(heur@3200),0.77946,0.77998,,,structural/unclear,structural-positional,NONE(search-horizon),no,True,
mid::greedy_s3500000037_K10,midgame,greedy_s3500000037_K10,10,pre_endgame,greedy,38,0.0005,652,1069,teacher(heur@3200),0.64366,0.64681,,,structural/unclear,structural-positional,NONE(search-horizon),no,True,
mid::hybrid_8_3200_s3503000012_K10,midgame,hybrid_8_3200_s3503000012_K10,10,pre_endgame,hybrid:8:3200,44,0.0005,1332,1741,teacher(heur@3200),0.7235,0.72661,,,structural/closure,closure-timing/farm-growth,completion_timing_v1|farm_final_value_v1,partial,True,
mid::iter8_s3501000044_K10,midgame,iter8_s3501000044_K10,10,pre_endgame,iter8,34,0.0005,835,1850,teacher(heur@3200),-0.85289,-0.85153,,,structural/closure,closure-timing/farm-growth,completion_timing_v1|farm_final_value_v1,partial,True,
mid::heur3200_s3502000010_K52,midgame,heur3200_s3502000010_K52,52,opening,heur@3200,23,0.0004,1046,1343,teacher(heur@3200),-0.70817,-0.70775,,,structural/unclear,structural-positional,NONE(search-horizon),no,True,
mid::iter8_s3501000023_K52,midgame,iter8_s3501000023_K52,52,opening,iter8,17,0.0004,952,1444,teacher(heur@3200),-0.8789,-0.87604,,,structural/unclear,structural-positional,NONE(search-horizon),no,True,
mid::greedy_s3500000001_K40,midgame,greedy_s3500000001_K40,40,early_mid,greedy,24,0.0004,852,1173,teacher(heur@3200),-0.4691,-0.46871,,,structural/unclear,structural-positional,NONE(search-horizon),no,True,
mid::greedy_s3500000002_K40,midgame,greedy_s3500000002_K40,40,early_mid,greedy,47,0.0004,868,1753,teacher(heur@3200),-0.42534,-0.15517,,,structural/unclear,structural-positional,NONE(search-horizon),no,True,
mid::heur3200_s3502000023_K40,midgame,heur3200_s3502000023_K40,40,early_mid,heur@3200,33,0.0004,1063,1145,teacher(heur@3200),-0.53824,-0.53741,,,meeple-economy,meeple-economy,meeple_economy_v1,yes,True,
mid::iter8_s3501000037_K40,midgame,iter8_s3501000037_K40,40,early_mid,iter8,24,0.0004,854,933,teacher(heur@3200),-0.20474,-0.19818,,,structural/closure,closure-timing/farm-growth,completion_timing_v1|farm_final_value_v1,partial,True,
mid::greedy_s3500000010_K16,midgame,greedy_s3500000010_K16,16,late_mid,greedy,40,0.0004,741,1451,teacher(heur@3200),-0.89128,-0.88877,,,structural/unclear,structural-positional,NONE(search-horizon),no,True,
mid::greedy_s3500000026_K16,midgame,greedy_s3500000026_K16,16,late_mid,greedy,50,0.0004,644,945,teacher(heur@3200),-0.83088,-0.83045,,,structural/unclear,structural-positional,NONE(search-horizon),no,True,
mid::heur3200_s3502000037_K16,midgame,heur3200_s3502000037_K16,16,late_mid,heur@3200,30,0.0004,748,749,teacher(heur@3200),0.83582,0.83856,,,structural/closure,closure-timing/farm-growth,completion_timing_v1|farm_final_value_v1,partial,True,
mid::hybrid_8_3200_s3503000014_K16,midgame,hybrid_8_3200_s3503000014_K16,16,late_mid,hybrid:8:3200,37,0.0002,862,866,teacher(heur@3200),-0.83502,-0.83484,,,structural/unclear,structural-positional,NONE(search-horizon),no,False,
mid::hybrid_8_3200_s3503000018_K16,midgame,hybrid_8_3200_s3503000018_K16,16,late_mid,hybrid:8:3200,22,0.0004,860,862,teacher(heur@3200),-0.20713,-0.20295,,,structural/unclear,structural-positional,NONE(search-horizon),no,True,
mid::hybrid_8_3200_s3503000028_K16,midgame,hybrid_8_3200_s3503000028_K16,16,late_mid,hybrid:8:3200,21,0.0004,1128,1760,teacher(heur@3200),-0.07005,-0.06394,,,structural/unclear,structural-positional,NONE(search-horizon),no,True,
mid::hybrid_8_3200_s3503000034_K16,midgame,hybrid_8_3200_s3503000034_K16,16,late_mid,hybrid:8:3200,29,0.0004,752,1575,teacher(heur@3200),0.7882,0.78863,,,structural/closure,closure-timing/farm-growth,completion_timing_v1|farm_final_value_v1,partial,True,
mid::iter8_s3501000024_K16,midgame,iter8_s3501000024_K16,16,late_mid,iter8,24,0.0004,1032,1559,teacher(heur@3200),-0.59256,-0.58728,,,structural/unclear,structural-positional,NONE(search-horizon),no,True,
mid::hybrid_8_3200_s3503000031_K10,midgame,hybrid_8_3200_s3503000031_K10,10,pre_endgame,hybrid:8:3200,35,0.0004,848,849,teacher(heur@3200),0.97569,0.97612,,,structural/unclear,structural-positional,NONE(search-horizon),no,True,
mid::iter8_s3501000043_K10,midgame,iter8_s3501000043_K10,10,pre_endgame,iter8,38,0.0004,645,861,teacher(heur@3200),0.74542,0.77695,,,structural/unclear,structural-positional,NONE(search-horizon),no,True,
mid::hybrid_8_3200_s3503000017_K52,midgame,hybrid_8_3200_s3503000017_K52,52,opening,hybrid:8:3200,23,0.0003,945,1541,teacher(heur@3200),-0.81933,-0.81498,,,structural/unclear,structural-positional,NONE(search-horizon),no,True,
mid::greedy_s3500000049_K40,midgame,greedy_s3500000049_K40,40,early_mid,greedy,26,0.0002,852,1536,teacher(heur@3200),0.80445,0.80948,,,structural/closure,closure-timing/farm-growth,completion_timing_v1|farm_final_value_v1,partial,False,
mid::heur3200_s3502000022_K40,midgame,heur3200_s3502000022_K40,40,early_mid,heur@3200,12,0.0002,936,1032,teacher(heur@3200),-0.81796,-0.8178,,,structural/unclear,structural-positional,NONE(search-horizon),no,False,
mid::hybrid_8_3200_s3503000044_K40,midgame,hybrid_8_3200_s3503000044_K40,40,early_mid,hybrid:8:3200,37,0.0003,944,1264,teacher(heur@3200),-0.94038,-0.93933,,,structural/unclear,structural-positional,NONE(search-horizon),no,True,
mid::iter8_s3501000003_K40,midgame,iter8_s3501000003_K40,40,early_mid,iter8,22,0.0003,849,850,teacher(heur@3200),0.6991,0.69938,,,structural/unclear,structural-positional,NONE(search-horizon),no,True,
mid::heur3200_s3502000025_K28,midgame,heur3200_s3502000025_K28,28,mid,heur@3200,57,0.0003,752,1753,teacher(heur@3200),-0.85278,-0.85216,,,structural/unclear,structural-positional,NONE(search-horizon),no,True,
mid::heur3200_s3502000049_K28,midgame,heur3200_s3502000049_K28,28,mid,heur@3200,32,0.0003,949,1428,teacher(heur@3200),-0.79649,-0.79616,,,structural/unclear,structural-positional,NONE(search-horizon),no,True,
mid::iter8_s3501000003_K28,midgame,iter8_s3501000003_K28,28,mid,iter8,33,0.0003,1441,1755,teacher(heur@3200),0.76358,0.77295,,,structural/unclear,structural-positional,NONE(search-horizon),no,True,
mid::iter8_s3501000033_K28,midgame,iter8_s3501000033_K28,28,mid,iter8,33,0.0003,942,943,teacher(heur@3200),-0.95806,-0.95773,,,structural/unclear,structural-positional,NONE(search-horizon),no,True,
mid::greedy_s3500000012_K16,midgame,greedy_s3500000012_K16,16,late_mid,greedy,42,0.0003,1360,1364,teacher(heur@3200),-0.49803,-0.49761,,,structural/unclear,structural-positional,NONE(search-horizon),no,True,
mid::hybrid_8_3200_s3503000015_K16,midgame,hybrid_8_3200_s3503000015_K16,16,late_mid,hybrid:8:3200,42,0.0003,741,1565,teacher(heur@3200),0.92059,0.92155,,,structural/unclear,structural-positional,NONE(search-horizon),no,True,
mid::hybrid_8_3200_s3503000026_K16,midgame,hybrid_8_3200_s3503000026_K16,16,late_mid,hybrid:8:3200,64,0.0003,740,1852,teacher(heur@3200),0.75568,0.7568,,,structural/unclear,structural-positional,NONE(search-horizon),no,True,
mid::hybrid_8_3200_s3503000040_K16,midgame,hybrid_8_3200_s3503000040_K16,16,late_mid,hybrid:8:3200,20,0.0003,960,1436,teacher(heur@3200),0.85623,0.85656,,,structural/unclear,structural-positional,NONE(search-horizon),no,True,
mid::heur3200_s3502000002_K10,midgame,heur3200_s3502000002_K10,10,pre_endgame,heur@3200,28,0.0003,727,1227,teacher(heur@3200),-0.84073,-0.83904,,,structural/closure,closure-timing/farm-growth,completion_timing_v1|farm_final_value_v1,partial,True,
mid::heur3200_s3502000030_K10,midgame,heur3200_s3502000030_K10,10,pre_endgame,heur@3200,15,0.0003,732,1950,teacher(heur@3200),0.12115,0.12622,,,structural/unclear,structural-positional,NONE(search-horizon),no,True,
mid::hybrid_8_3200_s3503000033_K10,midgame,hybrid_8_3200_s3503000033_K10,10,pre_endgame,hybrid:8:3200,31,0.0003,848,1170,teacher(heur@3200),-0.92544,-0.91162,,,structural/unclear,structural-positional,NONE(search-horizon),no,True,
mid::iter8_s3501000013_K10,midgame,iter8_s3501000013_K10,10,pre_endgame,iter8,33,0.0002,866,867,teacher(heur@3200),-0.5392,-0.53903,,,structural/unclear,structural-positional,NONE(search-horizon),no,False,
mid::iter8_s3501000016_K10,midgame,iter8_s3501000016_K10,10,pre_endgame,iter8,34,0.0003,741,1133,teacher(heur@3200),0.82954,0.83017,,,structural/unclear,structural-positional,NONE(search-horizon),no,True,
mid::greedy_s3500000024_K52,midgame,greedy_s3500000024_K52,52,opening,greedy,31,0.0002,1461,1345,teacher(heur@3200),0.67531,0.69965,,,meeple-economy,meeple-economy,meeple_economy_v1,yes,True,
mid::hybrid_8_3200_s3503000014_K52,midgame,hybrid_8_3200_s3503000014_K52,52,opening,hybrid:8:3200,22,0.0002,849,1337,teacher(heur@3200),-0.59073,-0.58826,,,structural/unclear,structural-positional,NONE(search-horizon),no,True,
mid::iter8_s3501000033_K52,midgame,iter8_s3501000033_K52,52,opening,iter8,20,0.0002,845,963,teacher(heur@3200),-0.59439,-0.59323,,,structural/unclear,structural-positional,NONE(search-horizon),no,True,
mid::greedy_s3500000023_K40,midgame,greedy_s3500000023_K40,40,early_mid,greedy,36,0.0002,1341,1443,teacher(heur@3200),0.91218,0.91288,,,structural/unclear,structural-positional,NONE(search-horizon),no,True,
mid::greedy_s3500000025_K40,midgame,greedy_s3500000025_K40,40,early_mid,greedy,46,0.0002,1138,935,teacher(heur@3200),0.89797,0.89845,,,structural/unclear,structural-positional,NONE(search-horizon),no,True,
mid::heur3200_s3502000003_K40,midgame,heur3200_s3502000003_K40,40,early_mid,heur@3200,18,0.0002,1464,1467,teacher(heur@3200),-0.72103,-0.72083,,,structural/closure,closure-timing/farm-growth,completion_timing_v1|farm_final_value_v1,partial,True,
mid::heur3200_s3502000009_K40,midgame,heur3200_s3502000009_K40,40,early_mid,heur@3200,32,0.0002,1036,1136,teacher(heur@3200),-0.40338,-0.3935,,,structural/unclear,structural-positional,NONE(search-horizon),no,True,
mid::hybrid_8_3200_s3503000010_K40,midgame,hybrid_8_3200_s3503000010_K40,40,early_mid,hybrid:8:3200,40,0.0002,840,1464,teacher(heur@3200),-0.09017,-0.08662,,,structural/unclear,structural-positional,NONE(search-horizon),no,True,
mid::hybrid_8_3200_s3503000021_K40,midgame,hybrid_8_3200_s3503000021_K40,40,early_mid,hybrid:8:3200,32,0.0002,737,961,teacher(heur@3200),0.48026,0.51863,,,structural/unclear,structural-positional,NONE(search-horizon),no,True,
mid::iter8_s3501000023_K40,midgame,iter8_s3501000023_K40,40,early_mid,iter8,20,0.0002,853,1655,teacher(heur@3200),-0.98048,-0.9801,,,structural/unclear,structural-positional,NONE(search-horizon),no,True,
mid::iter8_s3501000044_K40,midgame,iter8_s3501000044_K40,40,early_mid,iter8,17,0.0002,1364,1367,teacher(heur@3200),-0.87969,-0.87948,,,structural/unclear,structural-positional,NONE(search-horizon),no,True,
mid::greedy_s3500000017_K28,midgame,greedy_s3500000017_K28,28,mid,greedy,53,0.0002,736,1261,teacher(heur@3200),-0.95904,-0.95883,,,structural/unclear,structural-positional,NONE(search-horizon),no,True,
mid::greedy_s3500000023_K28,midgame,greedy_s3500000023_K28,28,mid,greedy,22,0.0001,934,938,teacher(heur@3200),0.98137,0.98149,,,structural/unclear,structural-positional,NONE(search-horizon),no,False,
mid::heur3200_s3502000017_K28,midgame,heur3200_s3502000017_K28,28,mid,heur@3200,26,0.0002,1264,1667,teacher(heur@3200),0.83635,0.86422,,,structural/unclear,structural-positional,NONE(search-horizon),no,True,
mid::hybrid_8_3200_s3503000000_K28,midgame,hybrid_8_3200_s3503000000_K28,28,mid,hybrid:8:3200,36,0.0001,848,849,teacher(heur@3200),-0.3268,-0.32669,,,structural/unclear,structural-positional,NONE(search-horizon),no,False,
mid::hybrid_8_3200_s3503000004_K28,midgame,hybrid_8_3200_s3503000004_K28,28,mid,hybrid:8:3200,14,0.0002,748,1334,teacher(heur@3200),0.51942,0.53496,,,structural/closure,closure-timing/farm-growth,completion_timing_v1|farm_final_value_v1,partial,True,
mid::hybrid_8_3200_s3503000018_K28,midgame,hybrid_8_3200_s3503000018_K28,28,mid,hybrid:8:3200,48,0.0001,932,1132,teacher(heur@3200),0.80875,0.80883,,,structural/unclear,structural-positional,NONE(search-horizon),no,False,
mid::hybrid_8_3200_s3503000044_K28,midgame,hybrid_8_3200_s3503000044_K28,28,mid,hybrid:8:3200,34,0.0002,1557,1369,teacher(heur@3200),-0.97298,-0.96986,,,structural/unclear,structural-positional,NONE(search-horizon),no,True,
mid::heur3200_s3502000023_K16,midgame,heur3200_s3502000023_K16,16,late_mid,heur@3200,34,0.0002,760,1745,teacher(heur@3200),-0.63013,-0.6299,,,structural/unclear,structural-positional,NONE(search-horizon),no,True,
mid::greedy_s3500000033_K10,midgame,greedy_s3500000033_K10,10,pre_endgame,greedy,23,0.0002,737,927,teacher(heur@3200),0.3333,0.38277,,,structural/unclear,structural-positional,NONE(search-horizon),no,True,
mid::heur3200_s3502000001_K10,midgame,heur3200_s3502000001_K10,10,pre_endgame,heur@3200,40,0.0002,869,1464,teacher(heur@3200),0.96516,0.967,,,structural/unclear,structural-positional,NONE(search-horizon),no,True,
mid::hybrid_8_3200_s3503000038_K10,midgame,hybrid_8_3200_s3503000038_K10,10,pre_endgame,hybrid:8:3200,41,0.0002,758,1530,teacher(heur@3200),0.9833,0.98531,,,structural/unclear,structural-positional,NONE(search-horizon),no,True,
mid::iter8_s3501000028_K52,midgame,iter8_s3501000028_K52,52,opening,iter8,24,0.0001,1232,1546,teacher(heur@3200),-0.70433,-0.69439,,,completion/score-greed,completion-timing,completion_timing_v1,partial,True,
mid::hybrid_8_3200_s3503000032_K40,midgame,hybrid_8_3200_s3503000032_K40,40,early_mid,hybrid:8:3200,27,0.0001,1256,1741,teacher(heur@3200),0.88535,0.88564,,,structural/unclear,structural-positional,NONE(search-horizon),no,True,
mid::iter8_s3501000015_K40,midgame,iter8_s3501000015_K40,40,early_mid,iter8,34,0.0001,936,1271,teacher(heur@3200),0.14389,0.14706,,,structural/unclear,structural-positional,NONE(search-horizon),no,True,
mid::iter8_s3501000020_K40,midgame,iter8_s3501000020_K40,40,early_mid,iter8,22,0.0001,749,1168,teacher(heur@3200),-0.23762,-0.2145,,,structural/closure,closure-timing/farm-growth,completion_timing_v1|farm_final_value_v1,partial,True,
mid::greedy_s3500000026_K28,midgame,greedy_s3500000026_K28,28,mid,greedy,28,0.0001,652,857,teacher(heur@3200),-0.94175,-0.94141,,,structural/closure,closure-timing/farm-growth,completion_timing_v1|farm_final_value_v1,partial,True,
mid::greedy_s3500000044_K28,midgame,greedy_s3500000044_K28,28,mid,greedy,88,0.0001,832,1540,teacher(heur@3200),-0.50115,-0.49752,,,structural/unclear,structural-positional,NONE(search-horizon),no,True,
mid::heur3200_s3502000039_K28,midgame,heur3200_s3502000039_K28,28,mid,heur@3200,32,0.0001,752,756,teacher(heur@3200),0.21513,0.21547,,,structural/unclear,structural-positional,NONE(search-horizon),no,True,
mid::heur3200_s3502000043_K28,midgame,heur3200_s3502000043_K28,28,mid,heur@3200,27,0.0001,1566,1660,teacher(heur@3200),-0.65958,-0.65949,,,structural/closure,closure-timing/farm-growth,completion_timing_v1|farm_final_value_v1,partial,True,
mid::hybrid_8_3200_s3503000027_K28,midgame,hybrid_8_3200_s3503000027_K28,28,mid,hybrid:8:3200,31,0.0001,830,1744,teacher(heur@3200),-0.9916,-0.99138,,,structural/unclear,structural-positional,NONE(search-horizon),no,True,
mid::iter8_s3501000018_K28,midgame,iter8_s3501000018_K28,28,mid,iter8,15,0.0001,748,832,teacher(heur@3200),-0.85381,-0.85283,,,structural/unclear,structural-positional,NONE(search-horizon),no,True,
mid::iter8_s3501000032_K28,midgame,iter8_s3501000032_K28,28,mid,iter8,40,0.0001,640,1448,teacher(heur@3200),-0.76277,-0.76262,,,structural/unclear,structural-positional,NONE(search-horizon),no,True,
mid::greedy_s3500000023_K16,midgame,greedy_s3500000023_K16,16,late_mid,greedy,54,0.0001,745,1226,teacher(heur@3200),0.98872,0.98897,,,structural/unclear,structural-positional,NONE(search-horizon),no,True,
mid::heur3200_s3502000001_K16,midgame,heur3200_s3502000001_K16,16,late_mid,heur@3200,30,0.0001,838,839,teacher(heur@3200),0.97417,0.97445,,,structural/closure,closure-timing/farm-growth,completion_timing_v1|farm_final_value_v1,partial,True,
mid::heur3200_s3502000043_K16,midgame,heur3200_s3502000043_K16,16,late_mid,heur@3200,44,0.0001,736,1264,teacher(heur@3200),-0.87801,-0.87722,,,structural/unclear,structural-positional,NONE(search-horizon),no,True,
mid::hybrid_8_3200_s3503000001_K16,midgame,hybrid_8_3200_s3503000001_K16,16,late_mid,hybrid:8:3200,34,0.0001,1368,1657,teacher(heur@3200),0.95371,0.95395,,,meeple-economy,meeple-economy,meeple_economy_v1,yes,True,
mid::hybrid_8_3200_s3503000017_K16,midgame,hybrid_8_3200_s3503000017_K16,16,late_mid,hybrid:8:3200,16,0.0001,1464,1656,teacher(heur@3200),-0.39349,-0.39343,,,structural/unclear,structural-positional,NONE(search-horizon),no,True,
mid::hybrid_8_3200_s3503000024_K16,midgame,hybrid_8_3200_s3503000024_K16,16,late_mid,hybrid:8:3200,88,0.0001,756,1632,teacher(heur@3200),0.29856,0.29867,,,structural/unclear,structural-positional,NONE(search-horizon),no,True,
mid::hybrid_8_3200_s3503000032_K16,midgame,hybrid_8_3200_s3503000032_K16,16,late_mid,hybrid:8:3200,33,0.0001,544,1137,teacher(heur@3200),0.98557,0.98608,,,structural/unclear,structural-positional,NONE(search-horizon),no,True,
mid::iter8_s3501000000_K16,midgame,iter8_s3501000000_K16,16,late_mid,iter8,32,0.0001,754,1338,teacher(heur@3200),-0.58413,-0.58115,,,structural/closure,closure-timing/farm-growth,completion_timing_v1|farm_final_value_v1,partial,True,
mid::iter8_s3501000025_K16,midgame,iter8_s3501000025_K16,16,late_mid,iter8,16,0.0,660,1844,teacher(heur@3200),0.90251,0.90267,,,structural/closure,closure-timing/farm-growth,completion_timing_v1|farm_final_value_v1,partial,False,
mid::greedy_s3500000018_K10,midgame,greedy_s3500000018_K10,10,pre_endgame,greedy,51,0.0001,836,1440,teacher(heur@3200),-0.69997,-0.69938,,,meeple-economy,meeple-economy,meeple_economy_v1,yes,True,
mid::greedy_s3500000042_K10,midgame,greedy_s3500000042_K10,10,pre_endgame,greedy,25,0.0001,544,1268,teacher(heur@3200),-0.94851,-0.94837,,,meeple-economy,meeple-economy,meeple_economy_v1,yes,True,
mid::heur3200_s3502000007_K10,midgame,heur3200_s3502000007_K10,10,pre_endgame,heur@3200,34,0.0001,644,1648,teacher(heur@3200),0.97937,0.97983,,,structural/unclear,structural-positional,NONE(search-horizon),no,True,
mid::hybrid_8_3200_s3503000044_K10,midgame,hybrid_8_3200_s3503000044_K10,10,pre_endgame,hybrid:8:3200,33,0.0001,654,767,teacher(heur@3200),-0.99162,-0.99145,,,structural/closure,closure-timing/farm-growth,completion_timing_v1|farm_final_value_v1,partial,True,
mid::hybrid_8_3200_s3503000045_K10,midgame,hybrid_8_3200_s3503000045_K10,10,pre_endgame,hybrid:8:3200,67,0.0001,645,841,teacher(heur@3200),0.26287,0.26541,,,structural/unclear,structural-positional,NONE(search-horizon),no,True,
mid::iter8_s3501000028_K10,midgame,iter8_s3501000028_K10,10,pre_endgame,iter8,72,0.0001,740,1632,teacher(heur@3200),-0.9805,-0.98032,,,structural/unclear,structural-positional,NONE(search-horizon),no,True,
mid::iter8_s3501000042_K10,midgame,iter8_s3501000042_K10,10,pre_endgame,iter8,53,0.0001,1028,1367,teacher(heur@3200),0.98441,0.98556,,,structural/unclear,structural-positional,NONE(search-horizon),no,True,
mid::hybrid_8_3200_s3503000037_K52,midgame,hybrid_8_3200_s3503000037_K52,52,opening,hybrid:8:3200,33,0.0,1061,1551,teacher(heur@3200),0.1031,0.14685,,,structural/unclear,structural-positional,NONE(search-horizon),no,True,
mid::greedy_s3500000000_K40,midgame,greedy_s3500000000_K40,40,early_mid,greedy,20,0.0,1264,1369,teacher(heur@3200),0.13305,0.13306,,,structural/unclear,structural-positional,NONE(search-horizon),no,False,
mid::greedy_s3500000017_K40,midgame,greedy_s3500000017_K40,40,early_mid,greedy,29,0.0,1648,1651,teacher(heur@3200),-0.9594,-0.95937,,,structural/unclear,structural-positional,NONE(search-horizon),no,True,
mid::heur3200_s3502000007_K40,midgame,heur3200_s3502000007_K40,40,early_mid,heur@3200,29,0.0,940,1558,teacher(heur@3200),0.82786,0.84887,,,structural/unclear,structural-positional,NONE(search-horizon),no,True,
mid::heur3200_s3502000027_K40,midgame,heur3200_s3502000027_K40,40,early_mid,heur@3200,38,0.0,840,1645,teacher(heur@3200),-0.2648,-0.26262,,,structural/unclear,structural-positional,NONE(search-horizon),no,True,
mid::hybrid_8_3200_s3503000006_K40,midgame,hybrid_8_3200_s3503000006_K40,40,early_mid,hybrid:8:3200,16,0.0,848,1039,teacher(heur@3200),0.99272,0.99316,,,structural/closure,closure-timing/farm-growth,completion_timing_v1|farm_final_value_v1,partial,True,
mid::iter8_s3501000025_K40,midgame,iter8_s3501000025_K40,40,early_mid,iter8,23,0.0,1064,1361,teacher(heur@3200),-0.17515,-0.17511,,,structural/unclear,structural-positional,NONE(search-horizon),no,True,
mid::iter8_s3501000033_K40,midgame,iter8_s3501000033_K40,40,early_mid,iter8,28,0.0,745,1360,teacher(heur@3200),-0.94488,-0.94272,,,structural/unclear,structural-positional,NONE(search-horizon),no,True,
mid::greedy_s3500000000_K28,midgame,greedy_s3500000000_K28,28,mid,greedy,46,0.0,844,938,teacher(heur@3200),-0.14697,-0.14697,,,structural/unclear,structural-positional,NONE(search-horizon),no,True,
mid::greedy_s3500000028_K28,midgame,greedy_s3500000028_K28,28,mid,greedy,44,0.0,848,949,teacher(heur@3200),0.05976,0.06136,,,structural/unclear,structural-positional,NONE(search-horizon),no,True,
mid::heur3200_s3502000006_K28,midgame,heur3200_s3502000006_K28,28,mid,heur@3200,30,0.0,936,939,teacher(heur@3200),-0.88604,-0.886,,,structural/unclear,structural-positional,NONE(search-horizon),no,True,
mid::heur3200_s3502000011_K28,midgame,heur3200_s3502000011_K28,28,mid,heur@3200,31,0.0,752,1461,teacher(heur@3200),0.32527,0.32687,,,structural/unclear,structural-positional,NONE(search-horizon),no,True,
mid::heur3200_s3502000024_K28,midgame,heur3200_s3502000024_K28,28,mid,heur@3200,37,0.0,844,845,teacher(heur@3200),0.93144,0.93145,,,structural/unclear,structural-positional,NONE(search-horizon),no,True,
mid::heur3200_s3502000026_K28,midgame,heur3200_s3502000026_K28,28,mid,heur@3200,60,0.0,644,1560,teacher(heur@3200),-0.18597,-0.1828,,,structural/unclear,structural-positional,NONE(search-horizon),no,True,
mid::heur3200_s3502000028_K28,midgame,heur3200_s3502000028_K28,28,mid,heur@3200,39,0.0,737,965,teacher(heur@3200),-0.38653,-0.3833,,,structural/unclear,structural-positional,NONE(search-horizon),no,True,
mid::heur3200_s3502000041_K28,midgame,heur3200_s3502000041_K28,28,mid,heur@3200,42,0.0,644,865,teacher(heur@3200),0.959,0.959,,,structural/unclear,structural-positional,NONE(search-horizon),no,True,
mid::hybrid_8_3200_s3503000007_K28,midgame,hybrid_8_3200_s3503000007_K28,28,mid,hybrid:8:3200,46,0.0,744,970,teacher(heur@3200),0.27348,0.2764,,,structural/unclear,structural-positional,NONE(search-horizon),no,True,
mid::hybrid_8_3200_s3503000013_K28,midgame,hybrid_8_3200_s3503000013_K28,28,mid,hybrid:8:3200,44,0.0,849,857,teacher(heur@3200),-0.88611,-0.8861,,,structural/unclear,structural-positional,NONE(search-horizon),no,True,
mid::hybrid_8_3200_s3503000016_K28,midgame,hybrid_8_3200_s3503000016_K28,28,mid,hybrid:8:3200,39,0.0,641,1037,teacher(heur@3200),-0.26052,-0.26052,,,structural/unclear,structural-positional,NONE(search-horizon),no,True,
mid::hybrid_8_3200_s3503000034_K28,midgame,hybrid_8_3200_s3503000034_K28,28,mid,hybrid:8:3200,31,0.0,829,830,teacher(heur@3200),0.73299,0.73355,,,structural/closure,closure-timing/farm-growth,completion_timing_v1|farm_final_value_v1,partial,True,
mid::hybrid_8_3200_s3503000040_K28,midgame,hybrid_8_3200_s3503000040_K28,28,mid,hybrid:8:3200,35,0.0,1032,1033,teacher(heur@3200),0.1414,0.14141,,,structural/unclear,structural-positional,NONE(search-horizon),no,True,
mid::greedy_s3500000005_K16,midgame,greedy_s3500000005_K16,16,late_mid,greedy,46,0.0,748,1225,teacher(heur@3200),-0.47968,-0.47931,,,structural/unclear,structural-positional,NONE(search-horizon),no,True,
mid::greedy_s3500000008_K16,midgame,greedy_s3500000008_K16,16,late_mid,greedy,45,0.0,1316,1448,teacher(heur@3200),0.83625,0.83755,,,structural/unclear,structural-positional,NONE(search-horizon),no,False,
mid::greedy_s3500000017_K16,midgame,greedy_s3500000017_K16,16,late_mid,greedy,40,0.0,732,852,teacher(heur@3200),-0.97695,-0.97693,,,structural/unclear,structural-positional,NONE(search-horizon),no,True,
mid::greedy_s3500000034_K16,midgame,greedy_s3500000034_K16,16,late_mid,greedy,32,0.0,1656,1659,teacher(heur@3200),0.99776,0.99776,,,structural/closure,closure-timing/farm-growth,completion_timing_v1|farm_final_value_v1,partial,True,
mid::greedy_s3500000036_K16,midgame,greedy_s3500000036_K16,16,late_mid,greedy,96,0.0,640,948,teacher(heur@3200),-0.7319,-0.73166,,,structural/unclear,structural-positional,NONE(search-horizon),no,True,
mid::greedy_s3500000046_K16,midgame,greedy_s3500000046_K16,16,late_mid,greedy,60,0.0,1431,1637,teacher(heur@3200),0.35244,0.3533,,,structural/unclear,structural-positional,NONE(search-horizon),no,True,
mid::heur3200_s3502000005_K16,midgame,heur3200_s3502000005_K16,16,late_mid,heur@3200,33,0.0,1645,1663,teacher(heur@3200),0.89817,0.8982,,,structural/unclear,structural-positional,NONE(search-horizon),no,True,
mid::heur3200_s3502000011_K16,midgame,heur3200_s3502000011_K16,16,late_mid,heur@3200,35,0.0,752,1276,teacher(heur@3200),0.28048,0.31989,,,structural/closure,closure-timing/farm-growth,completion_timing_v1|farm_final_value_v1,partial,False,
mid::heur3200_s3502000012_K16,midgame,heur3200_s3502000012_K16,16,late_mid,heur@3200,54,0.0,845,846,teacher(heur@3200),-0.37411,-0.37401,,,structural/unclear,structural-positional,NONE(search-horizon),no,True,
mid::heur3200_s3502000026_K16,midgame,heur3200_s3502000026_K16,16,late_mid,heur@3200,53,0.0,552,553,teacher(heur@3200),0.06657,0.06657,,,structural/unclear,structural-positional,NONE(search-horizon),no,True,
mid::heur3200_s3502000033_K16,midgame,heur3200_s3502000033_K16,16,late_mid,heur@3200,39,0.0,841,941,teacher(heur@3200),0.02728,0.03192,,,structural/unclear,structural-positional,NONE(search-horizon),no,True,
mid::heur3200_s3502000049_K16,midgame,heur3200_s3502000049_K16,16,late_mid,heur@3200,27,0.0,841,860,teacher(heur@3200),-0.97977,-0.97977,,,meeple-economy,meeple-economy,meeple_economy_v1,yes,True,
mid::hybrid_8_3200_s3503000000_K16,midgame,hybrid_8_3200_s3503000000_K16,16,late_mid,hybrid:8:3200,56,0.0,656,1360,teacher(heur@3200),-0.32766,-0.32554,,,structural/unclear,structural-positional,NONE(search-horizon),no,True,
mid::hybrid_8_3200_s3503000002_K16,midgame,hybrid_8_3200_s3503000002_K16,16,late_mid,hybrid:8:3200,53,0.0,736,1221,teacher(heur@3200),-0.63137,-0.62702,,,structural/unclear,structural-positional,NONE(search-horizon),no,False,
mid::hybrid_8_3200_s3503000007_K16,midgame,hybrid_8_3200_s3503000007_K16,16,late_mid,hybrid:8:3200,57,0.0,838,844,teacher(heur@3200),0.81799,0.82118,,,structural/closure,closure-timing/farm-growth,completion_timing_v1|farm_final_value_v1,partial,True,
mid::hybrid_8_3200_s3503000013_K16,midgame,hybrid_8_3200_s3503000013_K16,16,late_mid,hybrid:8:3200,60,0.0,1041,740,teacher(heur@3200),-0.75838,-0.72551,,,structural/unclear,structural-positional,NONE(search-horizon),no,True,
mid::hybrid_8_3200_s3503000027_K16,midgame,hybrid_8_3200_s3503000027_K16,16,late_mid,hybrid:8:3200,34,0.0,835,1047,teacher(heur@3200),-0.99986,-0.99986,,,structural/unclear,structural-positional,NONE(search-horizon),no,True,
mid::hybrid_8_3200_s3503000043_K16,midgame,hybrid_8_3200_s3503000043_K16,16,late_mid,hybrid:8:3200,24,0.0,852,1632,teacher(heur@3200),0.98804,0.98813,,,structural/closure,closure-timing/farm-growth,completion_timing_v1|farm_final_value_v1,partial,True,
mid::hybrid_8_3200_s3503000049_K16,midgame,hybrid_8_3200_s3503000049_K16,16,late_mid,hybrid:8:3200,31,0.0,956,959,teacher(heur@3200),0.32151,0.32151,,,structural/unclear,structural-positional,NONE(search-horizon),no,True,
mid::iter8_s3501000005_K16,midgame,iter8_s3501000005_K16,16,late_mid,iter8,32,0.0,1033,1840,teacher(heur@3200),0.93781,0.93883,,,completion/score-greed,completion-timing,completion_timing_v1,partial,False,
mid::iter8_s3501000018_K16,midgame,iter8_s3501000018_K16,16,late_mid,iter8,45,0.0,750,960,teacher(heur@3200),-0.96454,-0.96441,,,structural/unclear,structural-positional,NONE(search-horizon),no,True,
mid::iter8_s3501000029_K16,midgame,iter8_s3501000029_K16,16,late_mid,iter8,48,0.0,645,1441,teacher(heur@3200),-0.85011,-0.84955,,,structural/unclear,structural-positional,NONE(search-horizon),no,True,
mid::iter8_s3501000038_K16,midgame,iter8_s3501000038_K16,16,late_mid,iter8,52,0.0,653,1332,teacher(heur@3200),-0.72727,-0.72469,,,structural/unclear,structural-positional,NONE(search-horizon),no,True,
mid::greedy_s3500000020_K10,midgame,greedy_s3500000020_K10,10,pre_endgame,greedy,45,0.0,1731,1834,teacher(heur@3200),-0.43808,-0.43808,,,structural/unclear,structural-positional,NONE(search-horizon),no,True,
mid::greedy_s3500000034_K10,midgame,greedy_s3500000034_K10,10,pre_endgame,greedy,42,0.0,748,968,teacher(heur@3200),0.99752,0.99756,,,structural/unclear,structural-positional,NONE(search-horizon),no,True,
mid::greedy_s3500000046_K10,midgame,greedy_s3500000046_K10,10,pre_endgame,greedy,30,0.0,1324,1564,teacher(heur@3200),0.19139,0.19301,,,immediate-score,immediate-scoring,(mostly v2.7-covered),weak,True,
mid::greedy_s3500000049_K10,midgame,greedy_s3500000049_K10,10,pre_endgame,greedy,38,0.0,648,1842,teacher(heur@3200),0.99448,0.99472,,,structural/closure,closure-timing/farm-growth,completion_timing_v1|farm_final_value_v1,partial,True,
mid::heur3200_s3502000000_K10,midgame,heur3200_s3502000000_K10,10,pre_endgame,heur@3200,52,0.0,732,1041,teacher(heur@3200),-0.76159,-0.76159,,,structural/unclear,structural-positional,NONE(search-horizon),no,True,
mid::heur3200_s3502000026_K10,midgame,heur3200_s3502000026_K10,10,pre_endgame,heur@3200,32,0.0,637,1038,teacher(heur@3200),0.075,0.07921,,,structural/unclear,structural-positional,NONE(search-horizon),no,True,
mid::hybrid_8_3200_s3503000003_K10,midgame,hybrid_8_3200_s3503000003_K10,10,pre_endgame,hybrid:8:3200,68,0.0,652,761,teacher(heur@3200),-0.89942,-0.89894,,,structural/unclear,structural-positional,NONE(search-horizon),no,True,
mid::hybrid_8_3200_s3503000011_K10,midgame,hybrid_8_3200_s3503000011_K10,10,pre_endgame,hybrid:8:3200,44,0.0,1326,1532,teacher(heur@3200),0.99116,0.99143,,,structural/unclear,structural-positional,NONE(search-horizon),no,True,
mid::hybrid_8_3200_s3503000015_K10,midgame,hybrid_8_3200_s3503000015_K10,10,pre_endgame,hybrid:8:3200,63,0.0,736,1169,teacher(heur@3200),0.89713,0.89866,,,structural/unclear,structural-positional,NONE(search-horizon),no,True,
mid::hybrid_8_3200_s3503000016_K10,midgame,hybrid_8_3200_s3503000016_K10,10,pre_endgame,hybrid:8:3200,45,0.0,734,1278,teacher(heur@3200),-0.57285,-0.56318,,,structural/unclear,structural-positional,NONE(search-horizon),no,True,
mid::hybrid_8_3200_s3503000018_K10,midgame,hybrid_8_3200_s3503000018_K10,10,pre_endgame,hybrid:8:3200,46,0.0,644,960,teacher(heur@3200),-0.58273,-0.58269,,,structural/unclear,structural-positional,NONE(search-horizon),no,True,
mid::hybrid_8_3200_s3503000027_K10,midgame,hybrid_8_3200_s3503000027_K10,10,pre_endgame,hybrid:8:3200,33,0.0,1366,1374,teacher(heur@3200),-0.99986,-0.99986,,,structural/unclear,structural-positional,NONE(search-horizon),no,True,
mid::hybrid_8_3200_s3503000040_K10,midgame,hybrid_8_3200_s3503000040_K10,10,pre_endgame,hybrid:8:3200,40,0.0,829,838,teacher(heur@3200),0.86872,0.86874,,,structural/unclear,structural-positional,NONE(search-horizon),no,True,
mid::hybrid_8_3200_s3503000041_K10,midgame,hybrid_8_3200_s3503000041_K10,10,pre_endgame,hybrid:8:3200,22,0.0,940,1069,teacher(heur@3200),0.91939,0.92831,,,structural/closure,closure-timing/farm-growth,completion_timing_v1|farm_final_value_v1,partial,True,
mid::iter8_s3501000018_K10,midgame,iter8_s3501000018_K10,10,pre_endgame,iter8,49,0.0,648,757,teacher(heur@3200),-0.98371,-0.98367,,,structural/closure,closure-timing/farm-growth,completion_timing_v1|farm_final_value_v1,partial,True,
mid::iter8_s3501000022_K10,midgame,iter8_s3501000022_K10,10,pre_endgame,iter8,44,0.0,645,646,teacher(heur@3200),0.81275,0.81275,,,structural/unclear,structural-positional,NONE(search-horizon),no,True,
mid::iter8_s3501000036_K10,midgame,iter8_s3501000036_K10,10,pre_endgame,iter8,34,0.0,844,847,teacher(heur@3200),0.25818,0.2582,,,structural/unclear,structural-positional,NONE(search-horizon),no,True,
end::heur3200_s3502000036_k4,endgame,heur3200_s3502000036_k4,4,endgame,heur@3200_selfplay,35,0.0,-17,1033,exact/heur@3200,,,-17,-17,structural-or-farm|beyond-v2.7,farm-final-scoring/structural,farm_final_value_v1,partial,True,/mnt/c/carc-shared/l23_k4_expand_probe/heur3200_s3502000036_k4.json
end::iter8_s3501000033_k4,endgame,iter8_s3501000033_k4,4,endgame,iter8_selfplay,44,12.0,9,,exact/heur@3200,,,9,,no-stronger-ref(both-miss)|no-stronger-ref(both-miss),search-horizon(both-miss),NONE(search-horizon),no,True,/mnt/c/carc-shared/l23_k4_expand_probe/iter8_s3501000033_k4.json
end::greedy_s3500000008_k4,endgame,greedy_s3500000008_k4,4,endgame,greedy_selfplay,42,9.0,26,1527,exact/heur@3200,,,26,32,completion|v2.7-rankable,completion-timing,completion_timing_v1,yes,True,/mnt/c/carc-shared/l23_k4_expand_probe/greedy_s3500000008_k4.json
end::hybrid_8_3200_s3503000027_k4,endgame,hybrid_8_3200_s3503000027_k4,4,endgame,hybrid:8:3200_selfplay,28,11.0,-74,1460,exact/heur@3200,,,-74,-73,structural-or-farm|beyond-v2.7,farm-final-scoring/structural,farm_final_value_v1,partial,True,/mnt/c/carc-shared/l23_k4_expand_probe/hybrid_8_3200_s3503000027_k4.json
end::hybrid_8_3200_s3503000015_k4,endgame,hybrid_8_3200_s3503000015_k4,4,endgame,hybrid:8:3200_selfplay,60,0.0,25,1360,exact/heur@3200,,,25,25,structural-or-farm|beyond-v2.7,farm-final-scoring/structural,farm_final_value_v1,partial,True,/mnt/c/carc-shared/l23_k4_expand_probe/hybrid_8_3200_s3503000015_k4.json
end::iter8_s3501000009_k4,endgame,iter8_s3501000009_k4,4,endgame,iter8_selfplay,43,3.0,32,,exact/heur@3200,,,32,,no-stronger-ref(both-miss)|no-stronger-ref(both-miss),search-horizon(both-miss),NONE(search-horizon),no,True,/mnt/c/carc-shared/l23_k4_expand_probe/iter8_s3501000009_k4.json
end::greedy_s3500000032_k4,endgame,greedy_s3500000032_k4,4,endgame,greedy_selfplay,49,3.0,-10,,exact/heur@3200,,,-10,,no-stronger-ref(both-miss)|no-stronger-ref(both-miss),search-horizon(both-miss),NONE(search-horizon),no,True,/mnt/c/carc-shared/l23_k4_expand_probe/greedy_s3500000032_k4.json
end::heur3200_s3502000028_k4,endgame,heur3200_s3502000028_k4,4,endgame,heur@3200_selfplay,48,9.0,5,,exact/heur@3200,,,5,,no-stronger-ref(both-miss)|no-stronger-ref(both-miss),search-horizon(both-miss),NONE(search-horizon),no,True,/mnt/c/carc-shared/l23_k4_expand_probe/heur3200_s3502000028_k4.json
end::g3200000129_k2,endgame,g3200000129_k2,2,endgame,greedy_selfplay,76,,19,1362,exact/heur@3200,,,19,19,structural-or-farm|beyond-v2.7,farm-final-scoring/structural,farm_final_value_v1,partial,True,/mnt/c/carc-shared/l23_regret/g3200000129_k2.json
end::heur3200_s3502000034_k4,endgame,heur3200_s3502000034_k4,4,endgame,heur@3200_selfplay,46,0.0,11,,exact/heur@3200,,,11,,no-stronger-ref(both-miss)|no-stronger-ref(both-miss),search-horizon(both-miss),NONE(search-horizon),no,True,/mnt/c/carc-shared/l23_k4_expand_probe/heur3200_s3502000034_k4.json
end::greedy_s3500000018_k4,endgame,greedy_s3500000018_k4,4,endgame,greedy_selfplay,50,8.0,-15,,exact/heur@3200,,,-15,,no-stronger-ref(both-miss)|no-stronger-ref(both-miss),search-horizon(both-miss),NONE(search-horizon),no,True,/mnt/c/carc-shared/l23_k4_expand_probe/greedy_s3500000018_k4.json
end::greedy_s3500000009_k4,endgame,greedy_s3500000009_k4,4,endgame,greedy_selfplay,24,0.0,-10,,exact/heur@3200,,,-10,,no-stronger-ref(both-miss)|no-stronger-ref(both-miss),search-horizon(both-miss),NONE(search-horizon),no,True,/mnt/c/carc-shared/l23_k4_expand_probe/greedy_s3500000009_k4.json
end::g3200000022_k2,endgame,g3200000022_k2,2,endgame,greedy_selfplay,50,,25,1653,exact/heur@3200,,,25,31,structural-or-farm|v2.7-rankable,farm-final-scoring/structural,farm_final_value_v1,partial,True,/mnt/c/carc-shared/l23_regret/g3200000022_k2.json
end::g3200000022_k3,endgame,g3200000022_k3,3,endgame,greedy_selfplay,36,,-23,,exact/heur@3200,,,-23,,no-stronger-ref(both-miss)|no-stronger-ref(both-miss),search-horizon(both-miss),NONE(search-horizon),no,True,/mnt/c/carc-shared/l23_regret/g3200000022_k3.json
end::g3200000059_k3,endgame,g3200000059_k3,3,endgame,greedy_selfplay,50,,0,,exact/heur@3200,,,0,,no-stronger-ref(both-miss)|no-stronger-ref(both-miss),search-horizon(both-miss),NONE(search-horizon),no,True,/mnt/c/carc-shared/l23_regret/g3200000059_k3.json
end::g3200000075_k3,endgame,g3200000075_k3,3,endgame,greedy_selfplay,28,,8,1680,exact/heur@3200,,,8,9,completion|beyond-v2.7,completion-timing,completion_timing_v1,yes,True,/mnt/c/carc-shared/l23_regret/g3200000075_k3.json
end::hybrid_8_3200_s3503000022_k4,endgame,hybrid_8_3200_s3503000022_k4,4,endgame,hybrid:8:3200_selfplay,34,0.0,8,,exact/heur@3200,,,8,,no-stronger-ref(both-miss)|no-stronger-ref(both-miss),search-horizon(both-miss),NONE(search-horizon),no,True,/mnt/c/carc-shared/l23_k4_expand_probe/hybrid_8_3200_s3503000022_k4.json
end::greedy_s3500000016_k4,endgame,greedy_s3500000016_k4,4,endgame,greedy_selfplay,37,3.0,19,1834,exact/heur@3200,,,19,20,completion|beyond-v2.7,completion-timing,completion_timing_v1,yes,True,/mnt/c/carc-shared/l23_k4_expand_probe/greedy_s3500000016_k4.json
end::heur3200_s3502000031_k4,endgame,heur3200_s3502000031_k4,4,endgame,heur@3200_selfplay,29,5.0,17,,exact/heur@3200,,,17,,no-stronger-ref(both-miss)|no-stronger-ref(both-miss),search-horizon(both-miss),NONE(search-horizon),no,True,/mnt/c/carc-shared/l23_k4_expand_probe/heur3200_s3502000031_k4.json
end::g3200000092_k2,endgame,g3200000092_k2,2,endgame,greedy_selfplay,71,,19,742,exact/heur@3200,,,19,15,structural-or-farm|iter8-move-v2.7-preferred,farm-final-scoring/structural,farm_final_value_v1,partial,True,/mnt/c/carc-shared/l23_regret/g3200000092_k2.json
end::greedy_s3500000007_k4,endgame,greedy_s3500000007_k4,4,endgame,greedy_selfplay,44,1.0,-2,1426,exact/heur@3200,,,-2,-3,structural-or-farm|beyond-v2.7,farm-final-scoring/structural,farm_final_value_v1,partial,True,/mnt/c/carc-shared/l23_k4_expand_probe/greedy_s3500000007_k4.json
end::greedy_s3500000002_k4,endgame,greedy_s3500000002_k4,4,endgame,greedy_selfplay,72,4.0,-1,,exact/heur@3200,,,-1,,no-stronger-ref(both-miss)|no-stronger-ref(both-miss),search-horizon(both-miss),NONE(search-horizon),no,True,/mnt/c/carc-shared/l23_k4_expand_probe/greedy_s3500000002_k4.json
end::heur3200_s3502000010_k4,endgame,heur3200_s3502000010_k4,4,endgame,heur@3200_selfplay,53,3.0,-15,1069,exact/heur@3200,,,-15,-14,structural-or-farm|beyond-v2.7,farm-final-scoring/structural,farm_final_value_v1,partial,True,/mnt/c/carc-shared/l23_k4_expand_probe/heur3200_s3502000010_k4.json
end::heur3200_s3502000045_k4,endgame,heur3200_s3502000045_k4,4,endgame,heur@3200_selfplay,44,3.0,1,,exact/heur@3200,,,1,,no-stronger-ref(both-miss)|no-stronger-ref(both-miss),search-horizon(both-miss),NONE(search-horizon),no,True,/mnt/c/carc-shared/l23_k4_expand_probe/heur3200_s3502000045_k4.json
end::hybrid_8_3200_s3503000004_k4,endgame,hybrid_8_3200_s3503000004_k4,4,endgame,hybrid:8:3200_selfplay,37,2.0,-6,,exact/heur@3200,,,-6,,no-stronger-ref(both-miss)|no-stronger-ref(both-miss),search-horizon(both-miss),NONE(search-horizon),no,True,/mnt/c/carc-shared/l23_k4_expand_probe/hybrid_8_3200_s3503000004_k4.json
end::iter8_s3501000048_k4,endgame,iter8_s3501000048_k4,4,endgame,iter8_selfplay,21,4.0,16,,exact/heur@3200,,,16,,no-stronger-ref(both-miss)|no-stronger-ref(both-miss),search-horizon(both-miss),NONE(search-horizon),no,True,/mnt/c/carc-shared/l23_k4_expand_probe/iter8_s3501000048_k4.json
end::g3200000099_k2,endgame,g3200000099_k2,2,endgame,greedy_selfplay,47,,-3,976,exact/heur@3200,,,-3,-3,structural-or-farm|beyond-v2.7,farm-final-scoring/structural,farm_final_value_v1,partial,True,/mnt/c/carc-shared/l23_regret/g3200000099_k2.json
end::g3200000121_k2,endgame,g3200000121_k2,2,endgame,greedy_selfplay,24,,1,1378,exact/heur@3200,,,1,1,structural-or-farm|beyond-v2.7,farm-final-scoring/structural,farm_final_value_v1,partial,True,/mnt/c/carc-shared/l23_regret/g3200000121_k2.json
end::g3200000011_k3,endgame,g3200000011_k3,3,endgame,greedy_selfplay,47,,27,847,exact/heur@3200,,,27,27,completion|beyond-v2.7,completion-timing,completion_timing_v1,yes,True,/mnt/c/carc-shared/l23_regret/g3200000011_k3.json
end::g3200000023_k3,endgame,g3200000023_k3,3,endgame,greedy_selfplay,32,,-13,,exact/heur@3200,,,-13,,no-stronger-ref(both-miss)|no-stronger-ref(both-miss),search-horizon(both-miss),NONE(search-horizon),no,True,/mnt/c/carc-shared/l23_regret/g3200000023_k3.json
end::g3200000032_k3,endgame,g3200000032_k3,3,endgame,greedy_selfplay,44,,-4,1936,exact/heur@3200,,,-4,-2,structural-or-farm|beyond-v2.7,farm-final-scoring/structural,farm_final_value_v1,partial,True,/mnt/c/carc-shared/l23_regret/g3200000032_k3.json
end::greedy_s3500000021_k4,endgame,greedy_s3500000021_k4,4,endgame,greedy_selfplay,35,1.0,2,,exact/heur@3200,,,2,,no-stronger-ref(both-miss)|no-stronger-ref(both-miss),search-horizon(both-miss),NONE(search-horizon),no,True,/mnt/c/carc-shared/l23_k4_expand_probe/greedy_s3500000021_k4.json
end::hybrid_8_3200_s3503000014_k4,endgame,hybrid_8_3200_s3503000014_k4,4,endgame,hybrid:8:3200_selfplay,31,1.0,-28,1645,exact/heur@3200,,,-28,-28,structural-or-farm|beyond-v2.7,farm-final-scoring/structural,farm_final_value_v1,partial,True,/mnt/c/carc-shared/l23_k4_expand_probe/hybrid_8_3200_s3503000014_k4.json
end::hybrid_8_3200_s3503000031_k4,endgame,hybrid_8_3200_s3503000031_k4,4,endgame,hybrid:8:3200_selfplay,62,1.0,49,1375,exact/heur@3200,,,49,52,structural-or-farm|v2.7-rankable,farm-final-scoring/structural,farm_final_value_v1,partial,True,/mnt/c/carc-shared/l23_k4_expand_probe/hybrid_8_3200_s3503000031_k4.json
end::greedy_s3500000005_k4,endgame,greedy_s3500000005_k4,4,endgame,greedy_selfplay,33,2.0,-5,1353,exact/heur@3200,,,-5,-4,structural-or-farm|beyond-v2.7,farm-final-scoring/structural,farm_final_value_v1,partial,True,/mnt/c/carc-shared/l23_k4_expand_probe/greedy_s3500000005_k4.json
end::hybrid_8_3200_s3503000035_k4,endgame,hybrid_8_3200_s3503000035_k4,4,endgame,hybrid:8:3200_selfplay,47,3.0,-4,,exact/heur@3200,,,-4,,no-stronger-ref(both-miss)|no-stronger-ref(both-miss),search-horizon(both-miss),NONE(search-horizon),no,True,/mnt/c/carc-shared/l23_k4_expand_probe/hybrid_8_3200_s3503000035_k4.json
end::hybrid_8_3200_s3503000042_k4,endgame,hybrid_8_3200_s3503000042_k4,4,endgame,hybrid:8:3200_selfplay,43,3.0,2,,exact/heur@3200,,,2,,no-stronger-ref(both-miss)|no-stronger-ref(both-miss),search-horizon(both-miss),NONE(search-horizon),no,True,/mnt/c/carc-shared/l23_k4_expand_probe/hybrid_8_3200_s3503000042_k4.json
end::iter8_s3501000038_k4,endgame,iter8_s3501000038_k4,4,endgame,iter8_selfplay,63,3.0,-17,,exact/heur@3200,,,-17,,no-stronger-ref(both-miss)|no-stronger-ref(both-miss),search-horizon(both-miss),NONE(search-horizon),no,True,/mnt/c/carc-shared/l23_k4_expand_probe/iter8_s3501000038_k4.json
end::iter8_s3501000045_k4,endgame,iter8_s3501000045_k4,4,endgame,iter8_selfplay,37,2.0,6,,exact/heur@3200,,,6,,no-stronger-ref(both-miss)|no-stronger-ref(both-miss),search-horizon(both-miss),NONE(search-horizon),no,True,/mnt/c/carc-shared/l23_k4_expand_probe/iter8_s3501000045_k4.json
end::g3200000004_k2,endgame,g3200000004_k2,2,endgame,greedy_selfplay,75,,7,944,exact/heur@3200,,,7,7,structural-or-farm|beyond-v2.7,farm-final-scoring/structural,farm_final_value_v1,partial,True,/mnt/c/carc-shared/l23_regret/g3200000004_k2.json
end::g3200000103_k2,endgame,g3200000103_k2,2,endgame,greedy_selfplay,40,,-21,829,exact/heur@3200,,,-21,-21,structural-or-farm|beyond-v2.7,farm-final-scoring/structural,farm_final_value_v1,partial,True,/mnt/c/carc-shared/l23_regret/g3200000103_k2.json
end::g3200000111_k2,endgame,g3200000111_k2,2,endgame,greedy_selfplay,37,,-32,1460,exact/heur@3200,,,-32,-36,structural-or-farm|iter8-move-v2.7-preferred,farm-final-scoring/structural,farm_final_value_v1,partial,True,/mnt/c/carc-shared/l23_regret/g3200000111_k2.json
end::g3200000127_k2,endgame,g3200000127_k2,2,endgame,greedy_selfplay,57,,17,840,exact/heur@3200,,,17,15,structural-or-farm|beyond-v2.7,farm-final-scoring/structural,farm_final_value_v1,partial,True,/mnt/c/carc-shared/l23_regret/g3200000127_k2.json
end::g3200000045_k3,endgame,g3200000045_k3,3,endgame,greedy_selfplay,44,,10,,exact/heur@3200,,,10,,no-stronger-ref(both-miss)|no-stronger-ref(both-miss),search-horizon(both-miss),NONE(search-horizon),no,True,/mnt/c/carc-shared/l23_regret/g3200000045_k3.json
end::g3200000083_k3,endgame,g3200000083_k3,3,endgame,greedy_selfplay,58,,21,943,exact/heur@3200,,,21,24,structural-or-farm|v2.7-rankable,farm-final-scoring/structural,farm_final_value_v1,partial,True,/mnt/c/carc-shared/l23_regret/g3200000083_k3.json
end::greedy_s3500000001_k4,endgame,greedy_s3500000001_k4,4,endgame,greedy_selfplay,22,0.0,-41,1660,exact/heur@3200,,,-41,-39,structural-or-farm|beyond-v2.7,farm-final-scoring/structural,farm_final_value_v1,partial,True,/mnt/c/carc-shared/l23_k4_expand_probe/greedy_s3500000001_k4.json
end::greedy_s3500000029_k4,endgame,greedy_s3500000029_k4,4,endgame,greedy_selfplay,17,0.0,-4,,exact/heur@3200,,,-4,,no-stronger-ref(both-miss)|no-stronger-ref(both-miss),search-horizon(both-miss),NONE(search-horizon),no,True,/mnt/c/carc-shared/l23_k4_expand_probe/greedy_s3500000029_k4.json
end::greedy_s3500000037_k4,endgame,greedy_s3500000037_k4,4,endgame,greedy_selfplay,40,0.0,3,1068,exact/heur@3200,,,3,5,structural-or-farm|beyond-v2.7,farm-final-scoring/structural,farm_final_value_v1,partial,True,/mnt/c/carc-shared/l23_k4_expand_probe/greedy_s3500000037_k4.json
end::heur3200_s3502000016_k4,endgame,heur3200_s3502000016_k4,4,endgame,heur@3200_selfplay,52,0.0,12,1145,exact/heur@3200,,,12,20,structural-or-farm|v2.7-rankable,farm-final-scoring/structural,farm_final_value_v1,partial,True,/mnt/c/carc-shared/l23_k4_expand_probe/heur3200_s3502000016_k4.json
end::heur3200_s3502000020_k4,endgame,heur3200_s3502000020_k4,4,endgame,heur@3200_selfplay,29,1.0,0,,exact/heur@3200,,,0,,no-stronger-ref(both-miss)|no-stronger-ref(both-miss),search-horizon(both-miss),NONE(search-horizon),no,True,/mnt/c/carc-shared/l23_k4_expand_probe/heur3200_s3502000020_k4.json
end::hybrid_8_3200_s3503000024_k4,endgame,hybrid_8_3200_s3503000024_k4,4,endgame,hybrid:8:3200_selfplay,33,1.0,8,1379,exact/heur@3200,,,8,8,structural-or-farm|beyond-v2.7,farm-final-scoring/structural,farm_final_value_v1,partial,True,/mnt/c/carc-shared/l23_k4_expand_probe/hybrid_8_3200_s3503000024_k4.json
end::iter8_s3501000014_k4,endgame,iter8_s3501000014_k4,4,endgame,iter8_selfplay,46,1.0,-14,837,exact/heur@3200,,,-14,-14,structural-or-farm|beyond-v2.7,farm-final-scoring/structural,farm_final_value_v1,partial,True,/mnt/c/carc-shared/l23_k4_expand_probe/iter8_s3501000014_k4.json
end::iter8_s3501000022_k4,endgame,iter8_s3501000022_k4,4,endgame,iter8_selfplay,35,0.0,18,,exact/heur@3200,,,18,,no-stronger-ref(both-miss)|no-stronger-ref(both-miss),search-horizon(both-miss),NONE(search-horizon),no,True,/mnt/c/carc-shared/l23_k4_expand_probe/iter8_s3501000022_k4.json
end::iter8_s3501000042_k4,endgame,iter8_s3501000042_k4,4,endgame,iter8_selfplay,44,0.0,34,845,exact/heur@3200,,,34,34,structural-or-farm|beyond-v2.7,farm-final-scoring/structural,farm_final_value_v1,partial,True,/mnt/c/carc-shared/l23_k4_expand_probe/iter8_s3501000042_k4.json
end::greedy_s3500000035_k4,endgame,greedy_s3500000035_k4,4,endgame,greedy_selfplay,62,2.0,-11,,exact/heur@3200,,,-11,,no-stronger-ref(both-miss)|no-stronger-ref(both-miss),search-horizon(both-miss),NONE(search-horizon),no,True,/mnt/c/carc-shared/l23_k4_expand_probe/greedy_s3500000035_k4.json
end::hybrid_8_3200_s3503000002_k4,endgame,hybrid_8_3200_s3503000002_k4,4,endgame,hybrid:8:3200_selfplay,21,2.0,-24,,exact/heur@3200,,,-24,,no-stronger-ref(both-miss)|no-stronger-ref(both-miss),search-horizon(both-miss),NONE(search-horizon),no,True,/mnt/c/carc-shared/l23_k4_expand_probe/hybrid_8_3200_s3503000002_k4.json
end::hybrid_8_3200_s3503000007_k4,endgame,hybrid_8_3200_s3503000007_k4,4,endgame,hybrid:8:3200_selfplay,34,2.0,8,,exact/heur@3200,,,8,,no-stronger-ref(both-miss)|no-stronger-ref(both-miss),search-horizon(both-miss),NONE(search-horizon),no,True,/mnt/c/carc-shared/l23_k4_expand_probe/hybrid_8_3200_s3503000007_k4.json
end::hybrid_8_3200_s3503000011_k4,endgame,hybrid_8_3200_s3503000011_k4,4,endgame,hybrid:8:3200_selfplay,47,2.0,35,,exact/heur@3200,,,35,,no-stronger-ref(both-miss)|no-stronger-ref(both-miss),search-horizon(both-miss),NONE(search-horizon),no,True,/mnt/c/carc-shared/l23_k4_expand_probe/hybrid_8_3200_s3503000011_k4.json
end::g3200000011_k2,endgame,g3200000011_k2,2,endgame,greedy_selfplay,48,,-27,940,exact/heur@3200,,,-27,-26,structural-or-farm|beyond-v2.7,farm-final-scoring/structural,farm_final_value_v1,partial,True,/mnt/c/carc-shared/l23_regret/g3200000011_k2.json
end::g3200000034_k2,endgame,g3200000034_k2,2,endgame,greedy_selfplay,53,,36,833,exact/heur@3200,,,36,38,structural-or-farm|beyond-v2.7,farm-final-scoring/structural,farm_final_value_v1,partial,True,/mnt/c/carc-shared/l23_regret/g3200000034_k2.json
end::g3200000073_k2,endgame,g3200000073_k2,2,endgame,greedy_selfplay,46,,42,1221,exact/heur@3200,,,42,40,structural-or-farm|beyond-v2.7,farm-final-scoring/structural,farm_final_value_v1,partial,True,/mnt/c/carc-shared/l23_regret/g3200000073_k2.json
end::g3200000074_k2,endgame,g3200000074_k2,2,endgame,greedy_selfplay,46,,19,1049,exact/heur@3200,,,19,19,structural-or-farm|beyond-v2.7,farm-final-scoring/structural,farm_final_value_v1,partial,True,/mnt/c/carc-shared/l23_regret/g3200000074_k2.json
end::g3200000090_k2,endgame,g3200000090_k2,2,endgame,greedy_selfplay,45,,9,640,exact/heur@3200,,,9,6,structural-or-farm|iter8-move-v2.7-preferred,farm-final-scoring/structural,farm_final_value_v1,partial,True,/mnt/c/carc-shared/l23_regret/g3200000090_k2.json
end::g3200000095_k2,endgame,g3200000095_k2,2,endgame,greedy_selfplay,33,,8,736,exact/heur@3200,,,8,10,completion|beyond-v2.7,completion-timing,completion_timing_v1,yes,True,/mnt/c/carc-shared/l23_regret/g3200000095_k2.json
end::g3200000130_k2,endgame,g3200000130_k2,2,endgame,greedy_selfplay,44,,-4,1169,exact/heur@3200,,,-4,-9,structural-or-farm|iter8-move-v2.7-preferred,farm-final-scoring/structural,farm_final_value_v1,partial,True,/mnt/c/carc-shared/l23_regret/g3200000130_k2.json
end::g3200000141_k2,endgame,g3200000141_k2,2,endgame,greedy_selfplay,64,,-5,1324,exact/heur@3200,,,-5,-4,completion|beyond-v2.7,completion-timing,completion_timing_v1,yes,True,/mnt/c/carc-shared/l23_regret/g3200000141_k2.json
end::g3200000005_k3,endgame,g3200000005_k3,3,endgame,greedy_selfplay,50,,3,,exact/heur@3200,,,3,,no-stronger-ref(both-miss)|no-stronger-ref(both-miss),search-horizon(both-miss),NONE(search-horizon),no,True,/mnt/c/carc-shared/l23_regret/g3200000005_k3.json
end::g3200000008_k3,endgame,g3200000008_k3,3,endgame,greedy_selfplay,31,,-40,,exact/heur@3200,,,-40,,no-stronger-ref(both-miss)|no-stronger-ref(both-miss),search-horizon(both-miss),NONE(search-horizon),no,True,/mnt/c/carc-shared/l23_regret/g3200000008_k3.json
end::g3200000009_k3,endgame,g3200000009_k3,3,endgame,greedy_selfplay,21,,13,,exact/heur@3200,,,13,,no-stronger-ref(both-miss)|no-stronger-ref(both-miss),search-horizon(both-miss),NONE(search-horizon),no,True,/mnt/c/carc-shared/l23_regret/g3200000009_k3.json
end::g3200000020_k3,endgame,g3200000020_k3,3,endgame,greedy_selfplay,35,,12,,exact/heur@3200,,,12,,no-stronger-ref(both-miss)|no-stronger-ref(both-miss),search-horizon(both-miss),NONE(search-horizon),no,True,/mnt/c/carc-shared/l23_regret/g3200000020_k3.json
end::g3200000030_k3,endgame,g3200000030_k3,3,endgame,greedy_selfplay,59,,1,754,exact/heur@3200,,,1,1,structural-or-farm|beyond-v2.7,farm-final-scoring/structural,farm_final_value_v1,partial,True,/mnt/c/carc-shared/l23_regret/g3200000030_k3.json
end::g3200000039_k3,endgame,g3200000039_k3,3,endgame,greedy_selfplay,44,,19,,exact/heur@3200,,,19,,no-stronger-ref(both-miss)|no-stronger-ref(both-miss),search-horizon(both-miss),NONE(search-horizon),no,True,/mnt/c/carc-shared/l23_regret/g3200000039_k3.json
end::g3200000074_k3,endgame,g3200000074_k3,3,endgame,greedy_selfplay,46,,-18,,exact/heur@3200,,,-18,,no-stronger-ref(both-miss)|no-stronger-ref(both-miss),search-horizon(both-miss),NONE(search-horizon),no,True,/mnt/c/carc-shared/l23_regret/g3200000074_k3.json
end::g3200000076_k3,endgame,g3200000076_k3,3,endgame,greedy_selfplay,29,,-19,,exact/heur@3200,,,-19,,no-stronger-ref(both-miss)|no-stronger-ref(both-miss),search-horizon(both-miss),NONE(search-horizon),no,True,/mnt/c/carc-shared/l23_regret/g3200000076_k3.json
end::greedy_s3500000013_k4,endgame,greedy_s3500000013_k4,4,endgame,greedy_selfplay,40,1.0,24,,exact/heur@3200,,,24,,no-stronger-ref(both-miss)|no-stronger-ref(both-miss),search-horizon(both-miss),NONE(search-horizon),no,True,/mnt/c/carc-shared/l23_k4_expand_probe/greedy_s3500000013_k4.json
end::greedy_s3500000038_k4,endgame,greedy_s3500000038_k4,4,endgame,greedy_selfplay,30,0.0,-4,,exact/heur@3200,,,-4,,no-stronger-ref(both-miss)|no-stronger-ref(both-miss),search-horizon(both-miss),NONE(search-horizon),no,True,/mnt/c/carc-shared/l23_k4_expand_probe/greedy_s3500000038_k4.json
end::greedy_s3500000044_k4,endgame,greedy_s3500000044_k4,4,endgame,greedy_selfplay,56,0.0,-30,1062,exact/heur@3200,,,-30,-29,structural-or-farm|beyond-v2.7,farm-final-scoring/structural,farm_final_value_v1,partial,True,/mnt/c/carc-shared/l23_k4_expand_probe/greedy_s3500000044_k4.json
end::heur3200_s3502000009_k4,endgame,heur3200_s3502000009_k4,4,endgame,heur@3200_selfplay,27,0.0,9,,exact/heur@3200,,,9,,no-stronger-ref(both-miss)|no-stronger-ref(both-miss),search-horizon(both-miss),NONE(search-horizon),no,True,/mnt/c/carc-shared/l23_k4_expand_probe/heur3200_s3502000009_k4.json
end::heur3200_s3502000029_k4,endgame,heur3200_s3502000029_k4,4,endgame,heur@3200_selfplay,20,0.0,-10,,exact/heur@3200,,,-10,,no-stronger-ref(both-miss)|no-stronger-ref(both-miss),search-horizon(both-miss),NONE(search-horizon),no,True,/mnt/c/carc-shared/l23_k4_expand_probe/heur3200_s3502000029_k4.json
end::heur3200_s3502000042_k4,endgame,heur3200_s3502000042_k4,4,endgame,heur@3200_selfplay,30,0.0,14,750,exact/heur@3200,,,14,14,structural-or-farm|beyond-v2.7,farm-final-scoring/structural,farm_final_value_v1,partial,True,/mnt/c/carc-shared/l23_k4_expand_probe/heur3200_s3502000042_k4.json
end::hybrid_8_3200_s3503000005_k4,endgame,hybrid_8_3200_s3503000005_k4,4,endgame,hybrid:8:3200_selfplay,28,0.0,9,,exact/heur@3200,,,9,,no-stronger-ref(both-miss)|no-stronger-ref(both-miss),search-horizon(both-miss),NONE(search-horizon),no,True,/mnt/c/carc-shared/l23_k4_expand_probe/hybrid_8_3200_s3503000005_k4.json
end::hybrid_8_3200_s3503000012_k4,endgame,hybrid_8_3200_s3503000012_k4,4,endgame,hybrid:8:3200_selfplay,50,0.0,7,,exact/heur@3200,,,7,,no-stronger-ref(both-miss)|no-stronger-ref(both-miss),search-horizon(both-miss),NONE(search-horizon),no,True,/mnt/c/carc-shared/l23_k4_expand_probe/hybrid_8_3200_s3503000012_k4.json
end::hybrid_8_3200_s3503000045_k4,endgame,hybrid_8_3200_s3503000045_k4,4,endgame,hybrid:8:3200_selfplay,57,0.0,4,841,exact/heur@3200,,,4,4,structural-or-farm|beyond-v2.7,farm-final-scoring/structural,farm_final_value_v1,partial,True,/mnt/c/carc-shared/l23_k4_expand_probe/hybrid_8_3200_s3503000045_k4.json
end::iter8_s3501000012_k4,endgame,iter8_s3501000012_k4,4,endgame,iter8_selfplay,51,0.0,-28,,exact/heur@3200,,,-28,,no-stronger-ref(both-miss)|no-stronger-ref(both-miss),search-horizon(both-miss),NONE(search-horizon),no,True,/mnt/c/carc-shared/l23_k4_expand_probe/iter8_s3501000012_k4.json
end::iter8_s3501000015_k4,endgame,iter8_s3501000015_k4,4,endgame,iter8_selfplay,39,0.0,-5,,exact/heur@3200,,,-5,,no-stronger-ref(both-miss)|no-stronger-ref(both-miss),search-horizon(both-miss),NONE(search-horizon),no,True,/mnt/c/carc-shared/l23_k4_expand_probe/iter8_s3501000015_k4.json
end::g3200000009_k2,endgame,g3200000009_k2,2,endgame,greedy_selfplay,66,,-13,1717,exact/heur@3200,,,-13,-12,structural-or-farm|beyond-v2.7,farm-final-scoring/structural,farm_final_value_v1,partial,True,/mnt/c/carc-shared/l23_regret/g3200000009_k2.json
end::g3200000014_k2,endgame,g3200000014_k2,2,endgame,greedy_selfplay,46,,14,753,exact/heur@3200,,,14,14,structural-or-farm|beyond-v2.7,farm-final-scoring/structural,farm_final_value_v1,partial,True,/mnt/c/carc-shared/l23_regret/g3200000014_k2.json
end::g3200000017_k2,endgame,g3200000017_k2,2,endgame,greedy_selfplay,43,,-9,1326,exact/heur@3200,,,-9,-8,structural-or-farm|beyond-v2.7,farm-final-scoring/structural,farm_final_value_v1,partial,True,/mnt/c/carc-shared/l23_regret/g3200000017_k2.json
end::g3200000018_k2,endgame,g3200000018_k2,2,endgame,greedy_selfplay,51,,-15,1335,exact/heur@3200,,,-15,-14,structural-or-farm|beyond-v2.7,farm-final-scoring/structural,farm_final_value_v1,partial,True,/mnt/c/carc-shared/l23_regret/g3200000018_k2.json
end::g3200000019_k2,endgame,g3200000019_k2,2,endgame,greedy_selfplay,43,,33,866,exact/heur@3200,,,33,33,structural-or-farm|beyond-v2.7,farm-final-scoring/structural,farm_final_value_v1,partial,True,/mnt/c/carc-shared/l23_regret/g3200000019_k2.json
end::g3200000020_k2,endgame,g3200000020_k2,2,endgame,greedy_selfplay,41,,-14,937,exact/heur@3200,,,-14,-13,structural-or-farm|beyond-v2.7,farm-final-scoring/structural,farm_final_value_v1,partial,True,/mnt/c/carc-shared/l23_regret/g3200000020_k2.json
end::g3200000021_k2,endgame,g3200000021_k2,2,endgame,greedy_selfplay,43,,25,658,exact/heur@3200,,,25,29,structural-or-farm|v2.7-rankable,farm-final-scoring/structural,farm_final_value_v1,partial,True,/mnt/c/carc-shared/l23_regret/g3200000021_k2.json
end::g3200000023_k2,endgame,g3200000023_k2,2,endgame,greedy_selfplay,34,,11,661,exact/heur@3200,,,11,12,structural-or-farm|beyond-v2.7,farm-final-scoring/structural,farm_final_value_v1,partial,True,/mnt/c/carc-shared/l23_regret/g3200000023_k2.json
end::g3200000030_k2,endgame,g3200000030_k2,2,endgame,greedy_selfplay,58,,0,1373,exact/heur@3200,,,0,-1,structural-or-farm|beyond-v2.7,farm-final-scoring/structural,farm_final_value_v1,partial,True,/mnt/c/carc-shared/l23_regret/g3200000030_k2.json
end::g3200000041_k2,endgame,g3200000041_k2,2,endgame,greedy_selfplay,14,,-19,868,exact/heur@3200,,,-19,-19,structural-or-farm|beyond-v2.7,farm-final-scoring/structural,farm_final_value_v1,partial,True,/mnt/c/carc-shared/l23_regret/g3200000041_k2.json
end::g3200000044_k2,endgame,g3200000044_k2,2,endgame,greedy_selfplay,55,,5,1849,exact/heur@3200,,,5,5,structural-or-farm|beyond-v2.7,farm-final-scoring/structural,farm_final_value_v1,partial,True,/mnt/c/carc-shared/l23_regret/g3200000044_k2.json
end::g3200000051_k2,endgame,g3200000051_k2,2,endgame,greedy_selfplay,27,,27,1530,exact/heur@3200,,,27,28,completion|beyond-v2.7,completion-timing,completion_timing_v1,yes,True,/mnt/c/carc-shared/l23_regret/g3200000051_k2.json
end::g3200000054_k2,endgame,g3200000054_k2,2,endgame,greedy_selfplay,65,,7,638,exact/heur@3200,,,7,9,structural-or-farm|beyond-v2.7,farm-final-scoring/structural,farm_final_value_v1,partial,True,/mnt/c/carc-shared/l23_regret/g3200000054_k2.json
end::g3200000056_k2,endgame,g3200000056_k2,2,endgame,greedy_selfplay,40,,-9,1748,exact/heur@3200,,,-9,-8,structural-or-farm|beyond-v2.7,farm-final-scoring/structural,farm_final_value_v1,partial,True,/mnt/c/carc-shared/l23_regret/g3200000056_k2.json
end::g3200000063_k2,endgame,g3200000063_k2,2,endgame,greedy_selfplay,38,,-26,1417,exact/heur@3200,,,-26,-26,structural-or-farm|beyond-v2.7,farm-final-scoring/structural,farm_final_value_v1,partial,True,/mnt/c/carc-shared/l23_regret/g3200000063_k2.json
end::g3200000064_k2,endgame,g3200000064_k2,2,endgame,greedy_selfplay,43,,65,964,exact/heur@3200,,,65,66,structural-or-farm|beyond-v2.7,farm-final-scoring/structural,farm_final_value_v1,partial,True,/mnt/c/carc-shared/l23_regret/g3200000064_k2.json
end::g3200000071_k2,endgame,g3200000071_k2,2,endgame,greedy_selfplay,40,,-11,661,exact/heur@3200,,,-11,-13,structural-or-farm|beyond-v2.7,farm-final-scoring/structural,farm_final_value_v1,partial,True,/mnt/c/carc-shared/l23_regret/g3200000071_k2.json
end::g3200000075_k2,endgame,g3200000075_k2,2,endgame,greedy_selfplay,53,,-12,836,exact/heur@3200,,,-12,-9,structural-or-farm|v2.7-rankable,farm-final-scoring/structural,farm_final_value_v1,partial,True,/mnt/c/carc-shared/l23_regret/g3200000075_k2.json
end::g3200000078_k2,endgame,g3200000078_k2,2,endgame,greedy_selfplay,52,,-7,1649,exact/heur@3200,,,-7,-6,structural-or-farm|beyond-v2.7,farm-final-scoring/structural,farm_final_value_v1,partial,True,/mnt/c/carc-shared/l23_regret/g3200000078_k2.json
end::g3200000081_k2,endgame,g3200000081_k2,2,endgame,greedy_selfplay,33,,-4,1647,exact/heur@3200,,,-4,-3,structural-or-farm|beyond-v2.7,farm-final-scoring/structural,farm_final_value_v1,partial,True,/mnt/c/carc-shared/l23_regret/g3200000081_k2.json
end::g3200000085_k2,endgame,g3200000085_k2,2,endgame,greedy_selfplay,34,,-26,853,exact/heur@3200,,,-26,-25,structural-or-farm|beyond-v2.7,farm-final-scoring/structural,farm_final_value_v1,partial,True,/mnt/c/carc-shared/l23_regret/g3200000085_k2.json
end::g3200000086_k2,endgame,g3200000086_k2,2,endgame,greedy_selfplay,56,,-9,1761,exact/heur@3200,,,-9,-8,structural-or-farm|beyond-v2.7,farm-final-scoring/structural,farm_final_value_v1,partial,True,/mnt/c/carc-shared/l23_regret/g3200000086_k2.json
end::g3200000087_k2,endgame,g3200000087_k2,2,endgame,greedy_selfplay,43,,-31,736,exact/heur@3200,,,-31,-30,structural-or-farm|beyond-v2.7,farm-final-scoring/structural,farm_final_value_v1,partial,True,/mnt/c/carc-shared/l23_regret/g3200000087_k2.json
end::g3200000093_k2,endgame,g3200000093_k2,2,endgame,greedy_selfplay,62,,15,1948,exact/heur@3200,,,15,16,structural-or-farm|beyond-v2.7,farm-final-scoring/structural,farm_final_value_v1,partial,True,/mnt/c/carc-shared/l23_regret/g3200000093_k2.json
end::g3200000098_k2,endgame,g3200000098_k2,2,endgame,greedy_selfplay,42,,13,769,exact/heur@3200,,,13,12,structural-or-farm|beyond-v2.7,farm-final-scoring/structural,farm_final_value_v1,partial,True,/mnt/c/carc-shared/l23_regret/g3200000098_k2.json
end::g3200000102_k2,endgame,g3200000102_k2,2,endgame,greedy_selfplay,52,,12,1651,exact/heur@3200,,,12,12,structural-or-farm|beyond-v2.7,farm-final-scoring/structural,farm_final_value_v1,partial,True,/mnt/c/carc-shared/l23_regret/g3200000102_k2.json
end::g3200000133_k2,endgame,g3200000133_k2,2,endgame,greedy_selfplay,38,,-33,873,exact/heur@3200,,,-33,-32,structural-or-farm|beyond-v2.7,farm-final-scoring/structural,farm_final_value_v1,partial,True,/mnt/c/carc-shared/l23_regret/g3200000133_k2.json
end::g3200000134_k2,endgame,g3200000134_k2,2,endgame,greedy_selfplay,43,,-3,1736,exact/heur@3200,,,-3,-4,structural-or-farm|beyond-v2.7,farm-final-scoring/structural,farm_final_value_v1,partial,True,/mnt/c/carc-shared/l23_regret/g3200000134_k2.json
end::g3200000137_k2,endgame,g3200000137_k2,2,endgame,greedy_selfplay,28,,13,1168,exact/heur@3200,,,13,13,structural-or-farm|beyond-v2.7,farm-final-scoring/structural,farm_final_value_v1,partial,True,/mnt/c/carc-shared/l23_regret/g3200000137_k2.json
end::g3200000145_k2,endgame,g3200000145_k2,2,endgame,greedy_selfplay,53,,-29,645,exact/heur@3200,,,-29,-28,structural-or-farm|beyond-v2.7,farm-final-scoring/structural,farm_final_value_v1,partial,True,/mnt/c/carc-shared/l23_regret/g3200000145_k2.json
end::g3200000003_k3,endgame,g3200000003_k3,3,endgame,greedy_selfplay,42,,-44,1364,exact/heur@3200,,,-44,-43,structural-or-farm|beyond-v2.7,farm-final-scoring/structural,farm_final_value_v1,partial,True,/mnt/c/carc-shared/l23_regret/g3200000003_k3.json
end::g3200000014_k3,endgame,g3200000014_k3,3,endgame,greedy_selfplay,34,,-12,,exact/heur@3200,,,-12,,no-stronger-ref(both-miss)|no-stronger-ref(both-miss),search-horizon(both-miss),NONE(search-horizon),no,True,/mnt/c/carc-shared/l23_regret/g3200000014_k3.json
end::g3200000016_k3,endgame,g3200000016_k3,3,endgame,greedy_selfplay,43,,33,,exact/heur@3200,,,33,,no-stronger-ref(both-miss)|no-stronger-ref(both-miss),search-horizon(both-miss),NONE(search-horizon),no,True,/mnt/c/carc-shared/l23_regret/g3200000016_k3.json
end::g3200000019_k3,endgame,g3200000019_k3,3,endgame,greedy_selfplay,44,,-33,,exact/heur@3200,,,-33,,no-stronger-ref(both-miss)|no-stronger-ref(both-miss),search-horizon(both-miss),NONE(search-horizon),no,True,/mnt/c/carc-shared/l23_regret/g3200000019_k3.json
end::g3200000026_k3,endgame,g3200000026_k3,3,endgame,greedy_selfplay,58,,-15,1833,exact/heur@3200,,,-15,-14,structural-or-farm|beyond-v2.7,farm-final-scoring/structural,farm_final_value_v1,partial,True,/mnt/c/carc-shared/l23_regret/g3200000026_k3.json
end::g3200000035_k3,endgame,g3200000035_k3,3,endgame,greedy_selfplay,42,,-6,,exact/heur@3200,,,-6,,no-stronger-ref(both-miss)|no-stronger-ref(both-miss),search-horizon(both-miss),NONE(search-horizon),no,True,/mnt/c/carc-shared/l23_regret/g3200000035_k3.json
end::g3200000040_k3,endgame,g3200000040_k3,3,endgame,greedy_selfplay,63,,-32,,exact/heur@3200,,,-32,,no-stronger-ref(both-miss)|no-stronger-ref(both-miss),search-horizon(both-miss),NONE(search-horizon),no,True,/mnt/c/carc-shared/l23_regret/g3200000040_k3.json
end::g3200000046_k3,endgame,g3200000046_k3,3,endgame,greedy_selfplay,32,,-3,,exact/heur@3200,,,-3,,no-stronger-ref(both-miss)|no-stronger-ref(both-miss),search-horizon(both-miss),NONE(search-horizon),no,True,/mnt/c/carc-shared/l23_regret/g3200000046_k3.json
end::g3200000047_k3,endgame,g3200000047_k3,3,endgame,greedy_selfplay,31,,-62,1745,exact/heur@3200,,,-62,-61,structural-or-farm|beyond-v2.7,farm-final-scoring/structural,farm_final_value_v1,partial,True,/mnt/c/carc-shared/l23_regret/g3200000047_k3.json
end::g3200000054_k3,endgame,g3200000054_k3,3,endgame,greedy_selfplay,45,,-7,,exact/heur@3200,,,-7,,no-stronger-ref(both-miss)|no-stronger-ref(both-miss),search-horizon(both-miss),NONE(search-horizon),no,True,/mnt/c/carc-shared/l23_regret/g3200000054_k3.json
end::g3200000055_k3,endgame,g3200000055_k3,3,endgame,greedy_selfplay,38,,-32,,exact/heur@3200,,,-32,,no-stronger-ref(both-miss)|no-stronger-ref(both-miss),search-horizon(both-miss),NONE(search-horizon),no,True,/mnt/c/carc-shared/l23_regret/g3200000055_k3.json
end::g3200000065_k3,endgame,g3200000065_k3,3,endgame,greedy_selfplay,54,,-22,1529,exact/heur@3200,,,-22,-21,structural-or-farm|beyond-v2.7,farm-final-scoring/structural,farm_final_value_v1,partial,True,/mnt/c/carc-shared/l23_regret/g3200000065_k3.json
end::g3200000072_k3,endgame,g3200000072_k3,3,endgame,greedy_selfplay,50,,11,,exact/heur@3200,,,11,,no-stronger-ref(both-miss)|no-stronger-ref(both-miss),search-horizon(both-miss),NONE(search-horizon),no,True,/mnt/c/carc-shared/l23_regret/g3200000072_k3.json
end::greedy_s3500000004_k4,endgame,greedy_s3500000004_k4,4,endgame,greedy_selfplay,60,0.0,23,1638,exact/heur@3200,,,23,26,structural-or-farm|v2.7-rankable,farm-final-scoring/structural,farm_final_value_v1,partial,True,/mnt/c/carc-shared/l23_k4_expand_probe/greedy_s3500000004_k4.json
end::greedy_s3500000026_k4,endgame,greedy_s3500000026_k4,4,endgame,greedy_selfplay,30,0.0,-10,,exact/heur@3200,,,-10,,no-stronger-ref(both-miss)|no-stronger-ref(both-miss),search-horizon(both-miss),NONE(search-horizon),no,True,/mnt/c/carc-shared/l23_k4_expand_probe/greedy_s3500000026_k4.json
end::greedy_s3500000031_k4,endgame,greedy_s3500000031_k4,4,endgame,greedy_selfplay,47,0.0,-14,836,exact/heur@3200,,,-14,-14,structural-or-farm|beyond-v2.7,farm-final-scoring/structural,farm_final_value_v1,partial,True,/mnt/c/carc-shared/l23_k4_expand_probe/greedy_s3500000031_k4.json
end::greedy_s3500000034_k4,endgame,greedy_s3500000034_k4,4,endgame,greedy_selfplay,60,0.0,47,,exact/heur@3200,,,47,,no-stronger-ref(both-miss)|no-stronger-ref(both-miss),search-horizon(both-miss),NONE(search-horizon),no,True,/mnt/c/carc-shared/l23_k4_expand_probe/greedy_s3500000034_k4.json
end::greedy_s3500000039_k4,endgame,greedy_s3500000039_k4,4,endgame,greedy_selfplay,80,0.0,15,,exact/heur@3200,,,15,,no-stronger-ref(both-miss)|no-stronger-ref(both-miss),search-horizon(both-miss),NONE(search-horizon),no,True,/mnt/c/carc-shared/l23_k4_expand_probe/greedy_s3500000039_k4.json
end::greedy_s3500000042_k4,endgame,greedy_s3500000042_k4,4,endgame,greedy_selfplay,52,0.0,-26,1532,exact/heur@3200,,,-26,-26,structural-or-farm|beyond-v2.7,farm-final-scoring/structural,farm_final_value_v1,partial,True,/mnt/c/carc-shared/l23_k4_expand_probe/greedy_s3500000042_k4.json
end::greedy_s3500000046_k4,endgame,greedy_s3500000046_k4,4,endgame,greedy_selfplay,29,1.0,6,,exact/heur@3200,,,6,,no-stronger-ref(both-miss)|no-stronger-ref(both-miss),search-horizon(both-miss),NONE(search-horizon),no,True,/mnt/c/carc-shared/l23_k4_expand_probe/greedy_s3500000046_k4.json
end::greedy_s3500000047_k4,endgame,greedy_s3500000047_k4,4,endgame,greedy_selfplay,45,0.0,-22,,exact/heur@3200,,,-22,,no-stronger-ref(both-miss)|no-stronger-ref(both-miss),search-horizon(both-miss),NONE(search-horizon),no,True,/mnt/c/carc-shared/l23_k4_expand_probe/greedy_s3500000047_k4.json
end::heur3200_s3502000003_k4,endgame,heur3200_s3502000003_k4,4,endgame,heur@3200_selfplay,42,0.0,-35,,exact/heur@3200,,,-35,,no-stronger-ref(both-miss)|no-stronger-ref(both-miss),search-horizon(both-miss),NONE(search-horizon),no,True,/mnt/c/carc-shared/l23_k4_expand_probe/heur3200_s3502000003_k4.json
end::heur3200_s3502000004_k4,endgame,heur3200_s3502000004_k4,4,endgame,heur@3200_selfplay,33,0.0,-10,1957,exact/heur@3200,,,-10,-10,structural-or-farm|beyond-v2.7,farm-final-scoring/structural,farm_final_value_v1,partial,True,/mnt/c/carc-shared/l23_k4_expand_probe/heur3200_s3502000004_k4.json
end::heur3200_s3502000013_k4,endgame,heur3200_s3502000013_k4,4,endgame,heur@3200_selfplay,40,0.0,2,738,exact/heur@3200,,,2,2,structural-or-farm|beyond-v2.7,farm-final-scoring/structural,farm_final_value_v1,partial,True,/mnt/c/carc-shared/l23_k4_expand_probe/heur3200_s3502000013_k4.json
end::heur3200_s3502000015_k4,endgame,heur3200_s3502000015_k4,4,endgame,heur@3200_selfplay,22,0.0,6,1173,exact/heur@3200,,,6,6,structural-or-farm|beyond-v2.7,farm-final-scoring/structural,farm_final_value_v1,partial,True,/mnt/c/carc-shared/l23_k4_expand_probe/heur3200_s3502000015_k4.json
end::heur3200_s3502000023_k4,endgame,heur3200_s3502000023_k4,4,endgame,heur@3200_selfplay,30,0.0,-16,1533,exact/heur@3200,,,-16,-16,structural-or-farm|beyond-v2.7,farm-final-scoring/structural,farm_final_value_v1,partial,True,/mnt/c/carc-shared/l23_k4_expand_probe/heur3200_s3502000023_k4.json
end::heur3200_s3502000025_k4,endgame,heur3200_s3502000025_k4,4,endgame,heur@3200_selfplay,60,0.0,-26,,exact/heur@3200,,,-26,,no-stronger-ref(both-miss)|no-stronger-ref(both-miss),search-horizon(both-miss),NONE(search-horizon),no,True,/mnt/c/carc-shared/l23_k4_expand_probe/heur3200_s3502000025_k4.json
end::heur3200_s3502000033_k4,endgame,heur3200_s3502000033_k4,4,endgame,heur@3200_selfplay,28,0.0,36,962,exact/heur@3200,,,36,36,structural-or-farm|beyond-v2.7,farm-final-scoring/structural,farm_final_value_v1,partial,True,/mnt/c/carc-shared/l23_k4_expand_probe/heur3200_s3502000033_k4.json
end::heur3200_s3502000038_k4,endgame,heur3200_s3502000038_k4,4,endgame,heur@3200_selfplay,38,0.0,12,,exact/heur@3200,,,12,,no-stronger-ref(both-miss)|no-stronger-ref(both-miss),search-horizon(both-miss),NONE(search-horizon),no,True,/mnt/c/carc-shared/l23_k4_expand_probe/heur3200_s3502000038_k4.json
end::heur3200_s3502000049_k4,endgame,heur3200_s3502000049_k4,4,endgame,heur@3200_selfplay,49,1.0,-35,853,exact/heur@3200,,,-35,-35,structural-or-farm|beyond-v2.7,farm-final-scoring/structural,farm_final_value_v1,partial,True,/mnt/c/carc-shared/l23_k4_expand_probe/heur3200_s3502000049_k4.json
end::hybrid_8_3200_s3503000001_k4,endgame,hybrid_8_3200_s3503000001_k4,4,endgame,hybrid:8:3200_selfplay,50,0.0,32,1844,exact/heur@3200,,,32,32,structural-or-farm|beyond-v2.7,farm-final-scoring/structural,farm_final_value_v1,partial,True,/mnt/c/carc-shared/l23_k4_expand_probe/hybrid_8_3200_s3503000001_k4.json
end::hybrid_8_3200_s3503000017_k4,endgame,hybrid_8_3200_s3503000017_k4,4,endgame,hybrid:8:3200_selfplay,28,1.0,-11,,exact/heur@3200,,,-11,,no-stronger-ref(both-miss)|no-stronger-ref(both-miss),search-horizon(both-miss),NONE(search-horizon),no,True,/mnt/c/carc-shared/l23_k4_expand_probe/hybrid_8_3200_s3503000017_k4.json
end::hybrid_8_3200_s3503000037_k4,endgame,hybrid_8_3200_s3503000037_k4,4,endgame,hybrid:8:3200_selfplay,46,0.0,-14,929,exact/heur@3200,,,-14,-14,structural-or-farm|beyond-v2.7,farm-final-scoring/structural,farm_final_value_v1,partial,True,/mnt/c/carc-shared/l23_k4_expand_probe/hybrid_8_3200_s3503000037_k4.json
end::hybrid_8_3200_s3503000040_k4,endgame,hybrid_8_3200_s3503000040_k4,4,endgame,hybrid:8:3200_selfplay,30,0.0,22,,exact/heur@3200,,,22,,no-stronger-ref(both-miss)|no-stronger-ref(both-miss),search-horizon(both-miss),NONE(search-horizon),no,True,/mnt/c/carc-shared/l23_k4_expand_probe/hybrid_8_3200_s3503000040_k4.json
end::hybrid_8_3200_s3503000044_k4,endgame,hybrid_8_3200_s3503000044_k4,4,endgame,hybrid:8:3200_selfplay,38,1.0,-57,,exact/heur@3200,,,-57,,no-stronger-ref(both-miss)|no-stronger-ref(both-miss),search-horizon(both-miss),NONE(search-horizon),no,True,/mnt/c/carc-shared/l23_k4_expand_probe/hybrid_8_3200_s3503000044_k4.json
end::hybrid_8_3200_s3503000046_k4,endgame,hybrid_8_3200_s3503000046_k4,4,endgame,hybrid:8:3200_selfplay,18,1.0,-8,,exact/heur@3200,,,-8,,no-stronger-ref(both-miss)|no-stronger-ref(both-miss),search-horizon(both-miss),NONE(search-horizon),no,True,/mnt/c/carc-shared/l23_k4_expand_probe/hybrid_8_3200_s3503000046_k4.json
end::iter8_s3501000013_k4,endgame,iter8_s3501000013_k4,4,endgame,iter8_selfplay,28,1.0,-2,,exact/heur@3200,,,-2,,no-stronger-ref(both-miss)|no-stronger-ref(both-miss),search-horizon(both-miss),NONE(search-horizon),no,True,/mnt/c/carc-shared/l23_k4_expand_probe/iter8_s3501000013_k4.json
end::iter8_s3501000027_k4,endgame,iter8_s3501000027_k4,4,endgame,iter8_selfplay,44,0.0,8,1956,exact/heur@3200,,,8,9,structural-or-farm|beyond-v2.7,farm-final-scoring/structural,farm_final_value_v1,partial,True,/mnt/c/carc-shared/l23_k4_expand_probe/iter8_s3501000027_k4.json
end::iter8_s3501000028_k4,endgame,iter8_s3501000028_k4,4,endgame,iter8_selfplay,52,0.0,-37,837,exact/heur@3200,,,-37,-37,structural-or-farm|beyond-v2.7,farm-final-scoring/structural,farm_final_value_v1,partial,True,/mnt/c/carc-shared/l23_k4_expand_probe/iter8_s3501000028_k4.json
end::iter8_s3501000030_k4,endgame,iter8_s3501000030_k4,4,endgame,iter8_selfplay,47,0.0,38,831,exact/heur@3200,,,38,39,structural-or-farm|beyond-v2.7,farm-final-scoring/structural,farm_final_value_v1,partial,True,/mnt/c/carc-shared/l23_k4_expand_probe/iter8_s3501000030_k4.json
end::iter8_s3501000032_k4,endgame,iter8_s3501000032_k4,4,endgame,iter8_selfplay,38,1.0,-21,,exact/heur@3200,,,-21,,no-stronger-ref(both-miss)|no-stronger-ref(both-miss),search-horizon(both-miss),NONE(search-horizon),no,True,/mnt/c/carc-shared/l23_k4_expand_probe/iter8_s3501000032_k4.json
end::iter8_s3501000040_k4,endgame,iter8_s3501000040_k4,4,endgame,iter8_selfplay,28,0.0,9,,exact/heur@3200,,,9,,no-stronger-ref(both-miss)|no-stronger-ref(both-miss),search-horizon(both-miss),NONE(search-horizon),no,True,/mnt/c/carc-shared/l23_k4_expand_probe/iter8_s3501000040_k4.json
end::iter8_s3501000049_k4,endgame,iter8_s3501000049_k4,4,endgame,iter8_selfplay,32,0.0,-7,,exact/heur@3200,,,-7,,no-stronger-ref(both-miss)|no-stronger-ref(both-miss),search-horizon(both-miss),NONE(search-horizon),no,True,/mnt/c/carc-shared/l23_k4_expand_probe/iter8_s3501000049_k4.json
