exp_id,date,game,code_rev,n,new_ckpt,new_c,new_cap,new_var,new_sims,old_ckpt,old_c,old_cap,old_var,old_sims,W,L,D,elo,sigma,avg_diff,src_dir,confidence,note
B2_vs_iter01_anchor,2026-05-24,river,unknown,400,checkpoints/v25_retrain_optionB_iter2/iter_00.pt,1.5,12,v2_7,200,checkpoints/v25_retrain_iter01/iter_00.pt,1.5,12,v2_7,200,193,200,7,-6.1,17.4,1.67,/mnt/c/carc-shared/B2_vs_iter01_anchor,high,"B2 vs FIXED iter_01 anchor, n=400, c=1.5. launch_xeon_B2anchor.sh. -6.1 (chain doesn't even gain in step 1 vs reference)."
B4_vs_iter01_anchor,2026-05-24,river,unknown,400,checkpoints/v25_retrain_optionB_iter4/iter_00.pt,1.5,12,v2_7,200,checkpoints/v25_retrain_iter01/iter_00.pt,1.5,12,v2_7,200,186,208,6,-19.1,17.4,-1.38,/mnt/c/carc-shared/B4_vs_iter01_anchor,high,"B4 vs FIXED iter_01 anchor, n=400, c=1.5. launch_xeon_B4anchor.sh. -19.1 (~55 elo drift vs reference while chain looked neutral)."
af_v1_s200_n400_reanchor,2026-05-25,river,unknown,400,checkpoints/v25_anchor_fraction_s200_iter1/iter_00.pt,1.5,12,v2_7,200,checkpoints/v25_retrain_iter01/iter_00.pt,1.5,12,v2_7,200,195,200,5,-4.3,17.4,1.14,/mnt/c/carc-shared/af_v1_s200_n400_reanchor,high,"anchor-fraction af_v1 vs iter_01, sims=200, c=1.5, n=400 (job A of queue_2026_05_25). launch_queue_2026_05_25_5800x.sh. -4.3 at c=1.5 (the false-negative later RECOVERED to +30.5 at c=3 in phase3_af_c3). CONTRADICTION pair."
anchor_fraction_v1_s200_eval,2026-05-25,river,unknown,100,checkpoints/v25_anchor_fraction_s200_iter1/iter_00.pt,1.5,12,v2_7,200,checkpoints/v25_retrain_iter01/iter_00.pt,1.5,12,v2_7,200,51,49,0,6.9,34.8,7.82,/mnt/c/carc-shared/anchor_fraction_v1_s200_eval,medium,"anchor-fraction af_v1 vs iter_01 n=100 screen, sims=200. launch_xeon_afv1s200.sh (c=1.5). +6.9 @ n=100; same config as af_v1_s200_n400_reanchor (-4.3 @ n=400)."
b1_vs_ds_s800_n400_c3,2026-05-28,river,unknown,400,checkpoints/v25_retrain_optionB_iter1/iter_00.pt,3.0,12,v2_7,800,checkpoints/v25_retrain_deepsearch/iter_00.pt,3.0,12,v2_7,800,196,201,3,-4.3,17.4,-0.3,/home/doctor/projects/carcassone/data/laptop_results/b1_vs_ds_s800_n400_c3,high,"LAPTOP overnight: iter_B1 vs deepsearch_v1 at sims=800 c=3, n=400. STATUS verdict table. -4.3 = TIED (both checkpoints equivalent at sims=800 c=3 plane)."
deepsearch_eval_s800,2026-05-20,river,unknown,380,checkpoints/v25_retrain_deepsearch/iter_00.pt,1.5,12,v2_7,800,checkpoints/v25_retrain_iter01/iter_00.pt,1.5,12,v2_7,800,208,169,3,35.8,17.9,5.61,/mnt/c/carc-shared/deepsearch_eval_s800,high,"deepsearch_v1 vs iter_01 at sims=800, c=1.5, n=380. launch_xeon_deepsearch_s800_n400.sh. +35.8 (sims=800-plane global best)."
deepsearch_v2_eval,2026-05-24,river,unknown,100,checkpoints/v25_retrain_deepsearch_v2/iter_00.pt,1.5,12,v2_7,200,checkpoints/v25_retrain_iter01/iter_00.pt,1.5,12,v2_7,200,52,48,0,13.9,34.8,-1.8,/mnt/c/carc-shared/deepsearch_v2_eval,medium,deepsearch_v2 vs iter_01 n=100 screen (precedes deepsearch_v2_n400). +13.9 @ n=100; same config as deepsearch_v2_n400 (+5.2 @ n=400). c=1.5 assumed (matches the n400 launcher; no separate launcher found).
deepsearch_v2_n400,2026-05-24,river,unknown,400,checkpoints/v25_retrain_deepsearch_v2/iter_00.pt,1.5,12,v2_7,200,checkpoints/v25_retrain_iter01/iter_00.pt,1.5,12,v2_7,200,201,195,4,5.2,17.4,0.93,/mnt/c/carc-shared/deepsearch_v2_n400,high,"deepsearch_v2 vs iter_01, sims=200, c=1.5, n=400. launch_xeon_dsv2_n400.sh. +5.2 (null at sims=200; sims=800 data didnt move sims=200)."
hygiene_cap20_n1600,2026-05-29,river,unknown,1600,checkpoints/v25_retrain_optionB_iter1/iter_00.pt,1.5,20,v2_7,200,checkpoints/v25_retrain_optionB_iter1/iter_00.pt,1.5,12,v2_7,200,792,787,21,1.1,8.7,0.88,/mnt/c/carc-shared/hygiene_cap20_n1600,high,"HYGIENE n=1600: tie-break cap=20 vs cap=12. iter_B1 both sides, c=1.5, sims=200. Settles phase4_cap20 (-21.7) vs optuna#5 (+12.2). laptop solo; rsync /tmp/hygiene_cap20_n1600 -> shared before rebuild."
iter02_revisit_s200,2026-05-20,river,unknown,400,checkpoints/v25_retrain_iter02/iter_00.pt,1.5,12,v2_7,200,checkpoints/v25_retrain_iter01/iter_00.pt,1.5,12,v2_7,200,193,198,9,-4.3,17.4,0.14,/mnt/c/carc-shared/iter02_revisit_s200,high,"iter_02 vs iter_01, n=400, c=1.5. launch_xeon_iter02_s200_n400.sh. -4.3 genuine null (compounding flattened)."
iter_B1_revisit_s200,2026-05-20,river,unknown,400,checkpoints/v25_retrain_optionB_iter1/iter_00.pt,1.5,12,v2_7,200,checkpoints/v25_retrain_iter01/iter_00.pt,1.5,12,v2_7,200,213,184,3,25.2,17.4,1.89,/mnt/c/carc-shared/iter_B1_revisit_s200,high,"iter_B1 vs iter_01, n=400, c=1.5. launch_xeon_iter_B1_s200_n400.sh. +25.2 (sims=200-plane global best, recovered FN)."
optionB_iter2_eval,2026-05-21,river,unknown,1986,checkpoints/v25_retrain_optionB_iter2/iter_00.pt,1.5,12,v2_7,200,checkpoints/v25_retrain_optionB_iter1/iter_00.pt,1.5,12,v2_7,200,1014,949,23,11.4,7.8,2.21,/mnt/c/carc-shared/optionB_iter2_eval,high,"Option B chain step: B2 vs B1, n=2000, c=1.5. launch_xeon_ev_B2_vs_B1.sh. +11.4 vs PREDECESSOR (looked fine; drift hidden)."
optionB_iter3_eval,2026-05-22,river,unknown,2000,checkpoints/v25_retrain_optionB_iter3/iter_00.pt,1.5,12,v2_7,200,checkpoints/v25_retrain_optionB_iter2/iter_00.pt,1.5,12,v2_7,200,994,980,26,2.4,7.8,0.35,/mnt/c/carc-shared/optionB_iter3_eval,high,"Option B chain step: B3 vs B2, n=2000, c=1.5. launch_xeon_ev_B3_vs_B2.sh. +2.4 vs predecessor."
optionB_iter4_eval,2026-05-23,river,unknown,2000,checkpoints/v25_retrain_optionB_iter4/iter_00.pt,1.5,12,v2_7,200,checkpoints/v25_retrain_optionB_iter3/iter_00.pt,1.5,12,v2_7,200,995,987,18,1.4,7.8,0.95,/mnt/c/carc-shared/optionB_iter4_eval,high,"Option B chain step: B4 vs B3, n=2000, c=1.5. launch_xeon_ev_B4_vs_B3.sh. +1.4 vs predecessor."
optuna_trial_0001,2026-05-28,river,unknown,100,checkpoints/v25_retrain_optionB_iter1/iter_00.pt,2.75,20,v2_7,200,checkpoints/v25_retrain_optionB_iter1/iter_00.pt,1.5,12,v2_7,200,47,52,1,-17.4,34.8,,/mnt/c/carc-shared/optuna_runs/study.db#trial_1,high,"Optuna trial #1 (5800x). screen-only n=100. NEW=trial params, OLD=fixed (c=1.5,cap=12,v2_7); both iter_B1, sims=200. Config from trial.params (the one place config is in the data)."
optuna_trial_0002,2026-05-28,river,unknown,100,checkpoints/v25_retrain_optionB_iter1/iter_00.pt,2.0,8,v2_7,200,checkpoints/v25_retrain_optionB_iter1/iter_00.pt,1.5,12,v2_7,200,46,52,2,-20.9,34.8,,/mnt/c/carc-shared/optuna_runs/study.db#trial_2,high,"Optuna trial #2 (5800x). screen-only n=100. NEW=trial params, OLD=fixed (c=1.5,cap=12,v2_7); both iter_B1, sims=200. Config from trial.params (the one place config is in the data)."
optuna_trial_0004,2026-05-28,river,unknown,100,checkpoints/v25_retrain_optionB_iter1/iter_00.pt,3.0,12,tile_counting_cont,200,checkpoints/v25_retrain_optionB_iter1/iter_00.pt,1.5,12,v2_7,200,47,53,0,-20.9,34.8,,/mnt/c/carc-shared/optuna_runs/study.db#trial_4,high,"Optuna trial #4 (xeon). screen-only n=100. NEW=trial params, OLD=fixed (c=1.5,cap=12,v2_7); both iter_B1, sims=200. Config from trial.params (the one place config is in the data)."
optuna_trial_0005,2026-05-28,river,unknown,400,checkpoints/v25_retrain_optionB_iter1/iter_00.pt,1.5,20,v2_7,200,checkpoints/v25_retrain_optionB_iter1/iter_00.pt,1.5,12,v2_7,200,207,193,0,12.2,17.4,,/mnt/c/carc-shared/optuna_runs/study.db#trial_5,high,"Optuna trial #5 (5800x). PROMOTED n=400. NEW=trial params, OLD=fixed (c=1.5,cap=12,v2_7); both iter_B1, sims=200. Config from trial.params (the one place config is in the data)."
optuna_trial_0006,2026-05-28,river,unknown,100,checkpoints/v25_retrain_optionB_iter1/iter_00.pt,4.0,15,tile_counting,200,checkpoints/v25_retrain_optionB_iter1/iter_00.pt,1.5,12,v2_7,200,50,50,0,0.0,34.7,,/mnt/c/carc-shared/optuna_runs/study.db#trial_6,high,"Optuna trial #6 (xeon). screen-only n=100. NEW=trial params, OLD=fixed (c=1.5,cap=12,v2_7); both iter_B1, sims=200. Config from trial.params (the one place config is in the data)."
optuna_trial_0007,2026-05-28,river,unknown,100,checkpoints/v25_retrain_optionB_iter1/iter_00.pt,3.5,19,v2_7,200,checkpoints/v25_retrain_optionB_iter1/iter_00.pt,1.5,12,v2_7,200,49,51,0,-6.9,34.8,,/mnt/c/carc-shared/optuna_runs/study.db#trial_7,high,"Optuna trial #7 (xeon). screen-only n=100. NEW=trial params, OLD=fixed (c=1.5,cap=12,v2_7); both iter_B1, sims=200. Config from trial.params (the one place config is in the data)."
optuna_trial_0008,2026-05-28,river,unknown,400,checkpoints/v25_retrain_optionB_iter1/iter_00.pt,2.0,11,v2_7,200,checkpoints/v25_retrain_optionB_iter1/iter_00.pt,1.5,12,v2_7,200,205,191,4,12.2,17.4,,/mnt/c/carc-shared/optuna_runs/study.db#trial_8,high,"Optuna trial #8 (5800x). PROMOTED n=400. NEW=trial params, OLD=fixed (c=1.5,cap=12,v2_7); both iter_B1, sims=200. Config from trial.params (the one place config is in the data)."
optuna_trial_0009,2026-05-28,river,unknown,400,checkpoints/v25_retrain_optionB_iter1/iter_00.pt,2.0,19,tile_counting_cont,200,checkpoints/v25_retrain_optionB_iter1/iter_00.pt,1.5,12,v2_7,200,211,183,6,24.4,17.4,,/mnt/c/carc-shared/optuna_runs/study.db#trial_9,high,"Optuna trial #9 (xeon). PROMOTED n=400. NEW=trial params, OLD=fixed (c=1.5,cap=12,v2_7); both iter_B1, sims=200. Config from trial.params (the one place config is in the data)."
optuna_trial_0010,2026-05-28,river,unknown,100,checkpoints/v25_retrain_optionB_iter1/iter_00.pt,3.75,9,tile_counting_cont,200,checkpoints/v25_retrain_optionB_iter1/iter_00.pt,1.5,12,v2_7,200,46,54,0,-27.9,34.9,,/mnt/c/carc-shared/optuna_runs/study.db#trial_10,high,"Optuna trial #10 (5800x). screen-only n=100. NEW=trial params, OLD=fixed (c=1.5,cap=12,v2_7); both iter_B1, sims=200. Config from trial.params (the one place config is in the data)."
optuna_trial_0011,2026-05-28,river,unknown,100,checkpoints/v25_retrain_optionB_iter1/iter_00.pt,4.25,10,tile_counting,200,checkpoints/v25_retrain_optionB_iter1/iter_00.pt,1.5,12,v2_7,200,46,52,2,-20.9,34.8,,/mnt/c/carc-shared/optuna_runs/study.db#trial_11,high,"Optuna trial #11 (5800x). screen-only n=100. NEW=trial params, OLD=fixed (c=1.5,cap=12,v2_7); both iter_B1, sims=200. Config from trial.params (the one place config is in the data)."
optuna_trial_0012,2026-05-28,river,unknown,100,checkpoints/v25_retrain_optionB_iter1/iter_00.pt,3.75,10,tile_counting_cont,200,checkpoints/v25_retrain_optionB_iter1/iter_00.pt,1.5,12,v2_7,200,45,54,1,-31.4,34.9,,/mnt/c/carc-shared/optuna_runs/study.db#trial_12,high,"Optuna trial #12 (5800x). screen-only n=100. NEW=trial params, OLD=fixed (c=1.5,cap=12,v2_7); both iter_B1, sims=200. Config from trial.params (the one place config is in the data)."
optuna_trial_0013,2026-05-28,river,unknown,400,checkpoints/v25_retrain_optionB_iter1/iter_00.pt,5.0,17,v2_7,200,checkpoints/v25_retrain_optionB_iter1/iter_00.pt,1.5,12,v2_7,200,210,189,1,18.3,17.4,,/mnt/c/carc-shared/optuna_runs/study.db#trial_13,high,"Optuna trial #13 (5800x). PROMOTED n=400. NEW=trial params, OLD=fixed (c=1.5,cap=12,v2_7); both iter_B1, sims=200. Config from trial.params (the one place config is in the data)."
optuna_trial_0014,2026-05-28,river,unknown,100,checkpoints/v25_retrain_optionB_iter1/iter_00.pt,1.75,17,tile_counting_cont,200,checkpoints/v25_retrain_optionB_iter1/iter_00.pt,1.5,12,v2_7,200,48,47,5,3.5,34.7,,/mnt/c/carc-shared/optuna_runs/study.db#trial_14,high,"Optuna trial #14 (xeon). screen-only n=100. NEW=trial params, OLD=fixed (c=1.5,cap=12,v2_7); both iter_B1, sims=200. Config from trial.params (the one place config is in the data)."
optuna_trial_0015,2026-05-28,river,unknown,100,checkpoints/v25_retrain_optionB_iter1/iter_00.pt,5.0,18,tile_counting_cont,200,checkpoints/v25_retrain_optionB_iter1/iter_00.pt,1.5,12,v2_7,200,50,50,0,0.0,34.7,,/mnt/c/carc-shared/optuna_runs/study.db#trial_15,high,"Optuna trial #15 (xeon). screen-only n=100. NEW=trial params, OLD=fixed (c=1.5,cap=12,v2_7); both iter_B1, sims=200. Config from trial.params (the one place config is in the data)."
optuna_trial_0016,2026-05-28,river,unknown,100,checkpoints/v25_retrain_optionB_iter1/iter_00.pt,4.75,17,tile_counting_cont,200,checkpoints/v25_retrain_optionB_iter1/iter_00.pt,1.5,12,v2_7,200,46,52,2,-20.9,34.8,,/mnt/c/carc-shared/optuna_runs/study.db#trial_16,high,"Optuna trial #16 (5800x). screen-only n=100. NEW=trial params, OLD=fixed (c=1.5,cap=12,v2_7); both iter_B1, sims=200. Config from trial.params (the one place config is in the data)."
optuna_trial_0017,2026-05-28,river,unknown,100,checkpoints/v25_retrain_optionB_iter1/iter_00.pt,3.0,12,v2_7,200,checkpoints/v25_retrain_optionB_iter1/iter_00.pt,1.5,12,v2_7,200,52,48,0,13.9,34.8,,/mnt/c/carc-shared/optuna_runs/study.db#trial_17,high,"Optuna trial #17 (laptop). screen-only n=100. NEW=trial params, OLD=fixed (c=1.5,cap=12,v2_7); both iter_B1, sims=200. Config from trial.params (the one place config is in the data)."
optuna_trial_0019,2026-05-28,river,unknown,100,checkpoints/v25_retrain_optionB_iter1/iter_00.pt,4.75,17,tile_counting,200,checkpoints/v25_retrain_optionB_iter1/iter_00.pt,1.5,12,v2_7,200,43,56,1,-45.4,35.0,,/mnt/c/carc-shared/optuna_runs/study.db#trial_19,high,"Optuna trial #19 (laptop). screen-only n=100. NEW=trial params, OLD=fixed (c=1.5,cap=12,v2_7); both iter_B1, sims=200. Config from trial.params (the one place config is in the data)."
optuna_trial_0020,2026-05-28,river,unknown,400,checkpoints/v25_retrain_optionB_iter1/iter_00.pt,2.5,15,tile_counting_cont,200,checkpoints/v25_retrain_optionB_iter1/iter_00.pt,1.5,12,v2_7,200,210,186,4,20.9,17.4,,/mnt/c/carc-shared/optuna_runs/study.db#trial_20,high,"Optuna trial #20 (laptop). PROMOTED n=400. NEW=trial params, OLD=fixed (c=1.5,cap=12,v2_7); both iter_B1, sims=200. Config from trial.params (the one place config is in the data)."
phase2_puct_c05_vs_c15,2026-05-26,river,unknown,400,checkpoints/v25_retrain_optionB_iter1/iter_00.pt,0.5,12,v2_7,200,checkpoints/v25_retrain_optionB_iter1/iter_00.pt,1.5,12,v2_7,200,165,227,8,-54.3,17.6,-8.52,/mnt/c/carc-shared/phase2_puct_c05_vs_c15,high,"Phase 2b c-sweep; iter_B1 both sides, only eval-side c differs. launch_xeon_phase2_puct.sh."
phase2_puct_c10_vs_c15,2026-05-26,river,unknown,400,checkpoints/v25_retrain_optionB_iter1/iter_00.pt,1.0,12,v2_7,200,checkpoints/v25_retrain_optionB_iter1/iter_00.pt,1.5,12,v2_7,200,192,205,3,-11.3,17.4,-3.02,/mnt/c/carc-shared/phase2_puct_c10_vs_c15,high,Phase 2b c-sweep. launch_xeon_phase2_puct.sh.
phase2_puct_c25_vs_c15,2026-05-26,river,unknown,400,checkpoints/v25_retrain_optionB_iter1/iter_00.pt,2.5,12,v2_7,200,checkpoints/v25_retrain_optionB_iter1/iter_00.pt,1.5,12,v2_7,200,203,194,3,7.8,17.4,3.26,/mnt/c/carc-shared/phase2_puct_c25_vs_c15,high,Phase 2b c-sweep. launch_xeon_phase2b_puct.sh.
phase2_puct_c30_vs_c15,2026-05-26,river,unknown,400,checkpoints/v25_retrain_optionB_iter1/iter_00.pt,3.0,12,v2_7,200,checkpoints/v25_retrain_optionB_iter1/iter_00.pt,1.5,12,v2_7,200,226,172,2,47.2,17.5,9.12,/mnt/c/carc-shared/phase2_puct_c30_vs_c15,high,Phase 2b c-sweep PEAK (+47.2). iter_B1 both sides. launch_xeon_phase2_puct.sh. SEE CONTRADICTION vs optuna #17.
phase2_puct_c40_vs_c15,2026-05-26,river,unknown,400,checkpoints/v25_retrain_optionB_iter1/iter_00.pt,4.0,12,v2_7,200,checkpoints/v25_retrain_optionB_iter1/iter_00.pt,1.5,12,v2_7,200,213,184,3,25.2,17.4,4.21,/mnt/c/carc-shared/phase2_puct_c40_vs_c15,high,Phase 2b c-sweep. launch_xeon_phase2b_puct.sh.
phase2_puct_c50_vs_c15,2026-05-26,river,unknown,400,checkpoints/v25_retrain_optionB_iter1/iter_00.pt,5.0,12,v2_7,200,checkpoints/v25_retrain_optionB_iter1/iter_00.pt,1.5,12,v2_7,200,209,187,4,19.1,17.4,6.45,/mnt/c/carc-shared/phase2_puct_c50_vs_c15,high,Phase 2b c-sweep. launch_xeon_phase2b_puct.sh.
phase3_af_c3_vs_iter01,2026-05-26,river,unknown,400,checkpoints/v25_anchor_fraction_s200_iter1/iter_00.pt,3.0,12,v2_7,200,checkpoints/v25_retrain_iter01/iter_00.pt,3.0,12,v2_7,200,215,180,5,30.5,17.4,2.02,/mnt/c/carc-shared/phase3_af_c3_vs_iter01,high,"anchor-fraction af_v1 vs iter_01 at c=3 both sides, sims=200, n=400. launch_xeon_p3_af_c3.sh. RECOVERED +30.5 (was -1 at c=1.5)."
phase3_c3_vs_c15_s800,2026-05-27,river,unknown,400,checkpoints/v25_retrain_optionB_iter1/iter_00.pt,3.0,12,v2_7,800,checkpoints/v25_retrain_optionB_iter1/iter_00.pt,1.5,12,v2_7,800,222,177,1,39.3,17.5,8.48,/mnt/c/carc-shared/phase3_c3_vs_c15_s800,high,"J4: c=3 vs c=1.5 at sims=800, iter_B1 both sides, n=400. launch_xeon_p3_c3_s800.sh. +39.3 (c=3 transfers to sims=800)."
phase3_ds2_c3_vs_iter01_s800,2026-05-27,river,unknown,400,checkpoints/v25_retrain_deepsearch_v2/iter_00.pt,3.0,12,v2_7,800,checkpoints/v25_retrain_iter01/iter_00.pt,3.0,12,v2_7,800,198,199,3,-0.9,17.4,-1.0,/mnt/c/carc-shared/phase3_ds2_c3_vs_iter01_s800,high,"J2: deepsearch_v2 vs iter_01 at c=3 both sides, sims=800, n=400. launch_xeon_p3_ds2_c3_s800.sh. confirmed dead -0.9."
phase3_tc_c3_vs_v27,2026-05-27,river,unknown,400,checkpoints/v25_retrain_optionB_iter1/iter_00.pt,3.0,12,tile_counting,200,checkpoints/v25_retrain_optionB_iter1/iter_00.pt,3.0,12,v2_7,200,192,206,2,-12.2,17.4,-1.33,/mnt/c/carc-shared/phase3_tc_c3_vs_v27,high,"J3: tile_counting leaf vs v2_7 leaf, iter_B1 both sides, c=3 both sides, sims=200, n=400. launch_xeon_p3_tc_c3.sh. confirmed dead -12.2."
phase4_blend05_vs_pure,2026-05-25,river,unknown,500,checkpoints/v25_retrain_optionB_iter1/iter_00.pt,1.5,12,v2_7,200,checkpoints/v25_retrain_optionB_iter1/iter_00.pt,1.5,12,v2_7,200,235,262,3,-18.8,15.6,-10.25,/mnt/c/carc-shared/phase4_blend05_vs_pure,high,"Phase 4c: NN value-blend lambda=0.5 (new) vs pure leaf (old), iter_B1 both sides, n=500. launch_queue_2026_05_25_5800x.sh (job D). -18.8 (value-blend dead)."
phase4_cap20_vs_cap12,2026-05-25,river,unknown,400,checkpoints/v25_retrain_optionB_iter1/iter_00.pt,1.5,20,v2_7,200,checkpoints/v25_retrain_optionB_iter1/iter_00.pt,1.5,12,v2_7,200,186,211,3,-21.7,17.4,-2.97,/mnt/c/carc-shared/phase4_cap20_vs_cap12,high,"Phase 4a: cap=20 vs cap=12 leaf-cap A/B, iter_B1 both sides, n=400. launch_queue_2026_05_25_5800x.sh (job B). -21.7. CONTRADICTS optuna #5 (+12.2 at n=400)."
phase4_capInf_vs_cap12,2026-05-25,river,unknown,390,checkpoints/v25_retrain_optionB_iter1/iter_00.pt,1.5,9999,v2_7,200,checkpoints/v25_retrain_optionB_iter1/iter_00.pt,1.5,12,v2_7,200,192,193,5,-0.9,17.6,0.88,/mnt/c/carc-shared/phase4_capInf_vs_cap12,high,"Phase 4b: cap=inf(9999) vs cap=12, iter_B1 both sides, n=400. launch_queue_2026_05_25_5800x.sh (job C). null -0.9."
phase5_tilecounting_smoke,2026-05-25,river,unknown,400,checkpoints/v25_retrain_optionB_iter1/iter_00.pt,1.5,12,tile_counting,200,checkpoints/v25_retrain_optionB_iter1/iter_00.pt,1.5,12,v2_7,200,203,196,1,6.1,17.4,-0.34,/mnt/c/carc-shared/phase5_tilecounting_smoke,high,"Phase 5 leaf A/B smoke: tile_counting vs v2_7 leaf, iter_B1 both sides, n=400, c=1.5. launch_xeon_phase5smoke.sh. +6.1 (within noise)."
puct_c2_vs_c15,2026-05-20,river,unknown,400,checkpoints/v25_retrain_iter01/iter_00.pt,2.0,12,v2_7,200,checkpoints/v25_retrain_iter01/iter_00.pt,1.5,12,v2_7,200,200,194,6,5.2,17.4,-0.96,/mnt/c/carc-shared/puct_c2_vs_c15,high,"Early c=2.0 vs 1.5 retro-validation, iter_01 both sides, n=400. launch_xeon_puct_c2_vs_c15_n400.sh. genuine null (+5.2)."
v3_anchor_gate,2026-05-28,river,unknown,100,checkpoints/v25_retrain_deepsearch_v3/iter_00.pt,3.0,12,v2_7,200,checkpoints/v25_retrain_iter01/iter_00.pt,3.0,12,v2_7,200,50,45,5,17.4,34.8,1.22,/mnt/c/carc-shared/v3_anchor_gate,high,"deepsearch_v3 vs iter_01 anchor, sims=200, c=3.0 (eval c), n=100. Config from /mnt/c/carc-shared/v3_verdict.json (eval_c_puct=3.0, anchor=iter_01). +17.4 marginal (1sigma), doesnt displace iter_B1."
hygiene_c3_vs_c15_n1600,2026-05-29,river,unknown,1599,checkpoints/v25_retrain_optionB_iter1/iter_00.pt,3.0,12,v2_7,200,checkpoints/v25_retrain_optionB_iter1/iter_00.pt,1.5,12,v2_7,200,832,747,20,18.5,8.7,,/mnt/c/carc-shared/hygiene_c3_cap12_n1600,high,"RE-VALIDATION of the c=3 ''+47'' headline (Phase 2b). iter_B1 both sides, PRE-FIX engine (matches the original c=3 measurement's leaf). 832W/747L/20D = +18.5 elo / 2.1sigma at n=1600. REAL positive but ~40pct of the inflated +47.2 — settles the UNDER-RE-VALIDATION flag: c=3 stays production default, magnitude corrected to ~+18. Consistent with Optuna #17 (+13.9/n=100). avg_diff not recorded by elo_log."
step9_nnleaf_vs_v27,2026-05-31,river,unknown,400,checkpoints/pathb_loop/iter_11.pt,3.0,12,v2_7,200,checkpoints/pathb_loop/iter_11.pt,3.0,12,v2_7,200,3,396,1,-800.0,93.3,-73.7,/mnt/c/carc-shared/step9_iter11/eval/iter_11_vs_11,high,"PATH B Step 9 go/no-go: PURE NN-value leaf (blend lambda=1.0) vs PURE v2.7 heuristic leaf, SAME policy net (iter_11) both sides. 3W/1D/396L = -800 elo (capped). Pure-NN leaf is NOT viable. BUT this was the too-extreme endpoint; see blend sweep — the value head is fine as a SMALL blend. Not a wiring bug (3 diagnostics cleared sign/POV-flip, train-serve skew, wrapper-perturbation, overconfidence)."
step9_blend_lam0.1,2026-05-31,river,unknown,30,checkpoints/pathb_loop/iter_11.pt,3.0,12,v2_7,200,checkpoints/pathb_loop/iter_11.pt,3.0,12,v2_7,200,16,14,0,23.2,63.6,-13.0,/mnt/c/carc-shared/blend_sweep/lam_01,low,"Blend sweep lambda=0.1 (NEW=0.1 NN value + 0.9 v2.7; OLD=pure v2.7). 16W/14L = +23 elo / break-even (n=30, ±64 so not significant). Small NN-value blend does NOT hurt — calibration cliff is at HIGH lambda only."
step9_blend_lam0.25,2026-05-31,river,unknown,30,checkpoints/pathb_loop/iter_11.pt,3.0,12,v2_7,200,checkpoints/pathb_loop/iter_11.pt,3.0,12,v2_7,200,12,16,2,-46.6,64.0,-25.0,/mnt/c/carc-shared/blend_sweep/lam_025,low,Blend sweep lambda=0.25. 12W/2D/16L = -47 elo (n=30). Mild loss; within ~1sigma of break-even.
step9_blend_lam0.5,2026-05-31,river,unknown,30,checkpoints/pathb_loop/iter_11.pt,3.0,12,v2_7,200,checkpoints/pathb_loop/iter_11.pt,3.0,12,v2_7,200,13,17,0,-46.6,64.0,-9.5,/mnt/c/carc-shared/blend_sweep/lam_05,low,"Blend sweep lambda=0.5. 13W/17L = -47 elo (n=30). CALIBRATION CLIFF confirmed: graceful at lambda<=0.5 (all within ~1sigma of 0), catastrophic only at lambda=1.0 (-800). Value head learned real signal (corr 0.18->0.81) but is not robust as the SOLE search leaf at 12-iter scale."
ladder_iter11_vs_heuristic_n400,2026-05-31,river,unknown,400,checkpoints/pathb_loop/iter_11.pt,3.0,12,v2_7,200,HeuristicMCTS,,12,v2_7,200,293,101,6,181.7,19.8,17.64,/mnt/c/carc-shared/ladder_n400/iter_11_s200_h200_c30,high,"MEASUREMENT LADDER (#1) reference baseline. NeuralMCTS(iter_11 net priors + v2.7 leaf VALUE = production play config, NOT raw value head) vs HeuristicMCTS(v2.7 leaf + UCT, NO learned policy) at MATCHED sims=200. 293W/6D/101L = 74.0% = +181.7 elo / 9.2sigma over a STRONG NON-SATURATED reference -> the LEARNED POLICY beats pure heuristic search at equal compute. Consistent with the n=100 screen (+119/3.2sigma; n=400 both tightened AND rose). 3-box run consolidated onto 5800x (xeon+laptop dropped, see BACKLOG 2026-05-31 eval-CPU-bound). First trustworthy ABSOLUTE-strength signal; validates the ~+190 self-anchored gain as real strength, not drift."
ceiling_iter01_lam01_n400,2026-05-31,river,unknown,400,ceiling_probe/iter01.pt(=v25_retrain_iter01),3.0,12,v2_7+nnblend0.1,200,same(pure v2.7),3.0,12,v2_7,200,183,215,2,-27.9,17.4,5.78,/mnt/c/carc-shared/ceiling_probe/iter01_lam01,high,"Ceiling probe cell A: early net (val-corr ~0.2). NEW=0.1 NN-value blend vs OLD=pure v2.7 leaf, same net both sides. Blend HURTS -27.9 elo (-1.6sig)."
ceiling_iter11_lam01_n400,2026-05-31,river,unknown,400,pathb_loop/ckpt/iter_11.pt,3.0,12,v2_7+nnblend0.1,200,same(pure v2.7),3.0,12,v2_7,200,179,220,1,-35.7,17.5,2.32,/mnt/c/carc-shared/ceiling_probe/iter11_lam01,high,Ceiling probe cell B: late net (val-corr ~0.81). NEW=0.1 NN-value blend vs OLD=pure v2.7. Blend HURTS -35.7 elo (-2.05sig). Delta vs cell A = -7.8: blend-tolerance did NOT rise as val-corr went 0.2->0.81 => v2.7 leaf ceiling NOT liftable by value-head blending. SUPERSEDES step9_blend_lam0.1 n=30 (+23.2 was noise).
anchor_iter4_vs_iter11_n400,2026-06-01,river,unknown,400,pathb_anchor/ckpt/iter_04.pt,1.5,12,v2_7,200,pathb_anchor/warm.pt(=iter_11),1.5,12,v2_7,200,221,176,3,39.3,17.5,,/mnt/c/carc-shared/pathb_anchor/eval/iter_04_vs_8800,high,"ANCHOR-FRACTION VERDICT. iter_4 (anchor-fraction self-play, warm-chained from iter_11, anchor=iter_11 @0.3) vs iter_11, net-vs-net @ c=1.5 sims=200 (loop gate config, NOT the ladder's c=3.0). 221W/3D/176L=55.6%=+39.3 elo/2.25sigma -> REAL modest gain over iter_11; the v2.7 leaf ceiling is NOT absolute. iter_4 is the new best. n=40 per-iter gates swung 37.5-68.8% (noise on top of this small signal); resolved only at n=400."
anchor_iter6_vs_iter4_n400,2026-06-01,river,unknown,400,pathb_anchor/ckpt/iter_06.pt,1.5,12,v2_7,200,pathb_anchor/ckpt/iter_04.pt,1.5,12,v2_7,200,196,203,1,-6.1,17.5,,/mnt/c/carc-shared/pathb_anchor/eval/iter_06_vs_04,high,"Confirm-before-kill plateau check (auto, n=400). iter_6 vs iter_4 = 49.1% = EQUAL (-6 elo/-0.35sigma) -> the two best checkpoints are same strength despite n=40 iter_11 gates of 57.5 vs 68.8 => those swings were NOISE. Triggered the loop's plateau-stop at iter 6."
anchor_iter0_vs_iter5_n100,2026-06-01,river,unknown,100,pathb_anchor/ckpt/iter_00.pt,1.5,12,v2_7,200,pathb_anchor/ckpt/iter_05.pt,1.5,12,v2_7,200,46,53,1,-24.4,35.0,,/mnt/c/carc-shared/pathb_anchor/eval/iter_00_vs_8801,medium,"Floor sanity-check (n=100): iter_0 (run start) vs iter_5. 46.5% = iter_5 ~= iter_0 within noise (-0.7sigma) -> chain is NOT monotonically accumulating; checkpoints bounce (iter_4/iter_6 ~+39 over iter_11, iter_0/iter_5 ~iter_11 level). Pipeline not broken (val-corr climbed 0.18->0.81), but play-strength gain is noisy/non-monotonic."
ladder_iter4_vs_heuristic_n400,2026-06-01,river,unknown,400,pathb_anchor/ckpt/iter_04.pt,3.0,12,v2_7,200,HeuristicMCTS,,12,v2_7,200,287,110,3,165.1,19.4,20.7,/mnt/c/carc-shared/ladder_n400/iter_04_s200_h200_c30,high,"LADDER (#2) for iter_4 (anchor-fraction best), SAME config as ladder_iter11_vs_heuristic_n400 (c=3.0 sims=200 matched, seeds 600000-600399 PAIRED). 287W/3D/110L=72.1%=+165.1 elo. vs iter_11 ladder +181.7: diff -16.6 +/-27.7 = -0.6sigma = STATISTICALLY TIED (iter_4 nominally LOWER). CONTRADICTS the c=1.5 head-to-head (anchor_iter4_vs_iter11_n400: iter_4 +39/2.25sigma): the head-to-head gain did NOT translate to absolute strength => ANCHOR-OVERFITTING (iter_4 trained 30% vs iter_11, learned to beat it specifically, not generally) +/- c=1.5 artifact. anchor-fraction did NOT break the v2.7 leaf ceiling on the absolute anchor. Vindicates anchor_before_scaling: relative-vs-lineage-anchor != absolute. iter_11 remains co-strongest."
diag_iter4_vs_iter11_c30_n383,2026-06-02,river,unknown,383,pathb_anchor/ckpt/iter_04.pt,3.0,12,v2_7,200,pathb_anchor/warm.pt(=iter_11),3.0,12,v2_7,200,195,182,6,11.8,9.0,,/mnt/c/carc-shared/pathb_anchor/eval/iter_04_vs_8810,high,"CLOSURE diag (overfitting-vs-c-artifact for the dead +39). iter_4 vs iter_11 net-vs-net at c=3.0 (vs the loop gate's c=1.5). 195W/6D/182L=51.7%=+11.8 elo/+0.66sigma=TIED. The c=1.5 head-to-head was +39/2.25sigma (anchor_iter4_vs_iter11_n400); at production c=3.0 it COLLAPSES to a tie => the +39 was MOSTLY a c-puct artifact (loop gated at c=1.5 != production c=3.0), not pure overfitting. Consistent w/ ladder (iter_4~=iter_11 absolute). Stalled at 383/400 on orphaned claims (VERIFY-mode wait_for_count has no stuck-escape); 383 is enough. LESSON: gate self-play at the PRODUCTION c."
ladder_iter11_vs_heuristic_baseonly_n400,2026-06-02,base,unknown,400,pathb_loop/ckpt/iter_11.pt,3.0,12,v2_7,200,HeuristicMCTS,,12,v2_7,200,212,183,5,25.2,17.4,0.8,/mnt/c/carc-shared/rebaseline/iter_11_s200_h200_c30,high,"RE-BASELINE on the NEW base-only BUG-FIXED game (C1 farm-dedup + C2 MCTS-transposition fixes, River dropped). iter_11 vs HeuristicMCTS matched c=3.0/sims=200, seeds 700000-700399. 212W/5D/183L=53.6%=+25.2 elo/1.45sigma. COLLAPSED from the old-game +181.7 elo (ladder_iter11_vs_heuristic_n400, River+buggy): iter_11 apparent dominance was largely game-artifact (River + buggy farm scoring + off-distribution since it trained on the old game). On the REAL game the learned policy adds ~nothing over the v2.7 leaf => motivates Stage B (value-head-in-loop retrain). 3-box disjoint seed shards."
verdict_self_c3_paired_n400,2026-06-02,base,unknown,400,pathb_loop/ckpt/iter_11.pt,3.0,12,v2_7,200,pathb_loop/ckpt/iter_11.pt,3.0,12,v2_7,200,198,202,0,-3.5,17.5,,/mnt/c/carc-shared/verdictA/self_c3/eval/iter_03_vs_30,high,"PAIRING SANITY (G-M2). iter_11 vs itself, identical c=3.0, n=400 PAIRED (each deck both colors). 49.5%/z=-0.20 => harness first-player bias GONE (unpaired self-cell was 42%) and variance halved (se 2.5pp). Validates deck-pairing. Work-stealing (--shared-claim) 3-box."
verdict_c15_paired_n400,2026-06-02,base,unknown,400,pathb_loop/ckpt/iter_11.pt,1.5,12,v2_7,200,pathb_loop/ckpt/iter_11.pt,3.0,12,v2_7,200,203,185,12,15.6,17.3,,/mnt/c/carc-shared/verdictA/c15/eval/iter_15_vs_30,medium,c_puct BRACKET (paired n=400): c=1.5 vs production c=3.0. 52.2%/+15.6 elo/z=+0.90 = n.s.
verdict_c20_paired_n400,2026-06-02,base,unknown,400,pathb_loop/ckpt/iter_11.pt,2.0,12,v2_7,200,pathb_loop/ckpt/iter_11.pt,3.0,12,v2_7,200,188,208,4,-17.4,17.4,,/mnt/c/carc-shared/verdictA/c20/eval/iter_20_vs_30,high,c_puct BRACKET (paired n=400): c=2.0 vs c=3.0. 47.5%/-17.4 elo/z=-1.0 = n.s. REVERSES the wave-1 unpaired screen (c=2.0 looked +18pp) -> that was harness bias + noise (textbook lone-spike).
verdict_c25_paired_n400,2026-06-02,base,unknown,400,pathb_loop/ckpt/iter_11.pt,2.5,12,v2_7,200,pathb_loop/ckpt/iter_11.pt,3.0,12,v2_7,200,190,208,2,-15.6,17.3,,/mnt/c/carc-shared/verdictA/c25/eval/iter_25_vs_30,high,c_puct BRACKET (paired n=400): c=2.5 vs c=3.0. 47.8%/-15.6 elo/z=-0.90 = n.s. CONCLUSION across c=1.5/2.0/2.5/3.0: c_puct is FLAT -> production c=3.0 STAYS (cap=12 also flat). Work-stealing 3-box.
verdict_fpu02_paired_n200,2026-06-02,base,unknown,200,pathb_loop/ckpt/iter_11.pt,3.0,12,v2_7fpu0.2,200,pathb_loop/ckpt/iter_11.pt,3.0,12,v2_7,200,112,86,2,45.4,24.5,,/mnt/c/carc-shared/verdictA/fpu02/eval/iter_02_vs_31,medium,"FPU SCREEN (paired n=200): new side fpu_reduction=0.2 vs legacy q=0, same ckpt/c=3.0/cap=12. 56.5%/+45.4 elo/z=+1.85 => FIRST non-flat cell in the whole verdict. FPU is the live lever (unlike c_puct/cap). n=200 is a SCREEN not a verdict (z<2) -> CONFIRM at n=400 paired before promoting. fpu04 (0.4) pending."
verdict_fpu04_paired_n200,2026-06-02,base,unknown,200,pathb_loop/ckpt/iter_11.pt,3.0,12,v2_7fpu0.4,200,pathb_loop/ckpt/iter_11.pt,3.0,12,v2_7,200,108,90,2,31.4,24.5,,/mnt/c/carc-shared/verdictA/fpu04/eval/iter_04_vs_31,medium,"FPU SCREEN (paired n=200): new side fpu_reduction=0.4 vs legacy q=0, same ckpt/c=3.0/cap=12. 54.5%/+31.4 elo/z=+1.28. SECOND FPU cell, also positive -> with fpu02 (0.2:+45/z1.85) gives TWO independent positive cells, same direction => FPU is a real modest lever (the only one in the whole verdict; c_puct+cap flat). 0.2 screens slightly > 0.4 but within noise. Neither clears 2sigma alone -> CONFIRM the better value at n=400 paired (or fold into Stage-B G-S4 sweep) before promoting fpu_reduction to production."
ladder_iter11_vs_heuristic_baseonly_s800_n1143,2026-06-03,base,unknown,1143,pathb_loop/ckpt/iter_11.pt,3.0,12,v2_7,800,HeuristicMCTS,,12,v2_7,800,652,467,24,56.7,10.4,3.7,/mnt/c/carc-shared/ladder_highsim/iter11_s800_h800_c30,high,"HIGH-SIM LADDER on the clean base-only bug-fixed game (move-count~144 confirms no river). NeuralMCTS(iter_11 net priors + v2.7 leaf VALUE = production play config, NOT raw value head) vs HeuristicMCTS(v2.7 leaf+UCT, NO learned policy), MATCHED sims=800 c=3.0. 652W/24D/467L=58.1%=+56.7 elo/5.5sigma. 3-box disjoint shards, seeds 800000+. KEY: same clean-game matchup at sims=200 was only +25.2/1.45sigma (inconclusive, ladder_iter11_vs_heuristic_baseonly_n400 row). => the learned POLICY's edge over raw heuristic search GROWS with search depth (25->57 elo as sims 200->800); the policy IS real strength, it needs depth to express. NOT a contradiction with the re-baseline (different sims plane). Refutes the pessimistic 'iter_11 ~= heuristic' read, which was a sims=200-only statement. Independent re-tally of the 5800x shard alone (n=426): +51.8/17.0, consistent. Watcher b31dw5g1c auto-tally."
stage_b_iter1_vs_heuristic_baseonly_s200_n400,2026-06-04,base,unknown,400,stage_b/ckpt/iter_01.pt,3.0,12,v2_7,200,HeuristicMCTS,,12,v2_7,200,245,147,8,86.9,17.9,5.2,/mnt/c/carc-shared/stage_b/eval/iter_01_vs_heur,high,"Stage B iter_01 = clean-data lambda=0 policy retrain (warmstart iter_11, 2 iters base-only bug-fixed self-play) vs HeuristicMCTS, sims=200 c=3.0, PAIRED n=400 (5800x+laptop topup over the n=200 gate). 245W/8D/147L=62.3%=+86.9 elo/4.9sigma. CONFIRMS the n=200 screen (+86.9 exact, not noise). iter_11 baseline same plane = +25.2 -> iter_01 ~= +62 over iter_11, clears Stage-B bar (+25). LARGEST confirmed gain on the clean game = the clean-data POLICY retrain is the real win. Value-in-loop (lambda>0 iters same run) DEGRADED this to ~+35 => value head < heuristic as a self-play guide (C3 negative at current value quality). Follow-up RUN=policy_scale (lambda=0 warm-from-latest from iter_01) tests if policy climbs past +87."
scalingcurve_iter01_s100_h200_b00_base,2026-06-04,base,f792538,100,stage_b/ckpt/iter_01.pt,3.0,12,v2_7,100,HeuristicMCTS,3.0,12,v2_7,200,57,43,0,49.0,35.1,1.2,/mnt/c/carc-shared/scaling_curve/curve/s100_h200_b0,low,"Test-time scaling Curve A (2026-06-04): iter_01@100 vs FIXED heur@200. n=100 SCREEN. Curve climbs -74(s50)->+49(s100)->~+87(s200conf)->+85(s400)->+70(s800): steep rise out of search-starvation then FLAT vs the fixed weak ref. The flat TOP is a weak-reference ARTIFACT, NOT saturation (depth-scaling is OPEN; see DECISIONS 2026-06-04)."
scalingcurve_iter01_s200_h200_b00_base,2026-06-04,base,f792538,100,stage_b/ckpt/iter_01.pt,3.0,12,v2_7,200,HeuristicMCTS,3.0,12,v2_7,200,54,44,2,34.9,34.9,1.7,/mnt/c/carc-shared/scaling_curve/curve/s200_h200_b0,low,MATCHED anchor (Curve A/C s200). iter_01@200 vs heur@200. n=100 SCREEN. THIS +35 is a NOISE-LOW draw; confirmed n=400 value = +86.9 (stage_b_iter1_vs_heuristic_baseonly_s200_n400). seeds 700000+.
scalingcurve_iter01_s200_h200_b25_base,2026-06-04,base,f792538,100,stage_b/ckpt/iter_01.pt,3.0,12,v2_7+vb0.25,200,HeuristicMCTS,3.0,12,v2_7,200,52,44,4,27.9,34.9,-0.3,/mnt/c/carc-shared/scaling_curve/curve/s200_h200_b025,low,"VALUE-AT-PLAY-TIME probe (#1): iter_01@200, NN value blended into v2.7 leaf lambda=0.25, vs HeuristicMCTS@200. n=100 SCREEN. value head HURTS at play-time (lambda0.5=-123); companion to lambda0 baseline + Stage-B value-in-loop finding."
scalingcurve_iter01_s200_h200_b50_base,2026-06-04,base,f792538,100,stage_b/ckpt/iter_01.pt,3.0,12,v2_7+vb0.5,200,HeuristicMCTS,3.0,12,v2_7,200,33,67,0,-123.0,36.9,-11.5,/mnt/c/carc-shared/scaling_curve/curve/s200_h200_b05,low,"VALUE-AT-PLAY-TIME probe (#1): iter_01@200, NN value blended into v2.7 leaf lambda=0.5, vs HeuristicMCTS@200. n=100 SCREEN. value head HURTS at play-time (lambda0.5=-123); companion to lambda0 baseline + Stage-B value-in-loop finding."
scalingcurve_iter01_s200_h400_b00_base,2026-06-04,base,f792538,100,stage_b/ckpt/iter_01.pt,3.0,12,v2_7,200,HeuristicMCTS,3.0,12,v2_7,400,41,57,2,-56.1,35.2,0.4,/mnt/c/carc-shared/scaling_curve/curve/s200_h400_b0,low,Reference-hardness Curve B: iter_01@200 vs heur@400 (deeper ref). n=100 SCREEN. net@200 loses to heur@400 (-56)=compute race; noisy at n=100 (heur800=+10).
scalingcurve_iter01_s200_h800_b00_base,2026-06-04,base,f792538,100,stage_b/ckpt/iter_01.pt,3.0,12,v2_7,200,HeuristicMCTS,3.0,12,v2_7,800,50,47,3,10.4,34.8,-1.7,/mnt/c/carc-shared/scaling_curve/curve/s200_h800_b0,low,Reference-hardness Curve B: iter_01@200 vs heur@800 (deeper ref). n=100 SCREEN. net@200 loses to heur@400 (-56)=compute race; noisy at n=100 (heur800=+10).
scalingcurve_iter01_s400_h200_b00_base,2026-06-04,base,f792538,100,stage_b/ckpt/iter_01.pt,3.0,12,v2_7,400,HeuristicMCTS,3.0,12,v2_7,200,60,36,4,85.0,35.8,4.8,/mnt/c/carc-shared/scaling_curve/curve/s400_h200_b0,low,"Test-time scaling Curve A (2026-06-04): iter_01@400 vs FIXED heur@200. n=100 SCREEN. Curve climbs -74(s50)->+49(s100)->~+87(s200conf)->+85(s400)->+70(s800): steep rise out of search-starvation then FLAT vs the fixed weak ref. The flat TOP is a weak-reference ARTIFACT, NOT saturation (depth-scaling is OPEN; see DECISIONS 2026-06-04)."
scalingcurve_iter01_s50_h200_b00_base,2026-06-04,base,f792538,100,stage_b/ckpt/iter_01.pt,3.0,12,v2_7,50,HeuristicMCTS,3.0,12,v2_7,200,38,59,3,-74.1,35.5,-4.3,/mnt/c/carc-shared/scaling_curve/curve/s50_h200_b0,low,"Test-time scaling Curve A (2026-06-04): iter_01@50 vs FIXED heur@200. n=100 SCREEN. Curve climbs -74(s50)->+49(s100)->~+87(s200conf)->+85(s400)->+70(s800): steep rise out of search-starvation then FLAT vs the fixed weak ref. The flat TOP is a weak-reference ARTIFACT, NOT saturation (depth-scaling is OPEN; see DECISIONS 2026-06-04)."
scalingcurve_iter01_s800_h200_b00_base,2026-06-04,base,f792538,100,stage_b/ckpt/iter_01.pt,3.0,12,v2_7,800,HeuristicMCTS,3.0,12,v2_7,200,60,40,0,70.4,35.5,6.8,/mnt/c/carc-shared/scaling_curve/curve/s800_h200_b0,low,"Test-time scaling Curve A (2026-06-04): iter_01@800 vs FIXED heur@200. n=100 SCREEN. Curve climbs -74(s50)->+49(s100)->~+87(s200conf)->+85(s400)->+70(s800): steep rise out of search-starvation then FLAT vs the fixed weak ref. The flat TOP is a weak-reference ARTIFACT, NOT saturation (depth-scaling is OPEN; see DECISIONS 2026-06-04)."
searchval_s200_iter00_vs_heuristic_baseonly_s200_n200,2026-06-04,base,5c102d6,200,/mnt/c/carc-shared/searchval_s200/ckpt/iter_00.pt,3.0,12,v2_7,200,HeuristicMCTS,3.0,12,v2_7,200,125,71,4,96.2,25.5,3.9,/mnt/c/carc-shared/searchval_s200/eval/iter_00_vs_heur,medium,"Search-value retrain iter_00 (warm iter_01, sims=200, value_target=search_value, lambda=0) POLICY gate vs HeuristicMCTS @ blend=0 (value head NOT in leaf). Policy intact after training on root.Q value targets; consistent with iter_01 +87. Gate A (separate held-out probe): value-head corr 0.289->0.464 = overfitting FIXED."
searchval_s200_iter00_valueblend05_vs_heuristic_baseonly_s200_n200,2026-06-04,base,5c102d6,200,/mnt/c/carc-shared/searchval_s200/ckpt/iter_00.pt,3.0,12,v2_7+vb0.5,200,HeuristicMCTS,3.0,12,v2_7,200,89,110,1,-36.6,24.7,-6.6,/mnt/c/carc-shared/searchval_s200/eval/blend05,medium,"Gate B: value-blend@play lambda=0.5 (CARCASSONNE_V25_VALUE_BLEND=0.5), search-value iter_00 vs HeuristicMCTS @ sims200 paired. -36.6 elo vs iter_01's -123 at same lambda = +86 better blend behavior (head matches v2.7, no longer poisons search) but still net-negative vs lambda=0 baseline +96.2 -> head must EXCEED v2.7 to help; motivates sims=400 stronger-target run. Baseline lambda=0 = searchval_s200_iter00_vs_heuristic row."
searchval_s400_iter00_vs_heuristic_baseonly_s400_n100,2026-06-04,base,970a0fe,100,/mnt/c/carc-shared/searchval_s400/ckpt/iter_00.pt,3.0,12,v2_7,400,HeuristicMCTS,3.0,12,v2_7,400,59,39,2,70.4,35.5,4.8,/mnt/c/carc-shared/searchval_s400/eval/iter_00_vs_heur,low,"sims=400 search-value retrain iter_00 (warm iter_01, value_target=search_value@sims400, lambda=0) POLICY gate vs HeuristicMCTS @ sims400 blend=0. +70.4 (n=100, +/-35.5) consistent with +87/+96 (n=100 noise). KEY: re-Gate-A held-out value-head corr = +0.4675 (sims400) vs +0.4644 (sims200) = FLAT (within 1 SE). Higher-sims targets do NOT push the head past v2.7; ~0.47 = info ceiling of (board,scalars)->margin (matches C4a from-scratch CNN 0.469). Overfitting fix real (0.29->0.47) but sims-scaling lever to BEAT v2.7 refuted."
searchval_s400_iter00_valueblend10_purennleaf_vs_heuristic_baseonly_s200_n100,2026-06-04,base,970a0fe,100,/mnt/c/carc-shared/searchval_s400/ckpt/iter_00.pt,3.0,12,v2_7+vb1.0,200,HeuristicMCTS,3.0,12,v2_7,200,3,96,1,-576.2,94.5,-40.9,/mnt/c/carc-shared/searchval_s400/eval/blend10,medium,"Gate B lambda=1.0 = PURE NN value leaf (v2.7 fully replaced), sims400 search-value head vs HeuristicMCTS @ sims200 paired. -576.2 elo (3W/1D/96L) = CATASTROPHIC. Full blend curve: lambda0=+96, lambda0.5=-37, lambda1.0=-576 (monotone cliff). Head matches v2.7 ON-distribution (corr 0.47) but is near-random OFF-distribution (MCTS tree interior) -> cannot be a search leaf. v2.7's hand-crafted everywhere-validity is exactly what the learned net lacks. Option 1 (fast NN leaf) DEAD; Option 2 (off-dist targets) = 670-elo gap, bounded payoff -> not worth it."
searchval_tree_iter00_blend00_vs_heuristic_baseonly_s200_n100,2026-06-05,base,ee0c090,100,/tmp/svtree/ckpt/iter_00.pt,3.0,12,v2_7,200,HeuristicMCTS,3.0,12,v2_7,200,57,41,2,56.1,35.2,1.8,/mnt/c/carc-shared/searchval_tree/eval_svtree_blend_00,medium,"FLYWHEEL step 1 (interior value targets, search_value_tree) net, policy-only leaf (lambda=0). +56 vs trajectory-head searchval_s200 +96 (within ~1sigma; value-row flood may pull shared trunk toward value). Curve: l0=+56 l0.5=-24 l1.0=crater."
searchval_tree_iter00_blend05_vs_heuristic_baseonly_s200_n100,2026-06-05,base,47fd796,100,/tmp/svtree/ckpt/iter_00.pt,3.0,12,v2_7+vb0.5,200,HeuristicMCTS,3.0,12,v2_7,200,46,53,1,-24.4,34.8,-5.1,/mnt/c/carc-shared/searchval_tree/eval_svtree_blend_05,medium,"FLYWHEEL step 1 net, value-blend lambda=0.5. -24.4 = still net-negative vs lambda=0 (+56); ~ trajectory head's -37 (within noise). Interior training did NOT make the blended value an asset. held-out value-search-Q corr 0.84 (vs 0.46) did NOT translate to search usefulness -> corr is the wrong gauge (again)."
searchval_tree_iter00_blend10_purennleaf_vs_heuristic_baseonly_s200_n14partial,2026-06-05,base,47fd796,14,/tmp/svtree/ckpt/iter_00.pt,3.0,12,v2_7+vb1.0,200,HeuristicMCTS,3.0,12,v2_7,200,0,14,0,-800.0,nan,-41.4,/mnt/c/carc-shared/searchval_tree/eval_svtree_blend_10,low,"FLYWHEEL step 1 net, pure NN leaf lambda=1.0. 0W/0D/14L (PARTIAL n=14, eval killed early - verdict already clear). Catastrophic like trajectory head's -576. One-shot interior training cannot make the value fully replace the v2.7 leaf (distribution shifts when the leaf changes)."
searchval_tree_GP_iter00_blend05_vs_heuristic_baseonly_s200_n100,2026-06-05,base,e4a77ed,100,/tmp/iter_00_gp.pt,3.0,12,v2_7+vb0.5,200,HeuristicMCTS,3.0,12,v2_7,200,44,55,1,-38.4,35.0,-7.2,/mnt/c/carc-shared/searchval_tree/eval_gp_b05,medium,"FLYWHEEL step 2 (global-pooling value head, partial-warm iter_01 trunk/policy + fresh GP value head, 5ep on 822K interior data). value-blend lambda=0.5 = -38.4 ~ step-1's -24 (within noise) -> GLOBAL POOLING DID NOT HELP the value-as-leaf. corr 0.8446 ~ step-1's 0.8435 (flat). GATE FAILED (target lambda0.5>=0)."
searchval_tree_GP_iter00_blend10_purennleaf_vs_heuristic_baseonly_s200_n100,2026-06-05,base,e4a77ed,100,/tmp/svtree_gp/ckpt/iter_00.pt,3.0,12,v2_7+vb1.0,200,HeuristicMCTS,3.0,12,v2_7,200,4,96,0,-552.1,88.6,-42.0,/mnt/c/carc-shared/searchval_tree/eval_gp_b10,medium,"FLYWHEEL step 2 GP net, pure NN leaf lambda=1.0 = -552 (4W/0D/96L) ~ step-1's -576. Same crater. Global pooling changed nothing across the whole curve (lambda0.5 -38, lambda1.0 -552). 3rd value net confirming: a 0.84-outcome-corr value is not a usable MCTS leaf; not fixed by data (step1) or board-wide context (step2)."
mimic_v27_iter00_blend00_vs_heuristic_baseonly_s200_n100,2026-06-05,base,a7691e4,100,/mnt/c/carc-shared/mimic_v27/ckpt/iter_00.pt,3.0,12,v2_7+vb0.0,200,HeuristicMCTS,3.0,12,v2_7,200,49,48,3,3.5,34.7,0.1,/mnt/c/carc-shared/mimic_v27/eval/iter_00_vs_heur,medium,"STEP B.0 mimic-v2.7 (value_target=v2_7: head trained to predict the v2.7 LEAF VALUE tanh(vs2/15), warm iter_01, vlw=1.0, 400 games). lambda=0 (value head unused) = +3.5 (49W/3D/48L) ~ even; ~1.5sigma below searchval's +56 (n=100 noise; games near-identical between runs). Policy ~iter_01 level."
mimic_v27_iter00_blend05_vs_heuristic_baseonly_s200_n100,2026-06-05,base,a7691e4,100,/mnt/c/carc-shared/mimic_v27/ckpt/iter_00.pt,3.0,12,v2_7+vb0.5,200,HeuristicMCTS,3.0,12,v2_7,200,42,53,5,-38.4,35.0,-6.6,/mnt/c/carc-shared/mimic_v27/eval_b05,medium,"STEP B.0 mimic-v2.7 lambda=0.5 = -38.4 (42W/5D/53L) ~ searchval -24 / GP -38. Even a head trained on the OPTIMAL target (v2.7 itself, which ranks siblings at tau=0.60) fails the blend gate. KEY: decision-ranking probe tau_net=+0.088 (=chance, =searchval's 0.081) DESPITE global corr 0.86 -> MSE regression cannot produce a sibling-ranker REGARDLESS of target -> the LOSS FORM is the problem, not the target."
mimic_v27_iter00_blend10_purennleaf_vs_heuristic_baseonly_s200_n100,2026-06-05,base,a7691e4,100,/mnt/c/carc-shared/mimic_v27/ckpt/iter_00.pt,3.0,12,v2_7+vb1.0,200,HeuristicMCTS,3.0,12,v2_7,200,3,97,0,-603.9,101.8,-36.8,/mnt/c/carc-shared/mimic_v27/eval_b10,medium,"STEP B.0 mimic-v2.7 pure NN leaf lambda=1.0 = -603.9 (3W/0D/97L) ~ searchval -576 / GP -552. Same crater. 4th value net confirming value-as-leaf failure; FIRST to isolate the cause to the LOSS FORM (mimic the optimal v2.7 target under MSE -> still tau=chance 0.088 -> ranking loss is mandatory, STEP B.1)."
rank_a05t01_blend05_vs_heuristic_baseonly_s200_n200,2026-06-05,base,88a5b5e,200,/mnt/c/carc-shared/rank_sweep/ckpt/a05t01.pt,3.0,12,v2_7+rankL_a0.5_t0.1+vb0.5,200,HeuristicMCTS,3.0,12,v2_7,200,101,97,2,6.9,24.6,-2.4,/mnt/c/carc-shared/rank_sweep/eval_a05t01_b05,medium,"STEP B.1 listwise sibling-ranking loss (alpha=0.5,temp=0.1), only COMPLETE sweep config. lambda=0.5 ABSOLUTE=+6.9 but MARGINAL (lambda0.5 - lambda0[+64]) = -67 -> value head STILL HURTS the blend. Best of the sweep vs pure-MSE marginal -80/-94 (helps) but NOT an asset (marginal<0). Judge by marginal not absolute (the +6.9 is policy-confounded + within noise). Others partial at compaction."
rank_a05t01_blend10_purennleaf_vs_heuristic_baseonly_s200_n200,2026-06-05,base,88a5b5e,200,/mnt/c/carc-shared/rank_sweep/ckpt/a05t01.pt,3.0,12,v2_7+rankL_a0.5_t0.1+vb1.0,200,HeuristicMCTS,3.0,12,v2_7,200,22,177,1,-358.8,38.9,-29.7,/mnt/c/carc-shared/rank_sweep/eval_a05t01_b10,medium,"STEP B.1 ranking-loss net, pure NN leaf lambda=1.0 = -358.8 (22W/1D/177L). Crater SHRANK ~250 elo vs prior MSE heads (-576/-604) -> the ranking loss DID improve leaf quality, but the pure NN leaf is still far below v2.7. Consistent with 'helps but insufficient'."
lever1_residual_s0_baseline_vs_heuristic_baseonly_s200_n200,2026-06-06,base,b358839,200,/mnt/c/carc-shared/lever_seq/ckpt/residual.pt,3.0,12,v2_7+resid_s0,200,HeuristicMCTS,3.0,12,v2_7,200,106,90,4,27.9,25.0,1.93,/mnt/c/carc-shared/lever_seq/eval_residual_s0,medium,"Lever 1 (predict-v2.7+residual) BASELINE: residual-net priors + PURE v2.7 leaf (scale=0). The paired baseline for the residual marginal (seed 700000)."
lever1_residual_s025_vs_heuristic_baseonly_s200_n200,2026-06-06,base,b358839,200,/mnt/c/carc-shared/lever_seq/ckpt/residual.pt,3.0,12,v2_7+resid_s0.25,200,HeuristicMCTS,3.0,12,v2_7,200,125,71,4,96.2,26.0,5.08,/mnt/c/carc-shared/lever_seq/eval_residual_s025,medium,"Lever 1 WINNER (SCREEN): leaf = v2.7 + 0.25*Delta, head predicts Delta=searchQ-v2.7. MARGINAL vs scale0 = +68.3 (z=1.93) -> FIRST asset-positive learned value leaf (vs -24/-38/-67 for all prior MSE/ranking approaches). Inverted-U (scale0.5 also +ve). n=400 confirmation (seed 800000) IN FLIGHT before flywheel."
lever1_residual_s05_vs_heuristic_baseonly_s200_n200,2026-06-06,base,b358839,200,/mnt/c/carc-shared/lever_seq/ckpt/residual.pt,3.0,12,v2_7+resid_s0.5,200,HeuristicMCTS,3.0,12,v2_7,200,121,76,3,79.5,25.0,4.63,/mnt/c/carc-shared/lever_seq/eval_residual_s05,medium,"Lever 1 scale=0.5: marginal +51.6 (z=1.5), also positive. Inverted-U peak near scale~0.25. Two consistent +ve scales = real signal, not a lone spike (the a30t03 lesson)."
lever2_centered_b0_baseline_vs_heuristic_baseonly_s200_n200,2026-06-06,base,b358839,200,/mnt/c/carc-shared/lever_seq/ckpt/centered.pt,3.0,12,v2_7+centered_vb0,200,HeuristicMCTS,3.0,12,v2_7,200,104,91,5,22.6,25.0,2.29,/mnt/c/carc-shared/lever_seq/eval_centered_b0,medium,"Lever 2 (per-node-centered MSE, beta=1.0) BASELINE: centered-net priors + pure v2.7 leaf. Paired baseline (seed 700000)."
lever2_centered_b05_vs_heuristic_baseonly_s200_n161,2026-06-06,base,b358839,161,/mnt/c/carc-shared/lever_seq/ckpt/centered.pt,3.0,12,v2_7+centered_vb0.5,200,HeuristicMCTS,3.0,12,v2_7,200,72,89,0,-36.8,28.0,-7.09,/mnt/c/carc-shared/lever_seq/eval_centered_b05,low,"Lever 2 lambda=0.5: MARGINAL vs b0 = -62 (value HURTS). n=161 (eval stopped early; verdict clear, freed laptop for the L1 confirmation). Centering did NOT make value an asset; Lever 1 (residual) is the winner."
lever1_residual_s0_confirm_vs_heuristic_baseonly_s200_n400,2026-06-06,base,b358839,400,/mnt/c/carc-shared/lever_seq/ckpt/residual.pt,3.0,12,v2_7+resid_s0,200,HeuristicMCTS,3.0,12,v2_7,200,217,180,3,32.2,17.0,1.56,/mnt/c/carc-shared/lever_seq/confirm_residual_s0_n400,high,"Lever 1 CONFIRMATION baseline (independent seed 800000, n=400): residual-net priors + pure v2.7 leaf = +32.2. Consistent with the screen's scale0 +27.9."
lever1_residual_s025_confirm_vs_heuristic_baseonly_s200_n400,2026-06-06,base,b358839,400,/mnt/c/carc-shared/lever_seq/ckpt/residual.pt,3.0,12,v2_7+resid_s0.25,200,HeuristicMCTS,3.0,12,v2_7,200,233,156,11,67.7,18.0,3.25,/mnt/c/carc-shared/lever_seq/confirm_residual_s025_n400,high,"Lever 1 CONFIRMED (independent seed 800000, n=400): leaf=v2.7+0.25*Delta = +67.7. MARGINAL vs scale0 = +35.5 +/- 25 (z=1.43); screen was +68.3 -> regression to mean (screen high). POOLED (screen n200 + confirm n400, independent seeds) = +46.5 +/- 20, z=2.29 -> residual value is a REAL (modest) ASSET, confirmed across 2 seed sets + the inverted-U. FIRST positive-marginal learned value leaf. Mechanism win (value helps search), NOT yet a strength win (in-ecosystem vs HeuristicMCTS; out-of-lineage odometer untested). Next: flywheel to compound."
rank_a05t03_blend05_vs_heuristic_baseonly_s200_n200,2026-06-06,base,88a5b5e,200,/mnt/c/carc-shared/rank_sweep/ckpt/a05t03.pt,3.0,12,v2_7+rankL_a0.5_t0.3+vb0.5,200,HeuristicMCTS,3.0,12,v2_7,200,98,97,5,1.7,24.6,-3.85,/mnt/c/carc-shared/rank_sweep/eval_a05t03_b05,medium,"STEP B.1 sweep config alpha=0.5,temp=0.3. lambda=0.5 ABSOLUTE=+1.7; MARGINAL (lambda0.5 - own lambda0) = -66.9 -> value still HURTS. Full sweep best marginal = a30t01 -21.0; ALL 6 configs negative -> ranking loss helps (vs pure-MSE -80/-94) but no config clears marginal>=0. SUPERSEDED by Lever 1 (residual) which reached marginal +46.5 (z=2.29)."
rank_a10t01_blend05_vs_heuristic_baseonly_s200_n200,2026-06-06,base,88a5b5e,200,/mnt/c/carc-shared/rank_sweep/ckpt/a10t01.pt,3.0,12,v2_7+rankL_a1.0_t0.1+vb0.5,200,HeuristicMCTS,3.0,12,v2_7,200,99,98,3,1.7,24.6,-1.74,/mnt/c/carc-shared/rank_sweep/eval_a10t01_b05,medium,"STEP B.1 sweep config alpha=1.0,temp=0.1. lambda=0.5 ABSOLUTE=+1.7; MARGINAL (lambda0.5 - own lambda0) = -61.5 -> value still HURTS. Full sweep best marginal = a30t01 -21.0; ALL 6 configs negative -> ranking loss helps (vs pure-MSE -80/-94) but no config clears marginal>=0. SUPERSEDED by Lever 1 (residual) which reached marginal +46.5 (z=2.29)."
rank_a10t03_blend05_vs_heuristic_baseonly_s200_n200,2026-06-06,base,88a5b5e,200,/mnt/c/carc-shared/rank_sweep/ckpt/a10t03.pt,3.0,12,v2_7+rankL_a1.0_t0.3+vb0.5,200,HeuristicMCTS,3.0,12,v2_7,200,109,87,4,38.4,24.7,-0.51,/mnt/c/carc-shared/rank_sweep/eval_a10t03_b05,medium,"STEP B.1 sweep config alpha=1.0,temp=0.3. lambda=0.5 ABSOLUTE=+38.4; MARGINAL (lambda0.5 - own lambda0) = -26.7 -> value still HURTS. Full sweep best marginal = a30t01 -21.0; ALL 6 configs negative -> ranking loss helps (vs pure-MSE -80/-94) but no config clears marginal>=0. SUPERSEDED by Lever 1 (residual) which reached marginal +46.5 (z=2.29)."
rank_a30t01_blend05_vs_heuristic_baseonly_s200_n200,2026-06-06,base,88a5b5e,200,/mnt/c/carc-shared/rank_sweep/ckpt/a30t01.pt,3.0,12,v2_7+rankL_a3.0_t0.1+vb0.5,200,HeuristicMCTS,3.0,12,v2_7,200,104,95,1,15.6,24.6,-0.87,/mnt/c/carc-shared/rank_sweep/eval_a30t01_b05,medium,"STEP B.1 sweep config alpha=3.0,temp=0.1. lambda=0.5 ABSOLUTE=+15.6; MARGINAL (lambda0.5 - own lambda0) = -21.0 -> value still HURTS. Full sweep best marginal = a30t01 -21.0; ALL 6 configs negative -> ranking loss helps (vs pure-MSE -80/-94) but no config clears marginal>=0. SUPERSEDED by Lever 1 (residual) which reached marginal +46.5 (z=2.29)."
rank_a30t03_blend05_vs_heuristic_baseonly_s200_n200,2026-06-06,base,88a5b5e,200,/mnt/c/carc-shared/rank_sweep/ckpt/a30t03.pt,3.0,12,v2_7+rankL_a3.0_t0.3+vb0.5,200,HeuristicMCTS,3.0,12,v2_7,200,92,106,2,-24.4,24.6,-2.77,/mnt/c/carc-shared/rank_sweep/eval_a30t03_b05,medium,"STEP B.1 sweep config alpha=3.0,temp=0.3. lambda=0.5 ABSOLUTE=-24.4; MARGINAL (lambda0.5 - own lambda0) = -93.0 -> value still HURTS. Full sweep best marginal = a30t01 -21.0; ALL 6 configs negative -> ranking loss helps (vs pure-MSE -80/-94) but no config clears marginal>=0. SUPERSEDED by Lever 1 (residual) which reached marginal +46.5 (z=2.29)."
flywheel_residual_iter1_s025_vs_heuristic_baseonly_s200_n300,2026-06-07,base,cd853b1,300,/mnt/c/carc-shared/flywheel_residual/ckpt/iter1.pt,3.0,12,v2_7+resid_s0.25+flywheel_it1,200,HeuristicMCTS,3.0,12,v2_7,200,177,120,3,66.8,20.0,0,/mnt/c/carc-shared/flywheel_residual/gate/iter1_s025,medium,"Lever 3 residual FLYWHEEL iter1 (warm from iter0 best, residual leaf scale0.25 in self-play, value_target=residual, 400 games 3-box). scale0.25=+66.8 vs iter0 baseline +116.5 -> REGRESSED -50 (scale0 also dropped +75->+35: the co-adaptation train DESTABILIZED the policy). marginal +31.9 (residual still helps). Rejected by keep-best."
flywheel_residual_iter2_s025_vs_heuristic_baseonly_s200_n300,2026-06-07,base,cd853b1,300,/mnt/c/carc-shared/flywheel_residual/ckpt/iter2.pt,3.0,12,v2_7+resid_s0.25+flywheel_it2,200,HeuristicMCTS,3.0,12,v2_7,200,200,96,4,125.7,21.0,0,/mnt/c/carc-shared/flywheel_residual/gate/iter2_s025,medium,"Lever 3 residual FLYWHEEL iter2 (warm from iter0 best again, since iter1 rejected). scale0.25=+125.7 vs iter0 +116.5 = +9.2 (< +12 keep margin, within n=300 noise +-21 = TIED). marginal +46.8. PLATEAU (2 flat iters) -> flywheel STOPPED, best=iter0. VERDICT: the residual gain does NOT compound via flywheel; it is a confirmed STATIC asset. Marginal stable +41/+32/+47 across iter0/1/2 gates + 3 seeds (700k/800k/900k) = residual value robustly helps ~+45, but co-adaptation neither grows it nor the policy (scale0 flat +75/+35/+79). NEXT: out-of-lineage odometer on iter0 best before any strength claim (in-ecosystem gate may overstate)."
odometer_residual_s025_h200_n120,2026-06-07,base,484dcfa,120,/mnt/c/carc-shared/lever_seq/ckpt/residual.pt,3.0,12,v2_7+resid_s0.25,200,HeuristicMCTS,3.0,12,v2_7,200,77,42,1,104.4,33.0,0,/mnt/c/carc-shared/odometer_residual/resid_s025/h200,medium,"Out-of-lineage ODOMETER (asymmetric ladder, seed 950k). Residual net @ heur@200: +104.4. vs scale0 (pure v2.7, same net) +40.7 -> residual margin +63.6."
odometer_residual_s025_h800_n120,2026-06-07,base,484dcfa,120,/mnt/c/carc-shared/lever_seq/ckpt/residual.pt,3.0,12,v2_7+resid_s0.25,200,HeuristicMCTS,3.0,12,v2_7,800,55,65,0,-29.0,32.0,0,/mnt/c/carc-shared/odometer_residual/resid_s025/h800,medium,"ODOMETER heur@800 (4x deeper, OUT-OF-LINEAGE): residual -29.0 vs scale0 -76.5 -> margin +47.5 (z~1). THE KEY RESULT: the residual gain SURVIVES a deeper opponent it was never gated against -> NOT ecosystem-overfit (consistent with the n=300-400 +45 confirmation)."
odometer_residual_s025_h3200_n120,2026-06-07,base,484dcfa,120,/mnt/c/carc-shared/lever_seq/ckpt/residual.pt,3.0,12,v2_7+resid_s0.25,200,HeuristicMCTS,3.0,12,v2_7,3200,52,65,3,-37.8,32.0,0,/mnt/c/carc-shared/odometer_residual/resid_s025/h3200,medium,"ODOMETER heur@3200 (16x deeper): residual -37.8 vs scale0 -20.3 -> margin -17.5 (within noise of 0 at n=120, sigma~45): the residual benefit WASHES OUT vs a vastly deeper searcher. CROSSOVER (heur-equiv depth, wr=0.5): residual net ~588 vs pure-policy ~325 -> the residual ~doubles heur-equiv depth = a REAL modest strength gain, but the net still loses to heur@800+ (ceiling RAISED ~1 doubling, NOT broken). Verdict: residual = validated modest gain, not ecosystem illusion, not superhuman."
r1_iter01_vs_heuristic_v27leaf_baseonly_s200_n400,2026-06-07,base,d472d10a,400,/mnt/carc-shared/stage_b/ckpt/iter_01.pt,3.0,12,v2_7,200,HeuristicMCTS,3.0,12,v2_7,200,225,170,5,48.1,17.5,4.8,/mnt/c/carc-shared/r1_heurv27/iter01_s200_h200_c30_heurv2_7,high,"R1 CORRECTION: iter_01 vs HeuristicMCTS with the MATCHED v2.7 leaf (--heur-leaf v2_7), seeds 700000+ paired, 3-box. 225W/5D/170L=56.9%=+48.1 elo/2.7sigma. The baseline stage_b_iter1_vs_heuristic (+86.9) ran the v1 leaf on the opponent (mcts.py:298-304) despite docstrings claiming v2.7 -> matching the leaf costs ~39 elo (45pct of the headline). Learned POLICY edge over matched-leaf heuristic search is REAL but ~half the headline: +48 not +87. n=70 early read -55 was small-n noise (regressed up). Patch d472d10."
cleaneval_r1_leafgap_heurv2_7_vs_v1_s200_n400,2026-06-07,base,1973fc1,400,HeuristicMCTS-v2_7,3.0,12,v2_7,200,HeuristicMCTS-v1,3.0,,v1,200,181,209,10,-24.4,16.5,-1.85,/mnt/c/carc-shared/clean_eval_runs/r1_leafgap_heur_v2_7_vs_v1_s200,inconclusive,"CLEAN-EVAL #1 PURE LEAF GAP (no net): HeuristicMCTS v2.7(cap=12) vs v1, n=400 paired clean 1e9 seeds. v2.7 LOSES -24.4 elo (z=1.5, inconclusive but leans v2.7-WEAKER). CONTRADICTS the implied +39 leaf inflation from R1; reconciled by non-transitivity. Provenance runtime-verified."
cleaneval_r2_iter11_vs_heurv2_7_s200_n400,2026-06-07,base,1973fc1,400,/mnt/c/carc-shared/pathb_loop/ckpt/iter_11.pt,3.0,12,v2_7,200,HeuristicMCTS,3.0,12,v2_7,200,248,147,5,89.7,17.2,4.97,/mnt/c/carc-shared/clean_eval_runs/r2_iter11_vs_heurv2_7_s200,high,"CLEAN-EVAL #2: iter_11 vs MATCHED v2.7 yardstick, n=400 paired clean. +89.7 elo/z=5.2 RESOLVED. Old base-only vs-v1 was +25.2/z=1.45 (inconclusive) -> matching to v2.7 INCREASED the margin (v2.7 easier for iter_11). River+buggy +181.7 INVALIDATED."
cleaneval_r3_stageb_iter01_vs_heurv2_7_s200_n400,2026-06-07,base,1973fc1,400,/mnt/c/carc-shared/stage_b/ckpt/iter_01.pt,3.0,12,v2_7,200,HeuristicMCTS,3.0,12,v2_7,200,216,176,8,34.9,17.8,2.245,/mnt/c/carc-shared/clean_eval_runs/r3_stageb_iter01_vs_heurv2_7_s200,medium,"CLEAN-EVAL #3: Stage-B iter_01 vs matched v2.7, clean rerun of the +48.1 R1-correction cell. +34.9/z=2.0 (real, marginal ~2sigma). Consistent with +48.1 within noise. Directionally survives, ~40pct of the +86.9 v1-headline."
cleaneval_r4_residual_rs0_vs_heurv2_7_s200_n400,2026-06-07,base,1973fc1,400,/mnt/c/carc-shared/lever_seq/ckpt/residual.pt,3.0,12,v2_7_rs0,200,HeuristicMCTS,3.0,12,v2_7,200,231,167,2,56.1,16.6,3.49,/mnt/c/carc-shared/clean_eval_runs/r4_residual_rs0_vs_heurv2_7_s200,high,"CLEAN-EVAL #4a: residual net, residual_scale=0 (value head OFF = pure-v2.7 policy control) vs matched v2.7. +56.1/z=3.4 RESOLVED. Baseline for the value-head marginal."
cleaneval_r5_residual_rs025_vs_heurv2_7_s200_n400,2026-06-07,base,1973fc1,400,/mnt/c/carc-shared/lever_seq/ckpt/residual.pt,3.0,12,v2_7_rs025,200,HeuristicMCTS,3.0,12,v2_7,200,242,148,10,83.2,16.9,5.32,/mnt/c/carc-shared/clean_eval_runs/r5_residual_rs025_vs_heurv2_7_s200,high,"CLEAN-EVAL #5/#4b: residual net, residual_scale=0.25 (value head ON, R7 runtime-verified fired) vs matched v2.7. +83.2/z=4.9. MARGINAL vs scale0 (#4a) deck-paired = +0.0375 wr/z=1.30 ~+26 elo INCONCLUSIVE at n=400 (old +45 NOT cleanly reproduced; needs n~900-1500 top-up)."
cleaneval_r4_residual_rs0_vs_heurv2_7_s200_n1200,2026-06-08,base,4d43c79,1200,/mnt/c/carc-shared/lever_seq/ckpt/residual.pt,3.0,12,v2_7_rs0,200,HeuristicMCTS,3.0,12,v2_7,200,698,486,16,62.0,9.8,4.0,/mnt/c/carc-shared/clean_eval_runs/r4_residual_rs0_vs_heurv2_7_s200,high,CLEAN-EVAL TOP-UP #4a n=1200: residual scale-0 (value head OFF) vs matched v2.7. +62.0/z=6.3. Baseline for the CL-004 marginal. Supersedes the n400 screen.
cleaneval_r5_residual_rs025_vs_heurv2_7_s200_n1200,2026-06-08,base,4d43c79,1200,/mnt/c/carc-shared/lever_seq/ckpt/residual.pt,3.0,12,v2_7_rs025,200,HeuristicMCTS,3.0,12,v2_7,200,757,422,21,99.6,9.8,5.9,/mnt/c/carc-shared/clean_eval_runs/r5_residual_rs025_vs_heurv2_7_s200,high,CLEAN-EVAL TOP-UP #5 n=1200: residual scale-0.25 (value head ON) vs matched v2.7. +99.6/z=10.2. MARGINAL vs scale0 (r4) deck-paired = +0.0512 wr / z=2.98 ~ +37.6 elo -> CL-004 RESOLVED Supported (the n400 +26/z=1.30 was underpowered). PROTOCOL_001 PASS.
cleaneval_t1_iter11_vs_heurv1_s200_n400,2026-06-08,base,4d43c79,400,/mnt/c/carc-shared/pathb_loop/ckpt/iter_11.pt,3.0,12,v2_7,200,HeuristicMCTS-v1,3.0,,v1,200,216,175,9,35.7,17.0,2.1,/mnt/c/carc-shared/clean_eval_runs/t1_iter11_vs_heurv1_s200,high,"CLEAN-EVAL TOP-UP non-transitivity: iter_11 (net, v2.7 leaf) vs HeuristicMCTS-v1. +35.7/z=2.1 (clean; old contaminated +25.2). Pairs with r2 (+89.7 vs v2.7): Delta(v2.7-v1)=+54 z=2.29 (v2.7 easier)."
cleaneval_t2_stageb_iter01_vs_heurv1_s200_n400,2026-06-08,base,4d43c79,400,/mnt/c/carc-shared/stage_b/ckpt/iter_01.pt,3.0,12,v2_7,200,HeuristicMCTS-v1,3.0,,v1,200,208,180,12,24.4,17.0,1.7,/mnt/c/carc-shared/clean_eval_runs/t2_stageb_iter01_vs_heurv1_s200,high,CLEAN-EVAL TOP-UP non-transitivity: Stage-B iter_01 vs HeuristicMCTS-v1. +24.4/z=1.4 (clean; old contaminated +86.9 = 62-elo gap -> CL-012 strengthened). Pairs with r3 (+34.9 vs v2.7): Delta=+10 z=0.46 n.s. -> SAME sign as iter_11 -> non-transitivity OVERTURNED (CL-016).
cleaneval_h2h_residual_rs025_vs_iter11_s200_n1500,2026-06-08,base,702781e,1500,/mnt/c/carc-shared/lever_seq/ckpt/residual.pt,3.0,12,v2_7_rs025,200,/mnt/c/carc-shared/pathb_loop/ckpt/iter_11.pt,3.0,12,v2_7,200,815,668,17,34.2,8.5,0.41,/mnt/c/carc-shared/h2h_runs/residual_rs025_vs_iter11_s200,high,"PROTOCOL_002 head-to-head: residual@0.25 (value head ON) vs iter_11, deck-paired, seed 1e9, matched v2.7. n=400 +29.6/z=1.77 IN (1.3,2) band -> pre-registered escalation -> n=1500 +34.2/z=4.00 = residual_wins. Independently re-tallied (matches orchestrator). CL-002 falsified, CL-017 residual=strongest agent (Supported, in-ecosystem). Production fold-in (CL-005) still gated on out-of-lineage odometer."
flywheel_v2_odo_iter0_vs_heur800_v27_n200,2026-06-08,base,61e4fcc,200,/mnt/c/carc-shared/lever_seq/ckpt/residual.pt,3.0,12,v2_7_rs025,200,HeuristicMCTS,3.0,12,v2_7,800,113,83,4,52.5,23.5,3.10,/mnt/c/carc-shared/flywheel_residual_v2/odo/odo_iter0,high,"Track-B flywheel attempt#1 OUT-OF-LINEAGE odometer baseline: iter0 (=residual net) best@scale0.25 vs heur@800-v2.7, n=200 paired, clean seed 1.5e9, deck-paired sigma. +52.5/z=2.23. The bar the flywheel must beat to show out-of-lineage compounding (CL-011)."
flywheel_v2_odo_best_iter1_vs_heur800_v27_n200,2026-06-08,base,61e4fcc,200,/mnt/c/carc-shared/flywheel_residual_v2/ckpt/iter1.pt,3.0,12,v2_7_rs025,200,HeuristicMCTS,3.0,12,v2_7,800,110,87,3,40.1,24.8,3.65,/mnt/c/carc-shared/flywheel_residual_v2/odo/odo_best_iter1,high,"Track-B flywheel attempt#1 OUT-OF-LINEAGE VERDICT: best.pt(=iter1, flywheel-selected best, in-lineage gate +106.6 vs heur@200) vs heur@800-v2.7, n=200 paired, SAME decks as iter0 (seed 1.5e9). +40.1; deck-PAIRED delta vs iter0 = -12.4 elo / z=-0.42 = WASH (B<=A). The in-lineage +30 gate climb did NOT transfer = overfit to heur@200 -> CL-011 stays Disfavored. Recovered via odo_oneshot.sh after the plateau-break skipped the in-loop odometer (bug D-S7)."
flywheel_v2_odo_iter3hw_vs_heur800_v27_n200,2026-06-08,base,61e4fcc,200,/mnt/c/carc-shared/flywheel_residual_v2/ckpt/iter3.pt,3.0,12,v2_7_rs025,200,HeuristicMCTS,3.0,12,v2_7,800,117,79,4,66.8,24.8,4.19,/mnt/c/carc-shared/flywheel_residual_v2/odo/odo_iter3_hw,high,"Track-B flywheel attempt#1 HIGH-WATER odometer: iter3.pt (in-lineage gate 116.2, the actual high-water that the +15 keep-margin REJECTED) vs heur@800-v2.7, n=200 paired, SAME decks (seed 1.5e9). +66.8 = STRONGEST of the 3 nets out-of-lineage. deck-PAIRED: iter3-iter0=+14.3/z=0.49, iter3-best=+26.7/z=0.72, BOTH within noise. CL-011 still Disfavored: +14.3 cum over 3 iters = +4.8/iter << charter +15/iter bar (fails regardless of sig). NUANCE: keep-best gated on the noisy in-lineage gate mis-selected (kept iter1 +40.1, discarded iter3 +66.8); in-lineage gate DISCORDANT with out-of-lineage (iter1 +30 in/-12 out vs iter0)."
flywheel2_cum_iter0_vs_heur800_v27_n200,2026-06-10,base,7d87ed0,200,/mnt/c/carc-shared/lever_seq/ckpt/residual.pt,3.0,12,v2_7_rs025,200,HeuristicMCTS,3.0,12,v2_7,800,105,92,3,22.62,25.5,2.28,/mnt/c/carc-shared/flywheel_residual_attempt2/cumulative/cum_it0,high,"Track-B flywheel attempt#2 5v0 CUMULATIVE ANCHOR baseline: iter0 (=residual net) vs heur@800-v2.7, paired clean band 1.5e9. The fixed reference iter5 is measured against."
flywheel2_cum_iter5_vs_heur800_v27_n200,2026-06-10,base,7d87ed0,200,/mnt/c/carc-shared/flywheel_residual_attempt2/ckpt/iter5.pt,3.0,12,v2_7_rs025,200,HeuristicMCTS,3.0,12,v2_7,800,117,81,2,63.23,22.2,4.58,/mnt/c/carc-shared/flywheel_residual_attempt2/cumulative/cum_it5,high,"Track-B flywheel attempt#2 5v0 CUMULATIVE ANCHOR: champion iter5 (lineage iter0->2->4->5) vs heur@800-v2.7, SAME decks as iter0 (band 1.5e9). DECK-PAIRED Delta(iter5-iter0)=40.61 elo / z=1.26 / ndecks=100. Answers compounding-vs-RPS for the marginal chain (per-iter sel Deltas are new-vs-prev-champ on rotating bands, do NOT compose). Verdict: partial. iter6 AND iter7 then REJECTED vs iter5 (climb stalled at iter5)."
flywheel2_SEALED_iter0_vs_heur800_v27_n400,2026-06-10,base,15cd591,400,/mnt/c/carc-shared/lever_seq/ckpt/residual.pt,3.0,12,v2_7_rs025,200,HeuristicMCTS,3.0,12,v2_7,800,193,203,4,-8.69,16.3,0.52,/mnt/c/carc-shared/flywheel_residual_attempt2/odo/sealed_iter0,high,"Track-B flywheel attempt#2 SEALED held-out baseline: iter0 (residual net) vs heur@800-v2.7, band 1.7e9 (never used in selection), n=400 paired."
flywheel2_SEALED_champ_iter8_vs_heur800_v27_n400,2026-06-10,base,15cd591,400,/mnt/c/carc-shared/flywheel_residual_attempt2/best.pt,3.0,12,v2_7_rs025,200,HeuristicMCTS,3.0,12,v2_7,800,232,165,3,58.75,17.4,3.76,/mnt/c/carc-shared/flywheel_residual_attempt2/odo/sealed_champ,high,"Track-B flywheel attempt#2 SEALED HEADLINE VERDICT: champion iter8 (lineage iter0->2->4->5->8, plateaued since iter5) vs heur@800-v2.7, SAME held-out decks as iter0 (band 1.7e9). DECK-PAIRED Delta(iter8-iter0)=67.44 elo / z=2.73 / ndecks=200 = SIGNIFICANT. The properly-powered final word on CL-011 cumulative gain (cf 5v0 iter5 +40.6/z1.26 n=200). Flywheel STOPPED at iter10 (plateau); iters 11-12 skipped."
stageB_decomp_iter0_s0_vs_heur800_v27_n200,2026-06-10,base,88029ef,200,/mnt/c/carc-shared/lever_seq/ckpt/residual.pt,3.0,12,v2_7_rss0,200,HeuristicMCTS,3.0,12,v2_7,800,100,94,6,10.4,24.6,-0.11,/mnt/c/carc-shared/decomp/stageB/sb_iter0_s0,high,"Stage-B plateau decomp: iter0 POLICY-ONLY (residual scale 0) vs heur@800-v2.7, band 2.0e9. Decomp verdict: full lineage gain iter0->iter8 (+46.4 paired) is ~95% POLICY (policy-only climb +43.9); residual = static ~+22 additive, non-growing, locally inert (Stage A). Policy plateaus at iter5. CL-011 compounding FALSE."
stageB_decomp_iter0_s025_vs_heur800_v27_n200,2026-06-10,base,88029ef,200,/mnt/c/carc-shared/lever_seq/ckpt/residual.pt,3.0,12,v2_7_rss025,200,HeuristicMCTS,3.0,12,v2_7,800,108,89,3,33.1,24.6,1.5,/mnt/c/carc-shared/decomp/stageB/sb_iter0_s025,high,"Stage-B plateau decomp: iter0 residual-on (scale 0.25) vs heur@800-v2.7, band 2.0e9. Decomp verdict: full lineage gain iter0->iter8 (+46.4 paired) is ~95% POLICY (policy-only climb +43.9); residual = static ~+22 additive, non-growing, locally inert (Stage A). Policy plateaus at iter5. CL-011 compounding FALSE."
stageB_decomp_iter5_s0_vs_heur800_v27_n200,2026-06-10,base,88029ef,200,/mnt/c/carc-shared/flywheel_residual_attempt2/ckpt/iter5.pt,3.0,12,v2_7_rss0,200,HeuristicMCTS,3.0,12,v2_7,800,114,84,2,52.5,24.6,3.31,/mnt/c/carc-shared/decomp/stageB/sb_iter5_s0,high,"Stage-B plateau decomp: iter5 POLICY-ONLY (residual scale 0) vs heur@800-v2.7, band 2.0e9. Decomp verdict: full lineage gain iter0->iter8 (+46.4 paired) is ~95% POLICY (policy-only climb +43.9); residual = static ~+22 additive, non-growing, locally inert (Stage A). Policy plateaus at iter5. CL-011 compounding FALSE."
stageB_decomp_iter5_s025_vs_heur800_v27_n200,2026-06-10,base,88029ef,200,/mnt/c/carc-shared/flywheel_residual_attempt2/ckpt/iter5.pt,3.0,12,v2_7_rss025,200,HeuristicMCTS,3.0,12,v2_7,800,116,81,3,61.4,24.6,3.96,/mnt/c/carc-shared/decomp/stageB/sb_iter5_s025,high,"Stage-B plateau decomp: iter5 residual-on (scale 0.25) vs heur@800-v2.7, band 2.0e9. Decomp verdict: full lineage gain iter0->iter8 (+46.4 paired) is ~95% POLICY (policy-only climb +43.9); residual = static ~+22 additive, non-growing, locally inert (Stage A). Policy plateaus at iter5. CL-011 compounding FALSE."
stageB_decomp_iter8_s0_vs_heur800_v27_n200,2026-06-10,base,88029ef,200,/mnt/c/carc-shared/flywheel_residual_attempt2/ckpt/iter8.pt,3.0,12,v2_7_rss0,200,HeuristicMCTS,3.0,12,v2_7,800,114,83,3,54.3,24.6,3.63,/mnt/c/carc-shared/decomp/stageB/sb_iter8_s0,high,"Stage-B plateau decomp: iter8 POLICY-ONLY (residual scale 0) vs heur@800-v2.7, band 2.0e9. Decomp verdict: full lineage gain iter0->iter8 (+46.4 paired) is ~95% POLICY (policy-only climb +43.9); residual = static ~+22 additive, non-growing, locally inert (Stage A). Policy plateaus at iter5. CL-011 compounding FALSE."
stageB_decomp_iter8_s025_vs_heur800_v27_n200,2026-06-10,base,88029ef,200,/mnt/c/carc-shared/flywheel_residual_attempt2/ckpt/iter8.pt,3.0,12,v2_7_rss025,200,HeuristicMCTS,3.0,12,v2_7,800,119,74,7,79.5,24.6,4.8,/mnt/c/carc-shared/decomp/stageB/sb_iter8_s025,high,"Stage-B plateau decomp: iter8 residual-on (scale 0.25) vs heur@800-v2.7, band 2.0e9. Decomp verdict: full lineage gain iter0->iter8 (+46.4 paired) is ~95% POLICY (policy-only climb +43.9); residual = static ~+22 additive, non-growing, locally inert (Stage A). Policy plateaus at iter5. CL-011 compounding FALSE."
symaug_aug_off_vs_heur800_v27_n400,2026-06-10,base,6459435,400,/mnt/c/carc-shared/symaug_ab/aug_off.pt,3.0,12,v2_7_rss025,200,HeuristicMCTS,3.0,12,v2_7,800,227,166,7,53.4,17.2,2.513,/mnt/c/carc-shared/symaug_ab/eval/aug_off,high,"Symmetry-aug A/B (--augment-rotations, 4x rotated data, warm-from iter5 on iter8 gen, scale0.25) vs heur@800-v2.7, band 2.0e9, n=400 paired. EFFECT aug_on-aug_off (200 common decks) = -8.9 elo z=-0.38 = NULL (no gain; net already has the symmetry). SANITY aug_off vs decomp sb_iter8_s025 = -19.9 z=-0.61 (reproduces iter8 within noise). DECISION: do NOT fold symmetry aug into production (not worth 4x train cost)."
symaug_aug_on_vs_heur800_v27_n400,2026-06-10,base,6459435,400,/mnt/c/carc-shared/symaug_ab/aug_on.pt,3.0,12,v2_7_rss025,200,HeuristicMCTS,3.0,12,v2_7,800,223,172,5,44.5,17.1,3.685,/mnt/c/carc-shared/symaug_ab/eval/aug_on,high,"Symmetry-aug A/B (--augment-rotations, 4x rotated data, warm-from iter5 on iter8 gen, scale0.25) vs heur@800-v2.7, band 2.0e9, n=400 paired. EFFECT aug_on-aug_off (200 common decks) = -8.9 elo z=-0.38 = NULL (no gain; net already has the symmetry). SANITY aug_off vs decomp sb_iter8_s025 = -19.9 z=-0.61 (reproduces iter8 within noise). DECISION: do NOT fold symmetry aug into production (not worth 4x train cost)."
heurdepth_augoff_s200_vs_heur200_v27_n150,2026-06-11,base,bbe6988,150,/mnt/c/carc-shared/symaug_ab/aug_off.pt,3.0,12,v2_7_rss025,200,HeuristicMCTS,3.0,12,v2_7,200,90,58,2,75.3,27.7,,/mnt/c/carc-shared/heurdepth_probe/eval/hs200,low,"Heur-depth saturation probe (EVAL-COST lever): aug_off(iter8-equiv,scale0.25)@200 vs heur@{200,400,600}-v2.7, band 2.0e9, n=150 SCREEN paired, 12(5900xt)+22(laptop) shared-claim. CURVE FLAT within noise (sigma~28): hs200 +75.3/wr0.607, hs400 +34.9/0.550, hs600 +85.0/0.620 vs existing hs800 +53.4/0.576 (n=400). Pool 200-600 (n=450) W263 L180 D7 = wr0.592/+65 ~= hs800 +53 -> HEUR DEPTH DOES NOT MATTER 200->800 for this net (v2.7 leaf dominates move choice; tree sims are 2nd-order; NON-monotone 400-dip is noise). NB net-dependent: iter_11 DID drift 74%@200->58%@800. EVAL-COST VERDICT: deep heur@800 buys ~0 resolving power over shallower here -> recommend cutting gate opponent to heur@400 (~40% cheaper/game, ~26% off the 64%-eval cycle); NOT heur@200 (would saturate stronger nets + weaken the out-of-lineage ruler). Verdict heurdepth_probe/eval/HEURDEPTH_VERDICT.txt."
heurdepth_augoff_s200_vs_heur400_v27_n150,2026-06-11,base,bbe6988,150,/mnt/c/carc-shared/symaug_ab/aug_off.pt,3.0,12,v2_7_rss025,200,HeuristicMCTS,3.0,12,v2_7,400,81,66,3,34.9,28.2,,/mnt/c/carc-shared/heurdepth_probe/eval/hs400,low,"Heur-depth saturation probe (EVAL-COST lever): aug_off(iter8-equiv,scale0.25)@200 vs heur@{200,400,600}-v2.7, band 2.0e9, n=150 SCREEN paired, 12(5900xt)+22(laptop) shared-claim. CURVE FLAT within noise (sigma~28): hs200 +75.3/wr0.607, hs400 +34.9/0.550, hs600 +85.0/0.620 vs existing hs800 +53.4/0.576 (n=400). Pool 200-600 (n=450) W263 L180 D7 = wr0.592/+65 ~= hs800 +53 -> HEUR DEPTH DOES NOT MATTER 200->800 for this net (v2.7 leaf dominates move choice; tree sims are 2nd-order; NON-monotone 400-dip is noise). NB net-dependent: iter_11 DID drift 74%@200->58%@800. EVAL-COST VERDICT: deep heur@800 buys ~0 resolving power over shallower here -> recommend cutting gate opponent to heur@400 (~40% cheaper/game, ~26% off the 64%-eval cycle); NOT heur@200 (would saturate stronger nets + weaken the out-of-lineage ruler). Verdict heurdepth_probe/eval/HEURDEPTH_VERDICT.txt."
heurdepth_augoff_s200_vs_heur600_v27_n150,2026-06-11,base,bbe6988,150,/mnt/c/carc-shared/symaug_ab/aug_off.pt,3.0,12,v2_7_rss025,200,HeuristicMCTS,3.0,12,v2_7,600,92,56,2,85.0,27.5,,/mnt/c/carc-shared/heurdepth_probe/eval/hs600,low,"Heur-depth saturation probe (EVAL-COST lever): aug_off(iter8-equiv,scale0.25)@200 vs heur@{200,400,600}-v2.7, band 2.0e9, n=150 SCREEN paired, 12(5900xt)+22(laptop) shared-claim. CURVE FLAT within noise (sigma~28): hs200 +75.3/wr0.607, hs400 +34.9/0.550, hs600 +85.0/0.620 vs existing hs800 +53.4/0.576 (n=400). Pool 200-600 (n=450) W263 L180 D7 = wr0.592/+65 ~= hs800 +53 -> HEUR DEPTH DOES NOT MATTER 200->800 for this net (v2.7 leaf dominates move choice; tree sims are 2nd-order; NON-monotone 400-dip is noise). NB net-dependent: iter_11 DID drift 74%@200->58%@800. EVAL-COST VERDICT: deep heur@800 buys ~0 resolving power over shallower here -> recommend cutting gate opponent to heur@400 (~40% cheaper/game, ~26% off the 64%-eval cycle); NOT heur@200 (would saturate stronger nets + weaken the out-of-lineage ruler). Verdict heurdepth_probe/eval/HEURDEPTH_VERDICT.txt."
confirm_iter2_vs_heur800_v27_s800_n400,2026-06-11,base,be84dfb,400,/mnt/c/carc-shared/deepteacher/ckpt/iter2.pt,3.0,12,v2_7_rss025,800,HeuristicMCTS,3.0,12,v2_7,800,285,109,6,164.1,19.1,,/mnt/c/carc-shared/confirm_iter2/iter2,high,"Deeper-teacher CONFIRM: iter2 (sims=800 gen, warm-from-iter8) vs iter8, PAIRED on 200 common decks, both vs heur@800-v2.7, FRESH band 1.3e9, n=400, 5800x net-on-CPU + laptop/xeon GPU (result-identical priors). PAIRED delta(iter2-iter8)=+53.7 elo z=2.14 SIGNIFICANT (dwr +0.066+-0.031). REPRODUCES the n=100 screen (+50.4/z1.42, band 1.2002e9) on an INDEPENDENT band -> NOT iter8 band-dip noise as hypothesized; deeper-teacher iter2 is a REAL out-of-lineage gain. iter8=+110.4(wr.654) iter2=+164.1(wr.720). Refutes the 'deep search does not distill into a stronger net' read (STATUS pre-2026-06-11). Open: does it COMPOUND (resume flywheel START=3)? Still a within-v2.7-leaf policy/residual gain, NOT a learned-value-leaf ceiling break. DECISION (Joshua's call, out-of-office): RECOMMEND fold iter2 to production + resume deeper-teacher START=3. Verdict /mnt/c/carc-shared/confirm_iter2/CONFIRM_VERDICT.txt."
confirm_iter8_vs_heur800_v27_s800_n400,2026-06-11,base,be84dfb,400,/mnt/c/carc-shared/flywheel_residual_attempt2/ckpt/iter8.pt,3.0,12,v2_7_rss025,800,HeuristicMCTS,3.0,12,v2_7,800,260,137,3,110.4,16.9,,/mnt/c/carc-shared/confirm_iter2/iter8,high,"Deeper-teacher CONFIRM: iter2 (sims=800 gen, warm-from-iter8) vs iter8, PAIRED on 200 common decks, both vs heur@800-v2.7, FRESH band 1.3e9, n=400, 5800x net-on-CPU + laptop/xeon GPU (result-identical priors). PAIRED delta(iter2-iter8)=+53.7 elo z=2.14 SIGNIFICANT (dwr +0.066+-0.031). REPRODUCES the n=100 screen (+50.4/z1.42, band 1.2002e9) on an INDEPENDENT band -> NOT iter8 band-dip noise as hypothesized; deeper-teacher iter2 is a REAL out-of-lineage gain. iter8=+110.4(wr.654) iter2=+164.1(wr.720). Refutes the 'deep search does not distill into a stronger net' read (STATUS pre-2026-06-11). Open: does it COMPOUND (resume flywheel START=3)? Still a within-v2.7-leaf policy/residual gain, NOT a learned-value-leaf ceiling break. DECISION (Joshua's call, out-of-office): RECOMMEND fold iter2 to production + resume deeper-teacher START=3. Verdict /mnt/c/carc-shared/confirm_iter2/CONFIRM_VERDICT.txt."
deepteacher_SEALED_iter12_vs_heur800_v27_s800_n400,2026-06-17,base,4ac840e,400,/mnt/c/carc-shared/deepteacher/best.pt,3.0,12,v2_7_rss025,800,HeuristicMCTS,3.0,12,v2_7,800,273,117,10,143.1,18.9,,/mnt/c/carc-shared/deepteacher/odo/sealed_champ,high,"deepteacher SEALED champion iter12 vs heur@800-v2.7, held-out band 1.7e9. Deck-paired d(iter12-iter0)=+8.1/z0.34=TIE at sims800 (WASHOUT — see s200 rows). Pre-Cython-fold code (bit-exact)."
deepteacher_SEALED_iter0_vs_heur800_v27_s800_n400,2026-06-17,base,4ac840e,400,/mnt/c/carc-shared/lever_seq/ckpt/residual.pt,3.0,12,v2_7_rss025,800,HeuristicMCTS,3.0,12,v2_7,800,272,124,4,135.0,18.7,,/mnt/c/carc-shared/deepteacher/odo/sealed_iter0,high,"deepteacher SEALED baseline iter0(=lever_seq/residual.pt) vs heur@800, band 1.7e9, sims800. Paired d with iter12 = +8.1/z0.34."
deepteacher_WASHOUT_iter12_vs_heur800_v27_s200_n400,2026-06-17,base,4ac840e,400,/mnt/c/carc-shared/deepteacher/best.pt,3.0,12,v2_7_rss025,200,HeuristicMCTS,3.0,12,v2_7,800,240,156,4,74.1,17.8,,/mnt/c/carc-shared/deepteacher/odo/s200_champ,high,"WASHOUT: iter12 vs heur@800 at AGENT sims=200, SAME band 1.7e9. Paired d(iter12-iter0)=+82.8/z3.48=SIGNIFICANT (vs +8/z0.34 at sims800) — net gain REAL but POLICY, washes out at deep search."
deepteacher_WASHOUT_iter0_vs_heur800_v27_s200_n400,2026-06-17,base,4ac840e,400,/mnt/c/carc-shared/lever_seq/ckpt/residual.pt,3.0,12,v2_7_rss025,200,HeuristicMCTS,3.0,12,v2_7,800,193,203,4,-8.7,17.4,,/mnt/c/carc-shared/deepteacher/odo/s200_iter0,high,"WASHOUT: iter0 at sims=200; reproduced its 2026-06-10 -8.69 to the decimal. Paired d with iter12 at sims200 = +82.8/z3.48."
p2_iter8_vs_heur800_v27_s200_n400,2026-06-17,base,14739a6,400,/mnt/c/carc-shared/flywheel_residual_attempt2/ckpt/iter8.pt,3.0,12,v2_7_rss025,200,HeuristicMCTS,3.0,12,v2_7,800,237,155,8,72.2,17.7,,/mnt/c/carc-shared/iter8_vs_iter12/i8_s200,high,"Phase2 clean iter8-vs-iter12 (deepteacher_audit/), FRESH band 2.5e9 paired. iter8@s200."
p2_iter12_vs_heur800_v27_s200_n400,2026-06-17,base,14739a6,400,/mnt/c/carc-shared/deepteacher/ckpt/iter12.pt,3.0,12,v2_7_rss025,200,HeuristicMCTS,3.0,12,v2_7,800,246,148,6,86.9,17.9,,/mnt/c/carc-shared/iter8_vs_iter12/i12_s200,high,"iter12@s200. PAIRED d(iter12-iter8)@s200=+14.6/z0.65=TIE (200 common decks). Reproduces spent-band +15.3/z0.68."
p2_iter8_vs_heur800_v27_s800_n400,2026-06-17,base,14739a6,400,/mnt/c/carc-shared/flywheel_residual_attempt2/ckpt/iter8.pt,3.0,12,v2_7_rss025,800,HeuristicMCTS,3.0,12,v2_7,800,274,119,7,142.1,18.8,,/mnt/c/carc-shared/iter8_vs_iter12/i8_s800,high,"iter8@s800."
p2_iter12_vs_heur800_v27_s800_n400,2026-06-17,base,14739a6,400,/mnt/c/carc-shared/deepteacher/ckpt/iter12.pt,3.0,12,v2_7_rss025,800,HeuristicMCTS,3.0,12,v2_7,800,280,113,7,154.5,19.1,,/mnt/c/carc-shared/iter8_vs_iter12/i12_s800,high,"iter12@s800. PAIRED d(iter12-iter8)@s800=+12.4/z0.51=TIE (the cell deepteacher never measured). iter12 TIES iter8 BOTH planes; champion stays iter8. Verdict deepteacher_audit/ITER8_VS_ITER12_VERDICT.md"
clairvoyance_clair_iter8_vs_heur800_v27_s200_n200,2026-06-18,base,f7ebec3,200,/mnt/c/carc-shared/flywheel_residual_attempt2/ckpt/iter8.pt,3.0,12,v2_7_rss025_clairvoyant,200,HeuristicMCTS,3.0,12,v2_7,800,119,81,0,66.8,25.0,5.41,/mnt/c/carc-shared/clairvoyance_gap_v2/iter8_clair_K1_s200_h800_c30,high,"Clairvoyance-gap CLAIR arm: iter8 production best_action, fair_chance=FALSE (clairvoyant, sees true deck order). Reproduces published +72.2 (p2_iter8_vs_heur800_v27_s200_n400) = harness validated. band 2.7e9 paired. See CL-022."
clairvoyance_nonclair_iter8_K12_vs_heur800_v27_s200_n182,2026-06-18,base,f7ebec3,182,/mnt/c/carc-shared/flywheel_residual_attempt2/ckpt/iter8.pt,3.0,12,v2_7_rss025_nonclairK12,200,HeuristicMCTS,3.0,12,v2_7,800,100,79,3,40.3,25.9,2.79,/mnt/c/carc-shared/clairvoyance_gap_v2/iter8_nonclair_K12_s200_h800_c30,mid,"Clairvoyance-gap NONCLAIR arm: iter8 fair_chance=TRUE K=12 root-determinization, best_action pooled over the 12 trees (non-clairvoyant). PAIRED gap clair-nonclair=+26.6 elo z=-0.9 (n=182) = <=30 minor-contributor gate; >=100 excluded ~2sigma. stopped n=182. See CL-022 + measurement/clairvoyance/CLAIRVOYANCE_GAP_VERDICT.md."
l2_ladder_R1vR0_greedy_vs_random_n200,2026-06-18,base,6b5b43f,200,greedy_RuleBasedPlayer,1.5,12,v1_1ply,1,random_uniform,,,none,,200,0,0,800.0,,61.46,/mnt/c/carc-shared/level2_ladder/greedy__vs__random,high,"L2-1 ladder R1vR0 (floor). greedy=RuleBasedPlayer 1-ply v2.7 argmax+rules vs uniform random; 200W/0D/0L winrate 1.0 elo cap +800 paired z=55.62 (100 decks). Provenance: random leaf=none. CL-023 / measurement/level2/LEVEL2_LADDER_VERDICT.md."
l2_ladder_R2vR1_heurv1s200_vs_greedy_n200,2026-06-18,base,6b5b43f,200,HeuristicMCTS_v1,1.5,12,v1,200,greedy_RuleBasedPlayer,1.5,12,v1_1ply,1,107,92,1,26.1,24.6,2.475,/mnt/c/carc-shared/level2_ladder/heurv1200__vs__greedy,high,"L2-1 ladder R2vR1. heur_v1@200 (UCT+v1 leaf, c=1.5) vs greedy(1-ply). 107W/1D/92L=53.75%=+26.1 elo z=1.87 = COMPRESSED (within-noise tie at n=200; greedy is a strong 1-ply baseline). 100 unique paired decks. CL-023."
l2_ladder_R3vR2_heurv27s200_vs_heurv1s200_n200,2026-06-18,base,6b5b43f,200,HeuristicMCTS_v2_7,1.5,12,v2_7,200,HeuristicMCTS_v1,1.5,12,v1,200,106,92,2,24.4,24.6,2.365,/mnt/c/carc-shared/level2_ladder/heurv27200__vs__heurv1200,high,"L2-1 ladder R3vR2. heur_v2_7@200 vs heur_v1@200, matched sims/c=1.5. 106W/2D/92L=53.5%=+24.4 elo z=1.68 = COMPRESSED. v2.7 leaf only marginally outranks v1 leaf at fixed 200 sims -> leaf-quality buys little resolvable strength; depth is the real test (R4vR3/R5vR4). 100 paired decks. CL-023."
l2_ladder_R4vR3_heurv27s800_vs_heurv27s200_n200,2026-06-18,base,6b5b43f,200,HeuristicMCTS_v2_7,1.5,12,v2_7,800,HeuristicMCTS_v2_7,1.5,12,v2_7,200,120,77,3,75.9,25.2,4.96,/mnt/c/carc-shared/level2_ladder/heurv27800__vs__heurv27200,high,"L2-1 ladder R4vR3. heur_v2_7@800 (=the production ruler, c=1.5) vs heur_v2_7@200, matched leaf. 120W/3D/77L=60.75%=+75.9 elo z=3.59 = CLEAN. DEPTH 200->800 adds resolvable heur-vs-heur strength (contrast: heurdepth_* saw ~0 for a FIXED-NET opponent). 100 paired decks. CL-023."
l2_ladder_R5vR4_heurv27s1600_vs_heurv27s800_n400,2026-06-18,base,6b5b43f,400,HeuristicMCTS_v2_7,1.5,12,v2_7,1600,HeuristicMCTS_v2_7,1.5,12,v2_7,800,228,165,7,55.2,17.6,3.41,/mnt/c/carc-shared/level2_ladder/heurv271600__vs__heurv27800,high,"L2-1 ladder R5vR4 = SATURATION GATE. heur_v2_7@1600 vs heur_v2_7@800 (=production ruler), matched leaf c=1.5. 228W/7D/165L=57.9%=+55.2 elo z=3.23 (n=400 paired, 200 decks; topped up from n=200 +70.4/z2.23 per pre-registered escalation, z strengthened with n). SATURATION REFUTED: deeper heur search beats the heur@800 ruler => the elo scale has headroom above the production ruler. CL-023."
l2_ladder_R5bvR5_heurv27s3200_vs_heurv27s1600_n200,2026-06-18,base,6b5b43f,200,HeuristicMCTS_v2_7,1.5,12,v2_7,3200,HeuristicMCTS_v2_7,1.5,12,v2_7,1600,110,85,5,43.7,24.8,2.41,/mnt/c/carc-shared/level2_ladder/heurv273200__vs__heurv271600,mid,"L2-1 depth-continuation (R5 def @3200). heur_v2_7@3200 vs @1600, matched leaf c=1.5. 110W/5D/85L=56.25%=+43.7 elo z=1.68 = UNDER-POWERED at n=200 (a +44 gain is ~1.7sigma; z>=2 needs n~400). Point estimate positive + DIMINISHING-returns pattern (depth steps +75.9 -> +55.2 -> +43.7) => headroom likely continues past @1600 but NOT statistically confirmed; returns shrinking. 5800x ran W=20 (thermal). CL-023."
l22_iter8_vs_heur800_v27_s200_n400,2026-06-18,base,efb182c,400,flywheel_residual_attempt2/ckpt/iter8.pt,3.0,12,v2_7+resid_s0.25,200,HeuristicMCTS,3.0,12,v2_7,800,220,174,6,40.1,17.5,1.6,/mnt/c/carc-shared/level2_l22/iter8_vs_heur800_n400,high,"L2-2 V6 REPRODUCE. iter8 NeuralMCTS@200 (carc-orch SHM eval, both boxes, CY_REPR) vs heur@800-v2.7. 220W/6D/174L=55.7%=+40.1 elo z=2.29 (n=400 paired band 3.1e9). Reproduces the established iter8-vs-heur@800 cell (published +72.2 p2_iter8_*, sealed +58.7) within ~1sigma band-variation (iter8 absolute-vs-heur swings by deck band, CL-018); apparatus+orch path validated. heur opponent actually runs c=1.5 (eval gate's --c-puct hits the net side only). CL-024."
l22_iter8_vs_heur1600_v27_s200_n400,2026-06-19,base,efb182c,400,flywheel_residual_attempt2/ckpt/iter8.pt,3.0,12,v2_7+resid_s0.25,200,HeuristicMCTS,3.0,12,v2_7,1600,217,177,6,34.9,17.5,2.0,/mnt/c/carc-shared/level2_l22/iter8_vs_heur1600_n400,high,"L2-2 iter8 vs the DEEPER validated rung. iter8 NeuralMCTS@200 (carc-orch SHM eval, both boxes) vs heur@1600-v2.7. 217W/6D/177L=55.0%=+34.9 elo z=2.0 (n=400 paired band 3.11e9). iter8 BEATS heur@1600 too, ~same margin as vs heur@800 (+40). ⚠️ NON-TRANSITIVE vs L1 heur@1600-vs-heur@800 +55.2 (CL-023): elo-composition predicts iter8<heur@1600 by ~15, measured +35 => ~50elo intransitivity. Different bands -> same-band control (band 3.10e9) pending before declaring real non-transitivity. CL-024."
l22_ctrl_iter8_vs_heur1600_b310_n400,2026-06-19,base,efb182c,400,flywheel_residual_attempt2/ckpt/iter8.pt,3.0,12,v2_7+resid_s0.25,200,HeuristicMCTS,3.0,12,v2_7,1600,213,185,2,24.4,17.4,1.0,/mnt/c/carc-shared/level2_l22/iter8_vs_heur1600_b310_n400,high,"TRANSITIVITY CONTROL C1. iter8 NeuralMCTS@200 (orch SHM eval) vs heur@1600-v2.7 on band 3.10e9 = SAME decks as iter8-vs-heur@800 (l22_iter8_vs_heur800_*). 213W/2D/185L=+24.4 elo z=1.40. With iter8-vs-h800 +40.1 and C2 h1600-vs-h800 +20.0 (all band 3.10): transitivity HOLDS (40.1-20.0=20.1 predicted vs +24.4 measured, dz~0.3). The L2-2 ~50elo non-transitivity (different bands) was BAND-VARIANCE. CL-024."
l22_ctrl_heur1600_vs_heur800_b310_n400,2026-06-19,base,efb182c,400,HeuristicMCTS,1.5,12,v2_7,1600,HeuristicMCTS,1.5,12,v2_7,800,208,185,7,20.0,17.4,3.285,/mnt/c/carc-shared/level2_l22/heur1600_vs_heur800_b310,high,"TRANSITIVITY CONTROL C2 + band-replication of CL-023 R5vR4. heur@1600 vs heur@800 (pure-CPU ladder, c=1.5) on band 3.10e9 = +20.0 elo z=3.21. vs L1 band 3.04 +55.2/z3.23 => saturation refutation REPLICATES on a 2nd band (z3.21, h1600>h800 robust) but magnitude BAND-SWINGS +55->+20 (~35elo). Closes the transitivity test: on shared band-3.10 decks the elo scale is TRANSITIVE; the L2-2 apparent non-transitivity was cross-band artifact. CL-024."
l2_ladder_R5bvR5_heurv27s3200_vs_heurv27s1600_n400,2026-06-19,base,efb182c,400,HeuristicMCTS,1.5,12,v2_7,3200,HeuristicMCTS,1.5,12,v2_7,1600,217,177,6,34.9,17.5,2.3775,/mnt/c/carc-shared/level2_ladder/heurv273200__vs__heurv271600,high,"L2-1 depth-continuation TOP-UP to n=400 (band 3.06e9). heur_v2_7@3200 vs @1600 = +34.9 elo z=2.36 = CLEAN (resolves the n=200 +43.7/z1.68 under-power; point est dropped +43.7->+34.9 but z strengthened 1.68->2.36, same pattern as R5vR4). => DEPTH HEADROOM CONTINUES past @1600 (each step significant) with DIMINISHING returns: depth doublings +75.9 -> +55.2 -> +34.9. 5800x W24 + laptop W8. CL-023."
l22_bandvar_iter8_vs_heur800_b312_n400,2026-06-19,base,efb182c,400,flywheel_residual_attempt2/ckpt/iter8.pt,3.0,12,v2_7+resid_s0.25,200,HeuristicMCTS,3.0,12,v2_7,800,224,169,7,48.1,17.5,3.7,/mnt/c/carc-shared/level2_l22/bandvar_iter8_vs_heur800_b312,high,"BAND-VARIANCE characterization (iter8 vs heur@800, orch+CY_REPR, band 3.12e9). +48.1/z2.75. Part of 3-fresh-band set: b3.10 +40.1, b3.12 +48.1, b3.13 +47.2 = mean +45.1, band-to-band stdev 3.6 = TIGHT within current era (vs historical sealed +58.7 / published +72.2, higher). CL-024."
l22_bandvar_iter8_vs_heur800_b313_n400,2026-06-19,base,efb182c,400,flywheel_residual_attempt2/ckpt/iter8.pt,3.0,12,v2_7+resid_s0.25,200,HeuristicMCTS,3.0,12,v2_7,800,225,171,4,47.2,17.5,3.5,/mnt/c/carc-shared/level2_l22/bandvar_iter8_vs_heur800_b313,high,"BAND-VARIANCE characterization (iter8 vs heur@800, orch+CY_REPR, band 3.13e9). +47.2/z2.70. 3rd of the fresh-band set (b3.10/b3.12/b3.13 = +40.1/+48.1/+47.2). Within-era band-variance for this cell is SMALL (stdev~3.6), much less than the ~35elo heur-vs-heur swing => band-variance is COMPARISON-specific. Open: the ~+13-27 gap to historical +58-72 may be larger band-variance (3 pts underestimate sigma) or a fresh-vs-historical config/era diff. CL-024."
l22_orchoff_iter8_vs_heur800_b310_n400,2026-06-19,base,efb182c,400,flywheel_residual_attempt2/ckpt/iter8.pt,3.0,12,v2_7+resid_s0.25,200,HeuristicMCTS,3.0,12,v2_7,800,220,174,6,40.1,17.5,1.7,/mnt/c/carc-shared/level2_l22/orchoff_iter8_vs_heur800_b310,high,"MEASUREMENT-INTEGRITY A/B. iter8 vs heur@800 band 3.10 via the HISTORICAL path (orch-OFF W14, NO CY_REPR). 220W/6D/174L=+40.1 = BIT-IDENTICAL to the orch+CY run (l22_iter8_vs_heur800_*, also 220/6/174/+40.1). => orch+CY eval path = ZERO bias; L2-2 numbers fully comparable to historical. CORRECTS the overnight '±30-35 band-variance' OVER-STATEMENT: orch+CY=orch-off exactly, so the fresh-vs-historical +45-vs-+58/72 gap is just different-deck sampling; 5-band observed sigma~11 <= n=400 noise sigma17.5 => NO band effect beyond standard paired noise; even h1600-vs-h800 +55/+20 is only 1.4sigma. The real caveat is just n=400 measurement noise (fix=larger n), NOT a separate band-variance effect. CL-024."
l22_iter8_vs_heur3200_b310_n400,2026-06-19,base,efb182c,400,flywheel_residual_attempt2/ckpt/iter8.pt,3.0,12,v2_7+resid_s0.25,200,HeuristicMCTS,3.0,12,v2_7,3200,180,213,7,-28.7,17.4,-0.85,/mnt/c/carc-shared/level2_l22/iter8_vs_heur3200_b310_n400,high,"Joshua #8: same-band (3.10e9) completion of the iter8-vs-heur ladder. iter8 NeuralMCTS@200 vs heur@3200-v2.7 (orch, laptop). 180W/7D/213L=45.9%=-28.7 elo; paired-margin z=-0.70 (TIE on margin), winrate z~-1.65 (iter8 loses MORE games by small margins). => iter8 does NOT beat heur@3200. Completes the MONOTONE same-band trend: iter8 vs h800 +40.1/z2.29, h1600 +24.4/z1.40, h3200 -28.7/z-0.70 -- iter8 margin shrinks with heur depth, ERASED by the deepest heuristic. Consistent w/ L2-3 (heur@3200 most endgame-precise). Separate from the regret verdict (Joshua #7). CL-024."
l2hyb_K2h3200_vs_iter8_b340_n200,2026-06-19,base,d654082,200,iter8.pt+hybridK2@3200,3.0,12,hybridK2_handoff,200,iter8.pt,3.0,12,v2_7,200,97,95,8,3.5,24.6,0.36,/mnt/c/carc-shared/level2_hybrid/hybridK2h3200__vs__iter8_b340_n200,med,"hybrid-handoff Phase1: iter8 policy until k_remaining<=2 then heur@3200. paired_z=+2.65. beats iter8 on margin."
l2hyb_K3h3200_vs_iter8_b340_n200,2026-06-19,base,d654082,200,iter8.pt+hybridK3@3200,3.0,12,hybridK3_handoff,200,iter8.pt,3.0,12,v2_7,200,96,96,8,0.0,24.6,0.25,/mnt/c/carc-shared/level2_hybrid/hybridK3h3200__vs__iter8_b340_n200,med,"hybrid-handoff Phase1: K<=3. paired_z=+1.18 (below 1.5 gate)."
l2hyb_K5h3200_vs_iter8_b340_n200,2026-06-19,base,d654082,200,iter8.pt+hybridK5@3200,3.0,12,hybridK5_handoff,200,iter8.pt,3.0,12,v2_7,200,100,94,6,10.4,24.6,0.80,/mnt/c/carc-shared/level2_hybrid/hybridK5h3200__vs__iter8_b340_n200,med,"hybrid-handoff Phase1: K<=5. paired_z=+3.45 (n=200). n=400 topup FINAL: margin +0.90 paired_z=+6.23 (reproduced)."
l2hyb_K8h3200_vs_iter8_b340_n200,2026-06-19,base,d654082,200,iter8.pt+hybridK8@3200,3.0,12,hybridK8_handoff,200,iter8.pt,3.0,12,v2_7,200,103,91,6,20.9,24.6,1.36,/mnt/c/carc-shared/level2_hybrid/hybridK8h3200__vs__iter8_b340_n200,high,"hybrid-handoff Phase1: K<=8 strongest. paired_z=+4.68 (n=200). n=400 topup FINAL: margin +1.32 paired_z=+5.79 (reproduced)."
l2hyb_K5h800_vs_iter8_b340_n200,2026-06-19,base,d654082,200,iter8.pt+hybridK5@800,3.0,12,hybridK5_handoff_h800,200,iter8.pt,3.0,12,v2_7,200,101,94,5,12.2,24.6,0.60,/mnt/c/carc-shared/level2_hybrid/hybridK5h800__vs__iter8_b340_n200,med,"hybrid-handoff Phase1 compute-sanity: K<=5 with heur@800 endgame. paired_z=+2.89. cheap heur captures most of the gain."
l2hyb_K5h3200_vs_heur3200_b340_n200,2026-06-19,base,d654082,200,iter8.pt+hybridK5@3200,3.0,12,hybridK5_handoff,200,heur@3200,3.0,12,v2_7,3200,94,102,4,-13.9,24.6,-0.43,/mnt/c/carc-shared/level2_hybrid/hybridK5h3200__vs__heur3200_b340_n200,med,"hybrid-handoff Phase2 champion-check: hybrid:5 vs heur@3200. paired_z=-0.30 (tie/slight loss). LOSES to deep heuristic -> gap-closing not champion."
l2hyb_K8h3200_vs_heur3200_b340_n200,2026-06-19,base,d654082,200,iter8.pt+hybridK8@3200,3.0,12,hybridK8_handoff,200,heur@3200,3.0,12,v2_7,3200,92,103,5,-19.1,24.6,-0.76,/mnt/c/carc-shared/level2_hybrid/hybridK8h3200__vs__heur3200_b340_n200,med,"hybrid-handoff Phase2 champion-check: hybrid:8 vs heur@3200. paired_z=-0.51 (tie/slight loss). vs iter8's -28.7: gap-closing, NOT a new champion. deep heuristic strongest."
v28_meeple_flat_vs_v27_heur200_n200,2026-06-22,base,5ef216f,200,heur(no-net),na,12,v2_7+meeple_k2,200,heur(no-net),na,12,v2_7,200,145,50,5,179.5,27.9,15.45,/mnt/c/carc-shared/v28_pilot/v28_meeple_flat_vs_v27_s200,med,"v2.8 meeple-economy leaf (==legacy meeple_k=2, fast-path) vs v2.7 heur@200 paired. z_margin=9.92. OVERTURNS n=20 meeple_K null (DECISIONS 2026-05-14). measurement only nothing promoted."
v28_meeple_vs_v27_heur800_n120,2026-06-22,base,5ef216f,120,heur(no-net),na,12,v2_7+meeple_k2_t0=72,800,heur(no-net),na,12,v2_7,800,76,44,0,94.9,32.9,7.58,/mnt/c/carc-shared/v28_pilot/v28_meeple_vs_v27_s800,med,"depth-robustness: meeple-leaf gain survives heur@800 (NOT search-imitation). z_margin=3.76."
v28_meeple_flat_heur200_vs_v27_heur800_n120,2026-06-22,base,5ef216f,120,heur(no-net),na,12,v2_7+meeple_k2,200,heur(no-net),na,12,v2_7,800,90,27,3,202.6,37.3,13.26,/mnt/c/carc-shared/v28_pilot/v28_meeple_flat_vs_v27_s200_vs_v27s800,med,"cross-depth anchor: v28@200 BEATS v27@800 (4x budget) z_margin=6.97. v2.7 cannot search out of the leaf deficit -> real leaf-quality gain."
v28_completion_vs_v27_heur200_n200,2026-06-22,base,5ef216f,200,heur(no-net),na,12,v2_7+deckaware_closure,200,heur(no-net),na,12,v2_7,200,99,97,4,3.5,24.6,1.75,/mnt/c/carc-shared/v28_pilot/v28_completion_vs_v27_s200,med,"deck-aware-closure leaf NULL full-game (z_margin=1.09) despite exact-endgame-K2 top-1 0.763->0.826. endgame-local washes out. KILLED."
iter8_v28meeplek2_vs_iter8_v27_neural_n400,2026-06-22,base,107e6eb,400,iter8.pt+v2.7+meeple_k2,3.0,12,v2_7+meeple_k2,200,iter8.pt+v2.7,3.0,12,v2_7,200,279,112,9,154.5,19.1,11.31,/mnt/c/carc-shared/v28_pilot/iter8leaf_meeplek20_vs_v27_s200_rs025,high,"GATE: iter8 net + v2.8 meeple leaf vs + v2.7 leaf (same net/sims/c/residual0.25/decks/seats, ONLY leaf differs). orch SHM 2-box. z_margin=9.82. v2.8 meeple-economy term helps the NEURAL policy. measurement only, NOT promoted, v2.7 frozen."
iter8_v28_vs_heur3200_v27_n200,2026-06-22,base,b13d989,200,iter8.pt+v2.7+meeple_k2,3.0,12,v2_7+meeple_k2,200,heur@3200,3.0,12,v2_7,3200,139,56,5,153.4,27.0,NA,/mnt/c/carc-shared/v28_pilot/iter8__vs__heur3200_mkA2_mkB0,high,"OUT-OF-LINEAGE ANCHOR: iter8+v2.8 meeple leaf vs heur@3200_v2.7. z=5.87. FLIPS iter8+v2.7s -28.7 (Joshua #8) to +153.4 — iter8+v2.8 BEATS the deep heuristic ruler. CAVEAT: heur uses v2.7 leaf; part of the gain is the leaf gap. Disambiguate with heur@3200_v2.8. NOT promoted; v2.7 frozen."
v28_meeple_flat_k1_vs_v27_heur200_n200,2026-06-22,base,b13d989,200,heur+v2.7+meeple,na,12,v2_7+flat_k1,200,heur,na,12,v2_7,200,121,79,0,75.9,25.2,NA,/mnt/c/carc-shared/v28_pilot/v28_meeple_flat_k1_vs_v27_s200,med,"k-sweep flat term (heur@200): inverted-U peak at k=2 (+179.5); k3 +159.8 k1 +75.9 k4 +34.9(washing). k=2 near-optimal."
v28_meeple_flat_k3_vs_v27_heur200_n200,2026-06-22,base,b13d989,200,heur+v2.7+meeple,na,12,v2_7+flat_k3,200,heur,na,12,v2_7,200,143,57,0,159.8,27.2,NA,/mnt/c/carc-shared/v28_pilot/v28_meeple_flat_k3_vs_v27_s200,med,"k-sweep flat term (heur@200): inverted-U peak at k=2 (+179.5); k3 +159.8 k1 +75.9 k4 +34.9(washing). k=2 near-optimal."
v28_meeple_flat_k4_vs_v27_heur200_n200,2026-06-22,base,b13d989,200,heur+v2.7+meeple,na,12,v2_7+flat_k4,200,heur,na,12,v2_7,200,110,90,0,34.9,24.7,NA,/mnt/c/carc-shared/v28_pilot/v28_meeple_flat_k4_vs_v27_s200,med,"k-sweep flat term (heur@200): inverted-U peak at k=2 (+179.5); k3 +159.8 k1 +75.9 k4 +34.9(washing). k=2 near-optimal."
iter8_v28_vs_heur3200_v28_n200,2026-06-22,base,95b9fbf,200,iter8.pt+v2.7+meeple_k2,3.0,12,v2_7+meeple_k2,200,heur@3200+meeple_k2,3.0,12,v2_7+meeple_k2,3200,86,108,6,-38.4,24.7,NA,/mnt/c/carc-shared/v28_pilot/iter8__vs__heur3200_mkA2_mkB2,high,"DISAMBIGUATOR (EQUAL LEAF): iter8+v2.8 vs heur@3200+v2.8. z=-1.56. iter8+v2.8 LOSES to deep heuristic at equal leaf (~same as iter8+v2.7s -28.7 vs heur@3200_v2.7). => the +153.4 vs heur@3200_v2.7 was ENTIRELY the leaf gap. v2.8 lifts BOTH neural+heuristic; neural still does NOT exceed deep search. NOT a structural-blocker break. NOT promoted; v2.7 frozen. shared-claim orphan-stall (laptop mobile-4070 BrokenServerError) recovered: 38 stranded claims cleaned, finished on local."
hybrid8_800_v28_vs_v27_n200,2026-06-22,base,95b9fbf,200,hybrid:8:800+meeple_k2,3.0,12,v2_7+meeple_k2,200,hybrid:8:800,3.0,12,v2_7,800,141,58,1,153.4,27.0,NA,/mnt/c/carc-shared/v28_pilot/hybrid_8_800__vs__hybrid_8_800_mkA2_mkB0,high,"SECONDARY: hybrid:8:800 v2.8 leaf (neural value + heur endgame) vs v2.7 leaf. z=5.87. hybrid benefits +153.4 like the pure neural (+154.5) — both components gain. measurement only; v2.7 frozen."
rod_iter01_v28_vs_iter8_v28_n400,2026-06-22,base,9e3c0ea,400,rod_iter_01.pt+v2.8,3.0,12,v2_7+meeple_k2,200,iter8.pt+v2.8,3.0,12,v2_7+meeple_k2,200,227,166,7,53.4,17.6,3.675,/mnt/c/carc-shared/v28_rod_probe/nvn_iter_01_mk20_vs_iter8_mk20_s200_rs025,high,"RoD v2.8 continuation BINDING: RoD_iter_01 (1000 v2.8 self-play games warm-from iter8) vs FROZEN ITER8_V28_PARENT, same v2.8 leaf, deck-paired both seats, band 1.922e9. paired z=3.51. RoD POSITIVE -- first continuation to beat its parent (v2.7 deeper-teacher was a powered null). Gain is genuine policy reshaping, NOT teacher-imitation. MEASUREMENT ONLY; not promoted; PRODUCTION.yaml unchanged. branch rod_v28_continuation_probe; see measurement/rod_v28_continuation/"
rod_iter01_v28_vs_heur3200_v28_n800,2026-06-22,base,9e3c0ea,800,rod_iter_01.pt+v2.8,3.0,12,v2_7+meeple_k2,200,heur@3200+meeple_k2,3.0,12,v2_7+meeple_k2,3200,412,374,14,16.5,12.3,-0.36,/mnt/c/carc-shared/v28_rod_probe/rod_iter01_vs_heur3200_v28,high,"RoD v2.8 RULER: RoD_iter_01+v2.8 vs heur@3200_v28, paired band 1.9221e9. TIE -- winrate elo +16.5/z1.34 but paired score margin -0.36/z-0.47. RoD CLOSED the equal-leaf gap (parent iter8+v2.8 was -38.4 vs same ruler, row iter8_v28_vs_heur3200_v28_n200) to PARITY; does NOT exceed deep heuristic search. NOT superhuman (hand-crafted leaf, no human anchor). measurement only"
b512_vs_iter8_v28_n400,2026-06-23,base,704c0de,400,iter_01_b512.pt+v2.8,3.0,12,v2_7+meeple_k2,200,iter8.pt+v2.8,3.0,12,v2_7+meeple_k2,200,203,191,6,10.4,17.4,1.87,/mnt/c/carc-shared/rod_b512_calib/nvn_iter_01_b512_mk20_vs_iter8_mk20_s200_rs025,high,"batch-512 calibration: B512 (batch 512 = HALF optimizer steps; same data/lr/seed/epochs as B256, dataset fp 61a12d76 identical) vs FROZEN ITER8_V28_PARENT, same v2.8 leaf, deck-paired band 1.922e9. paired z=1.65 = INCONCLUSIVE -- does NOT credibly beat parent (B256 was +53.4/z3.51 on the SAME decks). The policy under-fit (val_pol 0.435 vs 0.270) cost the parent edge. MEASUREMENT ONLY; not promoted; PRODUCTION.yaml unchanged; v2.7 frozen. branch rod_batch512_calibration"
b512_vs_b256_v28_n400,2026-06-23,base,704c0de,400,iter_01_b512.pt+v2.8,3.0,12,v2_7+meeple_k2,200,rod_iter_01.pt+v2.8,3.0,12,v2_7+meeple_k2,200,194,196,10,-1.7,17.4,-0.44,/mnt/c/carc-shared/rod_b512_calib/nvn_iter_01_b512_mk20_vs_iter_01_mk20_s200_rs025,high,"batch-512 calibration KEY matchup: B512 vs B256 (RoD_iter_01) DIRECT head-to-head, same v2.8 leaf, fresh band 1.923e9. paired z=-0.41 = TIE (point est -6.9 n200 -> -1.7 n400). The val_pol under-fit WASHED OUT under MCTS@200; B512 plays 0.737 like B256 (root audit). NON-TRANSITIVITY: transitivity predicted -43 (from parent margins +10.4/+53.4) but direct is -1.7 (~41 elo gap). VERDICT: KEEP BATCH 256 (B512 ties head-to-head but FAILS the parent gate + under-trains; 1.31x speedup not worth it). measurement only"
rod_ov_iter08_vs_rod1_v28_n400,2026-06-23,base,208be38,400,rod_ov_iter_08.pt+v2.8,3.0,12,v2_7+meeple_k2,200,rod_iter_01.pt+v2.8,3.0,12,v2_7+meeple_k2,200,217,179,4,33.1,17.5,2.23,/mnt/c/carc-shared/rod_v28_overnight_flywheel/evals/iter08_vs_iter01_n400,high,"overnight-flywheel keep-best: iter_08 (best of the 9-iter chain RoD_iter_02..10) vs RoD_iter_01, v2.8 leaf, deck-paired net-vs-net, band 1.953e9 n400 (superset of n100 screen 1952e9). paired_z=+2.00 -> MODEST credible gain over the chain parent (n100 screen was +49/z1.05). MEASUREMENT ONLY; not promoted; champion stays flywheel2_champion_iter8."
rod_ov_iter10_vs_rod1_v28_n400,2026-06-23,base,208be38,400,rod_ov_iter_10.pt+v2.8,3.0,12,v2_7+meeple_k2,200,rod_iter_01.pt+v2.8,3.0,12,v2_7+meeple_k2,200,211,186,3,21.7,17.4,0.735,/mnt/c/carc-shared/rod_v28_overnight_flywheel/evals/iter10_vs_iter01_n400,high,"overnight-flywheel ENDPOINT iter_10 vs RoD_iter_01, v2.8 leaf, deck-paired, band 1.953e9 n400. paired_z=+0.69 -> ~TIE (the n100 screen's +77.7/z2.28 was an up-fluctuation; regressed to +21.7). Chain gain is NON-monotonic: iter_08 peaks, iter_10 endpoint ~back to parent. keep-best=iter_08."
rod_ov_iter08_vs_heur3200_v28_n200,2026-06-23,base,208be38,200,rod_ov_iter_08.pt+v2.8,3.0,12,v2_7+meeple_k2,200,heur@3200+meeple_k2,3.0,12,v2_7+meeple_k2,3200,104,95,1,15.6,24.6,-1.455,/mnt/c/carc-shared/rod_v28_overnight_flywheel/evals/iter08_vs_heur3200_v28,high,"RULER: chain-best iter_08 vs heur@3200_v2.8, deck-paired, band 1.96e9 n200. winrate +15.6/z0.64 but paired margin -1.46/z-0.83 = TIE (104W/1D/95L). VIRTUALLY IDENTICAL to RoD_iter_01 (rod_iter01_v28_vs_heur3200_v28_n800: +16.5wr/-0.36 paired = tie). NON-TRANSITIVE: iter_08's +33 over its lineage parent WASHED OUT vs the external ruler -> reaches PARITY, does NOT exceed. structural blocker #2 stands (learned must EXCEED heuristic). Not superhuman. MEASUREMENT ONLY."
rod_ov_iter08_vs_heur3200_v28_n800,2026-06-23,base,bdc6c66,800,rod_ov_iter_08.pt+v2.8,3.0,12,v2_7+meeple_k2,200,heur@3200+meeple_k2,3.0,12,v2_7+meeple_k2,3200,402,387,11,6.5,12.3,-0.38,/mnt/c/carc-shared/rod_v28_overnight_flywheel/evals/iter08_vs_heur3200_v28,high,"RULER VERDICT (supersedes the n200 screen rod_ov_iter08_vs_heur3200_v28_n200): chain-best iter_08 vs heur@3200_v2.8, deck-paired, band 1.96e9 n=800. winrate +6.5/z0.53, paired margin -0.38/z-0.48 = well-powered TIE. VIRTUALLY IDENTICAL to RoD_iter_01 (n800 +16.5wr/-0.36 paired). Confirms PARITY, does NOT exceed deep-heuristic search; iter_08's +33 over lineage parent washed out NON-TRANSITIVELY vs the external ruler. structural blocker #2 stands at verdict power. Not superhuman. MEASUREMENT ONLY."
rod_ov_iter02_vs_rod1_v28_n100,2026-06-23,base,685c4c6,100,rod_ov_iter_02.pt+v2.8,3.0,12,v2_7+meeple_k2,200,rod_iter_01.pt+v2.8,3.0,12,v2_7+meeple_k2,200,52,46,2,20.9,34.8,0.37,/mnt/c/carc-shared/rod_v28_overnight_flywheel/evals/iter02_vs_iter01_n100,screen,"tail-eval completeness sweep; iter_02 vs RoD_iter_01, v2.8 leaf, deck-paired n100 SCREEN (coarse, +-35 elo)."
rod_ov_iter03_vs_rod1_v28_n100,2026-06-23,base,685c4c6,100,rod_ov_iter_03.pt+v2.8,3.0,12,v2_7+meeple_k2,200,rod_iter_01.pt+v2.8,3.0,12,v2_7+meeple_k2,200,48,49,3,-3.5,34.7,1.02,/mnt/c/carc-shared/rod_v28_overnight_flywheel/evals/iter03_vs_iter01_n100,screen,"tail-eval completeness; iter_03 vs RoD_iter_01, n100 SCREEN. ~tied."
rod_ov_iter11_vs_rod1_v28_n100,2026-06-23,base,685c4c6,100,rod_ov_iter_11.pt+v2.8,3.0,12,v2_7+meeple_k2,200,rod_iter_01.pt+v2.8,3.0,12,v2_7+meeple_k2,200,63,36,1,96.2,36.1,2.78,/mnt/c/carc-shared/rod_v28_overnight_flywheel/evals/iter11_vs_iter01_n100,screen,"tail iter_11 vs RoD_iter_01 n100 SCREEN: +96 looks strong but INFLATED (regression-to-mean) -- iter_11 LOSES to keep-best iter_08 head-to-head (-56, see rod_ov_iter11_vs_iter08). non-transitive."
rod_ov_iter13_vs_rod1_v28_n100,2026-06-23,base,685c4c6,100,rod_ov_iter_13.pt+v2.8,3.0,12,v2_7+meeple_k2,200,rod_iter_01.pt+v2.8,3.0,12,v2_7+meeple_k2,200,52,47,1,17.4,34.8,1.83,/mnt/c/carc-shared/rod_v28_overnight_flywheel/evals/iter13_vs_iter01_n100,screen,tail iter_13 vs RoD_iter_01 n100 SCREEN. weakly positive.
rod_ov_iter15_vs_rod1_v28_n100,2026-06-23,base,685c4c6,100,rod_ov_iter_15.pt+v2.8,3.0,12,v2_7+meeple_k2,200,rod_iter_01.pt+v2.8,3.0,12,v2_7+meeple_k2,200,50,49,1,3.5,34.7,-0.64,/mnt/c/carc-shared/rod_v28_overnight_flywheel/evals/iter15_vs_iter01_n100,screen,tail iter_15 vs RoD_iter_01 n100 SCREEN (re-tallied to full 100 after a 2-box premature-tally clip). ~tied.
rod_ov_iter17_vs_rod1_v28_n100,2026-06-23,base,685c4c6,100,rod_ov_iter_17.pt+v2.8,3.0,12,v2_7+meeple_k2,200,rod_iter_01.pt+v2.8,3.0,12,v2_7+meeple_k2,200,55,43,2,41.9,35.0,1.52,/mnt/c/carc-shared/rod_v28_overnight_flywheel/evals/iter17_vs_iter01_n100,screen,tail iter_17 vs RoD_iter_01 n100 SCREEN (re-tallied to 100). positive; best tail contender.
rod_ov_iter11_vs_iter08_v28_n100,2026-06-23,base,685c4c6,100,rod_ov_iter_11.pt+v2.8,3.0,12,v2_7+meeple_k2,200,rod_ov_iter_08.pt+v2.8,3.0,12,v2_7+meeple_k2,200,41,57,2,-56.1,35.2,-3.91,/mnt/c/carc-shared/rod_v28_overnight_flywheel/evals/iter11_vs_iter08_n100,screen,"tail-vs-keepbest: iter_11 vs iter_08 n100 SCREEN -> LOSES (-56, paired_z near -2). the chain's strongest-vs-RoD1 iter is WEAKER than iter_08 h2h."
rod_ov_iter13_vs_iter08_v28_n100,2026-06-23,base,685c4c6,100,rod_ov_iter_13.pt+v2.8,3.0,12,v2_7+meeple_k2,200,rod_ov_iter_08.pt+v2.8,3.0,12,v2_7+meeple_k2,200,48,52,0,-13.9,34.8,1.35,/mnt/c/carc-shared/rod_v28_overnight_flywheel/evals/iter13_vs_iter08_n100,screen,tail-vs-keepbest: iter_13 vs iter_08 n100 SCREEN -> TIE (sign-conflicted wash).
rod_ov_iter17_vs_iter08_v28_n100,2026-06-23,base,685c4c6,100,rod_ov_iter_17.pt+v2.8,3.0,12,v2_7+meeple_k2,200,rod_ov_iter_08.pt+v2.8,3.0,12,v2_7+meeple_k2,200,51,47,2,13.9,34.8,-1.54,/mnt/c/carc-shared/rod_v28_overnight_flywheel/evals/iter17_vs_iter08_n100,screen,tail-vs-keepbest: iter_17 vs iter_08 n100 SCREEN -> TIE (best contender; topped up to n=384 below).
rod_ov_iter17_vs_iter08_v28_n384,2026-06-23,base,685c4c6,384,rod_ov_iter_17.pt+v2.8,3.0,12,v2_7+meeple_k2,200,rod_ov_iter_08.pt+v2.8,3.0,12,v2_7+meeple_k2,200,192,185,7,6.3,17.7,-0.18,/mnt/c/carc-shared/rod_v28_overnight_flywheel/evals/iter17_vs_iter08_n400,high,"VERDICT (n=384, harness 40min-timeout clipped from 400): best tail contender iter_17 TIES keep-best iter_08 (+6.3 elo / paired_z -0.16, both |z|<1). The extended chain 11-17 does NOT beat iter_08. iter_08 stays keep-best (= heur@3200 parity). MEASUREMENT ONLY; nothing promoted."
exact2_vs_rod1_v28_n400,2026-06-24,base,07b7778,400,exact:2:clair RoD1prefix+v2.8,3.0,12,v2_7+meeple_k2,200,RoD_iter_01.pt+v2.8,3.0,12,v2_7+meeple_k2,200,198,197,5,0.9,17.4,0.65,/mnt/c/carc-shared/exact_endgame_hybrid/exact_2_clair__vs__iter8__n400_v28,high,"EXACT-HYBRID K=2 vs RoD1: winrate 0.501 TIE but paired score margin +0.645 z+7.49 -- exact tail adds real +0.65pt/game; winrate flat."
exact2_vs_heur3200_v28_n400,2026-06-24,base,07b7778,400,exact:2:clair RoD1prefix+v2.8,3.0,12,v2_7+meeple_k2,200,heur@3200+v2.8,-,-,v2_7+meeple_k2,3200,206,185,9,18.3,17.4,1.09,/mnt/c/carc-shared/exact_endgame_hybrid/exact_2_clair__vs__heur3200__n400_v28,high,"EXACT-HYBRID K=2 vs h3200: winrate 0.526 z1.05 NS; paired-Delta vs cached RoD1-vs-h3200 same decks +0.652 z+4.47."
exact3_vs_rod1_v28_n400,2026-06-24,base,07b7778,400,exact:3:clair RoD1prefix+v2.8,3.0,12,v2_7+meeple_k2,200,RoD_iter_01.pt+v2.8,3.0,12,v2_7+meeple_k2,200,192,173,9,17.7,18.0,1.42,/mnt/c/carc-shared/exact_endgame_hybrid/exact_3_clair__vs__iter8__n400_v28,high,"EXACT-HYBRID K=3 vs RoD1: paired margin +1.422 z+8.08 (DOUBLES K=2 +0.65); winrate 0.525 z+0.98 NS."
exact3_vs_heur3200_v28_n400,2026-06-24,base,07b7778,400,exact:3:clair RoD1prefix+v2.8,3.0,12,v2_7+meeple_k2,200,heur@3200+v2.8,-,-,v2_7+meeple_k2,3200,211,181,8,26.1,17.4,1.70,/mnt/c/carc-shared/exact_endgame_hybrid/exact_3_clair__vs__heur3200__n400_v28,high,"EXACT-HYBRID K=3 vs h3200: paired-Delta +1.260 z+7.29 (2x K=2); winrate 0.537 z+1.50 NS."
exact4_vs_heur3200_v28_n94,2026-06-24,base,07b7778,94,exact:4:clair RoD1prefix+v2.8,3.0,12,v2_7+meeple_k2,200,heur@3200+v2.8,-,-,v2_7+meeple_k2,3200,53,39,2,52.1,36.2,3.54,/mnt/c/carc-shared/exact_endgame_hybrid/exact_4_clair__vs__heur3200__n100_v28,med,"EXACT-HYBRID K=4 vs h3200 n=94 net-on-CPU 0-timeout: paired-Delta +1.943 z+2.80 margin keeps scaling; winrate 0.568 z+1.44 NS. DEPTH SERIES Delta-margin +0.65/+1.26/+1.94 scales winrate stays NS -- exact endgame EXCEEDS heuristic on margin (grows w/depth) but OUTCOME-NEUTRAL. K=4-vs-RoD1 n=12 inconclusive (OOM). See EXACT_ENDGAME_HYBRID_REPORT.md."
deepsearch_h6400_vs_h3200_v28_n400,2026-06-24,base,d131701,400,HeuristicMCTS_h6400,3.0,12,v2_8_mk2,6400,HeuristicMCTS_h3200,3.0,12,v2_8_mk2,3200,212,181,7,27.0,34,2.49,/mnt/c/carc-shared/deeper_search_ruler/heur6400__vs__heur3200__n400_v28,high,"Deeper-search ruler Part B (verdict-grade). h6400 vs h3200 v2.8(meeple_k=2) paired both-seats. winrate 0.539 (z+1.6 NS) but paired margin +2.49pt z+2.61 SIG => SHARPER RULER not stronger match-winner (exact-endgame pattern for whole-game depth). h3200 not saturated on margin, ~saturated on winrate. DEEPER_SEARCH_RULER_REPORT.md."
deepsearch_h12800_vs_h6400_v28_n100,2026-06-24,base,d131701,100,HeuristicMCTS_h12800,3.0,12,v2_8_mk2,12800,HeuristicMCTS_h6400,3.0,12,v2_8_mk2,6400,60,39,1,74.1,37,3.87,/mnt/c/carc-shared/deeper_search_ruler/heur12800__vs__heur6400__n100_v28,medium,"Part B rung 2 SCREEN n=100. paired margin +3.87pt z+2.27 = margin SCALES with depth (vs +2.49 below). winrate 0.605 z+2.1 is a SCREEN not verdict (exceeds margin-slope ~0.56, likely small-n overshoot like h6400 early +4->+2.49; NOT topped to n=400 ~7h). 1043s/game."
deepsearch_rod1_vs_h6400_v28_n200,2026-06-24,base,d131701,200,rod_v28_continuation_iter_01,3.0,12,v2_8_mk2_rs025,200,HeuristicMCTS_h6400,3.0,12,v2_8_mk2,6400,85,111,4,-45.4,24,-4.41,/mnt/c/carc-shared/deeper_search_ruler/rod1__vs__heur6400__n200_v28,high,"Part C (orch W20). RoD_iter_01 (sims200,rs0.25) vs h6400 v2.8. winrate 0.435 (z-1.8), paired margin -4.41pt z-3.24 SIG => RoD1 LOSES, does NOT hold vs deeper ruler (only reached h3200 parity; agreement!=strength). KEY: h6400 = the non-saturated REFERENCE the measurement program needs (un-saturates RoD1-h3200 parity). No promotion."
v291_waveB_bmild_cap8_vs_cap5_s200_n400,2026-06-25,base,d1251ae,400,HeuristicMCTS,3.0,8,v2_9_1_Bmild_cap8,200,HeuristicMCTS,3.0,5,v2_9_Bmild_cap5_anchor,200,224,171,5,46.3,18,2.21,/mnt/c/carc-shared/v29_eval/v29_Bmild_cap8_vs_Bmild_s200,high,"v2.9.1 retune Wave B (closure cap). The ONE knob that moved: raising cap 5->8 on the Bmild curve = +46 elo, even-bucket 0.669 (competitive gain). cap8 beat cap12 on the even-bucket (0.669 vs 0.453 = cap12 pads blowouts). Scale/closure-P/tanh-norm waves all NULL. Final v2.9.1 = Bmild_cap8."
v291_THRONE_bmild_cap8_vs_v28prod_s200_n400,2026-06-25,base,6133739,400,HeuristicMCTS,3.0,8,v2_9_1_Bmild_cap8,200,HeuristicMCTS,3.0,12,v2_8_prod_cap12_drop3open,200,226,163,11,55.2,18,4.44,/mnt/c/carc-shared/v29_eval/v29_Bmild_cap8_vs_v28prod_s200,high,"THRONE TEST (the comparison the v2.9 audit skipped): v2.9.1 Bmild_cap8 vs REAL production v2.8 (cap12+drop-3-open+flat-k2). 0.579 wr / z+3.94 / even-bucket 0.636 (competitive win, NOT padding). The curve is the bulk; cap8 adds. Prior v29 runs used cap5/3-open env default mislabeled as 'v2.8'. CLASSICAL leaf win, nothing promoted."
v291_THRONE_bmild_cap8_vs_v28prod_s800_n200,2026-06-25,base,6133739,200,HeuristicMCTS,3.0,8,v2_9_1_Bmild_cap8,800,HeuristicMCTS,3.0,12,v2_8_prod_cap12_drop3open,800,106,86,8,34.9,25,2.77,/mnt/c/carc-shared/v29_eval/v29_Bmild_cap8_vs_v28prod_s800,medium,"THRONE-TEST washout: Bmild_cap8 vs v28prod at sims=800. 0.550 wr / +35 elo / z+1.84 / even 0.569. Gain shrinks +55->+35 but DEPTH-ROBUST (not a washout), mirrors original Bmild ladder. n=200@s800 is +/-25 elo coarse. h6400 arbiter DEFERRED to promotion-time (Joshua's call; ~3-5hr)."
