[kwidth] pool=2619 cells | chosen n=200 | k8x1376=11008 vs k16x1376=22016 | W=16 | parity-verify=20
[kwidth] out -> /mnt/c/carc-shared/oracle_22016_20260729/picks
[kwidth] resume: 0 already done, 200 to go
[1/200] s28000000388_p6_r2 ok a=1256 b=1256 disagree=False parity=True 50.337s
[2/200] s28000000118_p14_r1 ok a=2504 b=2504 disagree=False parity=True 58.854s
[3/200] s28000000390_p32_r2 ok a=1440 b=1440 disagree=False parity=True 64.918s
[4/200] s28000000206_p25_r3 ok a=2505 b=2505 disagree=False parity=True 66.585s
[5/200] s28000000245_p28_r3 ok a=1053 b=1053 disagree=False parity=True 71.511s
[6/200] s28000000293_p29_r3 ok a=2504 b=2504 disagree=False parity=True 73.985s
[7/200] s28000000014_p45_r3 ok a=2502 b=2502 disagree=False parity=True 80.205s
[8/200] s28000000278_p106_r3 ok a=1463 b=1463 disagree=False parity=True 84.293s
[9/200] s28000000257_p92_r2 ok a=1142 b=1142 disagree=False parity=True 99.312s
[10/200] s28000000060_p100_r3 ok a=845 b=845 disagree=False parity=True 102.763s
[11/200] s28000000205_p121_r1 ok a=2501 b=2501 disagree=False parity=True 103.791s
[12/200] s28000000226_p36_r2 ok a=949 b=949 disagree=False parity=- 32.533s
[13/200] s28000000075_p101_r2 ok a=2509 b=2509 disagree=False parity=True 106.929s
[14/200] s28000000074_p103_r3 ok a=2502 b=2503 disagree=True parity=True 111.458s
[15/200] s28000000022_p108_r1 ok a=1038 b=1038 disagree=False parity=- 40.796s
[16/200] s28000000311_p65_r2 ok a=2510 b=2510 disagree=False parity=- 29.961s
[17/200] s28000000243_p43_r2 ok a=2501 b=2501 disagree=False parity=- 39.676s
[18/200] s28000000103_p9_r2 ok a=2505 b=2505 disagree=False parity=- 21.969s
[19/200] s28000000168_p121_r2 ok a=2510 b=2510 disagree=False parity=True 125.751s
[20/200] s28000000161_p132_r3 ok a=1129 b=1368 disagree=True parity=True 72.515s
[21/200] s28000000438_p50_r1 ok a=1548 b=1548 disagree=False parity=True 71.072s
[22/200] s28000000058_p124_r3 ok a=1733 b=1658 disagree=True parity=- 26.768s
[23/200] s28000000162_p56_r1 ok a=946 b=946 disagree=False parity=- 35.613s
[24/200] s28000000394_p10_r3 ok a=1144 b=1242 disagree=True parity=- 17.292s
[25/200] s28000000075_p101_r1 ok a=2509 b=2509 disagree=False parity=- 43.321s
[26/200] s28000000074_p20_r1 ok a=1256 b=1256 disagree=False parity=- 23.823s
[27/200] s28000000168_p1_r3 ok a=2501 b=2501 disagree=False parity=- 14.178s
[28/200] s28000000302_p46_r2 ok a=1557 b=1557 disagree=False parity=- 31.598s
[29/200] s28000000205_p90_r2 ok a=750 b=750 disagree=False parity=- 39.592s
[30/200] s28000000160_p68_r2 ok a=2501 b=2501 disagree=False parity=- 40.923s
[31/200] s28000000271_p73_r3 ok a=2510 b=2510 disagree=False parity=- 45.533s
[32/200] s28000000144_p31_r3 ok a=2504 b=2504 disagree=False parity=- 31.772s
[33/200] s28000000138_p24_r1 ok a=1240 b=1243 disagree=True parity=- 24.225s
[34/200] s28000000064_p104_r2 ok a=1058 b=1058 disagree=False parity=- 34.62s
[35/200] s28000000274_p47_r3 ok a=2510 b=2510 disagree=False parity=- 35.9s
[36/200] s28000000207_p111_r1 ok a=1540 b=1337 disagree=True parity=- 38.811s
[37/200] s28000000002_p115_r2 ok a=843 b=843 disagree=False parity=- 33.162s
[38/200] s28000000005_p91_r3 ok a=2508 b=2508 disagree=False parity=True 129.141s
[39/200] s28000000022_p52_r3 ok a=1337 b=1340 disagree=True parity=- 33.055s
[40/200] s28000000184_p77_r2 ok a=2510 b=2510 disagree=False parity=- 36.875s
[41/200] s28000000254_p122_r1 ok a=1556 b=1556 disagree=False parity=- 38.77s
[42/200] s28000000376_p64_r2 ok a=1153 b=1153 disagree=False parity=- 26.072s
[43/200] s28000000214_p101_r2 ok a=2507 b=2507 disagree=False parity=True 121.751s
[44/200] s28000000261_p59_r2 ok a=1653 b=1653 disagree=False parity=- 48.49s
[45/200] s28000000068_p83_r1 ok a=2510 b=2510 disagree=False parity=- 45.763s
[46/200] s28000000076_p136_r3 ok a=740 b=740 disagree=False parity=- 64.93s
[47/200] s28000000275_p25_r3 ok a=2510 b=2510 disagree=False parity=- 32.123s
[48/200] s28000000261_p33_r3 ok a=1441 b=1441 disagree=False parity=- 31.127s
[49/200] s28000000360_p74_r2 ok a=1156 b=1156 disagree=False parity=- 38.373s
[50/200] s28000000080_p26_r1 ok a=1544 b=1544 disagree=False parity=- 32.282s
[51/200] s28000000400_p120_r3 ok a=1341 b=1341 disagree=False parity=- 33.094s
[52/200] s28000000244_p70_r2 ok a=652 b=652 disagree=False parity=- 36.379s
[53/200] s28000000116_p106_r1 ok a=1536 b=1536 disagree=False parity=- 38.22s
[54/200] s28000000153_p59_r2 ok a=2502 b=2501 disagree=True parity=- 39.95s
[55/200] s28000000269_p82_r3 ok a=1746 b=1746 disagree=False parity=- 42.787s
[56/200] s28000000413_p69_r1 ok a=2507 b=2507 disagree=False parity=- 44.724s
[57/200] s28000000444_p14_r1 ok a=1142 b=1142 disagree=False parity=- 23.487s
[58/200] s28000000062_p89_r3 ok a=1166 b=1166 disagree=False parity=- 42.559s
[59/200] s28000000232_p122_r3 ok a=1564 b=1564 disagree=False parity=- 39.457s
[60/200] s28000000212_p58_r2 ok a=1461 b=1545 disagree=True parity=- 30.364s
[61/200] s28000000426_p11_r3 ok a=2503 b=2503 disagree=False parity=- 25.492s
[62/200] s28000000182_p84_r1 ok a=944 b=944 disagree=False parity=- 32.376s
[63/200] s28000000276_p29_r3 ok a=2510 b=2510 disagree=False parity=- 30.634s
[64/200] s28000000110_p98_r3 ok a=1741 b=1740 disagree=True parity=- 30.345s
[65/200] s28000000244_p70_r3 ok a=652 b=652 disagree=False parity=- 36.801s
[66/200] s28000000267_p74_r2 ok a=942 b=942 disagree=False parity=- 30.364s
[67/200] s28000000422_p66_r3 ok a=1539 b=1539 disagree=False parity=- 34.355s
[68/200] s28000000336_p126_r3 ok a=1529 b=1529 disagree=False parity=- 58.007s
[69/200] s28000000025_p13_r3 ok a=2501 b=2501 disagree=False parity=- 24.427s
[70/200] s28000000329_p102_r3 ok a=1464 b=1464 disagree=False parity=- 35.926s
[71/200] s28000000379_p68_r1 ok a=951 b=951 disagree=False parity=- 30.329s
[72/200] s28000000284_p22_r3 ok a=1456 b=1456 disagree=False parity=- 27.096s
[73/200] s28000000370_p55_r1 ok a=2503 b=2503 disagree=False parity=- 40.862s
[74/200] s28000000113_p66_r1 ok a=1544 b=1544 disagree=False parity=- 27.741s
[75/200] s28000000175_p135_r3 ok a=2510 b=2510 disagree=False parity=- 74.46s
[76/200] s28000000430_p52_r1 ok a=2510 b=2510 disagree=False parity=- 37.32s
[77/200] s28000000054_p117_r2 ok a=2510 b=2510 disagree=False parity=- 51.615s
[78/200] s28000000079_p68_r3 ok a=849 b=849 disagree=False parity=- 26.155s
[79/200] s28000000257_p47_r2 ok a=2506 b=2506 disagree=False parity=- 31.467s
[80/200] s28000000335_p53_r2 ok a=1560 b=1560 disagree=False parity=- 31.323s
[81/200] s28000000240_p59_r3 ok a=2501 b=2501 disagree=False parity=- 43.349s
[82/200] s28000000180_p94_r1 ok a=1062 b=1062 disagree=False parity=- 35.878s
[83/200] s28000000083_p94_r3 ok a=1164 b=1164 disagree=False parity=- 31.734s
[84/200] s28000000373_p62_r2 ok a=2510 b=2510 disagree=False parity=- 38.269s
[85/200] s28000000345_p50_r1 ok a=1545 b=1545 disagree=False parity=- 34.853s
[86/200] s28000000350_p50_r3 ok a=945 b=945 disagree=False parity=- 36.317s
[87/200] s28000000395_p85_r3 ok a=2503 b=2503 disagree=False parity=- 46.421s
[88/200] s28000000355_p132_r2 ok a=1266 b=1266 disagree=False parity=- 27.594s
[89/200] s28000000216_p21_r2 ok a=2506 b=2506 disagree=False parity=- 27.434s
[90/200] s28000000063_p51_r3 ok a=2501 b=2501 disagree=False parity=- 33.399s
[91/200] s28000000372_p132_r3 ok a=933 b=933 disagree=False parity=- 27.722s
[92/200] s28000000421_p52_r3 ok a=1242 b=1365 disagree=True parity=- 37.582s
[93/200] s28000000237_p85_r3 ok a=2510 b=2510 disagree=False parity=- 40.019s
[94/200] s28000000272_p35_r3 ok a=2508 b=2508 disagree=False parity=- 24.11s
[95/200] s28000000243_p43_r1 ok a=2501 b=2502 disagree=True parity=- 35.729s
[96/200] s28000000202_p50_r3 ok a=1333 b=1333 disagree=False parity=- 36.676s
[97/200] s28000000377_p62_r3 ok a=1436 b=1436 disagree=False parity=- 35.184s
[98/200] s28000000152_p29_r2 ok a=2510 b=2510 disagree=False parity=- 26.465s
[99/200] s28000000318_p32_r3 ok a=1463 b=1463 disagree=False parity=- 29.995s
[100/200] s28000000408_p11_r3 ok a=2504 b=2504 disagree=False parity=- 22.6s
[101/200] s28000000294_p23_r1 ok a=2503 b=2503 disagree=False parity=- 25.455s
[102/200] s28000000265_p27_r2 ok a=2509 b=2509 disagree=False parity=- 28.472s
[103/200] s28000000090_p52_r1 ok a=1366 b=1562 disagree=True parity=- 28.102s
[104/200] s28000000330_p73_r1 ok a=2504 b=2504 disagree=False parity=- 39.116s
[105/200] s28000000394_p121_r2 ok a=2503 b=2503 disagree=False parity=- 55.282s
[106/200] s28000000435_p139_r3 ok a=2501 b=2501 disagree=False parity=True 359.674s
[107/200] s28000000126_p30_r1 ok a=1357 b=1356 disagree=True parity=- 26.085s
[108/200] s28000000393_p55_r1 ok a=2503 b=2503 disagree=False parity=- 40.758s
[109/200] s28000000327_p132_r3 ok a=2510 b=2510 disagree=False parity=- 70.833s
[110/200] s28000000009_p137_r2 ok a=2510 b=2510 disagree=False parity=- 60.208s
[111/200] s28000000159_p40_r2 ok a=1356 b=1356 disagree=False parity=- 30.249s
[112/200] s28000000135_p76_r3 ok a=1357 b=1357 disagree=False parity=- 30.456s
[113/200] s28000000367_p17_r1 ok a=2510 b=2510 disagree=False parity=- 24.571s
[114/200] s28000000239_p14_r3 ok a=1050 b=1050 disagree=False parity=- 27.526s
[115/200] s28000000094_p24_r2 ok a=1143 b=1143 disagree=False parity=- 27.59s
[116/200] s28000000036_p16_r1 ok a=1449 b=1449 disagree=False parity=- 24.421s
[117/200] s28000000260_p137_r2 ok a=2503 b=2503 disagree=False parity=- 164.799s
[118/200] s28000000271_p73_r1 ok a=2510 b=2510 disagree=False parity=- 43.505s
[119/200] s28000000008_p124_r2 ok a=1070 b=1269 disagree=True parity=- 21.035s
[120/200] s28000000096_p44_r1 ok a=1347 b=1347 disagree=False parity=- 25.857s
[121/200] s28000000359_p68_r2 ok a=1436 b=1436 disagree=False parity=- 35.145s
[122/200] s28000000214_p97_r2 ok a=2509 b=2509 disagree=False parity=- 46.828s
[123/200] s28000000111_p33_r3 ok a=2510 b=2510 disagree=False parity=- 33.492s
[124/200] s28000000014_p7_r1 ok a=2501 b=2501 disagree=False parity=- 21.604s
[125/200] s28000000158_p49_r3 ok a=2510 b=2510 disagree=False parity=- 33.058s
[126/200] s28000000028_p61_r1 ok a=2505 b=2505 disagree=False parity=- 40.765s
[127/200] s28000000306_p23_r2 ok a=2505 b=2505 disagree=False parity=- 26.68s
[128/200] s28000000358_p131_r3 ok a=2510 b=2510 disagree=False parity=- 67.576s
[129/200] s28000000137_p125_r1 ok a=2510 b=2510 disagree=False parity=- 44.431s
[130/200] s28000000375_p14_r3 ok a=1047 b=1047 disagree=False parity=- 24.73s
[131/200] s28000000272_p35_r2 ok a=2508 b=2508 disagree=False parity=- 28.794s
[132/200] s28000000163_p108_r1 ok a=852 b=1372 disagree=True parity=- 44.527s
[133/200] s28000000163_p78_r3 ok a=1324 b=1324 disagree=False parity=- 47.476s
[134/200] s28000000303_p111_r1 ok a=2501 b=2501 disagree=False parity=- 39.166s
[135/200] s28000000090_p52_r2 ok a=1336 b=1336 disagree=False parity=- 27.551s
[136/200] s28000000068_p124_r3 ok a=929 b=929 disagree=False parity=- 44.785s
[137/200] s28000000345_p65_r1 ok a=2503 b=2503 disagree=False parity=- 35.912s
[138/200] s28000000115_p65_r3 ok a=2510 b=2510 disagree=False parity=- 38.678s
[139/200] s28000000128_p72_r3 ok a=1066 b=1066 disagree=False parity=- 40.472s
[140/200] s28000000432_p18_r1 ok a=1237 b=1237 disagree=False parity=- 24.611s
[141/200] s28000000057_p135_r3 ok a=1376 b=1376 disagree=False parity=- 64.618s
[142/200] s28000000300_p138_r3 ok a=1661 b=1661 disagree=False parity=- 63.284s
[143/200] s28000000006_p108_r2 ok a=850 b=850 disagree=False parity=- 32.659s
[144/200] s28000000147_p128_r2 ok a=537 b=537 disagree=False parity=- 35.907s
[145/200] s28000000105_p16_r2 ok a=1136 b=1138 disagree=True parity=- 24.926s
[146/200] s28000000043_p62_r1 ok a=1557 b=1557 disagree=False parity=- 29.946s
[147/200] s28000000142_p16_r1 ok a=1149 b=1149 disagree=False parity=- 22.334s
[148/200] s28000000333_p51_r3 ok a=2504 b=2504 disagree=False parity=- 34.507s
[149/200] s28000000059_p51_r1 ok a=2510 b=2510 disagree=False parity=- 33.58s
[150/200] s28000000206_p16_r3 ok a=1050 b=1050 disagree=False parity=- 22.057s
[151/200] s28000000226_p36_r3 ok a=1156 b=949 disagree=True parity=- 28.739s
[152/200] s28000000040_p60_r2 ok a=1145 b=1145 disagree=False parity=- 25.396s
[153/200] s28000000245_p27_r3 ok a=2510 b=2510 disagree=False parity=- 30.157s
[154/200] s28000000147_p128_r1 ok a=537 b=537 disagree=False parity=- 35.669s
[155/200] s28000000275_p25_r2 ok a=2506 b=2506 disagree=False parity=- 31.271s
[156/200] s28000000375_p14_r2 ok a=1047 b=1047 disagree=False parity=- 24.624s
[157/200] s28000000103_p71_r2 ok a=2510 b=2510 disagree=False parity=- 43.342s
[158/200] s28000000009_p47_r3 ok a=2502 b=2502 disagree=False parity=- 37.225s
[159/200] s28000000399_p36_r3 ok a=1050 b=1050 disagree=False parity=- 26.668s
[160/200] s28000000416_p32_r1 ok a=1055 b=1055 disagree=False parity=- 30.651s
[161/200] s28000000056_p68_r2 ok a=1649 b=1649 disagree=False parity=- 38.441s
[162/200] s28000000280_p85_r1 ok a=2508 b=2510 disagree=True parity=- 40.49s
[163/200] s28000000003_p66_r2 ok a=1840 b=1840 disagree=False parity=- 37.904s
[164/200] s28000000363_p29_r1 ok a=2506 b=2506 disagree=False parity=- 25.12s
[165/200] s28000000029_p11_r2 ok a=2504 b=2504 disagree=False parity=- 18.817s
[166/200] s28000000220_p70_r3 ok a=956 b=956 disagree=False parity=- 33.906s
[167/200] s28000000082_p114_r1 ok a=1849 b=1849 disagree=False parity=- 48.177s
[168/200] s28000000339_p88_r3 ok a=1071 b=966 disagree=True parity=- 31.65s
[169/200] s28000000276_p29_r1 ok a=2510 b=2510 disagree=False parity=- 26.603s
[170/200] s28000000006_p90_r2 ok a=1462 b=1462 disagree=False parity=- 25.989s
[171/200] s28000000384_p117_r3 ok a=1260 b=1260 disagree=False parity=- 47.833s
[172/200] s28000000381_p75_r2 ok a=2510 b=2510 disagree=False parity=- 49.85s
[173/200] s28000000023_p107_r2 ok a=2501 b=2501 disagree=False parity=- 54.511s
[174/200] s28000000182_p111_r3 ok a=2501 b=2501 disagree=False parity=- 45.685s
[175/200] s28000000387_p1_r3 ok a=2503 b=2501 disagree=True parity=- 15.435s
[176/200] s28000000435_p103_r1 ok a=2502 b=2502 disagree=False parity=- 47.607s
[177/200] s28000000027_p94_r1 ok a=1542 b=1542 disagree=False parity=- 40.175s
[178/200] s28000000414_p96_r1 ok a=844 b=844 disagree=False parity=- 35.609s
[179/200] s28000000355_p132_r3 ok a=1266 b=1266 disagree=False parity=- 25.411s
[180/200] s28000000039_p5_r2 ok a=2505 b=2505 disagree=False parity=- 16.357s
[181/200] s28000000275_p125_r3 ok a=2505 b=2505 disagree=False parity=- 42.505s
[182/200] s28000000034_p84_r2 ok a=1746 b=1746 disagree=False parity=- 46.837s
[183/200] s28000000374_p20_r3 ok a=1057 b=1057 disagree=False parity=- 24.402s
[184/200] s28000000442_p24_r1 ok a=1156 b=1156 disagree=False parity=- 26.417s
[185/200] s28000000301_p53_r2 ok a=2510 b=2510 disagree=False parity=- 36.069s
[186/200] s28000000322_p114_r3 ok a=847 b=847 disagree=False parity=- 28.73s
[187/200] s28000000417_p36_r3 ok a=2510 b=2510 disagree=False parity=- 32.173s
[188/200] s28000000164_p73_r1 ok a=2503 b=2503 disagree=False parity=- 43.076s
[189/200] s28000000357_p108_r2 ok a=1264 b=1264 disagree=False parity=- 43.299s
[190/200] s28000000305_p97_r3 ok a=2510 b=2510 disagree=False parity=- 44.499s
[191/200] s28000000152_p29_r1 ok a=2510 b=2510 disagree=False parity=- 29.911s
[192/200] s28000000382_p70_r2 ok a=1361 b=1361 disagree=False parity=- 39.483s
[193/200] s28000000417_p97_r1 ok a=665 b=665 disagree=False parity=- 40.883s
[194/200] s28000000005_p91_r1 ok a=2510 b=2510 disagree=False parity=- 45.943s
[195/200] s28000000081_p80_r1 ok a=953 b=953 disagree=False parity=- 40.812s
[196/200] s28000000341_p117_r2 ok a=2504 b=2504 disagree=False parity=- 33.786s
[197/200] s28000000237_p22_r2 ok a=1252 b=1252 disagree=False parity=- 22.089s
[198/200] s28000000368_p107_r3 ok a=2510 b=2510 disagree=False parity=- 29.902s
[199/200] s28000000052_p126_r3 ok a=858 b=858 disagree=False parity=- 34.894s
[200/200] s28000000046_p137_r3 ok a=2505 b=2505 disagree=False parity=True 668.023s

=== k-WIDTH AGREEMENT SUMMARY ===
{
  "schema": "carcassonne-kwidth-agreement/v1",
  "n_attempted": 200,
  "n_ok": 200,
  "n_failed": 0,
  "n_disagreements": 21,
  "n_distinct_roots_ok": 186,
  "n_distinct_roots_disagree": 21,
  "disagreement_rate": 0.105,
  "cl070_D_paired_2752_vs_11008": 0.2398,
  "n_parity_verified": 20,
  "wall_secs": 669.0,
  "manifest": "/mnt/c/carc-shared/oracle_22016_20260729/picks/manifest.json"
}
[kwidth] pool=2619 cells | chosen n=1905 | k8x1376=11008 vs k16x1376=22016 | W=16 | parity-verify=20
[kwidth] out -> /mnt/c/carc-shared/oracle_22016_20260729/picks
[kwidth] resume: 200 already done, 1705 to go
[1/1705] s28000000092_p1_r2 ok a=2504 b=2504 disagree=False parity=- 13.866s
[2/1705] s28000000404_p124_r3 ok a=737 b=1279 disagree=True parity=- 18.488s
[3/1705] s28000000011_p24_r3 ok a=949 b=1361 disagree=True parity=- 21.391s
[4/1705] s28000000406_p26_r2 ok a=1054 b=1054 disagree=False parity=- 26.667s
[5/1705] s28000000309_p99_r3 ok a=2510 b=2506 disagree=True parity=- 28.722s
[6/1705] s28000000096_p44_r2 ok a=1347 b=1347 disagree=False parity=- 28.811s
[7/1705] s28000000079_p62_r3 ok a=756 b=756 disagree=False parity=- 28.977s
[8/1705] s28000000298_p55_r3 ok a=2502 b=2502 disagree=False parity=- 29.381s
[9/1705] s28000000020_p96_r1 ok a=1554 b=1554 disagree=False parity=- 30.495s
[10/1705] s28000000040_p58_r3 ok a=851 b=851 disagree=False parity=- 30.567s
[11/1705] s28000000425_p69_r2 ok a=2510 b=2510 disagree=False parity=- 32.702s
[12/1705] s28000000049_p66_r1 ok a=2503 b=2503 disagree=False parity=- 32.907s
[13/1705] s28000000120_p55_r2 ok a=2510 b=2510 disagree=False parity=- 33.662s
[14/1705] s28000000419_p81_r3 ok a=2510 b=2510 disagree=False parity=- 38.444s
[15/1705] s28000000017_p136_r1 ok a=1741 b=1741 disagree=False parity=- 40.551s
[16/1705] s28000000253_p9_r1 ok a=2503 b=2504 disagree=True parity=- 21.179s
[17/1705] s28000000420_p97_r3 ok a=2502 b=2502 disagree=False parity=- 44.629s
[18/1705] s28000000035_p25_r1 ok a=2501 b=2501 disagree=False parity=- 24.541s
[19/1705] s28000000407_p38_r2 ok a=1456 b=1546 disagree=True parity=- 26.653s
[20/1705] s28000000276_p2_r2 ok a=1252 b=1252 disagree=False parity=- 18.066s
[21/1705] s28000000151_p95_r2 ok a=2510 b=2510 disagree=False parity=- 43.069s
[22/1705] s28000000403_p47_r2 ok a=2501 b=2501 disagree=False parity=- 33.012s
[23/1705] s28000000018_p93_r3 ok a=1058 b=1058 disagree=False parity=- 36.719s
[24/1705] s28000000240_p59_r2 ok a=2501 b=2501 disagree=False parity=- 38.678s
[25/1705] s28000000338_p41_r1 ok a=2510 b=2507 disagree=True parity=- 35.19s
[26/1705] s28000000117_p130_r3 ok a=1470 b=1628 disagree=True parity=- 54.508s
[27/1705] s28000000287_p77_r2 ok a=2501 b=2501 disagree=False parity=- 36.671s
[28/1705] s28000000139_p86_r3 ok a=1043 b=1043 disagree=False parity=- 44.466s
[29/1705] s28000000047_p43_r2 ok a=949 b=949 disagree=False parity=- 30.886s
[30/1705] s28000000190_p88_r1 ok a=848 b=848 disagree=False parity=- 37.481s
[31/1705] s28000000354_p133_r1 ok a=2504 b=2503 disagree=True parity=- 47.192s
[32/1705] s28000000323_p22_r3 ok a=955 b=955 disagree=False parity=- 17.638s
[33/1705] s28000000011_p24_r2 ok a=1361 b=1361 disagree=False parity=- 23.818s
[34/1705] s28000000312_p58_r1 ok a=2510 b=2510 disagree=False parity=- 36.232s
[35/1705] s28000000299_p14_r1 ok a=1044 b=1044 disagree=False parity=- 18.049s
[36/1705] s28000000253_p9_r3 ok a=2503 b=2503 disagree=False parity=- 19.049s
[37/1705] s28000000355_p51_r3 ok a=2510 b=2510 disagree=False parity=- 34.176s
[38/1705] s28000000016_p34_r2 ok a=941 b=941 disagree=False parity=- 29.648s
[39/1705] s28000000076_p136_r1 ok a=740 b=740 disagree=False parity=- 70.273s
[40/1705] s28000000112_p118_r3 ok a=1064 b=1058 disagree=True parity=- 40.026s
[41/1705] s28000000371_p60_r3 ok a=1039 b=1039 disagree=False parity=- 34.755s
[42/1705] s28000000178_p58_r1 ok a=1061 b=1061 disagree=False parity=- 36.641s
[43/1705] s28000000037_p44_r2 ok a=1041 b=1041 disagree=False parity=- 30.427s
[44/1705] s28000000393_p49_r1 ok a=2504 b=2504 disagree=False parity=- 32.641s
[45/1705] s28000000317_p37_r3 ok a=2510 b=2510 disagree=False parity=- 34.837s
[46/1705] s28000000204_p123_r2 ok a=2506 b=2506 disagree=False parity=- 43.902s
[47/1705] s28000000377_p1_r1 ok a=2501 b=2501 disagree=False parity=- 13.782s
[48/1705] s28000000115_p65_r1 ok a=2510 b=2510 disagree=False parity=- 37.232s
[49/1705] s28000000122_p103_r2 ok a=2510 b=2510 disagree=False parity=- 46.023s
[50/1705] s28000000038_p63_r1 ok a=2506 b=2502 disagree=True parity=- 40.301s
[51/1705] s28000000381_p68_r3 ok a=1049 b=1069 disagree=True parity=- 28.663s
[52/1705] s28000000134_p49_r1 ok a=2510 b=2510 disagree=False parity=- 29.433s
[53/1705] s28000000238_p71_r3 ok a=1244 b=1244 disagree=False parity=- 43.892s
[54/1705] s28000000320_p39_r3 ok a=1364 b=1364 disagree=False parity=- 26.976s
[55/1705] s28000000091_p88_r2 ok a=2503 b=2510 disagree=True parity=- 48.291s
[56/1705] s28000000161_p23_r2 ok a=2510 b=2510 disagree=False parity=- 28.248s
[57/1705] s28000000140_p10_r1 ok a=1146 b=1146 disagree=False parity=- 22.02s
[58/1705] s28000000208_p84_r1 ok a=946 b=946 disagree=False parity=- 26.681s
[59/1705] s28000000331_p37_r2 ok a=2510 b=2510 disagree=False parity=- 32.612s
[60/1705] s28000000282_p114_r1 ok a=864 b=964 disagree=True parity=- 34.096s
[61/1705] s28000000292_p62_r1 ok a=845 b=845 disagree=False parity=- 33.546s
[62/1705] s28000000433_p14_r1 ok a=1444 b=1256 disagree=True parity=- 26.097s
[63/1705] s28000000167_p2_r3 ok a=1253 b=1253 disagree=False parity=- 14.284s
[64/1705] s28000000048_p55_r1 ok a=2510 b=2510 disagree=False parity=- 25.878s
[65/1705] s28000000175_p86_r2 ok a=1056 b=1056 disagree=False parity=- 37.434s
[66/1705] s28000000069_p124_r3 ok a=1364 b=1364 disagree=False parity=- 44.301s
[67/1705] s28000000363_p67_r3 ok a=2510 b=2510 disagree=False parity=- 33.834s
[68/1705] s28000000160_p68_r3 ok a=2501 b=2502 disagree=True parity=- 40.753s
[69/1705] s28000000287_p77_r1 ok a=2501 b=2501 disagree=False parity=- 39.856s
[70/1705] s28000000032_p124_r1 ok a=854 b=854 disagree=False parity=- 33.2s
[71/1705] s28000000449_p42_r1 ok a=1136 b=1136 disagree=False parity=- 31.923s
[72/1705] s28000000187_p34_r3 ok a=1356 b=1356 disagree=False parity=- 30.493s
[73/1705] s28000000367_p17_r3 ok a=2506 b=2506 disagree=False parity=- 26.231s
[74/1705] s28000000221_p121_r1 ok a=2510 b=2510 disagree=False parity=- 60.367s
[75/1705] s28000000314_p136_r3 ok a=851 b=851 disagree=False parity=- 109.671s
[76/1705] s28000000213_p83_r1 ok a=2510 b=2510 disagree=False parity=- 50.591s
[77/1705] s28000000236_p117_r1 ok a=1753 b=1753 disagree=False parity=- 20.692s
[78/1705] s28000000442_p24_r3 ok a=1156 b=1156 disagree=False parity=- 25.7s
[79/1705] s28000000315_p124_r2 ok a=740 b=740 disagree=False parity=- 34.542s
[80/1705] s28000000133_p12_r2 ok a=1259 b=1259 disagree=False parity=- 20.599s
[81/1705] s28000000315_p22_r1 ok a=1437 b=1437 disagree=False parity=- 24.544s
[82/1705] s28000000101_p29_r3 ok a=2503 b=2503 disagree=False parity=- 29.541s
[83/1705] s28000000028_p139_r2 ok a=2501 b=2501 disagree=False parity=- 136.146s
[84/1705] s28000000105_p16_r1 ok a=1241 b=1241 disagree=False parity=- 25.87s
[85/1705] s28000000151_p26_r1 ok a=1047 b=1047 disagree=False parity=- 30.058s
[86/1705] s28000000113_p80_r2 ok a=1332 b=1461 disagree=True parity=- 36.907s
[87/1705] s28000000147_p128_r3 ok a=537 b=537 disagree=False parity=- 35.508s
[88/1705] s28000000016_p34_r3 ok a=941 b=941 disagree=False parity=- 29.686s
[89/1705] s28000000116_p57_r3 ok a=2510 b=2510 disagree=False parity=- 36.211s
[90/1705] s28000000265_p4_r3 ok a=1148 b=1148 disagree=False parity=- 19.139s
[91/1705] s28000000059_p51_r3 ok a=2510 b=2510 disagree=False parity=- 32.997s
[92/1705] s28000000076_p136_r2 ok a=740 b=740 disagree=False parity=- 69.296s
[93/1705] s28000000094_p24_r1 ok a=1143 b=1143 disagree=False parity=- 25.282s
[94/1705] s28000000146_p88_r2 ok a=742 b=742 disagree=False parity=- 37.386s
[95/1705] s28000000345_p65_r3 ok a=2510 b=2510 disagree=False parity=- 30.422s
[96/1705] s28000000288_p115_r1 ok a=2510 b=2506 disagree=True parity=- 36.892s
[97/1705] s28000000300_p44_r3 ok a=1257 b=1257 disagree=False parity=- 26.871s
[98/1705] s28000000291_p19_r3 ok a=2510 b=2510 disagree=False parity=- 21.913s
[99/1705] s28000000445_p26_r2 ok a=948 b=948 disagree=False parity=- 26.318s
[100/1705] s28000000206_p25_r1 ok a=2505 b=2505 disagree=False parity=- 26.735s
[101/1705] s28000000191_p86_r1 ok a=2510 b=2510 disagree=False parity=- 48.888s
[102/1705] s28000000225_p116_r3 ok a=1632 b=1632 disagree=False parity=- 45.566s
[103/1705] s28000000023_p107_r3 ok a=2501 b=2501 disagree=False parity=- 51.81s
[104/1705] s28000000204_p112_r2 ok a=1743 b=1743 disagree=False parity=- 33.857s
[105/1705] s28000000392_p27_r2 ok a=2510 b=2510 disagree=False parity=- 28.213s
[106/1705] s28000000082_p114_r3 ok a=1849 b=1849 disagree=False parity=- 44.225s
[107/1705] s28000000149_p123_r2 ok a=2510 b=2510 disagree=False parity=- 52.901s
[108/1705] s28000000065_p133_r3 ok a=2503 b=2503 disagree=False parity=- 61.372s
[109/1705] s28000000124_p72_r2 ok a=1337 b=1337 disagree=False parity=- 37.647s
[110/1705] s28000000296_p63_r2 ok a=2510 b=2510 disagree=False parity=- 41.682s
[111/1705] s28000000099_p120_r3 ok a=1270 b=1270 disagree=False parity=- 31.791s
[112/1705] s28000000100_p86_r2 ok a=1653 b=1652 disagree=True parity=- 43.158s
[113/1705] s28000000448_p79_r2 ok a=2503 b=2503 disagree=False parity=- 42.358s
[114/1705] s28000000416_p32_r2 ok a=1044 b=1044 disagree=False parity=- 31.066s
[115/1705] s28000000198_p82_r2 ok a=1324 b=1324 disagree=False parity=- 46.669s
[116/1705] s28000000135_p76_r2 ok a=1357 b=1357 disagree=False parity=- 30.025s
[117/1705] s28000000002_p67_r3 ok a=941 b=941 disagree=False parity=- 28.903s
[118/1705] s28000000045_p2_r3 ok a=1246 b=1246 disagree=False parity=- 14.466s
[119/1705] s28000000352_p118_r1 ok a=847 b=847 disagree=False parity=- 27.15s
[120/1705] s28000000227_p68_r2 ok a=948 b=948 disagree=False parity=- 33.096s
[121/1705] s28000000203_p96_r1 ok a=1463 b=744 disagree=True parity=- 31.595s
[122/1705] s28000000244_p21_r3 ok a=2510 b=2510 disagree=False parity=- 28.517s
[123/1705] s28000000130_p20_r2 ok a=956 b=956 disagree=False parity=- 25.182s
[124/1705] s28000000194_p16_r3 ok a=1454 b=1454 disagree=False parity=- 19.102s
[125/1705] s28000000439_p69_r2 ok a=2510 b=2510 disagree=False parity=- 42.091s
[126/1705] s28000000259_p108_r1 ok a=748 b=748 disagree=False parity=- 32.961s
[127/1705] s28000000156_p127_r2 ok a=2505 b=2505 disagree=False parity=- 34.063s
[128/1705] s28000000129_p8_r2 ok a=1450 b=1450 disagree=False parity=- 20.952s
[129/1705] s28000000441_p120_r3 ok a=1232 b=1232 disagree=False parity=- 36.041s
[130/1705] s28000000329_p115_r3 ok a=2501 b=2501 disagree=False parity=- 44.291s
[131/1705] s28000000360_p23_r3 ok a=2505 b=2505 disagree=False parity=- 29.62s
[132/1705] s28000000351_p24_r3 ok a=1263 b=1263 disagree=False parity=- 26.991s
[133/1705] s28000000097_p37_r1 ok a=2510 b=2510 disagree=False parity=- 33.102s
[134/1705] s28000000257_p92_r3 ok a=1142 b=1142 disagree=False parity=- 42.279s
[135/1705] s28000000313_p83_r3 ok a=2510 b=2510 disagree=False parity=- 48.041s
[136/1705] s28000000375_p25_r2 ok a=2505 b=2505 disagree=False parity=- 23.359s
[137/1705] s28000000231_p119_r1 ok a=2510 b=2510 disagree=False parity=- 46.088s
[138/1705] s28000000001_p102_r2 ok a=1235 b=1235 disagree=False parity=- 44.856s
[139/1705] s28000000113_p66_r2 ok a=1544 b=1448 disagree=True parity=- 24.052s
[140/1705] s28000000139_p86_r1 ok a=1043 b=1043 disagree=False parity=- 45.728s
[141/1705] s28000000178_p58_r2 ok a=1061 b=1061 disagree=False parity=- 33.076s
[142/1705] s28000000424_p139_r1 ok a=2504 b=2504 disagree=False parity=- 100.28s
[143/1705] s28000000154_p104_r3 ok a=1745 b=1745 disagree=False parity=- 35.817s
[144/1705] s28000000112_p118_r2 ok a=1058 b=1058 disagree=False parity=- 40.536s
[145/1705] s28000000326_p70_r2 ok a=949 b=949 disagree=False parity=- 41.712s
[146/1705] s28000000448_p104_r2 ok a=1221 b=1221 disagree=False parity=- 39.896s
[147/1705] s28000000058_p124_r2 ok a=1733 b=652 disagree=True parity=- 24.083s
[148/1705] s28000000349_p59_r2 ok a=2501 b=2501 disagree=False parity=- 36.725s
[149/1705] s28000000322_p112_r3 ok a=1137 b=1137 disagree=False parity=- 30.226s
[150/1705] s28000000026_p38_r3 ok a=1045 b=1045 disagree=False parity=- 29.209s
[151/1705] s28000000102_p37_r2 ok a=2510 b=2510 disagree=False parity=- 31.486s
[152/1705] s28000000236_p17_r3 ok a=1347 b=1347 disagree=False parity=- 21.341s
[153/1705] s28000000097_p116_r1 ok a=1129 b=1129 disagree=False parity=- 36.175s
[154/1705] s28000000254_p27_r3 ok a=2510 b=2510 disagree=False parity=- 27.469s
[155/1705] s28000000381_p75_r3 ok a=2510 b=2510 disagree=False parity=- 43.468s
[156/1705] s28000000400_p120_r1 ok a=1341 b=1341 disagree=False parity=- 29.459s
[157/1705] s28000000414_p96_r2 ok a=844 b=844 disagree=False parity=- 35.904s
[158/1705] s28000000341_p70_r2 ok a=1540 b=1540 disagree=False parity=- 24.687s
[159/1705] s28000000227_p68_r3 ok a=948 b=948 disagree=False parity=- 33.461s
[160/1705] s28000000179_p7_r3 ok a=2504 b=2504 disagree=False parity=- 20.544s
[161/1705] s28000000046_p137_r2 ok a=2505 b=2505 disagree=False parity=- 261.354s
[162/1705] s28000000018_p83_r2 ok a=1032 b=1032 disagree=False parity=- 27.926s
[163/1705] s28000000074_p103_r2 ok a=2502 b=2502 disagree=False parity=- 40.57s
[164/1705] s28000000299_p55_r1 ok a=2510 b=2501 disagree=True parity=- 26.64s
[165/1705] s28000000405_p109_r2 ok a=2503 b=2503 disagree=False parity=- 47.026s
[166/1705] s28000000335_p73_r3 ok a=967 b=967 disagree=False parity=- 32.928s
[167/1705] s28000000389_p22_r2 ok a=1343 b=1343 disagree=False parity=- 24.452s
[168/1705] s28000000402_p13_r1 ok a=2507 b=2507 disagree=False parity=- 17.036s
[169/1705] s28000000143_p46_r1 ok a=1050 b=1050 disagree=False parity=- 35.547s
[170/1705] s28000000212_p133_r2 ok a=2510 b=2510 disagree=False parity=- 65.43s
[171/1705] s28000000319_p76_r3 ok a=1062 b=1062 disagree=False parity=- 30.463s
[172/1705] s28000000167_p132_r3 ok a=1069 b=1069 disagree=False parity=- 27.438s
[173/1705] s28000000128_p72_r1 ok a=1066 b=1066 disagree=False parity=- 37.892s
[174/1705] s28000000027_p15_r3 ok a=2507 b=2507 disagree=False parity=- 20.683s
[175/1705] s28000000012_p69_r1 ok a=2510 b=2510 disagree=False parity=- 32.48s
[176/1705] s28000000060_p46_r1 ok a=1143 b=1143 disagree=False parity=- 35.354s
[177/1705] s28000000059_p39_r2 ok a=2510 b=2510 disagree=False parity=- 29.209s
[178/1705] s28000000165_p46_r3 ok a=2501 b=2507 disagree=True parity=- 32.343s
[179/1705] s28000000311_p68_r2 ok a=857 b=857 disagree=False parity=- 35.479s
[180/1705] s28000000348_p64_r2 ok a=1366 b=1366 disagree=False parity=- 33.401s
[181/1705] s28000000041_p17_r2 ok a=2510 b=2510 disagree=False parity=- 22.947s
[182/1705] s28000000397_p76_r1 ok a=1059 b=1059 disagree=False parity=- 32.188s
[183/1705] s28000000400_p2_r3 ok a=1149 b=1149 disagree=False parity=- 14.728s
[184/1705] s28000000051_p52_r2 ok a=963 b=963 disagree=False parity=- 29.137s
[185/1705] s28000000079_p62_r2 ok a=756 b=756 disagree=False parity=- 29.139s
[186/1705] s28000000139_p86_r2 ok a=1043 b=1043 disagree=False parity=- 44.915s
[187/1705] s28000000215_p80_r1 ok a=961 b=961 disagree=False parity=- 41.381s
[188/1705] s28000000375_p25_r1 ok a=2505 b=2505 disagree=False parity=- 23.275s
[189/1705] s28000000370_p55_r2 ok a=2503 b=2503 disagree=False parity=- 45.275s
[190/1705] s28000000126_p104_r1 ok a=845 b=845 disagree=False parity=- 48.41s
[191/1705] s28000000333_p51_r2 ok a=2504 b=2504 disagree=False parity=- 34.089s
[192/1705] s28000000353_p47_r2 ok a=2501 b=2501 disagree=False parity=- 38.188s
[193/1705] s28000000044_p134_r2 ok a=1862 b=1862 disagree=False parity=- 24.531s
[194/1705] s28000000106_p89_r1 ok a=2502 b=2502 disagree=False parity=- 51.828s
[195/1705] s28000000044_p134_r1 ok a=752 b=752 disagree=False parity=- 33.834s
[196/1705] s28000000235_p80_r2 ok a=1072 b=1072 disagree=False parity=- 35.278s
[197/1705] s28000000437_p9_r1 ok a=2510 b=2506 disagree=True parity=- 20.765s
[198/1705] s28000000338_p86_r3 ok a=833 b=833 disagree=False parity=- 32.58s
[199/1705] s28000000291_p136_r3 ok a=953 b=953 disagree=False parity=- 49.497s
[200/1705] s28000000207_p111_r2 ok a=1540 b=1540 disagree=False parity=- 39.708s
[201/1705] s28000000428_p34_r3 ok a=2510 b=2510 disagree=False parity=- 27.011s
[202/1705] s28000000000_p75_r1 ok a=2504 b=2504 disagree=False parity=- 37.47s
[203/1705] s28000000164_p73_r3 ok a=2503 b=2503 disagree=False parity=- 40.142s
[204/1705] s28000000406_p26_r1 ok a=1054 b=1054 disagree=False parity=- 22.527s
[205/1705] s28000000024_p6_r3 ok a=1246 b=1246 disagree=False parity=- 15.968s
[206/1705] s28000000314_p126_r2 ok a=1133 b=1133 disagree=False parity=- 51.829s
[207/1705] s28000000036_p66_r2 ok a=1558 b=1558 disagree=False parity=- 26.222s
[208/1705] s28000000243_p136_r1 ok a=1222 b=1222 disagree=False parity=- 35.344s
[209/1705] s28000000041_p5_r1 ok a=2501 b=2501 disagree=False parity=- 17.95s
[210/1705] s28000000097_p37_r2 ok a=2510 b=2510 disagree=False parity=- 32.314s
[211/1705] s28000000244_p21_r2 ok a=2510 b=2510 disagree=False parity=- 28.448s
[212/1705] s28000000060_p100_r2 ok a=740 b=740 disagree=False parity=- 39.1s
[213/1705] s28000000110_p94_r2 ok a=1760 b=1760 disagree=False parity=- 26.213s
[214/1705] s28000000294_p23_r3 ok a=2503 b=2503 disagree=False parity=- 26.57s
[215/1705] s28000000073_p37_r2 ok a=2509 b=2509 disagree=False parity=- 30.175s
[216/1705] s28000000010_p69_r3 ok a=2502 b=2502 disagree=False parity=- 33.651s
[217/1705] s28000000156_p127_r1 ok a=2505 b=2505 disagree=False parity=- 31.433s
[218/1705] s28000000019_p35_r2 ok a=2502 b=2501 disagree=True parity=- 30.59s
[219/1705] s28000000436_p116_r3 ok a=1073 b=1073 disagree=False parity=- 20.097s
[220/1705] s28000000136_p21_r2 ok a=2510 b=2510 disagree=False parity=- 26.288s
[221/1705] s28000000013_p20_r2 ok a=1245 b=1245 disagree=False parity=- 26.145s
[222/1705] s28000000437_p9_r3 ok a=2510 b=2506 disagree=True parity=- 18.822s
[223/1705] s28000000296_p30_r2 ok a=1159 b=1159 disagree=False parity=- 27.366s
[224/1705] s28000000095_p130_r3 ok a=1062 b=1062 disagree=False parity=- 32.508s
[225/1705] s28000000425_p48_r3 ok a=1144 b=1144 disagree=False parity=- 31.391s
[226/1705] s28000000154_p16_r2 ok a=1057 b=1341 disagree=True parity=- 20.063s
[227/1705] s28000000260_p62_r1 ok a=1344 b=1344 disagree=False parity=- 28.195s
[228/1705] s28000000373_p62_r3 ok a=2510 b=2510 disagree=False parity=- 37.227s
[229/1705] s28000000201_p108_r2 ok a=2510 b=2506 disagree=True parity=- 36.782s
[230/1705] s28000000252_p81_r2 ok a=2501 b=2501 disagree=False parity=- 40.156s
[231/1705] s28000000281_p17_r1 ok a=2505 b=2505 disagree=False parity=- 23.126s
[232/1705] s28000000089_p56_r2 ok a=1455 b=1455 disagree=False parity=- 37.034s
[233/1705] s28000000041_p17_r1 ok a=2510 b=2510 disagree=False parity=- 23.514s
[234/1705] s28000000445_p26_r1 ok a=948 b=948 disagree=False parity=- 25.312s
[235/1705] s28000000257_p47_r3 ok a=2506 b=2506 disagree=False parity=- 33.764s
[236/1705] s28000000191_p57_r3 ok a=1261 b=1261 disagree=False parity=- 37.82s
[237/1705] s28000000124_p37_r1 ok a=2508 b=2508 disagree=False parity=- 27.607s
[238/1705] s28000000000_p66_r1 ok a=1053 b=1053 disagree=False parity=- 30.831s
[239/1705] s28000000009_p47_r1 ok a=2504 b=2502 disagree=True parity=- 35.788s
[240/1705] s28000000341_p117_r1 ok a=2504 b=2504 disagree=False parity=- 35.453s
[241/1705] s28000000313_p83_r1 ok a=2510 b=2510 disagree=False parity=- 43.478s
[242/1705] s28000000025_p118_r1 ok a=1432 b=1432 disagree=False parity=- 36.728s
[243/1705] s28000000167_p132_r1 ok a=1069 b=1069 disagree=False parity=- 28.602s
[244/1705] s28000000103_p9_r3 ok a=2505 b=2505 disagree=False parity=- 21.314s
[245/1705] s28000000421_p112_r2 ok a=1538 b=1538 disagree=False parity=- 27.398s
[246/1705] s28000000399_p36_r1 ok a=1050 b=1050 disagree=False parity=- 26.369s
[247/1705] s28000000127_p47_r3 ok a=2508 b=2508 disagree=False parity=- 31.622s
[248/1705] s28000000283_p128_r2 ok a=1368 b=1368 disagree=False parity=- 31.648s
[249/1705] s28000000265_p27_r1 ok a=2509 b=2509 disagree=False parity=- 27.58s
[250/1705] s28000000106_p30_r2 ok a=1236 b=1236 disagree=False parity=- 29.083s
[251/1705] s28000000175_p86_r1 ok a=1056 b=1056 disagree=False parity=- 38.165s
[252/1705] s28000000196_p73_r3 ok a=2506 b=2506 disagree=False parity=- 42.187s
[253/1705] s28000000235_p79_r1 ok a=2510 b=2510 disagree=False parity=- 38.845s
[254/1705] s28000000065_p133_r2 ok a=2503 b=2503 disagree=False parity=- 62.976s
[255/1705] s28000000389_p22_r1 ok a=1343 b=1343 disagree=False parity=- 20.576s
[256/1705] s28000000289_p36_r2 ok a=1354 b=1354 disagree=False parity=- 30.842s
[257/1705] s28000000431_p109_r3 ok a=2510 b=2510 disagree=False parity=- 50.845s
[258/1705] s28000000080_p26_r2 ok a=1544 b=1544 disagree=False parity=- 28.758s
[259/1705] s28000000141_p94_r3 ok a=741 b=741 disagree=False parity=- 23.64s
[260/1705] s28000000077_p130_r3 ok a=1656 b=1656 disagree=False parity=- 41.651s
[261/1705] s28000000127_p119_r2 ok a=2508 b=2508 disagree=False parity=- 44.166s
[262/1705] s28000000366_p22_r3 ok a=1046 b=1046 disagree=False parity=- 25.509s
[263/1705] s28000000050_p122_r2 ok a=1157 b=1157 disagree=False parity=- 34.173s
[264/1705] s28000000087_p29_r3 ok a=2507 b=2507 disagree=False parity=- 28.533s
[265/1705] s28000000247_p93_r3 ok a=2510 b=2510 disagree=False parity=- 42.24s
[266/1705] s28000000042_p111_r3 ok a=2501 b=2501 disagree=False parity=- 43.904s
[267/1705] s28000000056_p8_r3 ok a=1344 b=1344 disagree=False parity=- 20.326s
[268/1705] s28000000032_p124_r2 ok a=854 b=854 disagree=False parity=- 32.102s
[269/1705] s28000000095_p18_r1 ok a=1163 b=1163 disagree=False parity=- 23.4s
[270/1705] s28000000005_p19_r1 ok a=2510 b=2510 disagree=False parity=- 25.758s
[271/1705] s28000000055_p118_r3 ok a=732 b=732 disagree=False parity=- 38.173s
[272/1705] s28000000189_p68_r1 ok a=645 b=645 disagree=False parity=- 33.442s
[273/1705] s28000000365_p115_r3 ok a=2503 b=2503 disagree=False parity=- 44.764s
[274/1705] s28000000429_p46_r3 ok a=1262 b=1262 disagree=False parity=- 33.173s
[275/1705] s28000000438_p65_r1 ok a=2507 b=2507 disagree=False parity=- 40.4s
[276/1705] s28000000343_p64_r2 ok a=844 b=844 disagree=False parity=- 34.143s
[277/1705] s28000000183_p63_r1 ok a=1545 b=1545 disagree=False parity=- 25.321s
[278/1705] s28000000147_p41_r3 ok a=2509 b=2501 disagree=True parity=- 27.06s
[279/1705] s28000000108_p93_r1 ok a=2509 b=2502 disagree=True parity=- 31.083s
[280/1705] s28000000073_p76_r3 ok a=1047 b=1653 disagree=True parity=- 37.032s
[281/1705] s28000000073_p76_r1 ok a=1653 b=1653 disagree=False parity=- 35.295s
[282/1705] s28000000045_p2_r1 ok a=1246 b=1246 disagree=False parity=- 17.082s
[283/1705] s28000000307_p108_r1 ok a=1425 b=1425 disagree=False parity=- 35.569s
[284/1705] s28000000279_p120_r3 ok a=1757 b=1757 disagree=False parity=- 37.875s
[285/1705] s28000000352_p78_r2 ok a=1045 b=1045 disagree=False parity=- 38.478s
[286/1705] s28000000131_p43_r3 ok a=2510 b=2510 disagree=False parity=- 29.901s
[287/1705] s28000000095_p130_r1 ok a=1062 b=1062 disagree=False parity=- 35.373s
[288/1705] s28000000299_p55_r2 ok a=2501 b=2501 disagree=False parity=- 29.197s
[289/1705] s28000000428_p103_r3 ok a=1539 b=1539 disagree=False parity=- 28.156s
[290/1705] s28000000396_p36_r2 ok a=1360 b=1360 disagree=False parity=- 31.677s
[291/1705] s28000000079_p62_r1 ok a=756 b=756 disagree=False parity=- 24.91s
[292/1705] s28000000387_p80_r2 ok a=1123 b=1122 disagree=True parity=- 42.077s
[293/1705] s28000000433_p74_r2 ok a=1346 b=1346 disagree=False parity=- 43.178s
[294/1705] s28000000370_p84_r1 ok a=1328 b=1328 disagree=False parity=- 41.767s
[295/1705] s28000000141_p82_r2 ok a=1753 b=1753 disagree=False parity=- 29.385s
[296/1705] s28000000358_p117_r1 ok a=2510 b=2510 disagree=False parity=- 45.994s
[297/1705] s28000000222_p38_r3 ok a=2505 b=2505 disagree=False parity=- 28.111s
[298/1705] s28000000403_p2_r2 ok a=1349 b=1349 disagree=False parity=- 17.11s
[299/1705] s28000000294_p29_r2 ok a=2503 b=2503 disagree=False parity=- 28.181s
[300/1705] s28000000044_p5_r3 ok a=2506 b=2506 disagree=False parity=- 19.767s
[301/1705] s28000000289_p65_r2 ok a=2510 b=2510 disagree=False parity=- 33.691s
[302/1705] s28000000123_p33_r3 ok a=2503 b=2503 disagree=False parity=- 32.504s
[303/1705] s28000000131_p43_r1 ok a=2510 b=2510 disagree=False parity=- 30.195s
[304/1705] s28000000009_p47_r2 ok a=2502 b=2502 disagree=False parity=- 35.234s
[305/1705] s28000000096_p44_r3 ok a=1347 b=1347 disagree=False parity=- 29.191s
[306/1705] s28000000426_p11_r1 ok a=2503 b=2503 disagree=False parity=- 18.903s
[307/1705] s28000000045_p126_r3 ok a=1168 b=1168 disagree=False parity=- 34.739s
[308/1705] s28000000345_p65_r2 ok a=2503 b=2503 disagree=False parity=- 34.743s
[309/1705] s28000000220_p70_r2 ok a=956 b=956 disagree=False parity=- 36.568s
[310/1705] s28000000083_p8_r1 ok a=1444 b=1148 disagree=True parity=- 16.87s
[311/1705] s28000000085_p30_r3 ok a=1450 b=1450 disagree=False parity=- 22.165s
[312/1705] s28000000293_p29_r1 ok a=2510 b=2504 disagree=True parity=- 26.985s
[313/1705] s28000000047_p13_r3 ok a=1449 b=1449 disagree=False parity=- 23.496s
[314/1705] s28000000169_p18_r3 ok a=1055 b=1156 disagree=True parity=- 21.604s
[315/1705] s28000000324_p54_r3 ok a=1558 b=1558 disagree=False parity=- 33.87s
[316/1705] s28000000208_p41_r2 ok a=2510 b=2510 disagree=False parity=- 30.002s
[317/1705] s28000000102_p37_r3 ok a=2510 b=2510 disagree=False parity=- 29.049s
[318/1705] s28000000438_p50_r3 ok a=1548 b=1548 disagree=False parity=- 28.413s
[319/1705] s28000000415_p34_r3 ok a=1344 b=1344 disagree=False parity=- 31.156s
[320/1705] s28000000410_p45_r1 ok a=2510 b=2510 disagree=False parity=- 30.08s
[321/1705] s28000000058_p50_r2 ok a=1644 b=1644 disagree=False parity=- 35.725s
[322/1705] s28000000338_p86_r2 ok a=833 b=833 disagree=False parity=- 33.79s
[323/1705] s28000000052_p86_r3 ok a=844 b=844 disagree=False parity=- 36.705s
[324/1705] s28000000413_p107_r3 ok a=2504 b=2510 disagree=True parity=- 54.769s
[325/1705] s28000000254_p122_r3 ok a=1556 b=1556 disagree=False parity=- 37.559s
[326/1705] s28000000362_p122_r1 ok a=750 b=830 disagree=True parity=- 59.09s
[327/1705] s28000000074_p20_r3 ok a=1256 b=1256 disagree=False parity=- 25.943s
[328/1705] s28000000091_p84_r3 ok a=2510 b=2510 disagree=False parity=- 45.679s
[329/1705] s28000000053_p70_r2 ok a=1640 b=1640 disagree=False parity=- 35.018s
[330/1705] s28000000420_p97_r2 ok a=2502 b=2502 disagree=False parity=- 44.118s
[331/1705] s28000000241_p87_r2 ok a=2510 b=2510 disagree=False parity=- 35.108s
[332/1705] s28000000010_p69_r2 ok a=2502 b=2502 disagree=False parity=- 33.673s
[333/1705] s28000000235_p79_r3 ok a=2510 b=2510 disagree=False parity=- 38.269s
[334/1705] s28000000202_p7_r3 ok a=2502 b=2502 disagree=False parity=- 19.049s
[335/1705] s28000000327_p91_r3 ok a=1329 b=1329 disagree=False parity=- 40.457s
[336/1705] s28000000342_p80_r1 ok a=2510 b=2510 disagree=False parity=- 39.85s
[337/1705] s28000000068_p124_r1 ok a=929 b=929 disagree=False parity=- 43.061s
[338/1705] s28000000143_p46_r3 ok a=1050 b=1050 disagree=False parity=- 37.111s
[339/1705] s28000000148_p17_r1 ok a=2508 b=2508 disagree=False parity=- 21.321s
[340/1705] s28000000283_p128_r3 ok a=1368 b=1368 disagree=False parity=- 31.956s
[341/1705] s28000000325_p64_r3 ok a=2504 b=2504 disagree=False parity=- 30.386s
[342/1705] s28000000291_p136_r2 ok a=953 b=953 disagree=False parity=- 53.645s
[343/1705] s28000000124_p37_r2 ok a=2508 b=2508 disagree=False parity=- 27.146s
[344/1705] s28000000164_p83_r2 ok a=2510 b=2510 disagree=False parity=- 43.139s
[345/1705] s28000000298_p55_r1 ok a=2502 b=2502 disagree=False parity=- 32.243s
[346/1705] s28000000205_p90_r3 ok a=750 b=750 disagree=False parity=- 36.299s
[347/1705] s28000000447_p17_r3 ok a=2505 b=2505 disagree=False parity=- 23.097s
[348/1705] s28000000428_p34_r1 ok a=2510 b=2510 disagree=False parity=- 26.393s
[349/1705] s28000000097_p116_r2 ok a=1129 b=1129 disagree=False parity=- 36.001s
[350/1705] s28000000393_p49_r3 ok a=2504 b=2504 disagree=False parity=- 32.865s
[351/1705] s28000000028_p139_r1 ok a=2501 b=2501 disagree=False parity=- 134.468s
[352/1705] s28000000415_p112_r2 ok a=645 b=644 disagree=True parity=- 44.208s
[353/1705] s28000000398_p2_r1 ok a=1245 b=1245 disagree=False parity=- 14.629s
[354/1705] s28000000180_p94_r2 ok a=1063 b=747 disagree=True parity=- 30.584s
[355/1705] s28000000260_p62_r3 ok a=1344 b=1452 disagree=True parity=- 30.192s
[356/1705] s28000000263_p32_r3 ok a=1441 b=1441 disagree=False parity=- 30.719s
[357/1705] s28000000141_p94_r1 ok a=741 b=741 disagree=False parity=- 24.216s
[358/1705] s28000000069_p124_r2 ok a=1364 b=1364 disagree=False parity=- 44.421s
[359/1705] s28000000326_p70_r1 ok a=949 b=949 disagree=False parity=- 43.832s
[360/1705] s28000000348_p64_r3 ok a=1366 b=1366 disagree=False parity=- 37.486s
[361/1705] s28000000236_p117_r3 ok a=1753 b=1753 disagree=False parity=- 24.373s
[362/1705] s28000000430_p45_r2 ok a=960 b=960 disagree=False parity=- 29.494s
[363/1705] s28000000391_p90_r1 ok a=1036 b=1036 disagree=False parity=- 44.524s
[364/1705] s28000000090_p52_r3 ok a=1164 b=1164 disagree=False parity=- 28.059s
[365/1705] s28000000357_p131_r3 ok a=2504 b=2504 disagree=False parity=- 44.82s
[366/1705] s28000000259_p31_r2 ok a=2510 b=2510 disagree=False parity=- 30.694s
[367/1705] s28000000424_p139_r3 ok a=2504 b=2504 disagree=False parity=- 103.091s
[368/1705] s28000000337_p85_r1 ok a=2510 b=2510 disagree=False parity=- 44.224s
[369/1705] s28000000051_p52_r1 ok a=963 b=960 disagree=True parity=- 31.682s
[370/1705] s28000000298_p8_r2 ok a=1145 b=1345 disagree=True parity=- 17.224s
[371/1705] s28000000049_p18_r1 ok a=1463 b=1463 disagree=False parity=- 25.008s
[372/1705] s28000000236_p117_r2 ok a=1753 b=1753 disagree=False parity=- 22.02s
[373/1705] s28000000191_p57_r2 ok a=1261 b=1261 disagree=False parity=- 38.926s
[374/1705] s28000000348_p8_r1 ok a=1145 b=1145 disagree=False parity=- 19.062s
[375/1705] s28000000012_p69_r3 ok a=2510 b=2510 disagree=False parity=- 31.229s
[376/1705] s28000000415_p34_r1 ok a=1344 b=1344 disagree=False parity=- 32.236s
[377/1705] s28000000378_p70_r3 ok a=2510 b=2510 disagree=False parity=- 48.126s
[378/1705] s28000000052_p126_r1 ok a=858 b=858 disagree=False parity=- 41.913s
[379/1705] s28000000373_p100_r2 ok a=2501 b=2501 disagree=False parity=- 35.627s
[380/1705] s28000000082_p57_r1 ok a=2501 b=2501 disagree=False parity=- 36.69s
[381/1705] s28000000040_p58_r2 ok a=851 b=851 disagree=False parity=- 28.103s
[382/1705] s28000000118_p14_r3 ok a=2508 b=2508 disagree=False parity=- 23.069s
[383/1705] s28000000086_p107_r1 ok a=2510 b=2510 disagree=False parity=- 51.385s
[384/1705] s28000000238_p71_r2 ok a=1244 b=1244 disagree=False parity=- 36.836s
[385/1705] s28000000139_p51_r1 ok a=2505 b=2505 disagree=False parity=- 35.121s
[386/1705] s28000000320_p55_r3 ok a=1459 b=1459 disagree=False parity=- 30.847s
[387/1705] s28000000047_p13_r2 ok a=1449 b=1449 disagree=False parity=- 19.563s
[388/1705] s28000000019_p30_r2 ok a=1133 b=1133 disagree=False parity=- 22.774s
[389/1705] s28000000055_p118_r1 ok a=1368 b=732 disagree=True parity=- 40.241s
[390/1705] s28000000108_p102_r2 ok a=1465 b=1465 disagree=False parity=- 44.577s
[391/1705] s28000000240_p53_r2 ok a=2508 b=2508 disagree=False parity=- 34.748s
[392/1705] s28000000432_p46_r1 ok a=1138 b=1645 disagree=True parity=- 33.109s
[393/1705] s28000000152_p50_r1 ok a=1061 b=1061 disagree=False parity=- 28.887s
[394/1705] s28000000133_p74_r3 ok a=1432 b=856 disagree=True parity=- 28.55s
[395/1705] s28000000111_p76_r2 ok a=1533 b=1533 disagree=False parity=- 32.453s
[396/1705] s28000000319_p76_r2 ok a=1061 b=1061 disagree=False parity=- 30.704s
[397/1705] s28000000428_p103_r2 ok a=1539 b=1539 disagree=False parity=- 34.695s
[398/1705] s28000000066_p121_r3 ok a=2510 b=2510 disagree=False parity=- 39.045s
[399/1705] s28000000159_p40_r1 ok a=1356 b=1356 disagree=False parity=- 30.528s
[400/1705] s28000000445_p31_r2 ok a=2503 b=2503 disagree=False parity=- 31.571s
[401/1705] s28000000386_p72_r2 ok a=1060 b=1060 disagree=False parity=- 33.769s
[402/1705] s28000000063_p51_r1 ok a=2501 b=2503 disagree=True parity=- 34.461s
[403/1705] s28000000390_p36_r1 ok a=848 b=848 disagree=False parity=- 24.479s
[404/1705] s28000000378_p84_r2 ok a=2503 b=2503 disagree=False parity=- 40.679s
[405/1705] s28000000273_p103_r3 ok a=2510 b=2510 disagree=False parity=- 40.604s
[406/1705] s28000000073_p37_r1 ok a=2509 b=2509 disagree=False parity=- 26.489s
[407/1705] s28000000282_p114_r2 ok a=1636 b=1636 disagree=False parity=- 36.472s
[408/1705] s28000000216_p21_r1 ok a=2506 b=2506 disagree=False parity=- 26.742s
[409/1705] s28000000325_p64_r1 ok a=2504 b=2504 disagree=False parity=- 29.876s
[410/1705] s28000000106_p89_r2 ok a=2502 b=2502 disagree=False parity=- 47.389s
[411/1705] s28000000285_p63_r1 ok a=2510 b=2510 disagree=False parity=- 33.493s
[412/1705] s28000000250_p23_r2 ok a=2510 b=2506 disagree=True parity=- 28.866s
[413/1705] s28000000070_p81_r2 ok a=2510 b=2510 disagree=False parity=- 36.172s
[414/1705] s28000000316_p21_r1 ok a=2509 b=2509 disagree=False parity=- 23.918s
[415/1705] s28000000294_p29_r3 ok a=2503 b=2503 disagree=False parity=- 31.242s
[416/1705] s28000000303_p105_r1 ok a=2507 b=2507 disagree=False parity=- 41.877s
[417/1705] s28000000372_p74_r1 ok a=1456 b=1456 disagree=False parity=- 38.327s
[418/1705] s28000000184_p75_r2 ok a=2503 b=2503 disagree=False parity=- 39.293s
[419/1705] s28000000277_p25_r3 ok a=2510 b=2510 disagree=False parity=- 26.75s
[420/1705] s28000000200_p108_r1 ok a=1542 b=1542 disagree=False parity=- 27.457s
[421/1705] s28000000067_p22_r3 ok a=1354 b=1354 disagree=False parity=- 21.931s
[422/1705] s28000000268_p74_r2 ok a=1164 b=1264 disagree=True parity=- 31.735s
[423/1705] s28000000296_p63_r1 ok a=2510 b=2510 disagree=False parity=- 36.615s
[424/1705] s28000000078_p66_r1 ok a=1135 b=1135 disagree=False parity=- 40.798s
[425/1705] s28000000160_p68_r1 ok a=2501 b=2503 disagree=True parity=- 35.869s
[426/1705] s28000000206_p16_r1 ok a=1050 b=1050 disagree=False parity=- 25.684s
[427/1705] s28000000103_p9_r1 ok a=2505 b=2505 disagree=False parity=- 22.366s
[428/1705] s28000000068_p83_r3 ok a=2510 b=2510 disagree=False parity=- 40.327s
[429/1705] s28000000407_p21_r3 ok a=2506 b=2506 disagree=False parity=- 26.609s
[430/1705] s28000000263_p19_r3 ok a=2510 b=2510 disagree=False parity=- 23.461s
[431/1705] s28000000111_p33_r1 ok a=2510 b=2510 disagree=False parity=- 33.391s
[432/1705] s28000000111_p33_r2 ok a=2506 b=2510 disagree=True parity=- 34.616s
[433/1705] s28000000122_p5_r1 ok a=2501 b=2501 disagree=False parity=- 20.527s
[434/1705] s28000000410_p48_r3 ok a=953 b=953 disagree=False parity=- 31.223s
[435/1705] s28000000205_p121_r2 ok a=2501 b=2501 disagree=False parity=- 38.671s
[436/1705] s28000000357_p131_r2 ok a=2504 b=2504 disagree=False parity=- 45.064s
[437/1705] s28000000368_p107_r2 ok a=2510 b=2510 disagree=False parity=- 41.042s
[438/1705] s28000000192_p46_r1 ok a=744 b=744 disagree=False parity=- 34.024s
[439/1705] s28000000133_p74_r2 ok a=1432 b=1432 disagree=False parity=- 26.827s
[440/1705] s28000000447_p106_r3 ok a=756 b=756 disagree=False parity=- 24.831s
[441/1705] s28000000201_p105_r2 ok a=1750 b=1750 disagree=False parity=- 35.831s
[442/1705] s28000000188_p19_r2 ok a=2510 b=2510 disagree=False parity=- 23.778s
[443/1705] s28000000315_p22_r2 ok a=1437 b=1437 disagree=False parity=- 23.955s
[444/1705] s28000000099_p49_r2 ok a=2510 b=2510 disagree=False parity=- 30.77s
[445/1705] s28000000397_p89_r2 ok a=2501 b=2501 disagree=False parity=- 32.593s
[446/1705] s28000000151_p95_r3 ok a=2510 b=2510 disagree=False parity=- 39.479s
[447/1705] s28000000426_p29_r2 ok a=2506 b=2506 disagree=False parity=- 29.868s
[448/1705] s28000000307_p63_r2 ok a=2510 b=2510 disagree=False parity=- 34.334s
[449/1705] s28000000251_p128_r1 ok a=1364 b=1364 disagree=False parity=- 43.38s
[450/1705] s28000000433_p14_r2 ok a=1256 b=1256 disagree=False parity=- 25.532s
[451/1705] s28000000356_p12_r2 ok a=1241 b=1241 disagree=False parity=- 22.037s
[452/1705] s28000000047_p43_r1 ok a=949 b=949 disagree=False parity=- 30.006s
[453/1705] s28000000230_p68_r1 ok a=1558 b=1558 disagree=False parity=- 15.36s
[454/1705] s28000000033_p122_r3 ok a=2510 b=2510 disagree=False parity=- 47.412s
[455/1705] s28000000348_p8_r2 ok a=1245 b=1245 disagree=False parity=- 18.139s
[456/1705] s28000000035_p25_r2 ok a=2509 b=2504 disagree=True parity=- 24.479s
[457/1705] s28000000006_p90_r3 ok a=1462 b=1462 disagree=False parity=- 20.561s
[458/1705] s28000000032_p131_r2 ok a=2510 b=2510 disagree=False parity=- 28.79s
[459/1705] s28000000057_p135_r1 ok a=1376 b=1376 disagree=False parity=- 62.766s
[460/1705] s28000000088_p76_r2 ok a=1141 b=1141 disagree=False parity=- 35.762s
[461/1705] s28000000251_p128_r3 ok a=1364 b=1364 disagree=False parity=- 40.713s
[462/1705] s28000000440_p137_r3 ok a=2504 b=2504 disagree=False parity=- 88.706s
[463/1705] s28000000000_p75_r3 ok a=2504 b=2504 disagree=False parity=- 36.578s
[464/1705] s28000000148_p85_r1 ok a=2503 b=2503 disagree=False parity=- 38.868s
[465/1705] s28000000200_p108_r2 ok a=1133 b=1542 disagree=True parity=- 24.619s
[466/1705] s28000000072_p95_r3 ok a=2510 b=2510 disagree=False parity=- 51.673s
[467/1705] s28000000289_p36_r3 ok a=1354 b=1354 disagree=False parity=- 32.338s
[468/1705] s28000000160_p7_r2 ok a=2507 b=2507 disagree=False parity=- 18.009s
[469/1705] s28000000307_p108_r3 ok a=1425 b=1425 disagree=False parity=- 37.296s
[470/1705] s28000000315_p22_r3 ok a=1437 b=1437 disagree=False parity=- 22.108s
[471/1705] s28000000171_p120_r2 ok a=1049 b=1049 disagree=False parity=- 47.563s
[472/1705] s28000000196_p73_r2 ok a=2506 b=2506 disagree=False parity=- 41.38s
[473/1705] s28000000136_p24_r2 ok a=1341 b=1341 disagree=False parity=- 28.126s
[474/1705] s28000000174_p65_r2 ok a=2507 b=2507 disagree=False parity=- 48.634s
[475/1705] s28000000091_p88_r1 ok a=2503 b=2510 disagree=True parity=- 45.385s
[476/1705] s28000000221_p121_r2 ok a=2510 b=2510 disagree=False parity=- 66.393s
[477/1705] s28000000400_p2_r1 ok a=1149 b=1149 disagree=False parity=- 19.421s
[478/1705] s28000000020_p96_r3 ok a=1568 b=1762 disagree=True parity=- 28.529s
[479/1705] s28000000328_p8_r1 ok a=1257 b=1257 disagree=False parity=- 21.614s
[480/1705] s28000000329_p115_r1 ok a=2501 b=2501 disagree=False parity=- 45.769s
[481/1705] s28000000130_p20_r3 ok a=956 b=956 disagree=False parity=- 27.846s
[482/1705] s28000000242_p136_r2 ok a=2510 b=2510 disagree=False parity=- 54.784s
[483/1705] s28000000250_p23_r1 ok a=2510 b=2510 disagree=False parity=- 29.909s
[484/1705] s28000000419_p130_r1 ok a=747 b=747 disagree=False parity=- 44.307s
[485/1705] s28000000367_p95_r3 ok a=2510 b=2510 disagree=False parity=- 40.873s
[486/1705] s28000000311_p65_r1 ok a=2510 b=2510 disagree=False parity=- 32.087s
[487/1705] s28000000323_p22_r1 ok a=955 b=955 disagree=False parity=- 17.86s
[488/1705] s28000000020_p61_r1 ok a=2510 b=2510 disagree=False parity=- 36.352s
[489/1705] s28000000129_p115_r2 ok a=2501 b=2501 disagree=False parity=- 33.917s
[490/1705] s28000000430_p45_r1 ok a=960 b=960 disagree=False parity=- 27.267s
[491/1705] s28000000168_p1_r1 ok a=2501 b=2501 disagree=False parity=- 16.619s
[492/1705] s28000000107_p73_r2 ok a=1544 b=1544 disagree=False parity=- 32.314s
[493/1705] s28000000035_p120_r1 ok a=632 b=732 disagree=True parity=- 38.065s
[494/1705] s28000000337_p1_r1 ok a=2501 b=2501 disagree=False parity=- 17.815s
[495/1705] s28000000331_p37_r3 ok a=2510 b=2510 disagree=False parity=- 32.111s
[496/1705] s28000000206_p16_r2 ok a=1050 b=1050 disagree=False parity=- 25.606s
[497/1705] s28000000290_p28_r3 ok a=1145 b=1146 disagree=True parity=- 29.962s
[498/1705] s28000000373_p62_r1 ok a=2510 b=2510 disagree=False parity=- 37.656s
[499/1705] s28000000237_p85_r2 ok a=2510 b=2510 disagree=False parity=- 37.505s
[500/1705] s28000000342_p52_r3 ok a=2510 b=2510 disagree=False parity=- 36.649s
[501/1705] s28000000228_p2_r3 ok a=1245 b=1150 disagree=True parity=- 13.824s
[502/1705] s28000000329_p102_r2 ok a=1464 b=1464 disagree=False parity=- 32.559s
[503/1705] s28000000019_p35_r1 ok a=2501 b=2501 disagree=False parity=- 29.296s
[504/1705] s28000000249_p62_r1 ok a=1333 b=1540 disagree=True parity=- 35.619s
[505/1705] s28000000344_p16_r3 ok a=1236 b=1236 disagree=False parity=- 18.591s
[506/1705] s28000000043_p109_r3 ok a=2502 b=2502 disagree=False parity=- 47.181s
[507/1705] s28000000044_p5_r2 ok a=2506 b=2506 disagree=False parity=- 17.539s
[508/1705] s28000000093_p98_r2 ok a=761 b=761 disagree=False parity=- 38.097s
[509/1705] s28000000092_p1_r1 ok a=2502 b=2502 disagree=False parity=- 14.014s
[510/1705] s28000000228_p36_r1 ok a=1233 b=1233 disagree=False parity=- 27.461s
[511/1705] s28000000288_p115_r3 ok a=2506 b=2506 disagree=False parity=- 36.7s
[512/1705] s28000000131_p52_r2 ok a=1436 b=1436 disagree=False parity=- 38.668s
[513/1705] s28000000034_p59_r3 ok a=2510 b=2510 disagree=False parity=- 33.906s
[514/1705] s28000000358_p131_r1 ok a=2502 b=2502 disagree=False parity=- 60.299s
[515/1705] s28000000350_p78_r2 ok a=1036 b=1036 disagree=False parity=- 29.422s
[516/1705] s28000000266_p119_r2 ok a=2510 b=2510 disagree=False parity=- 43.621s
[517/1705] s28000000402_p124_r1 ok a=760 b=760 disagree=False parity=- 23.017s
[518/1705] s28000000423_p3_r1 ok a=2502 b=2502 disagree=False parity=- 15.588s
[519/1705] s28000000283_p92_r2 ok a=1653 b=1653 disagree=False parity=- 38.202s
[520/1705] s28000000090_p116_r1 ok a=1026 b=1026 disagree=False parity=- 40.357s
[521/1705] s28000000397_p76_r2 ok a=1059 b=1059 disagree=False parity=- 33.6s
[522/1705] s28000000036_p66_r3 ok a=1558 b=1558 disagree=False parity=- 27.942s
[523/1705] s28000000401_p31_r3 ok a=2510 b=2510 disagree=False parity=- 29.38s
[524/1705] s28000000041_p5_r3 ok a=2501 b=2501 disagree=False parity=- 20.458s
[525/1705] s28000000382_p70_r3 ok a=1361 b=1361 disagree=False parity=- 42.612s
[526/1705] s28000000442_p24_r2 ok a=1157 b=1157 disagree=False parity=- 26.151s
[527/1705] s28000000042_p111_r1 ok a=2501 b=2501 disagree=False parity=- 47.136s
[528/1705] s28000000086_p102_r1 ok a=1238 b=1238 disagree=False parity=- 47.369s
[529/1705] s28000000270_p61_r3 ok a=2506 b=2506 disagree=False parity=- 38.074s
[530/1705] s28000000248_p85_r1 ok a=2510 b=2510 disagree=False parity=- 39.795s
[531/1705] s28000000188_p19_r3 ok a=2508 b=2510 disagree=True parity=- 23.316s
[532/1705] s28000000229_p92_r2 ok a=938 b=1433 disagree=True parity=- 28.036s
[533/1705] s28000000377_p62_r2 ok a=1436 b=1436 disagree=False parity=- 32.321s
[534/1705] s28000000269_p52_r2 ok a=952 b=952 disagree=False parity=- 28.194s
[535/1705] s28000000350_p50_r2 ok a=945 b=945 disagree=False parity=- 33.442s
[536/1705] s28000000042_p135_r3 ok a=2510 b=2510 disagree=False parity=- 68.037s
[537/1705] s28000000426_p11_r2 ok a=2503 b=2503 disagree=False parity=- 18.557s
[538/1705] s28000000043_p62_r3 ok a=1460 b=1460 disagree=False parity=- 25.553s
[539/1705] s28000000146_p88_r3 ok a=954 b=954 disagree=False parity=- 36.173s
[540/1705] s28000000339_p49_r1 ok a=2504 b=2504 disagree=False parity=- 33.373s
[541/1705] s28000000444_p14_r2 ok a=1237 b=1237 disagree=False parity=- 21.198s
[542/1705] s28000000108_p93_r2 ok a=2509 b=2502 disagree=True parity=- 29.78s
[543/1705] s28000000211_p9_r1 ok a=2503 b=2508 disagree=True parity=- 22.607s
[544/1705] s28000000126_p30_r2 ok a=1357 b=1357 disagree=False parity=- 25.249s
[545/1705] s28000000346_p58_r3 ok a=1643 b=1643 disagree=False parity=- 35.174s
[546/1705] s28000000189_p20_r2 ok a=946 b=946 disagree=False parity=- 23.204s
[547/1705] s28000000324_p74_r2 ok a=1542 b=1542 disagree=False parity=- 38.221s
[548/1705] s28000000393_p55_r3 ok a=2503 b=2503 disagree=False parity=- 33.933s
[549/1705] s28000000062_p89_r1 ok a=1166 b=1166 disagree=False parity=- 42.128s
[550/1705] s28000000107_p73_r1 ok a=1544 b=1544 disagree=False parity=- 34.471s
[551/1705] s28000000163_p108_r3 ok a=1442 b=1442 disagree=False parity=- 44.855s
[552/1705] s28000000038_p10_r3 ok a=1240 b=1240 disagree=False parity=- 20.057s
[553/1705] s28000000255_p49_r3 ok a=2509 b=2509 disagree=False parity=- 22.417s
[554/1705] s28000000142_p124_r3 ok a=1266 b=1266 disagree=False parity=- 43.319s
[555/1705] s28000000032_p131_r3 ok a=2510 b=2510 disagree=False parity=- 27.497s
[556/1705] s28000000088_p76_r3 ok a=1141 b=1061 disagree=True parity=- 34.374s
[557/1705] s28000000185_p102_r3 ok a=2510 b=2510 disagree=False parity=- 34.762s
[558/1705] s28000000398_p2_r3 ok a=1245 b=1245 disagree=False parity=- 17.385s
[559/1705] s28000000167_p2_r2 ok a=1245 b=1245 disagree=False parity=- 18.615s
[560/1705] s28000000352_p78_r3 ok a=1045 b=1045 disagree=False parity=- 37.251s
[561/1705] s28000000072_p95_r2 ok a=2510 b=2510 disagree=False parity=- 43.8s
[562/1705] s28000000359_p68_r3 ok a=1436 b=1436 disagree=False parity=- 36.465s
[563/1705] s28000000266_p119_r1 ok a=2510 b=2510 disagree=False parity=- 41.612s
[564/1705] s28000000407_p38_r3 ok a=1456 b=1456 disagree=False parity=- 27.178s
[565/1705] s28000000026_p46_r1 ok a=952 b=952 disagree=False parity=- 31.439s
[566/1705] s28000000190_p106_r1 ok a=1332 b=1332 disagree=False parity=- 50.749s
[567/1705] s28000000226_p36_r1 ok a=949 b=1156 disagree=True parity=- 28.651s
[568/1705] s28000000021_p112_r1 ok a=1561 b=1561 disagree=False parity=- 29.704s
[569/1705] s28000000255_p49_r2 ok a=2509 b=2509 disagree=False parity=- 24.349s
[570/1705] s28000000181_p52_r1 ok a=1357 b=1357 disagree=False parity=- 32.882s
[571/1705] s28000000324_p54_r1 ok a=1559 b=1558 disagree=True parity=- 33.089s
[572/1705] s28000000132_p47_r2 ok a=2510 b=2510 disagree=False parity=- 33.309s
[573/1705] s28000000347_p46_r1 ok a=1235 b=1235 disagree=False parity=- 26.108s
[574/1705] s28000000146_p88_r1 ok a=954 b=954 disagree=False parity=- 36.988s
[575/1705] s28000000013_p20_r3 ok a=1245 b=1245 disagree=False parity=- 26.211s
[576/1705] s28000000114_p62_r3 ok a=1133 b=1133 disagree=False parity=- 27.4s
[577/1705] s28000000049_p18_r2 ok a=1463 b=1463 disagree=False parity=- 27.675s
[578/1705] s28000000243_p43_r3 ok a=2501 b=2501 disagree=False parity=- 32.994s
[579/1705] s28000000366_p22_r1 ok a=1046 b=1046 disagree=False parity=- 27.505s
[580/1705] s28000000003_p66_r3 ok a=1840 b=1840 disagree=False parity=- 36.66s
[581/1705] s28000000031_p80_r3 ok a=1561 b=1561 disagree=False parity=- 32.432s
[582/1705] s28000000283_p128_r1 ok a=1368 b=1368 disagree=False parity=- 31.162s
[583/1705] s28000000260_p137_r1 ok a=2503 b=2503 disagree=False parity=- 172.053s
[584/1705] s28000000070_p81_r3 ok a=2510 b=2510 disagree=False parity=- 34.349s
[585/1705] s28000000242_p133_r1 ok a=1433 b=863 disagree=True parity=- 29.93s
[586/1705] s28000000255_p70_r2 ok a=1236 b=845 disagree=True parity=- 29.326s
[587/1705] s28000000267_p74_r3 ok a=943 b=942 disagree=True parity=- 31.91s
[588/1705] s28000000322_p114_r1 ok a=1528 b=847 disagree=True parity=- 31.384s
[589/1705] s28000000214_p101_r1 ok a=2507 b=2507 disagree=False parity=- 41.653s
[590/1705] s28000000425_p69_r1 ok a=2501 b=2501 disagree=False parity=- 32.665s
[591/1705] s28000000209_p114_r2 ok a=758 b=758 disagree=False parity=- 45.449s
[592/1705] s28000000291_p136_r1 ok a=953 b=953 disagree=False parity=- 47.32s
[593/1705] s28000000412_p117_r1 ok a=2510 b=2510 disagree=False parity=- 44.195s
[594/1705] s28000000363_p67_r1 ok a=2510 b=2510 disagree=False parity=- 32.233s
[595/1705] s28000000357_p108_r3 ok a=1264 b=1264 disagree=False parity=- 40.57s
[596/1705] s28000000125_p94_r3 ok a=1665 b=1164 disagree=True parity=- 32.37s
[597/1705] s28000000048_p16_r3 ok a=1053 b=1053 disagree=False parity=- 18.784s
[598/1705] s28000000421_p52_r1 ok a=1242 b=1365 disagree=True parity=- 38.828s
[599/1705] s28000000233_p103_r2 ok a=2505 b=2505 disagree=False parity=- 42.197s
[600/1705] s28000000073_p76_r2 ok a=1653 b=1140 disagree=True parity=- 37.448s
[601/1705] s28000000288_p12_r3 ok a=1257 b=1257 disagree=False parity=- 22.005s
[602/1705] s28000000243_p136_r2 ok a=1222 b=1222 disagree=False parity=- 34.474s
[603/1705] s28000000349_p116_r2 ok a=934 b=934 disagree=False parity=- 45.872s
[604/1705] s28000000280_p85_r3 ok a=2510 b=2510 disagree=False parity=- 38.172s
[605/1705] s28000000190_p88_r2 ok a=848 b=848 disagree=False parity=- 36.157s
[606/1705] s28000000063_p51_r2 ok a=2503 b=2503 disagree=False parity=- 33.875s
[607/1705] s28000000221_p121_r3 ok a=2510 b=2510 disagree=False parity=- 60.322s
[608/1705] s28000000366_p136_r3 ok a=1268 b=1268 disagree=False parity=- 92.16s
[609/1705] s28000000419_p130_r2 ok a=747 b=747 disagree=False parity=- 44.677s
[610/1705] s28000000273_p103_r2 ok a=2510 b=2510 disagree=False parity=- 40.944s
[611/1705] s28000000318_p39_r2 ok a=2510 b=2510 disagree=False parity=- 33.831s
[612/1705] s28000000293_p82_r3 ok a=1061 b=1061 disagree=False parity=- 29.327s
[613/1705] s28000000025_p13_r2 ok a=2501 b=2501 disagree=False parity=- 25.732s
[614/1705] s28000000308_p88_r3 ok a=2508 b=2508 disagree=False parity=- 44.724s
[615/1705] s28000000189_p20_r1 ok a=946 b=946 disagree=False parity=- 24.768s
[616/1705] s28000000361_p138_r3 ok a=741 b=741 disagree=False parity=- 214.488s
[617/1705] s28000000320_p55_r2 ok a=1459 b=1459 disagree=False parity=- 33.962s
[618/1705] s28000000058_p50_r3 ok a=1644 b=1644 disagree=False parity=- 33.842s
[619/1705] s28000000218_p59_r3 ok a=2510 b=2510 disagree=False parity=- 37.403s
[620/1705] s28000000058_p124_r1 ok a=652 b=652 disagree=False parity=- 24.905s
[621/1705] s28000000324_p74_r3 ok a=1542 b=1542 disagree=False parity=- 36.155s
[622/1705] s28000000134_p67_r2 ok a=2510 b=2510 disagree=False parity=- 38.692s
[623/1705] s28000000253_p25_r1 ok a=2504 b=2503 disagree=True parity=- 23.183s
[624/1705] s28000000108_p102_r3 ok a=1465 b=1465 disagree=False parity=- 39.412s
[625/1705] s28000000435_p139_r1 ok a=2501 b=2501 disagree=False parity=- 142.598s
[626/1705] s28000000252_p1_r2 ok a=2501 b=2501 disagree=False parity=- 15.869s
[627/1705] s28000000104_p30_r2 ok a=1336 b=1336 disagree=False parity=- 23.009s
[628/1705] s28000000333_p75_r2 ok a=2502 b=2502 disagree=False parity=- 38.529s
[629/1705] s28000000254_p27_r2 ok a=2510 b=2510 disagree=False parity=- 27.029s
[630/1705] s28000000331_p73_r2 ok a=2510 b=2510 disagree=False parity=- 32.619s
[631/1705] s28000000154_p104_r1 ok a=1745 b=1745 disagree=False parity=- 36.698s
[632/1705] s28000000216_p102_r2 ok a=1168 b=1364 disagree=True parity=- 32.248s
[633/1705] s28000000075_p82_r2 ok a=1340 b=1340 disagree=False parity=- 26.438s
[634/1705] s28000000010_p69_r1 ok a=2502 b=2502 disagree=False parity=- 35.392s
[635/1705] s28000000061_p36_r2 ok a=1044 b=1044 disagree=False parity=- 27.438s
[636/1705] s28000000129_p115_r1 ok a=2501 b=2501 disagree=False parity=- 34.016s
[637/1705] s28000000380_p94_r1 ok a=1269 b=941 disagree=True parity=- 35.09s
[638/1705] s28000000014_p45_r2 ok a=2502 b=2502 disagree=False parity=- 30.655s
[639/1705] s28000000014_p7_r3 ok a=2501 b=2501 disagree=False parity=- 15.748s
[640/1705] s28000000002_p115_r1 ok a=843 b=862 disagree=True parity=- 31.405s
[641/1705] s28000000226_p9_r3 ok a=2509 b=2509 disagree=False parity=- 17.869s
[642/1705] s28000000394_p121_r3 ok a=2510 b=2510 disagree=False parity=- 52.414s
[643/1705] s28000000284_p22_r2 ok a=1456 b=1456 disagree=False parity=- 28.541s
[644/1705] s28000000317_p115_r3 ok a=2507 b=2507 disagree=False parity=- 49.086s
[645/1705] s28000000231_p111_r3 ok a=2510 b=2510 disagree=False parity=- 42.464s
[646/1705] s28000000100_p66_r3 ok a=1644 b=1064 disagree=True parity=- 28.491s
[647/1705] s28000000225_p116_r2 ok a=1632 b=1632 disagree=False parity=- 47.859s
[648/1705] s28000000204_p123_r3 ok a=2506 b=2506 disagree=False parity=- 41.936s
[649/1705] s28000000408_p11_r2 ok a=2504 b=2504 disagree=False parity=- 23.304s
[650/1705] s28000000144_p97_r3 ok a=944 b=944 disagree=False parity=- 34.583s
[651/1705] s28000000270_p67_r1 ok a=2510 b=2510 disagree=False parity=- 38.475s
[652/1705] s28000000241_p13_r2 ok a=2510 b=2510 disagree=False parity=- 22.519s
[653/1705] s28000000308_p25_r3 ok a=1140 b=1140 disagree=False parity=- 31.917s
[654/1705] s28000000263_p19_r1 ok a=2510 b=2510 disagree=False parity=- 26.575s
[655/1705] s28000000179_p38_r1 ok a=1141 b=1141 disagree=False parity=- 35.827s
[656/1705] s28000000172_p82_r3 ok a=1156 b=1156 disagree=False parity=- 44.794s
[657/1705] s28000000183_p63_r3 ok a=1545 b=1545 disagree=False parity=- 30.071s
[658/1705] s28000000130_p7_r1 ok a=2501 b=2501 disagree=False parity=- 17.497s
[659/1705] s28000000151_p26_r2 ok a=1047 b=1047 disagree=False parity=- 30.16s
[660/1705] s28000000013_p126_r2 ok a=1024 b=1024 disagree=False parity=- 45.771s
[661/1705] s28000000151_p95_r1 ok a=2510 b=2510 disagree=False parity=- 37.544s
[662/1705] s28000000256_p46_r2 ok a=957 b=957 disagree=False parity=- 31.581s
[663/1705] s28000000397_p89_r3 ok a=2501 b=2501 disagree=False parity=- 34.637s
[664/1705] s28000000239_p14_r2 ok a=1050 b=1050 disagree=False parity=- 24.885s
[665/1705] s28000000183_p91_r1 ok a=852 b=852 disagree=False parity=- 38.072s
[666/1705] s28000000178_p58_r3 ok a=1061 b=1061 disagree=False parity=- 36.199s
[667/1705] s28000000232_p122_r1 ok a=1564 b=1564 disagree=False parity=- 37.989s
[668/1705] s28000000315_p124_r3 ok a=740 b=740 disagree=False parity=- 34.318s
[669/1705] s28000000255_p49_r1 ok a=2509 b=2509 disagree=False parity=- 23.944s
[670/1705] s28000000172_p67_r2 ok a=2503 b=2503 disagree=False parity=- 38.467s
[671/1705] s28000000280_p78_r3 ok a=1124 b=1124 disagree=False parity=- 38.104s
[672/1705] s28000000343_p64_r3 ok a=844 b=844 disagree=False parity=- 34.545s
[673/1705] s28000000231_p119_r3 ok a=2510 b=2510 disagree=False parity=- 47.78s
[674/1705] s28000000230_p68_r2 ok a=1660 b=1661 disagree=True parity=- 14.941s
[675/1705] s28000000383_p95_r3 ok a=2501 b=2501 disagree=False parity=- 51.078s
[676/1705] s28000000409_p129_r3 ok a=2504 b=2504 disagree=False parity=- 41.671s
[677/1705] s28000000131_p43_r2 ok a=2510 b=2510 disagree=False parity=- 31.497s
[678/1705] s28000000106_p30_r3 ok a=1236 b=1236 disagree=False parity=- 31.518s
[679/1705] s28000000020_p96_r2 ok a=1762 b=1762 disagree=False parity=- 31.662s
[680/1705] s28000000092_p56_r3 ok a=1138 b=1138 disagree=False parity=- 34.874s
[681/1705] s28000000418_p90_r2 ok a=1663 b=1663 disagree=False parity=- 41.86s
[682/1705] s28000000343_p64_r1 ok a=844 b=844 disagree=False parity=- 33.99s
[683/1705] s28000000096_p57_r1 ok a=2510 b=2510 disagree=False parity=- 35.306s
[684/1705] s28000000202_p7_r2 ok a=2503 b=2503 disagree=False parity=- 18.934s
[685/1705] s28000000261_p59_r1 ok a=1653 b=1653 disagree=False parity=- 41.958s
[686/1705] s28000000207_p111_r3 ok a=1540 b=1540 disagree=False parity=- 42.844s
[687/1705] s28000000192_p46_r2 ok a=744 b=744 disagree=False parity=- 33.652s
[688/1705] s28000000435_p139_r2 ok a=2501 b=2501 disagree=False parity=- 138.709s
[689/1705] s28000000083_p94_r2 ok a=1164 b=1164 disagree=False parity=- 27.976s
[690/1705] s28000000247_p93_r1 ok a=2510 b=2510 disagree=False parity=- 45.111s
[691/1705] s28000000130_p20_r1 ok a=958 b=958 disagree=False parity=- 24.275s
[692/1705] s28000000394_p10_r1 ok a=1144 b=1242 disagree=True parity=- 19.326s
[693/1705] s28000000013_p126_r3 ok a=1024 b=1024 disagree=False parity=- 47.148s
[694/1705] s28000000281_p70_r3 ok a=1536 b=1536 disagree=False parity=- 33.447s
[695/1705] s28000000286_p98_r1 ok a=832 b=832 disagree=False parity=- 35.183s
[696/1705] s28000000420_p96_r2 ok a=1335 b=1335 disagree=False parity=- 44.874s
[697/1705] s28000000350_p78_r3 ok a=1036 b=1036 disagree=False parity=- 32.113s
[698/1705] s28000000001_p104_r2 ok a=932 b=1032 disagree=True parity=- 37.406s
[699/1705] s28000000146_p39_r3 ok a=2510 b=2510 disagree=False parity=- 35.333s
[700/1705] s28000000435_p103_r2 ok a=2502 b=2502 disagree=False parity=- 47.378s
[701/1705] s28000000317_p115_r2 ok a=2504 b=2502 disagree=True parity=- 48.996s
[702/1705] s28000000228_p2_r1 ok a=1150 b=1150 disagree=False parity=- 15.621s
[703/1705] s28000000159_p39_r2 ok a=2510 b=2508 disagree=True parity=- 30.391s
[704/1705] s28000000098_p125_r1 ok a=2501 b=2501 disagree=False parity=- 50.948s
[705/1705] s28000000196_p57_r2 ok a=2510 b=2510 disagree=False parity=- 35.65s
[706/1705] s28000000044_p134_r3 ok a=1862 b=752 disagree=True parity=- 24.815s
[707/1705] s28000000298_p8_r3 ok a=1145 b=1145 disagree=False parity=- 16.281s
[708/1705] s28000000118_p100_r1 ok a=2510 b=2510 disagree=False parity=- 36.906s
[709/1705] s28000000239_p51_r3 ok a=2503 b=2503 disagree=False parity=- 33.769s
[710/1705] s28000000263_p32_r1 ok a=1441 b=1441 disagree=False parity=- 30.79s
[711/1705] s28000000224_p99_r2 ok a=1734 b=1734 disagree=False parity=- 44.52s
[712/1705] s28000000104_p30_r3 ok a=1336 b=1441 disagree=True parity=- 26.308s
[713/1705] s28000000304_p3_r2 ok a=2504 b=2504 disagree=False parity=- 19.358s
[714/1705] s28000000053_p104_r3 ok a=1532 b=1532 disagree=False parity=- 40.055s
[715/1705] s28000000176_p68_r1 ok a=1461 b=1461 disagree=False parity=- 37.138s
[716/1705] s28000000286_p100_r3 ok a=1336 b=1337 disagree=True parity=- 35.596s
[717/1705] s28000000380_p62_r2 ok a=941 b=941 disagree=False parity=- 37.375s
[718/1705] s28000000109_p133_r2 ok a=2510 b=2502 disagree=True parity=- 45.367s
[719/1705] s28000000404_p36_r2 ok a=1232 b=1232 disagree=False parity=- 32.816s
[720/1705] s28000000057_p112_r1 ok a=2510 b=2510 disagree=False parity=- 37.1s
[721/1705] s28000000145_p34_r2 ok a=1457 b=1457 disagree=False parity=- 20.22s
[722/1705] s28000000435_p103_r3 ok a=2502 b=2502 disagree=False parity=- 47.686s
[723/1705] s28000000116_p57_r2 ok a=2510 b=2510 disagree=False parity=- 36.917s
[724/1705] s28000000259_p108_r2 ok a=748 b=748 disagree=False parity=- 32.811s
[725/1705] s28000000334_p91_r3 ok a=2504 b=2504 disagree=False parity=- 43.087s
[726/1705] s28000000441_p59_r3 ok a=2510 b=2502 disagree=True parity=- 36.841s
[727/1705] s28000000265_p4_r2 ok a=1148 b=1346 disagree=True parity=- 20.146s
[728/1705] s28000000011_p109_r2 ok a=2503 b=2503 disagree=False parity=- 36.797s
[729/1705] s28000000380_p62_r3 ok a=941 b=941 disagree=False parity=- 34.444s
[730/1705] s28000000443_p38_r2 ok a=1048 b=1048 disagree=False parity=- 31.465s
[731/1705] s28000000290_p1_r1 ok a=2502 b=2502 disagree=False parity=- 15.099s
[732/1705] s28000000017_p73_r2 ok a=2501 b=2501 disagree=False parity=- 30.062s
[733/1705] s28000000035_p120_r3 ok a=732 b=732 disagree=False parity=- 38.526s
[734/1705] s28000000153_p115_r1 ok a=2503 b=2503 disagree=False parity=- 44.678s
[735/1705] s28000000156_p127_r3 ok a=2505 b=2505 disagree=False parity=- 32.557s
[736/1705] s28000000259_p31_r3 ok a=2510 b=2510 disagree=False parity=- 30.656s
[737/1705] s28000000283_p92_r3 ok a=1653 b=1653 disagree=False parity=- 38.276s
[738/1705] s28000000085_p96_r3 ok a=1268 b=1268 disagree=False parity=- 40.904s
[739/1705] s28000000184_p77_r3 ok a=2510 b=2510 disagree=False parity=- 38.838s
[740/1705] s28000000002_p115_r3 ok a=747 b=746 disagree=True parity=- 30.924s
[741/1705] s28000000215_p68_r2 ok a=1652 b=1162 disagree=True parity=- 36.082s
[742/1705] s28000000107_p73_r3 ok a=1544 b=1544 disagree=False parity=- 33.547s
[743/1705] s28000000266_p119_r3 ok a=2510 b=2510 disagree=False parity=- 48.697s
[744/1705] s28000000332_p16_r1 ok a=1356 b=1356 disagree=False parity=- 24.831s
[745/1705] s28000000164_p83_r3 ok a=2510 b=2510 disagree=False parity=- 38.622s
[746/1705] s28000000236_p17_r1 ok a=1347 b=1347 disagree=False parity=- 22.314s
[747/1705] s28000000268_p107_r1 ok a=2510 b=2510 disagree=False parity=- 56.586s
[748/1705] s28000000101_p29_r2 ok a=2504 b=2503 disagree=True parity=- 26.102s
[749/1705] s28000000429_p46_r2 ok a=1262 b=1262 disagree=False parity=- 32.084s
[750/1705] s28000000001_p104_r3 ok a=1032 b=932 disagree=True parity=- 39.166s
[751/1705] s28000000013_p20_r1 ok a=1245 b=1245 disagree=False parity=- 25.457s
[752/1705] s28000000157_p48_r1 ok a=1036 b=1036 disagree=False parity=- 29.475s
[753/1705] s28000000280_p78_r1 ok a=1124 b=1124 disagree=False parity=- 41.773s
[754/1705] s28000000412_p117_r3 ok a=2510 b=2510 disagree=False parity=- 40.899s
[755/1705] s28000000284_p22_r1 ok a=1456 b=1456 disagree=False parity=- 24.041s
[756/1705] s28000000411_p20_r1 ok a=1243 b=1243 disagree=False parity=- 26.376s
[757/1705] s28000000222_p38_r1 ok a=2505 b=2505 disagree=False parity=- 25.04s
[758/1705] s28000000157_p48_r2 ok a=1243 b=1243 disagree=False parity=- 30.761s
[759/1705] s28000000268_p74_r1 ok a=1164 b=1164 disagree=False parity=- 36.415s
[760/1705] s28000000142_p16_r3 ok a=1149 b=1149 disagree=False parity=- 22.957s
[761/1705] s28000000355_p51_r1 ok a=2510 b=2510 disagree=False parity=- 34.865s
[762/1705] s28000000143_p46_r2 ok a=1050 b=1050 disagree=False parity=- 34.733s
[763/1705] s28000000099_p120_r2 ok a=1270 b=1270 disagree=False parity=- 29.093s
[764/1705] s28000000284_p114_r3 ok a=1757 b=1757 disagree=False parity=- 61.083s
[765/1705] s28000000423_p3_r2 ok a=2507 b=2502 disagree=True parity=- 19.128s
[766/1705] s28000000313_p36_r2 ok a=1240 b=1240 disagree=False parity=- 28.459s
[767/1705] s28000000447_p106_r2 ok a=756 b=756 disagree=False parity=- 27.881s
[768/1705] s28000000163_p78_r2 ok a=1228 b=1228 disagree=False parity=- 50.374s
[769/1705] s28000000239_p51_r1 ok a=2510 b=2510 disagree=False parity=- 32.398s
[770/1705] s28000000351_p70_r2 ok a=1561 b=1561 disagree=False parity=- 37.781s
[771/1705] s28000000117_p130_r2 ok a=1628 b=1628 disagree=False parity=- 47.424s
[772/1705] s28000000150_p103_r3 ok a=2510 b=2510 disagree=False parity=- 51.553s
[773/1705] s28000000241_p13_r3 ok a=2510 b=2510 disagree=False parity=- 22.527s
[774/1705] s28000000127_p47_r2 ok a=2508 b=2508 disagree=False parity=- 27.87s
[775/1705] s28000000439_p79_r3 ok a=2502 b=2503 disagree=True parity=- 35.277s
[776/1705] s28000000194_p131_r2 ok a=2510 b=2510 disagree=False parity=- 47.532s
[777/1705] s28000000131_p52_r3 ok a=1436 b=1436 disagree=False parity=- 35.856s
[778/1705] s28000000380_p94_r3 ok a=849 b=1168 disagree=True parity=- 34.595s
[779/1705] s28000000313_p36_r3 ok a=1240 b=1240 disagree=False parity=- 28.104s
[780/1705] s28000000003_p66_r1 ok a=1840 b=1840 disagree=False parity=- 40.191s
[781/1705] s28000000359_p108_r3 ok a=861 b=861 disagree=False parity=- 48.055s
[782/1705] s28000000071_p11_r1 ok a=2504 b=2504 disagree=False parity=- 18.267s
[783/1705] s28000000056_p68_r3 ok a=1649 b=1258 disagree=True parity=- 36.229s
[784/1705] s28000000285_p63_r3 ok a=2510 b=2510 disagree=False parity=- 32.146s
[785/1705] s28000000268_p107_r2 ok a=2502 b=2502 disagree=False parity=- 54.019s
[786/1705] s28000000078_p17_r3 ok a=2501 b=2501 disagree=False parity=- 18.726s
[787/1705] s28000000100_p86_r3 ok a=1652 b=1652 disagree=False parity=- 40.544s
[788/1705] s28000000220_p73_r3 ok a=2508 b=2508 disagree=False parity=- 38.517s
[789/1705] s28000000218_p59_r1 ok a=2510 b=2510 disagree=False parity=- 36.011s
[790/1705] s28000000046_p86_r2 ok a=1234 b=1239 disagree=True parity=- 40.505s
[791/1705] s28000000335_p73_r2 ok a=967 b=967 disagree=False parity=- 32.543s
[792/1705] s28000000109_p96_r3 ok a=1139 b=1139 disagree=False parity=- 39.829s
[793/1705] s28000000369_p88_r3 ok a=1432 b=1432 disagree=False parity=- 38.589s
[794/1705] s28000000111_p76_r3 ok a=1533 b=1533 disagree=False parity=- 32.644s
[795/1705] s28000000418_p90_r1 ok a=1663 b=1663 disagree=False parity=- 43.717s
[796/1705] s28000000447_p106_r1 ok a=756 b=756 disagree=False parity=- 26.157s
[797/1705] s28000000344_p16_r1 ok a=1236 b=1236 disagree=False parity=- 20.116s
[798/1705] s28000000408_p10_r3 ok a=1256 b=1355 disagree=True parity=- 21.367s
[799/1705] s28000000269_p52_r3 ok a=944 b=944 disagree=False parity=- 26.482s
[800/1705] s28000000269_p82_r1 ok a=1065 b=1745 disagree=True parity=- 39.408s
[801/1705] s28000000123_p33_r2 ok a=2504 b=2504 disagree=False parity=- 31.351s
[802/1705] s28000000438_p50_r2 ok a=1548 b=1548 disagree=False parity=- 28.452s
[803/1705] s28000000376_p64_r3 ok a=1153 b=1153 disagree=False parity=- 30.315s
[804/1705] s28000000077_p110_r3 ok a=1665 b=1565 disagree=True parity=- 48.337s
[805/1705] s28000000189_p20_r3 ok a=946 b=946 disagree=False parity=- 22.35s
[806/1705] s28000000201_p108_r1 ok a=2506 b=2506 disagree=False parity=- 39.502s
[807/1705] s28000000129_p8_r3 ok a=1450 b=1449 disagree=True parity=- 22.266s
[808/1705] s28000000262_p6_r1 ok a=1253 b=1253 disagree=False parity=- 19.889s
[809/1705] s28000000138_p24_r3 ok a=1243 b=1243 disagree=False parity=- 24.013s
[810/1705] s28000000369_p88_r1 ok a=1432 b=1432 disagree=False parity=- 39.159s
[811/1705] s28000000406_p92_r3 ok a=1744 b=1744 disagree=False parity=- 39.956s
[812/1705] s28000000253_p25_r3 ok a=2504 b=2504 disagree=False parity=- 22.362s
[813/1705] s28000000114_p81_r2 ok a=2509 b=2509 disagree=False parity=- 28.352s
[814/1705] s28000000341_p70_r3 ok a=1540 b=1540 disagree=False parity=- 24.5s
[815/1705] s28000000331_p73_r3 ok a=2510 b=2510 disagree=False parity=- 34.488s
[816/1705] s28000000209_p95_r1 ok a=2510 b=2510 disagree=False parity=- 45.169s
[817/1705] s28000000166_p11_r3 ok a=2501 b=2501 disagree=False parity=- 22.914s
[818/1705] s28000000217_p103_r3 ok a=2501 b=2501 disagree=False parity=- 38.236s
[819/1705] s28000000144_p31_r2 ok a=2504 b=2504 disagree=False parity=- 31.283s
[820/1705] s28000000198_p101_r3 ok a=2510 b=2510 disagree=False parity=- 40.837s
[821/1705] s28000000005_p19_r2 ok a=2510 b=2510 disagree=False parity=- 22.932s
[822/1705] s28000000250_p98_r3 ok a=963 b=963 disagree=False parity=- 40.232s
[823/1705] s28000000155_p116_r1 ok a=550 b=550 disagree=False parity=- 59.158s
[824/1705] s28000000352_p118_r3 ok a=847 b=844 disagree=True parity=- 24.916s
[825/1705] s28000000187_p133_r2 ok a=2504 b=2504 disagree=False parity=- 31.661s
[826/1705] s28000000336_p44_r1 ok a=1264 b=1264 disagree=False parity=- 31.608s
[827/1705] s28000000344_p96_r3 ok a=860 b=860 disagree=False parity=- 27.902s
[828/1705] s28000000415_p112_r3 ok a=1163 b=644 disagree=True parity=- 42.533s
[829/1705] s28000000043_p62_r2 ok a=1460 b=1557 disagree=True parity=- 29.719s
[830/1705] s28000000266_p49_r2 ok a=2506 b=2506 disagree=False parity=- 34.428s
[831/1705] s28000000201_p108_r3 ok a=2510 b=2510 disagree=False parity=- 40.933s
[832/1705] s28000000367_p17_r2 ok a=2506 b=2506 disagree=False parity=- 22.581s
[833/1705] s28000000198_p101_r2 ok a=2510 b=2510 disagree=False parity=- 43.4s
[834/1705] s28000000027_p15_r2 ok a=2504 b=2507 disagree=True parity=- 19.325s
[835/1705] s28000000367_p95_r1 ok a=2510 b=2510 disagree=False parity=- 38.824s
[836/1705] s28000000399_p70_r1 ok a=1269 b=1269 disagree=False parity=- 28.38s
[837/1705] s28000000248_p66_r1 ok a=949 b=949 disagree=False parity=- 30.225s
[838/1705] s28000000417_p97_r3 ok a=965 b=965 disagree=False parity=- 40.79s
[839/1705] s28000000250_p23_r3 ok a=2510 b=2510 disagree=False parity=- 30.095s
[840/1705] s28000000155_p47_r2 ok a=2508 b=2508 disagree=False parity=- 32.473s
[841/1705] s28000000052_p86_r1 ok a=844 b=844 disagree=False parity=- 42.701s
[842/1705] s28000000387_p1_r1 ok a=2501 b=2501 disagree=False parity=- 17.046s
[843/1705] s28000000053_p104_r1 ok a=1532 b=1532 disagree=False parity=- 39.549s
[844/1705] s28000000145_p10_r3 ok a=1252 b=1252 disagree=False parity=- 19.983s
[845/1705] s28000000424_p68_r3 ok a=1037 b=1037 disagree=False parity=- 28.219s
[846/1705] s28000000397_p76_r3 ok a=1059 b=1059 disagree=False parity=- 34.869s
[847/1705] s28000000165_p46_r2 ok a=2501 b=2507 disagree=True parity=- 32.735s
[848/1705] s28000000304_p3_r3 ok a=2504 b=2504 disagree=False parity=- 20.946s
[849/1705] s28000000086_p102_r3 ok a=1238 b=1238 disagree=False parity=- 39.441s
[850/1705] s28000000312_p46_r2 ok a=2510 b=2510 disagree=False parity=- 31.833s
[851/1705] s28000000177_p3_r2 ok a=2508 b=2508 disagree=False parity=- 15.96s
[852/1705] s28000000021_p112_r2 ok a=1563 b=1563 disagree=False parity=- 31.943s
[853/1705] s28000000377_p1_r3 ok a=2501 b=2501 disagree=False parity=- 14.795s
[854/1705] s28000000031_p80_r1 ok a=1561 b=1561 disagree=False parity=- 32.181s
[855/1705] s28000000391_p69_r1 ok a=2510 b=2510 disagree=False parity=- 38.14s
[856/1705] s28000000316_p18_r3 ok a=1163 b=1163 disagree=False parity=- 15.778s
[857/1705] s28000000183_p63_r2 ok a=1545 b=1545 disagree=False parity=- 26.843s
[858/1705] s28000000175_p135_r1 ok a=2505 b=2505 disagree=False parity=- 82.748s
[859/1705] s28000000326_p9_r1 ok a=2501 b=2501 disagree=False parity=- 21.919s
[860/1705] s28000000211_p108_r1 ok a=1158 b=1158 disagree=False parity=- 53.289s
[861/1705] s28000000223_p102_r1 ok a=858 b=857 disagree=True parity=- 36.31s
[862/1705] s28000000247_p50_r2 ok a=1137 b=1137 disagree=False parity=- 33.598s
[863/1705] s28000000036_p66_r1 ok a=1558 b=1558 disagree=False parity=- 30.314s
[864/1705] s28000000153_p115_r2 ok a=2503 b=2503 disagree=False parity=- 44.618s
[865/1705] s28000000282_p114_r3 ok a=852 b=852 disagree=False parity=- 33.174s
[866/1705] s28000000140_p105_r3 ok a=2510 b=2510 disagree=False parity=- 37.262s
[867/1705] s28000000223_p102_r2 ok a=857 b=857 disagree=False parity=- 36.804s
[868/1705] s28000000274_p47_r2 ok a=2508 b=2508 disagree=False parity=- 33.03s
[869/1705] s28000000242_p136_r1 ok a=2510 b=2510 disagree=False parity=- 48.537s
[870/1705] s28000000001_p104_r1 ok a=932 b=932 disagree=False parity=- 38.715s
[871/1705] s28000000064_p136_r1 ok a=1228 b=1228 disagree=False parity=- 51.104s
[872/1705] s28000000332_p16_r2 ok a=1356 b=1356 disagree=False parity=- 24.895s
[873/1705] s28000000378_p84_r1 ok a=2503 b=2503 disagree=False parity=- 46.749s
[874/1705] s28000000342_p80_r3 ok a=2510 b=2510 disagree=False parity=- 37.21s
[875/1705] s28000000017_p73_r1 ok a=2510 b=2510 disagree=False parity=- 29.447s
[876/1705] s28000000122_p5_r2 ok a=2509 b=2501 disagree=True parity=- 20.09s
[877/1705] s28000000174_p65_r1 ok a=2507 b=2507 disagree=False parity=- 41.966s
[878/1705] s28000000379_p139_r2 ok a=2510 b=2510 disagree=False parity=- 104.695s
[879/1705] s28000000413_p69_r2 ok a=2507 b=2507 disagree=False parity=- 42.033s
[880/1705] s28000000126_p30_r3 ok a=1357 b=1357 disagree=False parity=- 25.986s
[881/1705] s28000000100_p86_r1 ok a=1653 b=1652 disagree=True parity=- 37.983s
[882/1705] s28000000363_p67_r2 ok a=2510 b=2510 disagree=False parity=- 32.504s
[883/1705] s28000000393_p49_r2 ok a=2502 b=2502 disagree=False parity=- 31.603s
[884/1705] s28000000273_p86_r1 ok a=1440 b=1440 disagree=False parity=- 40.02s
[885/1705] s28000000432_p18_r2 ok a=1449 b=1237 disagree=True parity=- 19.216s
[886/1705] s28000000346_p58_r1 ok a=1643 b=1643 disagree=False parity=- 37.523s
[887/1705] s28000000378_p70_r1 ok a=2510 b=2510 disagree=False parity=- 44.152s
[888/1705] s28000000304_p92_r1 ok a=836 b=836 disagree=False parity=- 36.025s
[889/1705] s28000000184_p77_r1 ok a=2510 b=2510 disagree=False parity=- 43.715s
[890/1705] s28000000385_p28_r2 ok a=1140 b=1140 disagree=False parity=- 31.913s
[891/1705] s28000000019_p35_r3 ok a=2501 b=2501 disagree=False parity=- 27.865s
[892/1705] s28000000114_p62_r2 ok a=1133 b=1133 disagree=False parity=- 26.461s
[893/1705] s28000000173_p59_r3 ok a=2507 b=2507 disagree=False parity=- 32.379s
[894/1705] s28000000141_p82_r1 ok a=1753 b=1753 disagree=False parity=- 30.49s
[895/1705] s28000000344_p96_r1 ok a=1028 b=1028 disagree=False parity=- 27.388s
[896/1705] s28000000402_p13_r3 ok a=2507 b=2507 disagree=False parity=- 19.814s
[897/1705] s28000000428_p103_r1 ok a=1632 b=1539 disagree=True parity=- 29.648s
[898/1705] s28000000126_p104_r2 ok a=654 b=654 disagree=False parity=- 45.685s
[899/1705] s28000000319_p76_r1 ok a=1569 b=1539 disagree=True parity=- 30.292s
[900/1705] s28000000093_p25_r1 ok a=2501 b=2501 disagree=False parity=- 23.211s
[901/1705] s28000000427_p54_r2 ok a=1234 b=1234 disagree=False parity=- 33.002s
[902/1705] s28000000211_p108_r3 ok a=1158 b=1158 disagree=False parity=- 49.649s
[903/1705] s28000000299_p55_r3 ok a=2501 b=2501 disagree=False parity=- 25.104s
[904/1705] s28000000082_p57_r2 ok a=2501 b=2501 disagree=False parity=- 39.597s
[905/1705] s28000000190_p106_r2 ok a=1332 b=1332 disagree=False parity=- 51.343s
[906/1705] s28000000436_p26_r1 ok a=1356 b=1356 disagree=False parity=- 25.206s
[907/1705] s28000000373_p100_r1 ok a=2501 b=2501 disagree=False parity=- 35.457s
[908/1705] s28000000230_p26_r1 ok a=1044 b=1044 disagree=False parity=- 24.624s
[909/1705] s28000000219_p114_r1 ok a=1663 b=1663 disagree=False parity=- 37.677s
[910/1705] s28000000219_p114_r2 ok a=1663 b=1663 disagree=False parity=- 37.162s
[911/1705] s28000000157_p20_r3 ok a=1455 b=1455 disagree=False parity=- 29.487s
[912/1705] s28000000084_p11_r3 ok a=2510 b=2510 disagree=False parity=- 19.223s
[913/1705] s28000000368_p61_r3 ok a=2510 b=2510 disagree=False parity=- 38.18s
[914/1705] s28000000301_p87_r3 ok a=2510 b=2510 disagree=False parity=- 37.648s
[915/1705] s28000000119_p54_r3 ok a=1167 b=1167 disagree=False parity=- 38.059s
[916/1705] s28000000279_p120_r1 ok a=1757 b=1757 disagree=False parity=- 35.878s
[917/1705] s28000000021_p126_r2 ok a=1043 b=1043 disagree=False parity=- 30.611s
[918/1705] s28000000185_p102_r1 ok a=2510 b=2510 disagree=False parity=- 35.346s
[919/1705] s28000000351_p70_r3 ok a=1561 b=1561 disagree=False parity=- 38.968s
[920/1705] s28000000176_p92_r2 ok a=1462 b=961 disagree=True parity=- 36.57s
[921/1705] s28000000402_p124_r3 ok a=760 b=760 disagree=False parity=- 19.049s
[922/1705] s28000000357_p108_r1 ok a=1265 b=1264 disagree=True parity=- 43.617s
[923/1705] s28000000049_p66_r3 ok a=2503 b=2503 disagree=False parity=- 34.461s
[924/1705] s28000000408_p10_r1 ok a=1256 b=1355 disagree=True parity=- 19.876s
[925/1705] s28000000030_p88_r3 ok a=1529 b=1529 disagree=False parity=- 39.19s
[926/1705] s28000000008_p124_r1 ok a=631 b=631 disagree=False parity=- 23.378s
[927/1705] s28000000309_p101_r3 ok a=2501 b=2502 disagree=True parity=- 37.337s
[928/1705] s28000000093_p98_r3 ok a=761 b=761 disagree=False parity=- 35.598s
[929/1705] s28000000159_p39_r3 ok a=2502 b=2510 disagree=True parity=- 31.022s
[930/1705] s28000000297_p112_r3 ok a=965 b=965 disagree=False parity=- 44.322s
[931/1705] s28000000098_p60_r2 ok a=1160 b=1160 disagree=False parity=- 33.601s
[932/1705] s28000000253_p9_r2 ok a=2503 b=2504 disagree=True parity=- 18.712s
[933/1705] s28000000066_p85_r1 ok a=2510 b=2510 disagree=False parity=- 47.507s
[934/1705] s28000000187_p133_r1 ok a=2504 b=2506 disagree=True parity=- 30.411s
[935/1705] s28000000278_p23_r2 ok a=2510 b=2510 disagree=False parity=- 19.744s
[936/1705] s28000000300_p138_r1 ok a=1661 b=1661 disagree=False parity=- 63.274s
[937/1705] s28000000040_p58_r1 ok a=851 b=851 disagree=False parity=- 34.886s
[938/1705] s28000000324_p54_r2 ok a=1559 b=1559 disagree=False parity=- 31.949s
[939/1705] s28000000307_p108_r2 ok a=1425 b=1425 disagree=False parity=- 36.382s
[940/1705] s28000000077_p130_r1 ok a=1656 b=1656 disagree=False parity=- 44.484s
[941/1705] s28000000030_p85_r1 ok a=2502 b=2502 disagree=False parity=- 36.228s
[942/1705] s28000000106_p89_r3 ok a=2502 b=2502 disagree=False parity=- 50.148s
[943/1705] s28000000402_p124_r2 ok a=760 b=760 disagree=False parity=- 23.121s
[944/1705] s28000000310_p8_r2 ok a=1349 b=1349 disagree=False parity=- 20.016s
[945/1705] s28000000206_p25_r2 ok a=2505 b=2505 disagree=False parity=- 25.658s
[946/1705] s28000000392_p27_r1 ok a=2510 b=2510 disagree=False parity=- 27.639s
[947/1705] s28000000198_p101_r1 ok a=2510 b=2510 disagree=False parity=- 43.235s
[948/1705] s28000000069_p11_r2 ok a=2501 b=2501 disagree=False parity=- 24.46s
[949/1705] s28000000306_p8_r1 ok a=1253 b=1253 disagree=False parity=- 16.367s
[950/1705] s28000000165_p105_r2 ok a=1072 b=1072 disagree=False parity=- 44.673s
[951/1705] s28000000419_p81_r1 ok a=2510 b=2510 disagree=False parity=- 35.791s
[952/1705] s28000000003_p80_r3 ok a=1247 b=1247 disagree=False parity=- 41.925s
[953/1705] s28000000123_p114_r3 ok a=648 b=648 disagree=False parity=- 23.921s
[954/1705] s28000000444_p14_r3 ok a=1142 b=1142 disagree=False parity=- 21.117s
[955/1705] s28000000372_p132_r2 ok a=933 b=933 disagree=False parity=- 31.049s
[956/1705] s28000000289_p65_r1 ok a=2510 b=2510 disagree=False parity=- 35.316s
[957/1705] s28000000155_p116_r3 ok a=550 b=550 disagree=False parity=- 54.696s
[958/1705] s28000000225_p116_r1 ok a=1632 b=1632 disagree=False parity=- 49.926s
[959/1705] s28000000340_p49_r3 ok a=2501 b=2501 disagree=False parity=- 34.351s
[960/1705] s28000000197_p105_r3 ok a=2510 b=2510 disagree=False parity=- 45.078s
[961/1705] s28000000056_p8_r1 ok a=1344 b=1246 disagree=True parity=- 19.858s
[962/1705] s28000000088_p102_r1 ok a=1542 b=1542 disagree=False parity=- 35.568s
[963/1705] s28000000193_p83_r1 ok a=2510 b=2510 disagree=False parity=- 42.822s
[964/1705] s28000000301_p53_r1 ok a=2510 b=2510 disagree=False parity=- 33.959s
[965/1705] s28000000310_p1_r2 ok a=2501 b=2501 disagree=False parity=- 15.028s
[966/1705] s28000000050_p122_r1 ok a=1157 b=1157 disagree=False parity=- 34.286s
[967/1705] s28000000070_p30_r3 ok a=1556 b=1556 disagree=False parity=- 29.348s
[968/1705] s28000000089_p56_r1 ok a=1455 b=1455 disagree=False parity=- 37.45s
[969/1705] s28000000304_p3_r1 ok a=2504 b=2504 disagree=False parity=- 16.229s
[970/1705] s28000000059_p39_r1 ok a=2510 b=2510 disagree=False parity=- 25.755s
[971/1705] s28000000264_p107_r1 ok a=2502 b=2502 disagree=False parity=- 34.337s
[972/1705] s28000000231_p111_r2 ok a=2510 b=2510 disagree=False parity=- 42.645s
[973/1705] s28000000264_p80_r1 ok a=1652 b=1652 disagree=False parity=- 35.624s
[974/1705] s28000000204_p112_r1 ok a=1743 b=1743 disagree=False parity=- 34.089s
[975/1705] s28000000016_p34_r1 ok a=941 b=941 disagree=False parity=- 28.288s
[976/1705] s28000000002_p67_r2 ok a=1225 b=1225 disagree=False parity=- 27.171s
[977/1705] s28000000235_p80_r1 ok a=856 b=1072 disagree=True parity=- 33.808s
[978/1705] s28000000274_p29_r3 ok a=2505 b=2505 disagree=False parity=- 27.145s
[979/1705] s28000000342_p52_r1 ok a=2510 b=2510 disagree=False parity=- 37.854s
[980/1705] s28000000347_p53_r1 ok a=2509 b=2509 disagree=False parity=- 29.218s
[981/1705] s28000000418_p90_r3 ok a=1663 b=1663 disagree=False parity=- 44.359s
[982/1705] s28000000217_p103_r1 ok a=2501 b=2501 disagree=False parity=- 38.846s
[983/1705] s28000000219_p114_r3 ok a=1663 b=1663 disagree=False parity=- 41.056s
[984/1705] s28000000346_p11_r2 ok a=2502 b=2502 disagree=False parity=- 20.099s
[985/1705] s28000000258_p132_r1 ok a=1753 b=1753 disagree=False parity=- 35.677s
[986/1705] s28000000441_p120_r1 ok a=1232 b=1232 disagree=False parity=- 35.41s
[987/1705] s28000000026_p38_r2 ok a=1045 b=1045 disagree=False parity=- 27.051s
[988/1705] s28000000224_p38_r1 ok a=2510 b=2510 disagree=False parity=- 29.072s
[989/1705] s28000000447_p17_r2 ok a=2505 b=2505 disagree=False parity=- 22.638s
[990/1705] s28000000186_p116_r1 ok a=1175 b=1175 disagree=False parity=- 43.393s
[991/1705] s28000000180_p24_r1 ok a=1555 b=1356 disagree=True parity=- 25.215s
[992/1705] s28000000149_p123_r3 ok a=2510 b=2510 disagree=False parity=- 49.824s
[993/1705] s28000000225_p82_r3 ok a=1745 b=1745 disagree=False parity=- 40.628s
[994/1705] s28000000333_p75_r1 ok a=2502 b=2502 disagree=False parity=- 38.431s
[995/1705] s28000000282_p63_r2 ok a=2510 b=2510 disagree=False parity=- 38.572s
[996/1705] s28000000120_p55_r3 ok a=2510 b=2510 disagree=False parity=- 31.662s
[997/1705] s28000000440_p137_r2 ok a=2503 b=2503 disagree=False parity=- 78.995s
[998/1705] s28000000213_p83_r2 ok a=2510 b=2510 disagree=False parity=- 46.004s
[999/1705] s28000000360_p23_r1 ok a=2505 b=2505 disagree=False parity=- 25.937s
[1000/1705] s28000000012_p71_r1 ok a=2504 b=2504 disagree=False parity=- 36.483s
[1001/1705] s28000000029_p70_r1 ok a=953 b=953 disagree=False parity=- 33.849s
[1002/1705] s28000000234_p124_r3 ok a=1039 b=1039 disagree=False parity=- 45.021s
[1003/1705] s28000000431_p109_r1 ok a=2503 b=2503 disagree=False parity=- 55.946s
[1004/1705] s28000000017_p136_r3 ok a=1742 b=1742 disagree=False parity=- 35.973s
[1005/1705] s28000000033_p111_r2 ok a=1740 b=1567 disagree=True parity=- 42.297s
[1006/1705] s28000000081_p80_r2 ok a=953 b=953 disagree=False parity=- 43.368s
[1007/1705] s28000000075_p82_r3 ok a=1340 b=737 disagree=True parity=- 24.604s
[1008/1705] s28000000411_p69_r1 ok a=2510 b=2510 disagree=False parity=- 38.017s
[1009/1705] s28000000230_p26_r3 ok a=1055 b=1055 disagree=False parity=- 23.977s
[1010/1705] s28000000039_p109_r2 ok a=2504 b=2504 disagree=False parity=- 44.726s
[1011/1705] s28000000351_p24_r1 ok a=1263 b=1260 disagree=True parity=- 20.954s
[1012/1705] s28000000007_p53_r2 ok a=1440 b=1440 disagree=False parity=- 37.055s
[1013/1705] s28000000012_p71_r3 ok a=2504 b=2504 disagree=False parity=- 37.001s
[1014/1705] s28000000159_p39_r1 ok a=2510 b=2510 disagree=False parity=- 31.8s
[1015/1705] s28000000290_p1_r3 ok a=2504 b=2504 disagree=False parity=- 14.067s
[1016/1705] s28000000028_p61_r3 ok a=2505 b=2505 disagree=False parity=- 37.088s
[1017/1705] s28000000284_p114_r1 ok a=1757 b=1757 disagree=False parity=- 52.806s
[1018/1705] s28000000004_p1_r3 ok a=2501 b=2501 disagree=False parity=- 19.341s
[1019/1705] s28000000188_p3_r1 ok a=2506 b=2506 disagree=False parity=- 19.455s
[1020/1705] s28000000331_p37_r1 ok a=2510 b=2510 disagree=False parity=- 33.117s
[1021/1705] s28000000281_p70_r2 ok a=1536 b=1536 disagree=False parity=- 36.874s
[1022/1705] s28000000058_p50_r1 ok a=1644 b=1644 disagree=False parity=- 36.067s
[1023/1705] s28000000062_p96_r2 ok a=2502 b=2502 disagree=False parity=- 44.628s
[1024/1705] s28000000098_p60_r3 ok a=1160 b=1160 disagree=False parity=- 31.563s
[1025/1705] s28000000312_p46_r3 ok a=2510 b=2510 disagree=False parity=- 30.662s
[1026/1705] s28000000081_p80_r3 ok a=953 b=953 disagree=False parity=- 41.719s
[1027/1705] s28000000349_p116_r1 ok a=934 b=934 disagree=False parity=- 46.805s
[1028/1705] s28000000285_p79_r2 ok a=2510 b=2510 disagree=False parity=- 33.019s
[1029/1705] s28000000396_p36_r1 ok a=1360 b=1360 disagree=False parity=- 31.177s
[1030/1705] s28000000113_p80_r3 ok a=1332 b=1332 disagree=False parity=- 34.215s
[1031/1705] s28000000202_p7_r1 ok a=2502 b=2510 disagree=True parity=- 15.965s
[1032/1705] s28000000188_p3_r2 ok a=2506 b=2506 disagree=False parity=- 15.598s
[1033/1705] s28000000028_p139_r3 ok a=2501 b=2501 disagree=False parity=- 137.13s
[1034/1705] s28000000158_p118_r2 ok a=739 b=739 disagree=False parity=- 48.934s
[1035/1705] s28000000127_p119_r3 ok a=2508 b=2508 disagree=False parity=- 46.597s
[1036/1705] s28000000003_p80_r2 ok a=1247 b=1247 disagree=False parity=- 39.838s
[1037/1705] s28000000094_p19_r1 ok a=2507 b=2507 disagree=False parity=- 23.987s
[1038/1705] s28000000076_p52_r1 ok a=1265 b=1261 disagree=True parity=- 36.811s
[1039/1705] s28000000280_p78_r2 ok a=1124 b=1124 disagree=False parity=- 40.917s
[1040/1705] s28000000024_p52_r1 ok a=1637 b=1637 disagree=False parity=- 32.376s
[1041/1705] s28000000187_p34_r1 ok a=1356 b=1257 disagree=True parity=- 29.514s
[1042/1705] s28000000302_p46_r3 ok a=1557 b=1558 disagree=True parity=- 27.349s
[1043/1705] s28000000247_p50_r3 ok a=1137 b=1137 disagree=False parity=- 31.711s
[1044/1705] s28000000218_p53_r2 ok a=2510 b=2510 disagree=False parity=- 35.187s
[1045/1705] s28000000158_p118_r3 ok a=739 b=739 disagree=False parity=- 45.284s
[1046/1705] s28000000294_p23_r2 ok a=2503 b=2503 disagree=False parity=- 24.507s
[1047/1705] s28000000195_p79_r1 ok a=1656 b=1656 disagree=False parity=- 37.527s
[1048/1705] s28000000186_p116_r3 ok a=1175 b=1175 disagree=False parity=- 43.32s
[1049/1705] s28000000157_p48_r3 ok a=1243 b=1240 disagree=True parity=- 27.562s
[1050/1705] s28000000055_p118_r2 ok a=1368 b=732 disagree=True parity=- 37.209s
[1051/1705] s28000000395_p109_r3 ok a=2505 b=2505 disagree=False parity=- 46.083s
[1052/1705] s28000000164_p83_r1 ok a=2510 b=2510 disagree=False parity=- 38.855s
[1053/1705] s28000000321_p61_r2 ok a=1240 b=1240 disagree=False parity=- 32.261s
[1054/1705] s28000000336_p44_r3 ok a=1264 b=1264 disagree=False parity=- 30.208s
[1055/1705] s28000000246_p126_r1 ok a=1037 b=1032 disagree=True parity=- 40.18s
[1056/1705] s28000000212_p58_r3 ok a=1461 b=1461 disagree=False parity=- 31.156s
[1057/1705] s28000000386_p88_r3 ok a=942 b=942 disagree=False parity=- 32.47s
[1058/1705] s28000000351_p70_r1 ok a=1561 b=1561 disagree=False parity=- 39.209s
[1059/1705] s28000000210_p15_r3 ok a=2509 b=2503 disagree=True parity=- 26.558s
[1060/1705] s28000000295_p89_r1 ok a=2501 b=2501 disagree=False parity=- 39.196s
[1061/1705] s28000000297_p99_r3 ok a=2501 b=2501 disagree=False parity=- 51.587s
[1062/1705] s28000000268_p74_r3 ok a=1164 b=1164 disagree=False parity=- 36.067s
[1063/1705] s28000000416_p32_r3 ok a=1055 b=1055 disagree=False parity=- 27.125s
[1064/1705] s28000000377_p1_r2 ok a=2501 b=2501 disagree=False parity=- 18.244s
[1065/1705] s28000000436_p26_r2 ok a=1445 b=1445 disagree=False parity=- 24.393s
[1066/1705] s28000000352_p118_r2 ok a=844 b=844 disagree=False parity=- 27.816s
[1067/1705] s28000000023_p98_r3 ok a=940 b=940 disagree=False parity=- 54.322s
[1068/1705] s28000000132_p105_r3 ok a=2506 b=2506 disagree=False parity=- 34.63s
[1069/1705] s28000000238_p76_r1 ok a=2503 b=2503 disagree=False parity=- 40.662s
[1070/1705] s28000000387_p80_r1 ok a=1122 b=1122 disagree=False parity=- 41.094s
[1071/1705] s28000000259_p108_r3 ok a=748 b=748 disagree=False parity=- 37.766s
[1072/1705] s28000000308_p88_r2 ok a=2508 b=2508 disagree=False parity=- 41.999s
[1073/1705] s28000000142_p16_r2 ok a=1258 b=1258 disagree=False parity=- 22.198s
[1074/1705] s28000000384_p16_r3 ok a=2510 b=2510 disagree=False parity=- 24.747s
[1075/1705] s28000000063_p34_r2 ok a=1650 b=1650 disagree=False parity=- 28.179s
[1076/1705] s28000000016_p45_r1 ok a=2505 b=2505 disagree=False parity=- 30.991s
[1077/1705] s28000000177_p53_r2 ok a=2510 b=2510 disagree=False parity=- 32.456s
[1078/1705] s28000000407_p38_r1 ok a=1456 b=1456 disagree=False parity=- 29.272s
[1079/1705] s28000000316_p21_r2 ok a=2510 b=2510 disagree=False parity=- 23.127s
[1080/1705] s28000000078_p17_r1 ok a=2504 b=2501 disagree=True parity=- 19.201s
[1081/1705] s28000000335_p53_r3 ok a=1560 b=1560 disagree=False parity=- 29.307s
[1082/1705] s28000000050_p64_r1 ok a=1155 b=1155 disagree=False parity=- 37.649s
[1083/1705] s28000000279_p55_r3 ok a=2510 b=2510 disagree=False parity=- 34.715s
[1084/1705] s28000000081_p55_r2 ok a=2510 b=2510 disagree=False parity=- 36.946s
[1085/1705] s28000000172_p82_r2 ok a=1156 b=1156 disagree=False parity=- 47.835s
[1086/1705] s28000000356_p133_r3 ok a=856 b=856 disagree=False parity=- 30.701s
[1087/1705] s28000000052_p126_r2 ok a=858 b=858 disagree=False parity=- 40.916s
[1088/1705] s28000000233_p103_r1 ok a=2505 b=2505 disagree=False parity=- 38.449s
[1089/1705] s28000000045_p2_r2 ok a=1246 b=1246 disagree=False parity=- 16.733s
[1090/1705] s28000000395_p85_r1 ok a=2503 b=2503 disagree=False parity=- 47.46s
[1091/1705] s28000000271_p73_r2 ok a=2510 b=2510 disagree=False parity=- 38.172s
[1092/1705] s28000000322_p112_r1 ok a=1137 b=1137 disagree=False parity=- 35.742s
[1093/1705] s28000000122_p103_r1 ok a=2510 b=2510 disagree=False parity=- 48.462s
[1094/1705] s28000000379_p68_r2 ok a=951 b=951 disagree=False parity=- 32.263s
[1095/1705] s28000000177_p3_r3 ok a=2508 b=2504 disagree=True parity=- 16.245s
[1096/1705] s28000000041_p17_r3 ok a=2510 b=2510 disagree=False parity=- 21.03s
[1097/1705] s28000000033_p111_r3 ok a=1740 b=1740 disagree=False parity=- 46.31s
[1098/1705] s28000000162_p88_r2 ok a=1043 b=1043 disagree=False parity=- 39.393s
[1099/1705] s28000000433_p14_r3 ok a=1256 b=1256 disagree=False parity=- 25.033s
[1100/1705] s28000000405_p109_r1 ok a=2503 b=2503 disagree=False parity=- 54.438s
[1101/1705] s28000000176_p68_r3 ok a=1461 b=1461 disagree=False parity=- 37.911s
[1102/1705] s28000000125_p96_r1 ok a=1267 b=1267 disagree=False parity=- 35.582s
[1103/1705] s28000000291_p19_r1 ok a=2502 b=2502 disagree=False parity=- 25.736s
[1104/1705] s28000000353_p47_r1 ok a=2501 b=2501 disagree=False parity=- 38.192s
[1105/1705] s28000000037_p24_r2 ok a=844 b=844 disagree=False parity=- 25.358s
[1106/1705] s28000000411_p69_r2 ok a=2510 b=2510 disagree=False parity=- 37.723s
[1107/1705] s28000000209_p114_r1 ok a=1953 b=1953 disagree=False parity=- 47.751s
[1108/1705] s28000000310_p8_r1 ok a=1349 b=1349 disagree=False parity=- 17.617s
[1109/1705] s28000000112_p118_r1 ok a=1741 b=1741 disagree=False parity=- 42.544s
[1110/1705] s28000000001_p102_r3 ok a=1235 b=1235 disagree=False parity=- 48.499s
[1111/1705] s28000000074_p20_r2 ok a=1256 b=1256 disagree=False parity=- 22.126s
[1112/1705] s28000000006_p90_r1 ok a=1462 b=1462 disagree=False parity=- 22.712s
[1113/1705] s28000000303_p111_r3 ok a=2501 b=2501 disagree=False parity=- 38.2s
[1114/1705] s28000000443_p54_r1 ok a=948 b=948 disagree=False parity=- 32.345s
[1115/1705] s28000000160_p7_r3 ok a=2507 b=2507 disagree=False parity=- 17.328s
[1116/1705] s28000000346_p11_r3 ok a=2502 b=2502 disagree=False parity=- 20.791s
[1117/1705] s28000000409_p129_r2 ok a=2504 b=2504 disagree=False parity=- 46.052s
[1118/1705] s28000000134_p67_r1 ok a=2510 b=2510 disagree=False parity=- 43.613s
[1119/1705] s28000000341_p70_r1 ok a=1540 b=1540 disagree=False parity=- 26.17s
[1120/1705] s28000000254_p27_r1 ok a=2510 b=2510 disagree=False parity=- 29.763s
[1121/1705] s28000000423_p3_r3 ok a=2502 b=2502 disagree=False parity=- 15.57s
[1122/1705] s28000000210_p12_r2 ok a=1454 b=1454 disagree=False parity=- 22.829s
[1123/1705] s28000000213_p83_r3 ok a=2510 b=2510 disagree=False parity=- 45.434s
[1124/1705] s28000000316_p18_r1 ok a=1163 b=1163 disagree=False parity=- 22.989s
[1125/1705] s28000000240_p53_r1 ok a=2508 b=2508 disagree=False parity=- 36.255s
[1126/1705] s28000000194_p131_r1 ok a=2510 b=2510 disagree=False parity=- 45.41s
[1127/1705] s28000000193_p83_r2 ok a=2510 b=2510 disagree=False parity=- 41.09s
[1128/1705] s28000000098_p125_r3 ok a=2501 b=2501 disagree=False parity=- 48.787s
[1129/1705] s28000000261_p59_r3 ok a=1653 b=1653 disagree=False parity=- 40.601s
[1130/1705] s28000000238_p76_r2 ok a=2503 b=2503 disagree=False parity=- 45.266s
[1131/1705] s28000000082_p114_r2 ok a=1849 b=1849 disagree=False parity=- 47.762s
[1132/1705] s28000000357_p131_r1 ok a=2501 b=2504 disagree=True parity=- 51.086s
[1133/1705] s28000000336_p44_r2 ok a=1264 b=1264 disagree=False parity=- 33.622s
[1134/1705] s28000000392_p35_r1 ok a=2501 b=2501 disagree=False parity=- 26.647s
[1135/1705] s28000000191_p86_r2 ok a=2510 b=2510 disagree=False parity=- 47.757s
[1136/1705] s28000000281_p17_r2 ok a=2505 b=2505 disagree=False parity=- 24.575s
[1137/1705] s28000000292_p43_r1 ok a=2510 b=2510 disagree=False parity=- 35.383s
[1138/1705] s28000000388_p6_r3 ok a=1256 b=1256 disagree=False parity=- 20.866s
[1139/1705] s28000000157_p20_r1 ok a=1455 b=1455 disagree=False parity=- 29.369s
[1140/1705] s28000000115_p35_r2 ok a=2510 b=2510 disagree=False parity=- 30.12s
[1141/1705] s28000000181_p76_r3 ok a=1330 b=1330 disagree=False parity=- 23.719s
[1142/1705] s28000000180_p24_r3 ok a=1555 b=1555 disagree=False parity=- 27.059s
[1143/1705] s28000000084_p11_r2 ok a=2510 b=2510 disagree=False parity=- 16.236s
[1144/1705] s28000000047_p43_r3 ok a=949 b=949 disagree=False parity=- 32.174s
[1145/1705] s28000000030_p88_r2 ok a=1529 b=1529 disagree=False parity=- 41.187s
[1146/1705] s28000000054_p61_r1 ok a=2507 b=2507 disagree=False parity=- 38.588s
[1147/1705] s28000000070_p30_r1 ok a=1556 b=1556 disagree=False parity=- 27.58s
[1148/1705] s28000000170_p88_r1 ok a=748 b=748 disagree=False parity=- 24.982s
[1149/1705] s28000000116_p57_r1 ok a=2510 b=2510 disagree=False parity=- 36.607s
[1150/1705] s28000000038_p63_r3 ok a=2506 b=2502 disagree=True parity=- 38.907s
[1151/1705] s28000000135_p76_r1 ok a=1265 b=1265 disagree=False parity=- 28.31s
[1152/1705] s28000000220_p70_r1 ok a=956 b=956 disagree=False parity=- 34.556s
[1153/1705] s28000000124_p72_r1 ok a=1337 b=1337 disagree=False parity=- 34.829s
[1154/1705] s28000000161_p132_r2 ok a=1129 b=1368 disagree=True parity=- 28.62s
[1155/1705] s28000000353_p27_r2 ok a=2503 b=2510 disagree=True parity=- 28.992s
[1156/1705] s28000000063_p34_r3 ok a=1650 b=1650 disagree=False parity=- 27.797s
[1157/1705] s28000000445_p31_r3 ok a=2503 b=2503 disagree=False parity=- 33.265s
[1158/1705] s28000000105_p10_r2 ok a=1145 b=1340 disagree=True parity=- 18.687s
[1159/1705] s28000000004_p1_r1 ok a=2504 b=2501 disagree=True parity=- 15.636s
[1160/1705] s28000000252_p81_r3 ok a=2501 b=2501 disagree=False parity=- 40.806s
[1161/1705] s28000000300_p138_r2 ok a=1661 b=1661 disagree=False parity=- 61.202s
[1162/1705] s28000000249_p62_r2 ok a=1540 b=1540 disagree=False parity=- 39.452s
[1163/1705] s28000000327_p132_r1 ok a=2510 b=2510 disagree=False parity=- 71.405s
[1164/1705] s28000000262_p26_r2 ok a=1357 b=1357 disagree=False parity=- 26.176s
[1165/1705] s28000000240_p59_r1 ok a=2501 b=2501 disagree=False parity=- 42.342s
[1166/1705] s28000000376_p122_r1 ok a=1568 b=1568 disagree=False parity=- 35.255s
[1167/1705] s28000000278_p23_r3 ok a=2501 b=2510 disagree=True parity=- 26.668s
[1168/1705] s28000000376_p122_r2 ok a=964 b=1472 disagree=True parity=- 34.644s
[1169/1705] s28000000442_p16_r1 ok a=1345 b=1345 disagree=False parity=- 25.238s
[1170/1705] s28000000042_p135_r1 ok a=2510 b=2510 disagree=False parity=- 75.406s
[1171/1705] s28000000066_p121_r2 ok a=2510 b=2510 disagree=False parity=- 42.171s
[1172/1705] s28000000242_p133_r2 ok a=1368 b=1368 disagree=False parity=- 36.473s
[1173/1705] s28000000175_p135_r2 ok a=2510 b=2505 disagree=True parity=- 83.189s
[1174/1705] s28000000146_p39_r1 ok a=2510 b=2510 disagree=False parity=- 36.632s
[1175/1705] s28000000192_p74_r2 ok a=1766 b=1766 disagree=False parity=- 44.856s
[1176/1705] s28000000067_p132_r3 ok a=1041 b=1041 disagree=False parity=- 41.154s
[1177/1705] s28000000132_p47_r1 ok a=2510 b=2510 disagree=False parity=- 30.988s
[1178/1705] s28000000426_p29_r1 ok a=2506 b=2506 disagree=False parity=- 27.371s
[1179/1705] s28000000061_p77_r3 ok a=2510 b=2510 disagree=False parity=- 26.31s
[1180/1705] s28000000345_p50_r3 ok a=1545 b=1545 disagree=False parity=- 35.645s
[1181/1705] s28000000021_p112_r3 ok a=1563 b=1563 disagree=False parity=- 32.341s
[1182/1705] s28000000136_p21_r3 ok a=2510 b=2510 disagree=False parity=- 26.767s
[1183/1705] s28000000126_p104_r3 ok a=654 b=654 disagree=False parity=- 48.792s
[1184/1705] s28000000433_p74_r3 ok a=1346 b=1346 disagree=False parity=- 43.638s
[1185/1705] s28000000056_p8_r2 ok a=1344 b=1344 disagree=False parity=- 19.11s
[1186/1705] s28000000234_p124_r1 ok a=1032 b=1032 disagree=False parity=- 45.762s
[1187/1705] s28000000071_p10_r1 ok a=1154 b=1154 disagree=False parity=- 20.366s
[1188/1705] s28000000150_p11_r1 ok a=2503 b=2503 disagree=False parity=- 20.906s
[1189/1705] s28000000025_p118_r2 ok a=1432 b=1432 disagree=False parity=- 34.418s
[1190/1705] s28000000371_p60_r1 ok a=1039 b=1039 disagree=False parity=- 38.183s
[1191/1705] s28000000404_p124_r2 ok a=737 b=837 disagree=True parity=- 17.908s
[1192/1705] s28000000344_p16_r2 ok a=1236 b=1236 disagree=False parity=- 20.389s
[1193/1705] s28000000321_p61_r1 ok a=1240 b=1240 disagree=False parity=- 25.115s
[1194/1705] s28000000119_p54_r1 ok a=1167 b=1167 disagree=False parity=- 39.756s
[1195/1705] s28000000370_p84_r3 ok a=1328 b=1328 disagree=False parity=- 48.528s
[1196/1705] s28000000147_p41_r1 ok a=2501 b=2502 disagree=True parity=- 32.186s
[1197/1705] s28000000255_p70_r1 ok a=1236 b=845 disagree=True parity=- 31.124s
[1198/1705] s28000000134_p49_r2 ok a=2510 b=2510 disagree=False parity=- 26.969s
[1199/1705] s28000000104_p91_r3 ok a=2503 b=2502 disagree=True parity=- 37.173s
[1200/1705] s28000000338_p41_r2 ok a=2507 b=2510 disagree=True parity=- 34.024s
[1201/1705] s28000000323_p14_r3 ok a=1548 b=1548 disagree=False parity=- 22.736s
[1202/1705] s28000000273_p86_r2 ok a=1440 b=1440 disagree=False parity=- 42.3s
[1203/1705] s28000000414_p20_r1 ok a=1447 b=1447 disagree=False parity=- 22.015s
[1204/1705] s28000000193_p94_r1 ok a=854 b=854 disagree=False parity=- 48.374s
[1205/1705] s28000000057_p135_r2 ok a=1376 b=1376 disagree=False parity=- 65.578s
[1206/1705] s28000000161_p23_r1 ok a=2510 b=2510 disagree=False parity=- 22.901s
[1207/1705] s28000000102_p10_r2 ok a=1149 b=1149 disagree=False parity=- 17.661s
[1208/1705] s28000000406_p92_r2 ok a=1744 b=1744 disagree=False parity=- 40.518s
[1209/1705] s28000000431_p12_r2 ok a=1044 b=1044 disagree=False parity=- 21.116s
[1210/1705] s28000000031_p45_r2 ok a=2501 b=2501 disagree=False parity=- 31.743s
[1211/1705] s28000000193_p94_r3 ok a=854 b=854 disagree=False parity=- 46.521s
[1212/1705] s28000000271_p139_r3 ok a=2507 b=2507 disagree=False parity=- 87.123s
[1213/1705] s28000000150_p103_r1 ok a=2510 b=2510 disagree=False parity=- 49.231s
[1214/1705] s28000000325_p32_r3 ok a=2510 b=2510 disagree=False parity=- 26.404s
[1215/1705] s28000000161_p23_r3 ok a=2510 b=2510 disagree=False parity=- 26.419s
[1216/1705] s28000000154_p16_r1 ok a=1057 b=1057 disagree=False parity=- 23.789s
[1217/1705] s28000000396_p36_r3 ok a=1363 b=1363 disagree=False parity=- 32.717s
[1218/1705] s28000000277_p94_r1 ok a=1653 b=1653 disagree=False parity=- 42.232s
[1219/1705] s28000000098_p60_r1 ok a=1037 b=1037 disagree=False parity=- 36.247s
[1220/1705] s28000000324_p74_r1 ok a=1542 b=1542 disagree=False parity=- 39.07s
[1221/1705] s28000000430_p52_r3 ok a=2510 b=2510 disagree=False parity=- 39.715s
[1222/1705] s28000000221_p115_r1 ok a=2510 b=2510 disagree=False parity=- 52.994s
[1223/1705] s28000000193_p83_r3 ok a=2510 b=2510 disagree=False parity=- 45.834s
[1224/1705] s28000000427_p54_r1 ok a=1234 b=1234 disagree=False parity=- 32.474s
[1225/1705] s28000000264_p80_r2 ok a=1652 b=1652 disagree=False parity=- 36.595s
[1226/1705] s28000000314_p126_r1 ok a=1133 b=1133 disagree=False parity=- 54.786s
[1227/1705] s28000000386_p72_r1 ok a=1060 b=1060 disagree=False parity=- 36.518s
[1228/1705] s28000000081_p55_r1 ok a=2510 b=2510 disagree=False parity=- 37.598s
[1229/1705] s28000000022_p52_r2 ok a=1340 b=1340 disagree=False parity=- 29.372s
[1230/1705] s28000000117_p124_r3 ok a=1160 b=1766 disagree=True parity=- 44.747s
[1231/1705] s28000000296_p30_r1 ok a=1159 b=1159 disagree=False parity=- 28.848s
[1232/1705] s28000000349_p116_r3 ok a=934 b=934 disagree=False parity=- 45.847s
[1233/1705] s28000000269_p52_r1 ok a=952 b=952 disagree=False parity=- 28.678s
[1234/1705] s28000000103_p71_r3 ok a=2510 b=2510 disagree=False parity=- 40.94s
[1235/1705] s28000000245_p27_r1 ok a=2510 b=2510 disagree=False parity=- 27.565s
[1236/1705] s28000000245_p27_r2 ok a=2510 b=2510 disagree=False parity=- 29.845s
[1237/1705] s28000000059_p39_r3 ok a=2510 b=2510 disagree=False parity=- 22.524s
[1238/1705] s28000000386_p88_r2 ok a=942 b=942 disagree=False parity=- 31.816s
[1239/1705] s28000000015_p42_r1 ok a=1464 b=1164 disagree=True parity=- 31.347s
[1240/1705] s28000000369_p88_r2 ok a=1432 b=1432 disagree=False parity=- 34.457s
[1241/1705] s28000000270_p67_r3 ok a=2510 b=2510 disagree=False parity=- 39.446s
[1242/1705] s28000000425_p48_r1 ok a=1144 b=1144 disagree=False parity=- 33.512s
[1243/1705] s28000000170_p49_r1 ok a=2503 b=2503 disagree=False parity=- 31.499s
[1244/1705] s28000000076_p52_r2 ok a=1265 b=1261 disagree=True parity=- 36.215s
[1245/1705] s28000000345_p50_r2 ok a=1545 b=1545 disagree=False parity=- 35.254s
[1246/1705] s28000000449_p40_r2 ok a=1266 b=1266 disagree=False parity=- 34.066s
[1247/1705] s28000000427_p54_r3 ok a=1234 b=1234 disagree=False parity=- 32.662s
[1248/1705] s28000000164_p73_r2 ok a=2503 b=2503 disagree=False parity=- 40.157s
[1249/1705] s28000000257_p92_r1 ok a=1142 b=1142 disagree=False parity=- 39.57s
[1250/1705] s28000000140_p10_r2 ok a=1146 b=1146 disagree=False parity=- 18.32s
[1251/1705] s28000000438_p65_r2 ok a=2510 b=2507 disagree=True parity=- 42.511s
[1252/1705] s28000000222_p11_r2 ok a=2509 b=2509 disagree=False parity=- 19.241s
[1253/1705] s28000000289_p65_r3 ok a=2510 b=2510 disagree=False parity=- 30.203s
[1254/1705] s28000000241_p13_r1 ok a=2507 b=2507 disagree=False parity=- 20.639s
[1255/1705] s28000000060_p100_r1 ok a=845 b=845 disagree=False parity=- 48.262s
[1256/1705] s28000000168_p1_r2 ok a=2501 b=2501 disagree=False parity=- 18.053s
[1257/1705] s28000000197_p25_r3 ok a=2510 b=2510 disagree=False parity=- 28.474s
[1258/1705] s28000000006_p108_r3 ok a=850 b=850 disagree=False parity=- 32.574s
[1259/1705] s28000000384_p16_r2 ok a=2510 b=2510 disagree=False parity=- 26.172s
[1260/1705] s28000000260_p137_r3 ok a=2503 b=2503 disagree=False parity=- 183.965s
[1261/1705] s28000000101_p103_r3 ok a=2503 b=2503 disagree=False parity=- 31.158s
[1262/1705] s28000000223_p43_r1 ok a=2504 b=2504 disagree=False parity=- 25.848s
[1263/1705] s28000000237_p22_r1 ok a=1252 b=1252 disagree=False parity=- 27.604s
[1264/1705] s28000000235_p79_r2 ok a=2510 b=2510 disagree=False parity=- 42.533s
[1265/1705] s28000000068_p124_r2 ok a=929 b=929 disagree=False parity=- 39.142s
[1266/1705] s28000000071_p11_r2 ok a=2504 b=2504 disagree=False parity=- 23.261s
[1267/1705] s28000000009_p137_r1 ok a=2510 b=2510 disagree=False parity=- 57.187s
[1268/1705] s28000000353_p47_r3 ok a=2501 b=2501 disagree=False parity=- 37.926s
[1269/1705] s28000000114_p81_r3 ok a=2510 b=2510 disagree=False parity=- 30.939s
[1270/1705] s28000000021_p126_r1 ok a=1043 b=1043 disagree=False parity=- 28.813s
[1271/1705] s28000000184_p75_r3 ok a=2501 b=2501 disagree=False parity=- 38.399s
[1272/1705] s28000000199_p60_r3 ok a=1432 b=1432 disagree=False parity=- 27.738s
[1273/1705] s28000000121_p112_r2 ok a=1337 b=1337 disagree=False parity=- 37.773s
[1274/1705] s28000000282_p63_r3 ok a=2510 b=2510 disagree=False parity=- 37.874s
[1275/1705] s28000000256_p46_r1 ok a=961 b=961 disagree=False parity=- 29.192s
[1276/1705] s28000000301_p87_r1 ok a=2510 b=2510 disagree=False parity=- 40.388s
[1277/1705] s28000000325_p64_r2 ok a=2504 b=2504 disagree=False parity=- 34.059s
[1278/1705] s28000000321_p127_r2 ok a=1463 b=1463 disagree=False parity=- 43.547s
[1279/1705] s28000000081_p55_r3 ok a=2510 b=2510 disagree=False parity=- 33.934s
[1280/1705] s28000000196_p57_r3 ok a=2510 b=2510 disagree=False parity=- 37.366s
[1281/1705] s28000000137_p96_r1 ok a=852 b=852 disagree=False parity=- 40.607s
[1282/1705] s28000000432_p46_r3 ok a=1645 b=1645 disagree=False parity=- 34.322s
[1283/1705] s28000000304_p92_r3 ok a=836 b=836 disagree=False parity=- 34.158s
[1284/1705] s28000000354_p8_r1 ok a=1244 b=1244 disagree=False parity=- 16.862s
[1285/1705] s28000000371_p26_r3 ok a=1455 b=1455 disagree=False parity=- 24.451s
[1286/1705] s28000000054_p117_r3 ok a=2510 b=2510 disagree=False parity=- 59.792s
[1287/1705] s28000000376_p64_r1 ok a=1153 b=1153 disagree=False parity=- 30.574s
[1288/1705] s28000000362_p122_r3 ok a=750 b=733 disagree=True parity=- 67.814s
[1289/1705] s28000000449_p42_r2 ok a=1136 b=1136 disagree=False parity=- 31.957s
[1290/1705] s28000000060_p46_r2 ok a=1143 b=1143 disagree=False parity=- 36.139s
[1291/1705] s28000000259_p31_r1 ok a=2510 b=2510 disagree=False parity=- 32.143s
[1292/1705] s28000000020_p61_r3 ok a=2510 b=2510 disagree=False parity=- 38.254s
[1293/1705] s28000000237_p22_r3 ok a=1252 b=1252 disagree=False parity=- 26.219s
[1294/1705] s28000000381_p75_r1 ok a=2510 b=2510 disagree=False parity=- 42.589s
[1295/1705] s28000000003_p80_r1 ok a=1356 b=1247 disagree=True parity=- 41.494s
[1296/1705] s28000000354_p8_r2 ok a=1244 b=1244 disagree=False parity=- 18.328s
[1297/1705] s28000000448_p104_r3 ok a=1221 b=1221 disagree=False parity=- 34.66s
[1298/1705] s28000000115_p35_r1 ok a=2510 b=2510 disagree=False parity=- 29.611s
[1299/1705] s28000000145_p10_r2 ok a=1252 b=1252 disagree=False parity=- 20.083s
[1300/1705] s28000000391_p90_r2 ok a=1036 b=1036 disagree=False parity=- 42.841s
[1301/1705] s28000000383_p95_r1 ok a=2501 b=2501 disagree=False parity=- 47.222s
[1302/1705] s28000000360_p74_r1 ok a=1156 b=1156 disagree=False parity=- 38.763s
[1303/1705] s28000000127_p119_r1 ok a=2508 b=2508 disagree=False parity=- 39.976s
[1304/1705] s28000000215_p68_r1 ok a=1652 b=1652 disagree=False parity=- 37.568s
[1305/1705] s28000000183_p91_r3 ok a=749 b=749 disagree=False parity=- 48.106s
[1306/1705] s28000000064_p104_r3 ok a=1058 b=1058 disagree=False parity=- 32.147s
[1307/1705] s28000000090_p116_r3 ok a=1026 b=1026 disagree=False parity=- 40.943s
[1308/1705] s28000000195_p79_r2 ok a=1659 b=1656 disagree=True parity=- 37.15s
[1309/1705] s28000000258_p132_r2 ok a=1753 b=1753 disagree=False parity=- 34.895s
[1310/1705] s28000000434_p100_r1 ok a=660 b=660 disagree=False parity=- 33.99s
[1311/1705] s28000000156_p45_r1 ok a=2510 b=2510 disagree=False parity=- 28.856s
[1312/1705] s28000000075_p82_r1 ok a=737 b=739 disagree=True parity=- 26.783s
[1313/1705] s28000000392_p35_r3 ok a=2501 b=2501 disagree=False parity=- 27.985s
[1314/1705] s28000000216_p102_r3 ok a=1168 b=1168 disagree=False parity=- 34.403s
[1315/1705] s28000000330_p73_r2 ok a=2504 b=2504 disagree=False parity=- 39.464s
[1316/1705] s28000000029_p70_r3 ok a=953 b=953 disagree=False parity=- 43.333s
[1317/1705] s28000000346_p11_r1 ok a=2502 b=2502 disagree=False parity=- 19.457s
[1318/1705] s28000000278_p23_r1 ok a=2510 b=2510 disagree=False parity=- 18.694s
[1319/1705] s28000000197_p105_r2 ok a=2510 b=2510 disagree=False parity=- 46.421s
[1320/1705] s28000000210_p15_r1 ok a=2503 b=2503 disagree=False parity=- 24.976s
[1321/1705] s28000000369_p5_r1 ok a=2504 b=2504 disagree=False parity=- 17.898s
[1322/1705] s28000000197_p25_r2 ok a=2510 b=2510 disagree=False parity=- 27.204s
[1323/1705] s28000000064_p104_r1 ok a=1058 b=1058 disagree=False parity=- 35.96s
[1324/1705] s28000000018_p93_r2 ok a=1058 b=1058 disagree=False parity=- 34.921s
[1325/1705] s28000000054_p61_r3 ok a=2507 b=2507 disagree=False parity=- 38.059s
[1326/1705] s28000000138_p24_r2 ok a=1361 b=1361 disagree=False parity=- 23.446s
[1327/1705] s28000000336_p126_r2 ok a=1529 b=1529 disagree=False parity=- 55.486s
[1328/1705] s28000000288_p12_r1 ok a=1257 b=1257 disagree=False parity=- 21.729s
[1329/1705] s28000000262_p26_r3 ok a=1452 b=1357 disagree=True parity=- 26.163s
[1330/1705] s28000000125_p94_r2 ok a=1028 b=1028 disagree=False parity=- 33.507s
[1331/1705] s28000000008_p15_r1 ok a=2505 b=2505 disagree=False parity=- 27.058s
[1332/1705] s28000000017_p136_r2 ok a=1741 b=1741 disagree=False parity=- 41.047s
[1333/1705] s28000000310_p8_r3 ok a=1349 b=1349 disagree=False parity=- 20.405s
[1334/1705] s28000000231_p119_r2 ok a=2510 b=2510 disagree=False parity=- 48.259s
[1335/1705] s28000000186_p132_r3 ok a=1529 b=1529 disagree=False parity=- 42.243s
[1336/1705] s28000000072_p4_r1 ok a=1144 b=1144 disagree=False parity=- 16.289s
[1337/1705] s28000000188_p3_r3 ok a=2506 b=2506 disagree=False parity=- 15.794s
[1338/1705] s28000000102_p10_r1 ok a=1149 b=1149 disagree=False parity=- 18.434s
[1339/1705] s28000000037_p24_r1 ok a=943 b=844 disagree=True parity=- 21.379s
[1340/1705] s28000000252_p1_r3 ok a=2501 b=2501 disagree=False parity=- 16.422s
[1341/1705] s28000000379_p68_r3 ok a=951 b=951 disagree=False parity=- 28.718s
[1342/1705] s28000000302_p37_r3 ok a=2510 b=2510 disagree=False parity=- 28.437s
[1343/1705] s28000000099_p49_r3 ok a=2502 b=2510 disagree=True parity=- 30.323s
[1344/1705] s28000000285_p63_r2 ok a=2510 b=2510 disagree=False parity=- 33.458s
[1345/1705] s28000000439_p69_r3 ok a=2510 b=2510 disagree=False parity=- 36.095s
[1346/1705] s28000000224_p38_r3 ok a=2510 b=2510 disagree=False parity=- 28.611s
[1347/1705] s28000000352_p78_r1 ok a=1045 b=1045 disagree=False parity=- 39.554s
[1348/1705] s28000000413_p69_r3 ok a=2510 b=2507 disagree=True parity=- 40.065s
[1349/1705] s28000000204_p112_r3 ok a=1844 b=1743 disagree=True parity=- 40.28s
[1350/1705] s28000000340_p49_r2 ok a=2501 b=2501 disagree=False parity=- 35.311s
[1351/1705] s28000000048_p16_r2 ok a=1053 b=1053 disagree=False parity=- 20.334s
[1352/1705] s28000000246_p95_r3 ok a=2510 b=2510 disagree=False parity=- 34.076s
[1353/1705] s28000000347_p46_r3 ok a=1036 b=1135 disagree=True parity=- 21.767s
[1354/1705] s28000000364_p117_r3 ok a=2504 b=2504 disagree=False parity=- 45.482s
[1355/1705] s28000000180_p94_r3 ok a=1062 b=747 disagree=True parity=- 35.154s
[1356/1705] s28000000062_p96_r3 ok a=2505 b=2502 disagree=True parity=- 45.019s
[1357/1705] s28000000189_p68_r3 ok a=645 b=645 disagree=False parity=- 32.642s
[1358/1705] s28000000174_p3_r1 ok a=2506 b=2506 disagree=False parity=- 15.595s
[1359/1705] s28000000399_p70_r2 ok a=1269 b=1269 disagree=False parity=- 24.038s
[1360/1705] s28000000298_p8_r1 ok a=1145 b=1345 disagree=True parity=- 19.994s
[1361/1705] s28000000293_p29_r2 ok a=2504 b=2504 disagree=False parity=- 27.64s
[1362/1705] s28000000408_p10_r2 ok a=1355 b=1256 disagree=True parity=- 20.27s
[1363/1705] s28000000307_p63_r1 ok a=2510 b=2510 disagree=False parity=- 32.797s
[1364/1705] s28000000162_p56_r3 ok a=946 b=946 disagree=False parity=- 34.838s
[1365/1705] s28000000205_p121_r3 ok a=2501 b=2501 disagree=False parity=- 38.524s
[1366/1705] s28000000105_p10_r3 ok a=1145 b=1144 disagree=True parity=- 18.271s
[1367/1705] s28000000166_p69_r1 ok a=2506 b=2510 disagree=True parity=- 29.71s
[1368/1705] s28000000307_p63_r3 ok a=2510 b=2510 disagree=False parity=- 35.506s
[1369/1705] s28000000277_p94_r2 ok a=1037 b=1037 disagree=False parity=- 38.705s
[1370/1705] s28000000414_p96_r3 ok a=844 b=844 disagree=False parity=- 34.774s
[1371/1705] s28000000119_p126_r1 ok a=939 b=939 disagree=False parity=- 35.489s
[1372/1705] s28000000297_p99_r1 ok a=2501 b=2501 disagree=False parity=- 52.139s
[1373/1705] s28000000137_p125_r3 ok a=2510 b=2510 disagree=False parity=- 47.757s
[1374/1705] s28000000070_p30_r2 ok a=1556 b=1556 disagree=False parity=- 29.75s
[1375/1705] s28000000091_p84_r2 ok a=2510 b=2510 disagree=False parity=- 45.41s
[1376/1705] s28000000410_p45_r3 ok a=2510 b=2510 disagree=False parity=- 32.073s
[1377/1705] s28000000031_p80_r2 ok a=1134 b=1134 disagree=False parity=- 33.218s
[1378/1705] s28000000200_p23_r1 ok a=2501 b=2501 disagree=False parity=- 28.171s
[1379/1705] s28000000064_p136_r3 ok a=1228 b=1228 disagree=False parity=- 58.444s
[1380/1705] s28000000420_p97_r1 ok a=2502 b=2502 disagree=False parity=- 42.418s
[1381/1705] s28000000374_p20_r1 ok a=1057 b=1057 disagree=False parity=- 22.79s
[1382/1705] s28000000309_p99_r1 ok a=2506 b=2506 disagree=False parity=- 29.826s
[1383/1705] s28000000127_p47_r1 ok a=2508 b=2508 disagree=False parity=- 26.178s
[1384/1705] s28000000214_p101_r3 ok a=2507 b=2507 disagree=False parity=- 46.379s
[1385/1705] s28000000313_p83_r2 ok a=2510 b=2510 disagree=False parity=- 51.198s
[1386/1705] s28000000053_p70_r3 ok a=1640 b=1640 disagree=False parity=- 40.05s
[1387/1705] s28000000308_p25_r2 ok a=1140 b=1140 disagree=False parity=- 25.981s
[1388/1705] s28000000220_p73_r1 ok a=2508 b=2508 disagree=False parity=- 35.276s
[1389/1705] s28000000064_p136_r2 ok a=1228 b=1228 disagree=False parity=- 53.304s
[1390/1705] s28000000053_p70_r1 ok a=1640 b=1640 disagree=False parity=- 36.537s
[1391/1705] s28000000121_p112_r3 ok a=1337 b=1337 disagree=False parity=- 35.547s
[1392/1705] s28000000406_p92_r1 ok a=1745 b=1744 disagree=True parity=- 41.235s
[1393/1705] s28000000314_p136_r2 ok a=851 b=851 disagree=False parity=- 130.435s
[1394/1705] s28000000379_p139_r1 ok a=2510 b=2510 disagree=False parity=- 102.651s
[1395/1705] s28000000405_p85_r2 ok a=2508 b=2508 disagree=False parity=- 44.913s
[1396/1705] s28000000109_p133_r1 ok a=2510 b=2504 disagree=True parity=- 42.472s
[1397/1705] s28000000033_p111_r1 ok a=1567 b=1567 disagree=False parity=- 47.654s
[1398/1705] s28000000378_p70_r2 ok a=2510 b=2510 disagree=False parity=- 47.614s
[1399/1705] s28000000443_p38_r3 ok a=1048 b=1048 disagree=False parity=- 30.914s
[1400/1705] s28000000365_p124_r1 ok a=1733 b=1733 disagree=False parity=- 42.688s
[1401/1705] s28000000087_p60_r3 ok a=1365 b=1365 disagree=False parity=- 34.077s
[1402/1705] s28000000416_p15_r2 ok a=2502 b=2502 disagree=False parity=- 24.034s
[1403/1705] s28000000442_p16_r2 ok a=1345 b=1345 disagree=False parity=- 24.872s
[1404/1705] s28000000340_p136_r2 ok a=1957 b=1957 disagree=False parity=- 36.735s
[1405/1705] s28000000134_p49_r3 ok a=2510 b=2502 disagree=True parity=- 30.03s
[1406/1705] s28000000407_p21_r2 ok a=2506 b=2506 disagree=False parity=- 27.484s
[1407/1705] s28000000310_p1_r1 ok a=2502 b=2502 disagree=False parity=- 14.138s
[1408/1705] s28000000256_p46_r3 ok a=957 b=957 disagree=False parity=- 29.21s
[1409/1705] s28000000077_p110_r1 ok a=1762 b=1465 disagree=True parity=- 44.636s
[1410/1705] s28000000101_p29_r1 ok a=2504 b=2504 disagree=False parity=- 25.264s
[1411/1705] s28000000261_p33_r2 ok a=1441 b=1441 disagree=False parity=- 29.077s
[1412/1705] s28000000390_p36_r2 ok a=848 b=848 disagree=False parity=- 25.347s
[1413/1705] s28000000248_p66_r2 ok a=949 b=949 disagree=False parity=- 30.259s
[1414/1705] s28000000354_p133_r3 ok a=2503 b=2503 disagree=False parity=- 45.758s
[1415/1705] s28000000228_p2_r2 ok a=1255 b=1150 disagree=True parity=- 15.644s
[1416/1705] s28000000094_p24_r3 ok a=1143 b=1143 disagree=False parity=- 25.498s
[1417/1705] s28000000235_p80_r3 ok a=1060 b=856 disagree=True parity=- 34.026s
[1418/1705] s28000000196_p57_r1 ok a=2510 b=2510 disagree=False parity=- 39.439s
[1419/1705] s28000000069_p124_r1 ok a=1364 b=1364 disagree=False parity=- 50.765s
[1420/1705] s28000000392_p27_r3 ok a=2510 b=2510 disagree=False parity=- 30.778s
[1421/1705] s28000000088_p102_r3 ok a=1542 b=1542 disagree=False parity=- 41.623s
[1422/1705] s28000000360_p23_r2 ok a=2505 b=2505 disagree=False parity=- 29.328s
[1423/1705] s28000000371_p26_r1 ok a=1454 b=1454 disagree=False parity=- 29.37s
[1424/1705] s28000000311_p68_r1 ok a=857 b=857 disagree=False parity=- 38.935s
[1425/1705] s28000000275_p25_r1 ok a=2510 b=2510 disagree=False parity=- 28.906s
[1426/1705] s28000000309_p99_r2 ok a=2506 b=2506 disagree=False parity=- 30.152s
[1427/1705] s28000000083_p94_r1 ok a=1164 b=1164 disagree=False parity=- 29.358s
[1428/1705] s28000000234_p66_r1 ok a=753 b=753 disagree=False parity=- 41.252s
[1429/1705] s28000000330_p99_r3 ok a=2504 b=2504 disagree=False parity=- 43.602s
[1430/1705] s28000000189_p68_r2 ok a=1366 b=1366 disagree=False parity=- 28.849s
[1431/1705] s28000000108_p102_r1 ok a=1465 b=1465 disagree=False parity=- 45.567s
[1432/1705] s28000000001_p102_r1 ok a=1235 b=1235 disagree=False parity=- 46.915s
[1433/1705] s28000000039_p5_r3 ok a=2505 b=2505 disagree=False parity=- 17.344s
[1434/1705] s28000000386_p72_r3 ok a=1060 b=1060 disagree=False parity=- 35.933s
[1435/1705] s28000000179_p7_r2 ok a=2504 b=2504 disagree=False parity=- 19.986s
[1436/1705] s28000000277_p25_r1 ok a=2510 b=2510 disagree=False parity=- 26.577s
[1437/1705] s28000000152_p29_r3 ok a=2510 b=2510 disagree=False parity=- 25.506s
[1438/1705] s28000000216_p21_r3 ok a=2506 b=2506 disagree=False parity=- 25.902s
[1439/1705] s28000000179_p38_r2 ok a=1141 b=1141 disagree=False parity=- 35.537s
[1440/1705] s28000000201_p105_r1 ok a=1750 b=1750 disagree=False parity=- 35.199s
[1441/1705] s28000000302_p46_r1 ok a=1557 b=1557 disagree=False parity=- 29.83s
[1442/1705] s28000000116_p106_r3 ok a=1536 b=1536 disagree=False parity=- 37.469s
[1443/1705] s28000000012_p71_r2 ok a=2504 b=2504 disagree=False parity=- 34.7s
[1444/1705] s28000000137_p96_r3 ok a=852 b=852 disagree=False parity=- 37.669s
[1445/1705] s28000000153_p59_r3 ok a=2501 b=2501 disagree=False parity=- 35.638s
[1446/1705] s28000000148_p85_r2 ok a=2503 b=2503 disagree=False parity=- 40.773s
[1447/1705] s28000000172_p67_r3 ok a=2503 b=2503 disagree=False parity=- 39.526s
[1448/1705] s28000000262_p26_r1 ok a=1357 b=1357 disagree=False parity=- 25.587s
[1449/1705] s28000000186_p116_r2 ok a=1175 b=1175 disagree=False parity=- 39.86s
[1450/1705] s28000000067_p132_r2 ok a=1041 b=1041 disagree=False parity=- 34.534s
[1451/1705] s28000000208_p84_r3 ok a=946 b=946 disagree=False parity=- 24.986s
[1452/1705] s28000000395_p109_r2 ok a=2505 b=2505 disagree=False parity=- 44.603s
[1453/1705] s28000000311_p68_r3 ok a=857 b=857 disagree=False parity=- 37.503s
[1454/1705] s28000000389_p111_r3 ok a=2510 b=2510 disagree=False parity=- 39.984s
[1455/1705] s28000000202_p50_r1 ok a=1333 b=1333 disagree=False parity=- 40.586s
[1456/1705] s28000000199_p15_r2 ok a=2501 b=2501 disagree=False parity=- 25.083s
[1457/1705] s28000000358_p117_r3 ok a=2510 b=2510 disagree=False parity=- 46.71s
[1458/1705] s28000000222_p11_r3 ok a=2509 b=2509 disagree=False parity=- 17.751s
[1459/1705] s28000000348_p8_r3 ok a=1145 b=1145 disagree=False parity=- 18.691s
[1460/1705] s28000000275_p125_r2 ok a=2505 b=2505 disagree=False parity=- 45.338s
[1461/1705] s28000000228_p36_r3 ok a=1233 b=1233 disagree=False parity=- 30.87s
[1462/1705] s28000000169_p5_r3 ok a=2503 b=2502 disagree=True parity=- 17.372s
[1463/1705] s28000000308_p25_r1 ok a=1140 b=1140 disagree=False parity=- 27.497s
[1464/1705] s28000000027_p94_r2 ok a=1647 b=1647 disagree=False parity=- 43.643s
[1465/1705] s28000000264_p80_r3 ok a=1652 b=1652 disagree=False parity=- 36.435s
[1466/1705] s28000000288_p115_r2 ok a=2506 b=2506 disagree=False parity=- 40.684s
[1467/1705] s28000000262_p6_r2 ok a=1051 b=1253 disagree=True parity=- 17.655s
[1468/1705] s28000000386_p88_r1 ok a=942 b=942 disagree=False parity=- 29.503s
[1469/1705] s28000000148_p17_r3 ok a=2510 b=2510 disagree=False parity=- 22.815s
[1470/1705] s28000000128_p72_r2 ok a=1066 b=1066 disagree=False parity=- 39.701s
[1471/1705] s28000000213_p49_r1 ok a=2501 b=2501 disagree=False parity=- 32.315s
[1472/1705] s28000000118_p14_r2 ok a=2508 b=2508 disagree=False parity=- 24.601s
[1473/1705] s28000000087_p29_r2 ok a=2501 b=2501 disagree=False parity=- 27.472s
[1474/1705] s28000000415_p112_r1 ok a=644 b=644 disagree=False parity=- 43.779s
[1475/1705] s28000000120_p111_r1 ok a=2510 b=2510 disagree=False parity=- 40.376s
[1476/1705] s28000000335_p53_r1 ok a=1560 b=1560 disagree=False parity=- 31.499s
[1477/1705] s28000000431_p109_r2 ok a=2510 b=2502 disagree=True parity=- 49.486s
[1478/1705] s28000000389_p111_r1 ok a=2510 b=2510 disagree=False parity=- 42.003s
[1479/1705] s28000000133_p74_r1 ok a=1432 b=1432 disagree=False parity=- 25.861s
[1480/1705] s28000000336_p126_r1 ok a=1529 b=1529 disagree=False parity=- 54.91s
[1481/1705] s28000000122_p103_r3 ok a=2510 b=2510 disagree=False parity=- 43.12s
[1482/1705] s28000000108_p93_r3 ok a=2502 b=2502 disagree=False parity=- 32.788s
[1483/1705] s28000000136_p24_r1 ok a=1341 b=1341 disagree=False parity=- 28.073s
[1484/1705] s28000000024_p52_r2 ok a=1637 b=1637 disagree=False parity=- 30.633s
[1485/1705] s28000000439_p79_r2 ok a=2504 b=2504 disagree=False parity=- 34.708s
[1486/1705] s28000000244_p21_r1 ok a=2510 b=2510 disagree=False parity=- 25.138s
[1487/1705] s28000000194_p16_r2 ok a=1151 b=1151 disagree=False parity=- 20.668s
[1488/1705] s28000000137_p125_r2 ok a=2510 b=2510 disagree=False parity=- 41.977s
[1489/1705] s28000000040_p60_r1 ok a=1648 b=1145 disagree=True parity=- 30.921s
[1490/1705] s28000000062_p96_r1 ok a=2505 b=2502 disagree=True parity=- 42.881s
[1491/1705] s28000000362_p122_r2 ok a=830 b=830 disagree=False parity=- 61.949s
[1492/1705] s28000000305_p97_r1 ok a=2510 b=2510 disagree=False parity=- 48.1s
[1493/1705] s28000000087_p60_r1 ok a=1365 b=1365 disagree=False parity=- 36.835s
[1494/1705] s28000000440_p137_r1 ok a=2503 b=2503 disagree=False parity=- 81.737s
[1495/1705] s28000000078_p66_r3 ok a=1135 b=1135 disagree=False parity=- 36.148s
[1496/1705] s28000000347_p53_r3 ok a=2510 b=2509 disagree=True parity=- 30.244s
[1497/1705] s28000000248_p66_r3 ok a=949 b=949 disagree=False parity=- 31.107s
[1498/1705] s28000000037_p24_r3 ok a=844 b=844 disagree=False parity=- 24.337s
[1499/1705] s28000000123_p33_r1 ok a=2503 b=2503 disagree=False parity=- 31.367s
[1500/1705] s28000000425_p48_r2 ok a=1144 b=1244 disagree=True parity=- 33.901s
[1501/1705] s28000000411_p20_r3 ok a=1243 b=1243 disagree=False parity=- 27.821s
[1502/1705] s28000000366_p136_r2 ok a=1268 b=1268 disagree=False parity=- 87.222s
[1503/1705] s28000000100_p66_r2 ok a=1644 b=1064 disagree=True parity=- 31.707s
[1504/1705] s28000000437_p103_r3 ok a=2501 b=2501 disagree=False parity=- 43.41s
[1505/1705] s28000000368_p61_r1 ok a=2510 b=2510 disagree=False parity=- 37.881s
[1506/1705] s28000000130_p7_r2 ok a=2504 b=2501 disagree=True parity=- 18.994s
[1507/1705] s28000000202_p50_r2 ok a=1333 b=1333 disagree=False parity=- 39.299s
[1508/1705] s28000000395_p109_r1 ok a=2505 b=2505 disagree=False parity=- 47.943s
[1509/1705] s28000000024_p6_r2 ok a=1246 b=1244 disagree=True parity=- 18.827s
[1510/1705] s28000000277_p25_r2 ok a=2509 b=2510 disagree=True parity=- 28.85s
[1511/1705] s28000000153_p59_r1 ok a=2504 b=2501 disagree=True parity=- 36.934s
[1512/1705] s28000000263_p32_r2 ok a=1441 b=1441 disagree=False parity=- 31.194s
[1513/1705] s28000000092_p1_r3 ok a=2502 b=2504 disagree=True parity=- 16.398s
[1514/1705] s28000000154_p104_r2 ok a=1362 b=1745 disagree=True parity=- 39.545s
[1515/1705] s28000000389_p111_r2 ok a=2510 b=2510 disagree=False parity=- 41.389s
[1516/1705] s28000000255_p70_r3 ok a=845 b=845 disagree=False parity=- 30.554s
[1517/1705] s28000000285_p79_r1 ok a=2510 b=2510 disagree=False parity=- 32.334s
[1518/1705] s28000000363_p29_r3 ok a=2506 b=2506 disagree=False parity=- 26.636s
[1519/1705] s28000000367_p95_r2 ok a=2510 b=2510 disagree=False parity=- 35.719s
[1520/1705] s28000000156_p45_r2 ok a=2510 b=2510 disagree=False parity=- 26.448s
[1521/1705] s28000000094_p19_r3 ok a=2507 b=2507 disagree=False parity=- 21.82s
[1522/1705] s28000000245_p28_r2 ok a=1053 b=1053 disagree=False parity=- 27.549s
[1523/1705] s28000000015_p131_r3 ok a=2510 b=2510 disagree=False parity=- 49.562s
[1524/1705] s28000000405_p85_r3 ok a=2508 b=2508 disagree=False parity=- 47.309s
[1525/1705] s28000000057_p112_r3 ok a=2510 b=2510 disagree=False parity=- 37.057s
[1526/1705] s28000000015_p42_r3 ok a=1464 b=1537 disagree=True parity=- 30.24s
[1527/1705] s28000000178_p96_r3 ok a=1550 b=1550 disagree=False parity=- 38.162s
[1528/1705] s28000000339_p49_r3 ok a=2504 b=2504 disagree=False parity=- 33.686s
[1529/1705] s28000000332_p26_r1 ok a=1443 b=1443 disagree=False parity=- 26.046s
[1530/1705] s28000000118_p100_r2 ok a=2510 b=2510 disagree=False parity=- 36.709s
[1531/1705] s28000000198_p82_r3 ok a=1324 b=1324 disagree=False parity=- 41.997s
[1532/1705] s28000000212_p133_r1 ok a=2510 b=2510 disagree=False parity=- 67.317s
[1533/1705] s28000000270_p61_r1 ok a=2506 b=2506 disagree=False parity=- 42.543s
[1534/1705] s28000000171_p27_r2 ok a=2510 b=2510 disagree=False parity=- 26.933s
[1535/1705] s28000000004_p44_r3 ok a=1043 b=1043 disagree=False parity=- 34.317s
[1536/1705] s28000000306_p23_r1 ok a=2505 b=2505 disagree=False parity=- 25.463s
[1537/1705] s28000000150_p11_r2 ok a=2503 b=2503 disagree=False parity=- 19.713s
[1538/1705] s28000000390_p32_r3 ok a=1440 b=1440 disagree=False parity=- 23.395s
[1539/1705] s28000000356_p12_r1 ok a=1241 b=1241 disagree=False parity=- 21.368s
[1540/1705] s28000000015_p42_r2 ok a=1164 b=1464 disagree=True parity=- 33.265s
[1541/1705] s28000000100_p66_r1 ok a=1636 b=1644 disagree=True parity=- 28.769s
[1542/1705] s28000000208_p41_r3 ok a=2508 b=2508 disagree=False parity=- 28.536s
[1543/1705] s28000000394_p10_r2 ok a=1242 b=1242 disagree=False parity=- 20.868s
[1544/1705] s28000000237_p85_r1 ok a=2510 b=2510 disagree=False parity=- 39.928s
[1545/1705] s28000000048_p16_r1 ok a=1053 b=1053 disagree=False parity=- 21.469s
[1546/1705] s28000000262_p6_r3 ok a=1254 b=1253 disagree=True parity=- 16.21s
[1547/1705] s28000000101_p103_r2 ok a=2503 b=2503 disagree=False parity=- 30.563s
[1548/1705] s28000000295_p70_r1 ok a=942 b=942 disagree=False parity=- 36.63s
[1549/1705] s28000000109_p133_r3 ok a=2510 b=2502 disagree=True parity=- 48.949s
[1550/1705] s28000000409_p51_r1 ok a=2510 b=2510 disagree=False parity=- 33.824s
[1551/1705] s28000000109_p96_r2 ok a=1139 b=1139 disagree=False parity=- 37.33s
[1552/1705] s28000000271_p139_r1 ok a=2507 b=2507 disagree=False parity=- 81.675s
[1553/1705] s28000000102_p37_r1 ok a=2510 b=2510 disagree=False parity=- 31.431s
[1554/1705] s28000000185_p69_r1 ok a=940 b=853 disagree=True parity=- 36.06s
[1555/1705] s28000000195_p61_r3 ok a=1562 b=846 disagree=True parity=- 35.053s
[1556/1705] s28000000163_p108_r2 ok a=1442 b=1442 disagree=False parity=- 53.042s
[1557/1705] s28000000403_p2_r1 ok a=1349 b=1349 disagree=False parity=- 14.607s
[1558/1705] s28000000120_p111_r3 ok a=2510 b=2510 disagree=False parity=- 47.594s
[1559/1705] s28000000354_p133_r2 ok a=2503 b=2503 disagree=False parity=- 47.215s
[1560/1705] s28000000045_p126_r1 ok a=1224 b=1224 disagree=False parity=- 39.501s
[1561/1705] s28000000234_p66_r3 ok a=752 b=752 disagree=False parity=- 40.558s
[1562/1705] s28000000434_p47_r1 ok a=2510 b=2510 disagree=False parity=- 30.302s
[1563/1705] s28000000439_p79_r1 ok a=2502 b=2502 disagree=False parity=- 32.76s
[1564/1705] s28000000356_p133_r1 ok a=856 b=856 disagree=False parity=- 30.855s
[1565/1705] s28000000340_p136_r1 ok a=1957 b=1957 disagree=False parity=- 36.116s
[1566/1705] s28000000013_p126_r1 ok a=1024 b=1024 disagree=False parity=- 46.621s
[1567/1705] s28000000362_p77_r3 ok a=2510 b=2510 disagree=False parity=- 40.631s
[1568/1705] s28000000046_p86_r3 ok a=1239 b=1239 disagree=False parity=- 39.892s
[1569/1705] s28000000373_p100_r3 ok a=2501 b=2501 disagree=False parity=- 29.11s
[1570/1705] s28000000113_p66_r3 ok a=1128 b=1544 disagree=True parity=- 27.809s
[1571/1705] s28000000393_p55_r2 ok a=2503 b=2503 disagree=False parity=- 34.859s
[1572/1705] s28000000083_p8_r3 ok a=1152 b=1148 disagree=True parity=- 18.823s
[1573/1705] s28000000381_p68_r1 ok a=1049 b=1049 disagree=False parity=- 30.641s
[1574/1705] s28000000411_p69_r3 ok a=2510 b=2510 disagree=False parity=- 37.504s
[1575/1705] s28000000005_p91_r2 ok a=2510 b=2510 disagree=False parity=- 48.784s
[1576/1705] s28000000007_p3_r3 ok a=2503 b=2503 disagree=False parity=- 18.316s
[1577/1705] s28000000150_p103_r2 ok a=2510 b=2510 disagree=False parity=- 44.285s
[1578/1705] s28000000112_p70_r3 ok a=1657 b=1657 disagree=False parity=- 27.754s
[1579/1705] s28000000335_p73_r1 ok a=967 b=967 disagree=False parity=- 31.024s
[1580/1705] s28000000029_p11_r1 ok a=2503 b=2501 disagree=True parity=- 20.563s
[1581/1705] s28000000448_p79_r1 ok a=2503 b=2503 disagree=False parity=- 39.22s
[1582/1705] s28000000087_p29_r1 ok a=2501 b=2501 disagree=False parity=- 26.675s
[1583/1705] s28000000396_p26_r1 ok a=1558 b=1558 disagree=False parity=- 22.564s
[1584/1705] s28000000442_p16_r3 ok a=1345 b=1345 disagree=False parity=- 23.722s
[1585/1705] s28000000129_p115_r3 ok a=2501 b=2501 disagree=False parity=- 35.226s
[1586/1705] s28000000176_p68_r2 ok a=1461 b=1461 disagree=False parity=- 42.316s
[1587/1705] s28000000165_p46_r1 ok a=2501 b=2501 disagree=False parity=- 30.84s
[1588/1705] s28000000224_p99_r1 ok a=1734 b=1734 disagree=False parity=- 39.884s
[1589/1705] s28000000020_p61_r2 ok a=2510 b=2510 disagree=False parity=- 35.28s
[1590/1705] s28000000247_p50_r1 ok a=1137 b=1137 disagree=False parity=- 33.602s
[1591/1705] s28000000010_p48_r2 ok a=1344 b=1344 disagree=False parity=- 26.002s
[1592/1705] s28000000011_p109_r1 ok a=2503 b=2503 disagree=False parity=- 44.277s
[1593/1705] s28000000401_p31_r2 ok a=2510 b=2510 disagree=False parity=- 30.197s
[1594/1705] s28000000276_p2_r1 ok a=1252 b=1252 disagree=False parity=- 17.035s
[1595/1705] s28000000359_p108_r1 ok a=861 b=861 disagree=False parity=- 50.889s
[1596/1705] s28000000171_p120_r3 ok a=1049 b=1049 disagree=False parity=- 47.704s
[1597/1705] s28000000223_p102_r3 ok a=857 b=854 disagree=True parity=- 37.559s
[1598/1705] s28000000018_p83_r1 ok a=1032 b=1032 disagree=False parity=- 24.066s
[1599/1705] s28000000155_p116_r2 ok a=550 b=550 disagree=False parity=- 59.89s
[1600/1705] s28000000439_p69_r1 ok a=2510 b=2510 disagree=False parity=- 38.415s
[1601/1705] s28000000258_p100_r2 ok a=1431 b=1431 disagree=False parity=- 42.878s
[1602/1705] s28000000023_p107_r1 ok a=2501 b=2501 disagree=False parity=- 45.627s
[1603/1705] s28000000025_p118_r3 ok a=1432 b=1432 disagree=False parity=- 35.096s
[1604/1705] s28000000394_p121_r1 ok a=2510 b=2503 disagree=True parity=- 55.157s
[1605/1705] s28000000036_p16_r3 ok a=1449 b=1449 disagree=False parity=- 24.754s
[1606/1705] s28000000289_p36_r1 ok a=1354 b=1354 disagree=False parity=- 31.179s
[1607/1705] s28000000337_p1_r3 ok a=2501 b=2501 disagree=False parity=- 15.2s
[1608/1705] s28000000054_p61_r2 ok a=2507 b=2507 disagree=False parity=- 40.087s
[1609/1705] s28000000212_p58_r1 ok a=1461 b=1461 disagree=False parity=- 31.948s
[1610/1705] s28000000219_p52_r3 ok a=1047 b=1047 disagree=False parity=- 42.019s
[1611/1705] s28000000175_p86_r3 ok a=1653 b=1056 disagree=True parity=- 40.32s
[1612/1705] s28000000273_p86_r3 ok a=1440 b=1440 disagree=False parity=- 41.425s
[1613/1705] s28000000265_p4_r1 ok a=1148 b=1148 disagree=False parity=- 17.268s
[1614/1705] s28000000317_p37_r2 ok a=2510 b=2510 disagree=False parity=- 33.591s
[1615/1705] s28000000004_p1_r2 ok a=2501 b=2501 disagree=False parity=- 17.005s
[1616/1705] s28000000383_p52_r3 ok a=1240 b=1240 disagree=False parity=- 31.44s
[1617/1705] s28000000225_p82_r1 ok a=1745 b=1745 disagree=False parity=- 41.259s
[1618/1705] s28000000169_p5_r2 ok a=2508 b=2508 disagree=False parity=- 20.136s
[1619/1705] s28000000395_p85_r2 ok a=2503 b=2503 disagree=False parity=- 48.503s
[1620/1705] s28000000199_p60_r2 ok a=1432 b=1432 disagree=False parity=- 26.399s
[1621/1705] s28000000409_p129_r1 ok a=2504 b=2504 disagree=False parity=- 43.485s
[1622/1705] s28000000169_p18_r1 ok a=1055 b=1156 disagree=True parity=- 22.134s
[1623/1705] s28000000290_p28_r2 ok a=1145 b=1145 disagree=False parity=- 31.765s
[1624/1705] s28000000144_p97_r2 ok a=944 b=944 disagree=False parity=- 33.041s
[1625/1705] s28000000141_p82_r3 ok a=1753 b=1753 disagree=False parity=- 29.266s
[1626/1705] s28000000419_p81_r2 ok a=2510 b=2510 disagree=False parity=- 39.19s
[1627/1705] s28000000098_p125_r2 ok a=2501 b=2501 disagree=False parity=- 51.613s
[1628/1705] s28000000111_p76_r1 ok a=1533 b=1533 disagree=False parity=- 31.241s
[1629/1705] s28000000412_p81_r2 ok a=2510 b=2510 disagree=False parity=- 32.643s
[1630/1705] s28000000153_p115_r3 ok a=2503 b=2503 disagree=False parity=- 47.295s
[1631/1705] s28000000008_p15_r2 ok a=2505 b=2505 disagree=False parity=- 21.697s
[1632/1705] s28000000086_p102_r2 ok a=1238 b=1238 disagree=False parity=- 42.014s
[1633/1705] s28000000165_p105_r1 ok a=1072 b=1072 disagree=False parity=- 49.556s
[1634/1705] s28000000152_p50_r3 ok a=1061 b=1061 disagree=False parity=- 30.894s
[1635/1705] s28000000101_p103_r1 ok a=2503 b=2503 disagree=False parity=- 27.471s
[1636/1705] s28000000302_p37_r2 ok a=2510 b=2510 disagree=False parity=- 28.845s
[1637/1705] s28000000325_p32_r2 ok a=2510 b=2501 disagree=True parity=- 24.193s
[1638/1705] s28000000256_p114_r1 ok a=1032 b=1069 disagree=True parity=- 33.934s
[1639/1705] s28000000318_p39_r3 ok a=2505 b=2505 disagree=False parity=- 33.324s
[1640/1705] s28000000002_p67_r1 ok a=1225 b=1225 disagree=False parity=- 26.614s
[1641/1705] s28000000131_p52_r1 ok a=1258 b=1436 disagree=True parity=- 37.256s
[1642/1705] s28000000221_p115_r2 ok a=2510 b=2510 disagree=False parity=- 50.731s
[1643/1705] s28000000162_p88_r1 ok a=1043 b=1043 disagree=False parity=- 34.886s
[1644/1705] s28000000120_p111_r2 ok a=2510 b=2510 disagree=False parity=- 43.92s
[1645/1705] s28000000156_p45_r3 ok a=2501 b=2501 disagree=False parity=- 27.563s
[1646/1705] s28000000374_p54_r2 ok a=1840 b=1840 disagree=False parity=- 37.736s
[1647/1705] s28000000321_p127_r1 ok a=1463 b=825 disagree=True parity=- 40.222s
[1648/1705] s28000000227_p55_r2 ok a=2501 b=2501 disagree=False parity=- 35.541s
[1649/1705] s28000000448_p104_r1 ok a=1221 b=1221 disagree=False parity=- 34.055s
[1650/1705] s28000000280_p85_r2 ok a=2508 b=2510 disagree=True parity=- 41.86s
[1651/1705] s28000000192_p74_r1 ok a=1341 b=1341 disagree=False parity=- 45.128s
[1652/1705] s28000000192_p74_r3 ok a=1766 b=948 disagree=True parity=- 41.966s
[1653/1705] s28000000097_p37_r3 ok a=2510 b=2510 disagree=False parity=- 32.988s
[1654/1705] s28000000179_p38_r3 ok a=1141 b=1141 disagree=False parity=- 37.945s
[1655/1705] s28000000443_p38_r1 ok a=1048 b=1048 disagree=False parity=- 30.439s
[1656/1705] s28000000232_p122_r2 ok a=1564 b=1564 disagree=False parity=- 41.142s
[1657/1705] s28000000125_p94_r1 ok a=1164 b=1164 disagree=False parity=- 35.67s
[1658/1705] s28000000211_p9_r2 ok a=2508 b=2508 disagree=False parity=- 20.3s
[1659/1705] s28000000042_p135_r2 ok a=2510 b=2510 disagree=False parity=- 68.779s
[1660/1705] s28000000372_p132_r1 ok a=933 b=933 disagree=False parity=- 32.441s
[1661/1705] s28000000434_p47_r3 ok a=2510 b=2510 disagree=False parity=- 30.943s
[1662/1705] s28000000286_p98_r3 ok a=832 b=832 disagree=False parity=- 31.902s
[1663/1705] s28000000181_p52_r2 ok a=1357 b=1357 disagree=False parity=- 32.314s
[1664/1705] s28000000343_p76_r2 ok a=1342 b=1342 disagree=False parity=- 26.277s
[1665/1705] s28000000092_p56_r1 ok a=1138 b=1138 disagree=False parity=- 38.058s
[1666/1705] s28000000441_p120_r2 ok a=1232 b=964 disagree=True parity=- 36.786s
[1667/1705] s28000000272_p15_r3 ok a=2507 b=2507 disagree=False parity=- 23.741s
[1668/1705] s28000000143_p139_r1 ok a=2501 b=2501 disagree=False parity=- 189.518s
[1669/1705] s28000000152_p50_r2 ok a=1061 b=1061 disagree=False parity=- 28.482s
[1670/1705] s28000000360_p74_r3 ok a=1156 b=1156 disagree=False parity=- 38.917s
[1671/1705] s28000000437_p9_r2 ok a=2506 b=2506 disagree=False parity=- 21.038s
[1672/1705] s28000000402_p13_r2 ok a=2507 b=2507 disagree=False parity=- 21.438s
[1673/1705] s28000000061_p77_r1 ok a=2510 b=2510 disagree=False parity=- 22.577s
[1674/1705] s28000000251_p128_r2 ok a=1364 b=1364 disagree=False parity=- 42.549s
[1675/1705] s28000000375_p25_r3 ok a=2505 b=2505 disagree=False parity=- 26.798s
[1676/1705] s28000000422_p66_r1 ok a=1539 b=1539 disagree=False parity=- 32.368s
[1677/1705] s28000000056_p68_r1 ok a=1649 b=1649 disagree=False parity=- 36.33s
[1678/1705] s28000000256_p114_r2 ok a=1032 b=1069 disagree=True parity=- 33.703s
[1679/1705] s28000000123_p114_r1 ok a=648 b=648 disagree=False parity=- 24.167s
[1680/1705] s28000000178_p96_r2 ok a=1550 b=1550 disagree=False parity=- 41.369s
[1681/1705] s28000000385_p103_r3 ok a=2501 b=2501 disagree=False parity=- 41.904s
[1682/1705] s28000000023_p98_r2 ok a=940 b=940 disagree=False parity=- 48.849s
[1683/1705] s28000000173_p120_r2 ok a=980 b=980 disagree=False parity=- 27.462s
[1684/1705] s28000000302_p37_r1 ok a=2510 b=2510 disagree=False parity=- 26.808s
[1685/1705] s28000000018_p83_r3 ok a=1032 b=1032 disagree=False parity=- 24.927s
[1686/1705] s28000000330_p99_r1 ok a=2504 b=2504 disagree=False parity=- 41.383s
[1687/1705] s28000000132_p105_r2 ok a=2506 b=2506 disagree=False parity=- 32.424s
[1688/1705] s28000000125_p96_r2 ok a=1267 b=1267 disagree=False parity=- 30.551s
[1689/1705] s28000000046_p86_r1 ok a=1234 b=1234 disagree=False parity=- 39.279s
[1690/1705] s28000000412_p117_r2 ok a=2510 b=2510 disagree=False parity=- 44.457s
[1691/1705] s28000000303_p105_r2 ok a=2510 b=2510 disagree=False parity=- 41.276s
[1692/1705] s28000000418_p5_r2 ok a=2510 b=2503 disagree=True parity=- 18.09s
[1693/1705] s28000000124_p37_r3 ok a=2508 b=2508 disagree=False parity=- 27.728s
[1694/1705] s28000000328_p8_r2 ok a=1257 b=1352 disagree=True parity=- 19.469s
[1695/1705] s28000000333_p75_r3 ok a=2503 b=2502 disagree=True parity=- 38.716s
[1696/1705] s28000000005_p19_r3 ok a=2510 b=2510 disagree=False parity=- 23.9s
[1697/1705] s28000000376_p122_r3 ok a=1568 b=1568 disagree=False parity=- 33.444s
[1698/1705] s28000000055_p114_r3 ok a=1370 b=732 disagree=True parity=- 36.373s
[1699/1705] s28000000272_p15_r2 ok a=2507 b=2507 disagree=False parity=- 20.445s
[1700/1705] s28000000118_p100_r3 ok a=2510 b=2510 disagree=False parity=- 36.006s
[1701/1705] s28000000286_p100_r1 ok a=1337 b=1337 disagree=False parity=- 31.722s
[1702/1705] s28000000387_p80_r3 ok a=1122 b=1122 disagree=False parity=- 37.211s
[1703/1705] s28000000184_p75_r1 ok a=2501 b=2501 disagree=False parity=- 31.7s
[1704/1705] s28000000182_p111_r2 ok a=2501 b=2501 disagree=False parity=- 36.05s
[1705/1705] s28000000046_p137_r1 ok a=2505 b=2505 disagree=False parity=- 257.414s

=== k-WIDTH AGREEMENT SUMMARY ===
{
  "schema": "carcassonne-kwidth-agreement/v1",
  "n_attempted": 1905,
  "n_ok": 1905,
  "n_failed": 0,
  "n_disagreements": 237,
  "n_distinct_roots_ok": 861,
  "n_distinct_roots_disagree": 187,
  "disagreement_rate": 0.12440944881889764,
  "cl070_D_paired_2752_vs_11008": 0.2398,
  "n_parity_verified": 20,
  "wall_secs": 3805.4,
  "manifest": "/mnt/c/carc-shared/oracle_22016_20260729/picks/manifest.json"
}
