[agree] carcassonne_ai.fair_agent -> /home/doctor/projects/carc-pinned-c72053a/src/carcassonne_ai/fair_agent.py
[agree] carcassonne_ai.mcts       -> /home/doctor/projects/carc-pinned-c72053a/src/carcassonne_ai/mcts.py
[agree] isolation VERIFIED against /home/doctor/projects/carc-pinned-c72053a/src
[agree] roots=898 salts=[1, 2, 3] jobs=2694 todo=2694 levels=(86, 172, 344, 516, 688, 1376, 2752) (totals [344, 688, 1376, 2064, 2752, 5504, 11008]) workers=16
         s28000000002_p67_r1 12.122s agreeQ_all=False [1/2694 296/h]
         s28000000002_p67_r3 13.087s agreeQ_all=False [2/2694 548/h]
        s28000000002_p115_r1 14.829s agreeQ_all=False [3/2694 726/h]
         s28000000000_p66_r2 15.437s agreeQ_all=False [4/2694 930/h]
         s28000000002_p67_r2 15.955s agreeQ_all=False [5/2694 1125/h]
         s28000000000_p66_r3 16.039s agreeQ_all=False [6/2694 1343/h]
         s28000000000_p66_r1 16.245s agreeQ_all=False [7/2694 1546/h]
         s28000000000_p75_r2 18.344s agreeQ_all=True [8/2694 1565/h]
         s28000000000_p75_r1 18.742s agreeQ_all=False [9/2694 1724/h]
         s28000000000_p75_r3 20.366s agreeQ_all=False [10/2694 1765/h]
        s28000000001_p104_r1 20.359s agreeQ_all=False [11/2694 1941/h]
        s28000000001_p104_r3 20.927s agreeQ_all=False [12/2694 2059/h]
        s28000000001_p104_r2 22.376s agreeQ_all=False [13/2694 2087/h]
        s28000000001_p102_r1 22.596s agreeQ_all=False [14/2694 2225/h]
        s28000000001_p102_r2 24.475s agreeQ_all=False [15/2694 2202/h]
        s28000000001_p102_r3 25.081s agreeQ_all=False [16/2694 2291/h]
        s28000000002_p115_r2 13.003s agreeQ_all=False [17/2694 2430/h]
          s28000000004_p1_r1 9.596s agreeQ_all=False [18/2694 2281/h]
          s28000000004_p1_r2 8.853s agreeQ_all=False [19/2694 2337/h]
          s28000000004_p1_r3 9.029s agreeQ_all=False [20/2694 2445/h]
        s28000000002_p115_r3 16.625s agreeQ_all=False [21/2694 2539/h]
         s28000000003_p66_r2 19.003s agreeQ_all=True [22/2694 2296/h]
         s28000000003_p80_r1 20.281s agreeQ_all=False [23/2694 2276/h]
         s28000000003_p80_r2 21.172s agreeQ_all=True [24/2694 2305/h]
         s28000000005_p19_r1 12.979s agreeQ_all=True [25/2694 2399/h]
         s28000000004_p44_r1 16.894s agreeQ_all=True [26/2694 2470/h]
         s28000000005_p19_r3 12.752s agreeQ_all=True [27/2694 2561/h]
         s28000000003_p66_r3 22.265s agreeQ_all=False [28/2694 2634/h]
         s28000000005_p19_r2 13.384s agreeQ_all=True [29/2694 2709/h]
         s28000000003_p66_r1 24.351s agreeQ_all=True [30/2694 2751/h]
         s28000000003_p80_r3 21.93s agreeQ_all=True [31/2694 2766/h]
         s28000000004_p44_r2 18.765s agreeQ_all=False [32/2694 2796/h]
         s28000000004_p44_r3 19.183s agreeQ_all=True [33/2694 2839/h]
         s28000000006_p90_r1 15.209s agreeQ_all=False [34/2694 2720/h]
         s28000000008_p15_r2 12.07s agreeQ_all=True [35/2694 2599/h]
         s28000000010_p48_r1 14.932s agreeQ_all=True [36/2694 2391/h]
         s28000000005_p91_r2 25.03s agreeQ_all=False [37/2694 2452/h]
         s28000000007_p53_r3 20.004s agreeQ_all=False [38/2694 2507/h]
         s28000000005_p91_r1 26.667s agreeQ_all=False [39/2694 2548/h]
         s28000000010_p48_r2 15.116s agreeQ_all=True [40/2694 2596/h]
         s28000000011_p24_r1 13.781s agreeQ_all=True [41/2694 2652/h]
         s28000000005_p91_r3 26.271s agreeQ_all=False [42/2694 2713/h]
         s28000000009_p47_r1 20.407s agreeQ_all=False [43/2694 2673/h]
         s28000000009_p47_r3 20.153s agreeQ_all=False [44/2694 2728/h]
         s28000000009_p47_r2 20.611s agreeQ_all=False [45/2694 2786/h]
         s28000000010_p69_r1 19.641s agreeQ_all=False [46/2694 2721/h]
          s28000000014_p7_r2 10.148s agreeQ_all=True [47/2694 2578/h]
        s28000000009_p137_r1 28.255s agreeQ_all=True [48/2694 2610/h]
          s28000000014_p7_r3 11.115s agreeQ_all=True [49/2694 2641/h]
          s28000000014_p7_r1 13.02s agreeQ_all=False [50/2694 2642/h]
         s28000000012_p69_r3 19.671s agreeQ_all=True [51/2694 2693/h]
        s28000000009_p137_r2 30.762s agreeQ_all=True [52/2694 2711/h]
        s28000000011_p109_r3 24.308s agreeQ_all=False [53/2694 2752/h]
        s28000000009_p137_r3 35.433s agreeQ_all=True [54/2694 2628/h]
         s28000000015_p42_r2 18.42s agreeQ_all=False [55/2694 2588/h]
         s28000000015_p42_r3 19.771s agreeQ_all=False [56/2694 2587/h]
         s28000000015_p42_r1 20.786s agreeQ_all=True [57/2694 2606/h]
         s28000000014_p45_r1 23.092s agreeQ_all=True [58/2694 2648/h]
        s28000000013_p126_r3 27.875s agreeQ_all=False [59/2694 2576/h]
         s28000000017_p73_r3 15.69s agreeQ_all=True [60/2694 2618/h]
        s28000000013_p126_r1 30.095s agreeQ_all=False [61/2694 2603/h]
        s28000000013_p126_r2 30.349s agreeQ_all=False [62/2694 2636/h]
         s28000000017_p73_r1 19.77s agreeQ_all=True [63/2694 2654/h]
         s28000000018_p83_r2 17.769s agreeQ_all=False [64/2694 2653/h]
         s28000000017_p73_r2 21.084s agreeQ_all=False [65/2694 2680/h]
         s28000000018_p83_r3 21.456s agreeQ_all=False [66/2694 2616/h]
         s28000000019_p30_r3 17.348s agreeQ_all=False [67/2694 2640/h]
         s28000000019_p35_r3 16.064s agreeQ_all=False [68/2694 2604/h]
        s28000000017_p136_r1 26.057s agreeQ_all=False [69/2694 2637/h]
         s28000000019_p35_r2 18.48s agreeQ_all=False [70/2694 2653/h]
        s28000000015_p131_r2 34.835s agreeQ_all=True [71/2694 2670/h]
        s28000000017_p136_r2 29.77s agreeQ_all=True [72/2694 2646/h]
         s28000000022_p52_r2 16.612s agreeQ_all=False [73/2694 2602/h]
         s28000000022_p52_r1 19.134s agreeQ_all=False [74/2694 2621/h]
         s28000000020_p61_r3 23.257s agreeQ_all=True [75/2694 2646/h]
         s28000000020_p96_r1 23.624s agreeQ_all=False [76/2694 2670/h]
        s28000000021_p126_r3 20.438s agreeQ_all=False [77/2694 2693/h]
        s28000000022_p108_r1 18.406s agreeQ_all=True [78/2694 2703/h]
         s28000000022_p52_r3 19.541s agreeQ_all=False [79/2694 2728/h]
         s28000000025_p13_r2 15.017s agreeQ_all=False [80/2694 2617/h]
        s28000000022_p108_r2 23.597s agreeQ_all=True [81/2694 2640/h]
         s28000000024_p52_r2 18.759s agreeQ_all=False [82/2694 2617/h]
         s28000000024_p52_r3 20.473s agreeQ_all=False [83/2694 2605/h]
         s28000000027_p15_r1 13.051s agreeQ_all=False [84/2694 2617/h]
        s28000000023_p107_r1 25.676s agreeQ_all=True [85/2694 2626/h]
         s28000000027_p15_r2 13.564s agreeQ_all=False [86/2694 2657/h]
        s28000000025_p118_r2 19.306s agreeQ_all=False [87/2694 2671/h]
        s28000000025_p118_r1 22.2s agreeQ_all=False [88/2694 2686/h]
         s28000000026_p46_r3 16.314s agreeQ_all=True [89/2694 2707/h]
         s28000000023_p98_r1 31.925s agreeQ_all=False [90/2694 2717/h]
        s28000000023_p107_r2 29.317s agreeQ_all=True [91/2694 2714/h]
         s28000000026_p46_r2 19.148s agreeQ_all=True [92/2694 2742/h]
         s28000000026_p46_r1 20.387s agreeQ_all=True [93/2694 2758/h]
         s28000000029_p11_r1 12.321s agreeQ_all=False [94/2694 2764/h]
         s28000000029_p11_r2 11.945s agreeQ_all=False [95/2694 2793/h]
         s28000000027_p94_r1 23.52s agreeQ_all=False [96/2694 2712/h]
         s28000000027_p94_r3 27.339s agreeQ_all=False [97/2694 2653/h]
         s28000000030_p85_r2 20.139s agreeQ_all=True [98/2694 2600/h]
         s28000000030_p85_r1 23.01s agreeQ_all=True [99/2694 2588/h]
         s28000000031_p45_r2 19.39s agreeQ_all=True [100/2694 2613/h]
        s28000000032_p131_r2 15.699s agreeQ_all=True [101/2694 2632/h]
        s28000000032_p131_r1 15.997s agreeQ_all=True [102/2694 2652/h]
         s28000000030_p85_r3 21.957s agreeQ_all=True [103/2694 2677/h]
        s28000000032_p124_r1 17.748s agreeQ_all=True [104/2694 2702/h]
        s28000000032_p124_r2 17.789s agreeQ_all=True [105/2694 2715/h]
         s28000000029_p70_r3 26.762s agreeQ_all=False [106/2694 2733/h]
         s28000000031_p80_r3 18.996s agreeQ_all=True [107/2694 2757/h]
         s28000000031_p80_r1 20.982s agreeQ_all=True [108/2694 2772/h]
         s28000000030_p88_r1 24.968s agreeQ_all=True [109/2694 2773/h]
         s28000000030_p88_r2 25.049s agreeQ_all=True [110/2694 2782/h]
         s28000000030_p88_r3 25.741s agreeQ_all=True [111/2694 2781/h]
         s28000000036_p16_r1 13.81s agreeQ_all=True [112/2694 2634/h]
         s28000000036_p16_r2 13.523s agreeQ_all=True [113/2694 2656/h]
         s28000000035_p25_r1 14.99s agreeQ_all=False [114/2694 2680/h]
         s28000000035_p25_r2 14.716s agreeQ_all=False [115/2694 2703/h]
         s28000000035_p25_r3 14.899s agreeQ_all=False [116/2694 2722/h]
        s28000000033_p111_r3 26.963s agreeQ_all=False [117/2694 2727/h]
         s28000000036_p16_r3 15.921s agreeQ_all=True [118/2694 2729/h]
         s28000000037_p24_r1 13.503s agreeQ_all=False [119/2694 2725/h]
         s28000000036_p66_r2 16.973s agreeQ_all=False [120/2694 2725/h]
        s28000000033_p122_r3 27.822s agreeQ_all=True [121/2694 2732/h]
        s28000000035_p120_r1 21.184s agreeQ_all=False [122/2694 2749/h]
         s28000000036_p66_r1 22.809s agreeQ_all=False [123/2694 2714/h]
          s28000000039_p5_r3 11.696s agreeQ_all=True [124/2694 2703/h]
         s28000000034_p84_r1 29.954s agreeQ_all=True [125/2694 2716/h]
         s28000000034_p84_r2 27.985s agreeQ_all=True [126/2694 2737/h]
         s28000000036_p66_r3 23.379s agreeQ_all=False [127/2694 2758/h]
          s28000000039_p5_r1 12.75s agreeQ_all=True [128/2694 2777/h]
         s28000000034_p84_r3 29.983s agreeQ_all=True [129/2694 2768/h]
          s28000000041_p5_r2 15.214s agreeQ_all=False [130/2694 2679/h]
          s28000000041_p5_r3 15.181s agreeQ_all=False [131/2694 2695/h]
         s28000000040_p58_r2 24.41s agreeQ_all=False [132/2694 2639/h]
         s28000000040_p60_r1 23.833s agreeQ_all=True [133/2694 2644/h]
         s28000000038_p63_r3 28.037s agreeQ_all=True [134/2694 2662/h]
         s28000000040_p58_r1 26.904s agreeQ_all=True [135/2694 2680/h]
         s28000000038_p63_r1 31.575s agreeQ_all=True [136/2694 2651/h]
         s28000000038_p63_r2 32.723s agreeQ_all=False [137/2694 2653/h]
         s28000000040_p60_r2 29.662s agreeQ_all=True [138/2694 2640/h]
          s28000000045_p2_r1 15.962s agreeQ_all=False [139/2694 2620/h]
         s28000000043_p62_r1 30.453s agreeQ_all=False [140/2694 2566/h]
         s28000000043_p62_r3 29.605s agreeQ_all=False [141/2694 2571/h]
        s28000000042_p111_r2 38.555s agreeQ_all=True [142/2694 2534/h]
        s28000000042_p111_r3 42.774s agreeQ_all=True [143/2694 2476/h]
        s28000000045_p126_r1 27.857s agreeQ_all=False [144/2694 2492/h]
         s28000000047_p13_r1 21.417s agreeQ_all=True [145/2694 2490/h]
        s28000000044_p134_r3 35.35s agreeQ_all=False [146/2694 2501/h]
         s28000000047_p13_r3 23.428s agreeQ_all=True [147/2694 2468/h]
         s28000000046_p86_r2 34.466s agreeQ_all=False [148/2694 2470/h]
         s28000000046_p86_r1 34.776s agreeQ_all=True [149/2694 2484/h]
         s28000000048_p16_r1 21.788s agreeQ_all=False [150/2694 2474/h]
         s28000000048_p16_r3 19.447s agreeQ_all=False [151/2694 2458/h]
         s28000000046_p86_r3 40.394s agreeQ_all=False [152/2694 2467/h]
         s28000000048_p16_r2 25.051s agreeQ_all=False [153/2694 2476/h]
         s28000000049_p66_r3 25.514s agreeQ_all=True [154/2694 2357/h]
         s28000000049_p66_r2 33.296s agreeQ_all=True [155/2694 2312/h]
         s28000000051_p52_r2 23.514s agreeQ_all=False [156/2694 2323/h]
        s28000000051_p112_r1 24.248s agreeQ_all=False [157/2694 2302/h]
         s28000000049_p66_r1 37.953s agreeQ_all=True [158/2694 2313/h]
         s28000000050_p64_r1 37.618s agreeQ_all=True [159/2694 2310/h]
        s28000000051_p112_r2 26.681s agreeQ_all=False [160/2694 2318/h]
        s28000000050_p122_r2 34.764s agreeQ_all=False [161/2694 2312/h]
         s28000000050_p64_r3 36.379s agreeQ_all=True [162/2694 2325/h]
         s28000000052_p86_r1 30.504s agreeQ_all=False [163/2694 2319/h]
        s28000000042_p135_r3 94.246s agreeQ_all=False [164/2694 2271/h]
        s28000000050_p122_r1 46.838s agreeQ_all=False [165/2694 2262/h]
        s28000000042_p135_r1 102.425s agreeQ_all=False [166/2694 2229/h]
        s28000000052_p126_r3 35.651s agreeQ_all=True [167/2694 2219/h]
        s28000000042_p135_r2 106.533s agreeQ_all=False [168/2694 2221/h]
         s28000000054_p61_r1 32.465s agreeQ_all=True [169/2694 2189/h]
         s28000000054_p61_r3 32.225s agreeQ_all=False [170/2694 2200/h]
          s28000000056_p8_r2 15.977s agreeQ_all=False [171/2694 2210/h]
         s28000000053_p70_r3 38.026s agreeQ_all=False [172/2694 2216/h]
        s28000000055_p114_r2 30.239s agreeQ_all=False [173/2694 2217/h]
        s28000000053_p104_r1 40.595s agreeQ_all=False [174/2694 2218/h]
          s28000000056_p8_r3 16.665s agreeQ_all=False [175/2694 2212/h]
        s28000000055_p114_r3 40.245s agreeQ_all=False [176/2694 2177/h]
        s28000000055_p118_r3 36.088s agreeQ_all=False [177/2694 2152/h]
        s28000000055_p118_r1 44.949s agreeQ_all=False [178/2694 2150/h]
        s28000000054_p117_r2 50.109s agreeQ_all=True [179/2694 2158/h]
        s28000000054_p117_r1 54.951s agreeQ_all=False [180/2694 2141/h]
         s28000000058_p50_r1 26.712s agreeQ_all=False [181/2694 2138/h]
        s28000000058_p124_r2 24.382s agreeQ_all=False [182/2694 2145/h]
        s28000000058_p124_r1 29.666s agreeQ_all=False [183/2694 2132/h]
        s28000000057_p112_r1 39.405s agreeQ_all=False [184/2694 2134/h]
         s28000000059_p39_r1 26.904s agreeQ_all=False [185/2694 2136/h]
         s28000000058_p50_r2 33.622s agreeQ_all=True [186/2694 2147/h]
        s28000000058_p124_r3 30.348s agreeQ_all=False [187/2694 2152/h]
         s28000000058_p50_r3 34.418s agreeQ_all=False [188/2694 2162/h]
         s28000000059_p51_r3 27.248s agreeQ_all=True [189/2694 2104/h]
         s28000000061_p36_r2 22.767s agreeQ_all=False [190/2694 2089/h]
         s28000000059_p51_r1 36.956s agreeQ_all=True [191/2694 2096/h]
         s28000000061_p36_r1 26.943s agreeQ_all=False [192/2694 2096/h]
         s28000000061_p36_r3 24.92s agreeQ_all=False [193/2694 2103/h]
        s28000000057_p135_r1 58.781s agreeQ_all=True [194/2694 2109/h]
        s28000000060_p100_r3 34.114s agreeQ_all=False [195/2694 2110/h]
         s28000000061_p77_r3 24.889s agreeQ_all=False [196/2694 2113/h]
        s28000000060_p100_r2 42.958s agreeQ_all=False [197/2694 2080/h]
         s28000000062_p89_r2 34.219s agreeQ_all=False [198/2694 2060/h]
         s28000000062_p89_r1 36.096s agreeQ_all=False [199/2694 2068/h]
        s28000000064_p104_r3 20.514s agreeQ_all=True [200/2694 2069/h]
         s28000000062_p96_r1 37.797s agreeQ_all=True [201/2694 2064/h]
         s28000000062_p89_r3 41.393s agreeQ_all=False [202/2694 2059/h]
         s28000000062_p96_r2 41.174s agreeQ_all=False [203/2694 2063/h]
        s28000000064_p104_r1 32.828s agreeQ_all=True [204/2694 2061/h]
         s28000000067_p22_r3 22.428s agreeQ_all=True [205/2694 1992/h]
         s28000000067_p22_r1 24.504s agreeQ_all=True [206/2694 1999/h]
         s28000000066_p85_r2 40.671s agreeQ_all=True [207/2694 1952/h]
        s28000000064_p136_r1 55.782s agreeQ_all=True [208/2694 1951/h]
        s28000000065_p133_r1 56.248s agreeQ_all=False [209/2694 1946/h]
        s28000000066_p121_r3 41.478s agreeQ_all=True [210/2694 1951/h]
        s28000000065_p133_r3 54.875s agreeQ_all=False [211/2694 1959/h]
        s28000000067_p132_r2 38.757s agreeQ_all=True [212/2694 1960/h]
        s28000000065_p133_r2 59.066s agreeQ_all=False [213/2694 1965/h]
         s28000000068_p83_r3 35.488s agreeQ_all=True [214/2694 1966/h]
         s28000000069_p11_r1 22.461s agreeQ_all=True [215/2694 1969/h]
         s28000000068_p83_r1 39.399s agreeQ_all=True [216/2694 1975/h]
         s28000000069_p11_r2 23.934s agreeQ_all=True [217/2694 1978/h]
        s28000000064_p136_r3 76.064s agreeQ_all=False [218/2694 1934/h]
         s28000000071_p10_r1 19.408s agreeQ_all=False [219/2694 1936/h]
         s28000000071_p10_r3 20.748s agreeQ_all=False [220/2694 1931/h]
         s28000000070_p30_r2 29.705s agreeQ_all=True [221/2694 1923/h]
          s28000000072_p4_r1 22.219s agreeQ_all=True [222/2694 1925/h]
         s28000000071_p11_r1 25.554s agreeQ_all=True [223/2694 1931/h]
          s28000000072_p4_r3 23.184s agreeQ_all=True [224/2694 1935/h]
         s28000000070_p30_r1 35.464s agreeQ_all=True [225/2694 1941/h]
         s28000000071_p11_r3 31.873s agreeQ_all=True [226/2694 1920/h]
        s28000000046_p137_r3 238.142s agreeQ_all=True [227/2694 1927/h]
        s28000000067_p132_r3 71.51s agreeQ_all=True [228/2694 1932/h]
         s28000000070_p81_r3 38.709s agreeQ_all=False [229/2694 1934/h]
        s28000000046_p137_r2 242.943s agreeQ_all=True [230/2694 1936/h]
         s28000000070_p81_r1 44.061s agreeQ_all=False [231/2694 1931/h]
        s28000000065_p143_r1 98.035s agreeQ_all=True [232/2694 1933/h]
         s28000000074_p20_r3 28.399s agreeQ_all=False [233/2694 1912/h]
         s28000000074_p20_r1 33.184s agreeQ_all=False [234/2694 1913/h]
         s28000000075_p82_r2 29.654s agreeQ_all=True [235/2694 1899/h]
         s28000000075_p82_r3 29.347s agreeQ_all=False [236/2694 1904/h]
         s28000000073_p76_r1 41.617s agreeQ_all=False [237/2694 1907/h]
         s28000000075_p82_r1 33.901s agreeQ_all=False [238/2694 1907/h]
         s28000000072_p95_r2 59.438s agreeQ_all=True [239/2694 1893/h]
         s28000000076_p52_r3 34.046s agreeQ_all=False [240/2694 1883/h]
         s28000000076_p52_r1 35.218s agreeQ_all=True [241/2694 1889/h]
        s28000000075_p101_r1 42.64s agreeQ_all=True [242/2694 1894/h]
         s28000000078_p17_r2 22.005s agreeQ_all=False [243/2694 1899/h]
         s28000000078_p17_r3 21.852s agreeQ_all=False [244/2694 1900/h]
        s28000000074_p103_r2 48.743s agreeQ_all=False [245/2694 1907/h]
        s28000000075_p101_r2 42.507s agreeQ_all=False [246/2694 1899/h]
        s28000000077_p130_r2 39.24s agreeQ_all=True [247/2694 1887/h]
        s28000000077_p110_r1 45.377s agreeQ_all=False [248/2694 1887/h]
         s28000000079_p62_r1 28.69s agreeQ_all=False [249/2694 1887/h]
         s28000000079_p62_r2 27.502s agreeQ_all=False [250/2694 1895/h]
         s28000000078_p66_r3 31.501s agreeQ_all=False [251/2694 1894/h]
        s28000000077_p110_r3 46.774s agreeQ_all=False [252/2694 1900/h]
         s28000000079_p68_r1 32.505s agreeQ_all=False [253/2694 1891/h]
         s28000000079_p68_r3 32.27s agreeQ_all=False [254/2694 1879/h]
         s28000000080_p26_r3 30.312s agreeQ_all=True [255/2694 1876/h]
         s28000000081_p55_r3 31.722s agreeQ_all=True [256/2694 1865/h]
          s28000000083_p8_r1 20.121s agreeQ_all=False [257/2694 1869/h]
         s28000000083_p94_r1 17.81s agreeQ_all=True [258/2694 1875/h]
          s28000000083_p8_r3 19.352s agreeQ_all=False [259/2694 1878/h]
         s28000000084_p11_r1 15.177s agreeQ_all=False [260/2694 1865/h]
         s28000000082_p57_r2 35.343s agreeQ_all=True [261/2694 1854/h]
         s28000000081_p80_r1 44.584s agreeQ_all=True [262/2694 1860/h]
         s28000000081_p80_r2 42.525s agreeQ_all=True [263/2694 1861/h]
         s28000000085_p30_r3 19.102s agreeQ_all=False [264/2694 1848/h]
        s28000000076_p136_r2 89.345s agreeQ_all=False [265/2694 1850/h]
        s28000000082_p114_r3 41.766s agreeQ_all=True [266/2694 1853/h]
        s28000000082_p114_r2 43.993s agreeQ_all=True [267/2694 1859/h]
         s28000000085_p30_r1 23.498s agreeQ_all=False [268/2694 1864/h]
         s28000000085_p30_r2 22.804s agreeQ_all=False [269/2694 1870/h]
         s28000000083_p94_r3 42.733s agreeQ_all=False [270/2694 1853/h]
         s28000000087_p29_r2 25.735s agreeQ_all=False [271/2694 1832/h]
         s28000000087_p29_r3 30.094s agreeQ_all=False [272/2694 1823/h]
         s28000000085_p96_r3 43.543s agreeQ_all=False [273/2694 1820/h]
        s28000000086_p107_r1 40.562s agreeQ_all=True [274/2694 1818/h]
         s28000000087_p60_r1 36.573s agreeQ_all=True [275/2694 1815/h]
         s28000000088_p76_r3 30.368s agreeQ_all=False [276/2694 1813/h]
         s28000000087_p60_r3 32.456s agreeQ_all=False [277/2694 1819/h]
        s28000000088_p102_r1 31.853s agreeQ_all=True [278/2694 1820/h]
         s28000000087_p60_r2 37.753s agreeQ_all=True [279/2694 1819/h]
         s28000000088_p76_r2 36.9s agreeQ_all=False [280/2694 1819/h]
         s28000000088_p76_r1 38.165s agreeQ_all=False [281/2694 1823/h]
         s28000000090_p52_r2 26.097s agreeQ_all=True [282/2694 1817/h]
        s28000000088_p102_r3 41.187s agreeQ_all=True [283/2694 1801/h]
         s28000000090_p52_r3 28.659s agreeQ_all=False [284/2694 1807/h]
          s28000000092_p1_r2 16.379s agreeQ_all=False [285/2694 1804/h]
        s28000000080_p140_r1 112.968s agreeQ_all=False [286/2694 1799/h]
        s28000000080_p140_r2 113.934s agreeQ_all=False [287/2694 1801/h]
        s28000000080_p140_r3 116.434s agreeQ_all=False [288/2694 1796/h]
        s28000000090_p116_r1 40.264s agreeQ_all=True [289/2694 1793/h]
        s28000000090_p116_r2 40.829s agreeQ_all=True [290/2694 1790/h]
         s28000000091_p84_r2 37.02s agreeQ_all=True [291/2694 1790/h]
        s28000000090_p116_r3 41.259s agreeQ_all=True [292/2694 1792/h]
         s28000000094_p19_r2 22.366s agreeQ_all=True [293/2694 1793/h]
         s28000000091_p84_r1 40.203s agreeQ_all=True [294/2694 1799/h]
         s28000000094_p19_r3 22.508s agreeQ_all=True [295/2694 1805/h]
         s28000000092_p56_r3 37.612s agreeQ_all=True [296/2694 1798/h]
         s28000000094_p24_r1 24.559s agreeQ_all=True [297/2694 1802/h]
         s28000000092_p56_r1 39.765s agreeQ_all=True [298/2694 1806/h]
        s28000000084_p143_r2 104.967s agreeQ_all=True [299/2694 1811/h]
         s28000000091_p84_r3 45.435s agreeQ_all=True [300/2694 1814/h]
         s28000000093_p98_r1 39.835s agreeQ_all=True [301/2694 1810/h]
         s28000000094_p24_r2 27.197s agreeQ_all=True [302/2694 1813/h]
         s28000000094_p24_r3 25.931s agreeQ_all=True [303/2694 1819/h]
        s28000000095_p130_r1 35.93s agreeQ_all=False [304/2694 1785/h]
         s28000000097_p37_r1 29.464s agreeQ_all=True [305/2694 1782/h]
         s28000000096_p57_r3 31.457s agreeQ_all=True [306/2694 1786/h]
        s28000000095_p130_r3 38.976s agreeQ_all=False [307/2694 1785/h]
         s28000000097_p37_r2 33.538s agreeQ_all=True [308/2694 1784/h]
         s28000000096_p57_r1 38.817s agreeQ_all=True [309/2694 1788/h]
         s28000000098_p60_r2 31.512s agreeQ_all=False [310/2694 1788/h]
        s28000000097_p116_r1 37.16s agreeQ_all=False [311/2694 1790/h]
        s28000000099_p120_r2 25.858s agreeQ_all=False [312/2694 1795/h]
        s28000000099_p120_r1 27.373s agreeQ_all=False [313/2694 1797/h]
         s28000000099_p49_r3 28.785s agreeQ_all=False [314/2694 1802/h]
         s28000000097_p37_r3 39.816s agreeQ_all=True [315/2694 1806/h]
         s28000000099_p49_r1 33.824s agreeQ_all=True [316/2694 1808/h]
        s28000000098_p125_r2 41.578s agreeQ_all=True [317/2694 1796/h]
         s28000000101_p29_r1 19.328s agreeQ_all=False [318/2694 1800/h]
         s28000000102_p10_r1 19.733s agreeQ_all=True [319/2694 1790/h]
         s28000000102_p10_r2 19.639s agreeQ_all=False [320/2694 1795/h]
          s28000000103_p9_r2 16.877s agreeQ_all=True [321/2694 1799/h]
          s28000000103_p9_r3 20.091s agreeQ_all=True [322/2694 1795/h]
        s28000000098_p125_r1 52.893s agreeQ_all=True [323/2694 1800/h]
        s28000000098_p125_r3 53.863s agreeQ_all=True [324/2694 1800/h]
        s28000000101_p103_r3 29.916s agreeQ_all=True [325/2694 1802/h]
         s28000000104_p30_r1 24.665s agreeQ_all=True [326/2694 1798/h]
         s28000000100_p86_r3 36.97s agreeQ_all=False [327/2694 1802/h]
         s28000000100_p86_r2 40.477s agreeQ_all=False [328/2694 1806/h]
         s28000000104_p30_r2 24.598s agreeQ_all=True [329/2694 1812/h]
         s28000000102_p37_r1 33.474s agreeQ_all=True [330/2694 1806/h]
         s28000000104_p91_r1 27.662s agreeQ_all=False [331/2694 1797/h]
         s28000000105_p16_r2 23.742s agreeQ_all=False [332/2694 1797/h]
         s28000000103_p71_r3 38.078s agreeQ_all=True [333/2694 1801/h]
         s28000000105_p16_r3 24.525s agreeQ_all=True [334/2694 1804/h]
         s28000000103_p71_r2 41.89s agreeQ_all=False [335/2694 1803/h]
         s28000000107_p24_r1 22.702s agreeQ_all=False [336/2694 1803/h]
         s28000000106_p30_r1 29.131s agreeQ_all=True [337/2694 1806/h]
         s28000000107_p24_r2 22.662s agreeQ_all=True [338/2694 1811/h]
         s28000000106_p30_r3 28.879s agreeQ_all=True [339/2694 1809/h]
         s28000000108_p93_r2 22.049s agreeQ_all=True [340/2694 1811/h]
         s28000000104_p91_r2 41.592s agreeQ_all=False [341/2694 1812/h]
         s28000000108_p93_r1 25.291s agreeQ_all=True [342/2694 1813/h]
         s28000000107_p73_r3 28.399s agreeQ_all=False [343/2694 1812/h]
         s28000000107_p73_r1 33.82s agreeQ_all=True [344/2694 1804/h]
         s28000000110_p94_r1 23.62s agreeQ_all=False [345/2694 1800/h]
         s28000000110_p98_r3 23.343s agreeQ_all=False [346/2694 1791/h]
         s28000000110_p98_r2 24.177s agreeQ_all=False [347/2694 1795/h]
         s28000000110_p94_r2 28.195s agreeQ_all=False [348/2694 1797/h]
         s28000000110_p98_r1 26.965s agreeQ_all=False [349/2694 1800/h]
         s28000000109_p96_r3 36.321s agreeQ_all=False [350/2694 1801/h]
         s28000000106_p89_r1 53.908s agreeQ_all=False [351/2694 1805/h]
         s28000000111_p76_r1 26.271s agreeQ_all=False [352/2694 1805/h]
        s28000000108_p102_r3 44.996s agreeQ_all=True [353/2694 1808/h]
         s28000000111_p33_r3 30.389s agreeQ_all=True [354/2694 1807/h]
         s28000000111_p76_r2 27.751s agreeQ_all=False [355/2694 1812/h]
         s28000000112_p70_r3 24.896s agreeQ_all=False [356/2694 1814/h]
         s28000000111_p76_r3 29.532s agreeQ_all=False [357/2694 1814/h]
        s28000000109_p133_r2 47.643s agreeQ_all=False [358/2694 1808/h]
        s28000000109_p133_r3 48.964s agreeQ_all=False [359/2694 1809/h]
         s28000000113_p66_r2 24.611s agreeQ_all=False [360/2694 1813/h]
        s28000000112_p118_r1 33.569s agreeQ_all=False [361/2694 1805/h]
         s28000000114_p62_r1 24.82s agreeQ_all=False [362/2694 1808/h]
         s28000000114_p81_r2 23.418s agreeQ_all=False [363/2694 1812/h]
         s28000000114_p81_r1 24.238s agreeQ_all=False [364/2694 1817/h]
         s28000000115_p35_r1 25.452s agreeQ_all=True [365/2694 1812/h]
         s28000000113_p80_r3 30.63s agreeQ_all=False [366/2694 1815/h]
         s28000000115_p35_r3 31.51s agreeQ_all=True [367/2694 1806/h]
         s28000000115_p65_r3 33.78s agreeQ_all=False [368/2694 1793/h]
         s28000000116_p57_r1 35.794s agreeQ_all=True [369/2694 1792/h]
         s28000000115_p65_r2 39.658s agreeQ_all=True [370/2694 1794/h]
         s28000000115_p65_r1 40.559s agreeQ_all=True [371/2694 1798/h]
         s28000000116_p57_r2 37.155s agreeQ_all=True [372/2694 1801/h]
         s28000000119_p54_r1 30.679s agreeQ_all=True [373/2694 1785/h]
        s28000000116_p106_r1 43.687s agreeQ_all=False [374/2694 1790/h]
        s28000000117_p130_r2 39.53s agreeQ_all=True [375/2694 1790/h]
        s28000000117_p124_r2 47.609s agreeQ_all=True [376/2694 1780/h]
        s28000000118_p100_r1 40.76s agreeQ_all=True [377/2694 1783/h]
        s28000000118_p100_r3 41.431s agreeQ_all=True [378/2694 1784/h]
        s28000000119_p126_r2 32.192s agreeQ_all=False [379/2694 1786/h]
        s28000000118_p100_r2 43.434s agreeQ_all=True [380/2694 1790/h]
         s28000000119_p54_r3 40.213s agreeQ_all=True [381/2694 1792/h]
        s28000000119_p126_r1 43.211s agreeQ_all=False [382/2694 1788/h]
          s28000000122_p5_r3 18.69s agreeQ_all=False [383/2694 1789/h]
        s28000000117_p130_r1 56.477s agreeQ_all=True [384/2694 1793/h]
        s28000000120_p111_r3 33.96s agreeQ_all=True [385/2694 1793/h]
        s28000000121_p112_r2 35.815s agreeQ_all=False [386/2694 1786/h]
        s28000000121_p112_r3 35.623s agreeQ_all=False [387/2694 1790/h]
         s28000000124_p37_r1 26.278s agreeQ_all=True [388/2694 1774/h]
        s28000000121_p112_r1 46.727s agreeQ_all=False [389/2694 1777/h]
        s28000000123_p114_r3 27.887s agreeQ_all=True [390/2694 1781/h]
         s28000000124_p37_r3 27.354s agreeQ_all=True [391/2694 1781/h]
         s28000000124_p72_r1 30.913s agreeQ_all=True [392/2694 1776/h]
         s28000000124_p72_r2 33.491s agreeQ_all=True [393/2694 1774/h]
        s28000000122_p103_r3 43.458s agreeQ_all=True [394/2694 1778/h]
         s28000000126_p30_r1 20.359s agreeQ_all=False [395/2694 1781/h]
        s28000000122_p103_r1 48.461s agreeQ_all=True [396/2694 1780/h]
         s28000000125_p94_r1 37.542s agreeQ_all=False [397/2694 1780/h]
         s28000000125_p94_r3 32.462s agreeQ_all=False [398/2694 1784/h]
         s28000000125_p96_r1 34.269s agreeQ_all=True [399/2694 1784/h]
         s28000000125_p94_r2 36.425s agreeQ_all=False [400/2694 1787/h]
         s28000000126_p30_r2 27.217s agreeQ_all=False [401/2694 1792/h]
         s28000000125_p96_r2 35.01s agreeQ_all=True [402/2694 1791/h]
        s28000000121_p141_r2 71.899s agreeQ_all=True [403/2694 1779/h]
          s28000000129_p8_r1 17.968s agreeQ_all=True [404/2694 1783/h]
          s28000000130_p7_r2 17.816s agreeQ_all=False [405/2694 1776/h]
         s28000000127_p47_r3 35.768s agreeQ_all=True [406/2694 1776/h]
          s28000000130_p7_r3 17.897s agreeQ_all=False [407/2694 1780/h]
         s28000000128_p72_r1 33.652s agreeQ_all=True [408/2694 1783/h]
          s28000000129_p8_r2 26.832s agreeQ_all=True [409/2694 1784/h]
          s28000000130_p7_r1 23.578s agreeQ_all=False [410/2694 1786/h]
         s28000000128_p78_r3 30.308s agreeQ_all=False [411/2694 1787/h]
          s28000000129_p8_r3 27.951s agreeQ_all=False [412/2694 1790/h]
         s28000000128_p78_r1 34.458s agreeQ_all=False [413/2694 1793/h]
         s28000000130_p20_r2 24.339s agreeQ_all=False [414/2694 1796/h]
         s28000000130_p20_r3 27.621s agreeQ_all=True [415/2694 1788/h]
        s28000000127_p119_r3 47.441s agreeQ_all=True [416/2694 1791/h]
        s28000000127_p119_r1 50.45s agreeQ_all=False [417/2694 1790/h]
         s28000000130_p20_r1 34.347s agreeQ_all=False [418/2694 1791/h]
         s28000000133_p12_r1 21.183s agreeQ_all=True [419/2694 1785/h]
         s28000000131_p52_r2 36.021s agreeQ_all=True [420/2694 1775/h]
        s28000000132_p105_r2 30.081s agreeQ_all=True [421/2694 1776/h]
         s28000000131_p52_r1 39.65s agreeQ_all=False [422/2694 1776/h]
         s28000000132_p47_r3 34.231s agreeQ_all=True [423/2694 1780/h]
         s28000000134_p49_r2 27.961s agreeQ_all=True [424/2694 1782/h]
        s28000000132_p105_r3 33.863s agreeQ_all=True [425/2694 1785/h]
         s28000000133_p74_r1 33.605s agreeQ_all=False [426/2694 1785/h]
         s28000000134_p49_r1 33.949s agreeQ_all=True [427/2694 1783/h]
         s28000000133_p74_r3 35.627s agreeQ_all=False [428/2694 1787/h]
         s28000000134_p49_r3 33.821s agreeQ_all=False [429/2694 1789/h]
         s28000000135_p76_r3 27.46s agreeQ_all=False [430/2694 1793/h]
         s28000000134_p67_r1 36.715s agreeQ_all=True [431/2694 1790/h]
         s28000000135_p76_r2 31.151s agreeQ_all=False [432/2694 1794/h]
         s28000000136_p24_r2 28.152s agreeQ_all=True [433/2694 1785/h]
         s28000000138_p16_r2 24.424s agreeQ_all=True [434/2694 1772/h]
         s28000000138_p16_r1 27.127s agreeQ_all=True [435/2694 1772/h]
         s28000000138_p16_r3 26.18s agreeQ_all=True [436/2694 1773/h]
         s28000000140_p10_r1 22.621s agreeQ_all=False [437/2694 1775/h]
         s28000000137_p96_r2 34.854s agreeQ_all=True [438/2694 1778/h]
         s28000000140_p10_r2 20.929s agreeQ_all=False [439/2694 1780/h]
         s28000000139_p51_r3 34.138s agreeQ_all=True [440/2694 1767/h]
         s28000000137_p96_r3 43.124s agreeQ_all=True [441/2694 1771/h]
         s28000000139_p51_r2 34.595s agreeQ_all=True [442/2694 1775/h]
        s28000000137_p125_r2 44.738s agreeQ_all=True [443/2694 1772/h]
        s28000000137_p125_r3 46.479s agreeQ_all=True [444/2694 1772/h]
         s28000000139_p86_r3 40.567s agreeQ_all=True [445/2694 1773/h]
         s28000000142_p16_r2 22.499s agreeQ_all=False [446/2694 1769/h]
        s28000000140_p105_r1 42.221s agreeQ_all=True [447/2694 1770/h]
         s28000000142_p16_r3 23.367s agreeQ_all=True [448/2694 1773/h]
        s28000000140_p105_r2 36.416s agreeQ_all=True [449/2694 1777/h]
         s28000000141_p94_r2 32.356s agreeQ_all=False [450/2694 1773/h]
         s28000000145_p10_r1 17.305s agreeQ_all=True [451/2694 1763/h]
         s28000000141_p94_r3 39.371s agreeQ_all=False [452/2694 1762/h]
         s28000000144_p31_r1 28.663s agreeQ_all=True [453/2694 1756/h]
        s28000000142_p124_r2 43.27s agreeQ_all=True [454/2694 1757/h]
         s28000000145_p34_r1 24.346s agreeQ_all=True [455/2694 1757/h]
         s28000000145_p34_r2 23.384s agreeQ_all=True [456/2694 1760/h]
        s28000000142_p124_r3 45.186s agreeQ_all=False [457/2694 1763/h]
         s28000000143_p46_r3 37.061s agreeQ_all=True [458/2694 1766/h]
         s28000000145_p34_r3 23.891s agreeQ_all=True [459/2694 1770/h]
         s28000000144_p97_r1 36.287s agreeQ_all=True [460/2694 1765/h]
         s28000000146_p39_r1 34.732s agreeQ_all=True [461/2694 1757/h]
        s28000000135_p141_r3 104.652s agreeQ_all=True [462/2694 1761/h]
        s28000000135_p141_r1 107.584s agreeQ_all=True [463/2694 1762/h]
         s28000000147_p41_r1 28.535s agreeQ_all=False [464/2694 1759/h]
         s28000000147_p41_r3 27.128s agreeQ_all=False [465/2694 1761/h]
         s28000000148_p17_r1 24.05s agreeQ_all=False [466/2694 1761/h]
         s28000000148_p17_r3 23.288s agreeQ_all=True [467/2694 1763/h]
         s28000000146_p39_r2 44.682s agreeQ_all=True [468/2694 1757/h]
         s28000000150_p11_r2 18.996s agreeQ_all=False [469/2694 1752/h]
         s28000000148_p85_r1 38.282s agreeQ_all=False [470/2694 1743/h]
         s28000000151_p26_r1 26.03s agreeQ_all=True [471/2694 1744/h]
        s28000000149_p114_r1 39.844s agreeQ_all=False [472/2694 1746/h]
         s28000000148_p85_r3 40.927s agreeQ_all=True [473/2694 1748/h]
        s28000000149_p114_r2 45.862s agreeQ_all=False [474/2694 1742/h]
        s28000000149_p114_r3 44.759s agreeQ_all=False [475/2694 1740/h]
         s28000000152_p29_r1 32.985s agreeQ_all=True [476/2694 1737/h]
         s28000000152_p50_r2 23.162s agreeQ_all=True [477/2694 1740/h]
         s28000000151_p95_r1 37.026s agreeQ_all=True [478/2694 1744/h]
         s28000000148_p85_r2 54.517s agreeQ_all=True [479/2694 1747/h]
         s28000000151_p95_r2 36.973s agreeQ_all=False [480/2694 1750/h]
        s28000000150_p103_r2 44.258s agreeQ_all=True [481/2694 1751/h]
         s28000000152_p29_r3 30.847s agreeQ_all=True [482/2694 1754/h]
         s28000000154_p16_r2 19.402s agreeQ_all=False [483/2694 1752/h]
         s28000000154_p16_r3 22.123s agreeQ_all=False [484/2694 1749/h]
         s28000000154_p16_r1 27.505s agreeQ_all=True [485/2694 1747/h]
         s28000000151_p95_r3 46.964s agreeQ_all=True [486/2694 1750/h]
         s28000000155_p47_r2 34.718s agreeQ_all=True [487/2694 1723/h]
        s28000000153_p115_r1 50.787s agreeQ_all=True [488/2694 1720/h]
         s28000000156_p45_r1 33.955s agreeQ_all=True [489/2694 1724/h]
         s28000000156_p45_r3 32.552s agreeQ_all=True [490/2694 1727/h]
         s28000000155_p47_r3 37.748s agreeQ_all=True [491/2694 1726/h]
        s28000000154_p104_r3 44.854s agreeQ_all=False [492/2694 1729/h]
         s28000000157_p20_r3 30.522s agreeQ_all=True [493/2694 1729/h]
        s28000000156_p127_r3 34.34s agreeQ_all=True [494/2694 1732/h]
        s28000000156_p127_r1 40.293s agreeQ_all=True [495/2694 1730/h]
         s28000000157_p48_r1 30.352s agreeQ_all=False [496/2694 1734/h]
         s28000000157_p48_r2 30.689s agreeQ_all=False [497/2694 1736/h]
          s28000000160_p7_r2 21.066s agreeQ_all=False [498/2694 1720/h]
          s28000000160_p7_r3 21.743s agreeQ_all=False [499/2694 1722/h]
          s28000000160_p7_r1 22.459s agreeQ_all=False [500/2694 1724/h]
        s28000000155_p116_r3 56.879s agreeQ_all=True [501/2694 1728/h]
        s28000000155_p116_r2 58.407s agreeQ_all=False [502/2694 1729/h]
        s28000000155_p116_r1 58.627s agreeQ_all=False [503/2694 1732/h]
        s28000000143_p139_r1 150.126s agreeQ_all=True [504/2694 1734/h]
         s28000000160_p68_r2 29.019s agreeQ_all=True [505/2694 1726/h]
         s28000000161_p23_r1 27.426s agreeQ_all=False [506/2694 1728/h]
         s28000000161_p23_r2 27.487s agreeQ_all=True [507/2694 1731/h]
        s28000000161_p132_r1 25.973s agreeQ_all=False [508/2694 1732/h]
        s28000000161_p132_r3 26.444s agreeQ_all=False [509/2694 1733/h]
        s28000000161_p132_r2 27.282s agreeQ_all=False [510/2694 1736/h]
         s28000000159_p40_r2 40.195s agreeQ_all=True [511/2694 1739/h]
         s28000000160_p68_r3 36.833s agreeQ_all=False [512/2694 1737/h]
        s28000000143_p139_r2 170.923s agreeQ_all=True [513/2694 1730/h]
         s28000000162_p88_r3 33.209s agreeQ_all=True [514/2694 1720/h]
          s28000000167_p2_r1 15.584s agreeQ_all=False [515/2694 1712/h]
         s28000000166_p11_r3 22.945s agreeQ_all=True [516/2694 1714/h]
         s28000000165_p46_r1 32.801s agreeQ_all=False [517/2694 1712/h]
         s28000000164_p73_r1 42.407s agreeQ_all=True [518/2694 1715/h]
         s28000000165_p46_r2 33.138s agreeQ_all=False [519/2694 1718/h]
         s28000000165_p46_r3 32.62s agreeQ_all=False [520/2694 1720/h]
         s28000000164_p73_r3 42.564s agreeQ_all=True [521/2694 1722/h]
        s28000000163_p108_r2 49.776s agreeQ_all=False [522/2694 1718/h]
        s28000000163_p108_r1 50.365s agreeQ_all=False [523/2694 1721/h]
         s28000000164_p73_r2 50.774s agreeQ_all=True [524/2694 1721/h]
         s28000000164_p83_r3 43.935s agreeQ_all=True [525/2694 1723/h]
         s28000000163_p78_r2 56.086s agreeQ_all=False [526/2694 1722/h]
        s28000000165_p105_r3 46.307s agreeQ_all=True [527/2694 1718/h]
        s28000000167_p132_r1 32.215s agreeQ_all=True [528/2694 1716/h]
          s28000000169_p5_r3 21.628s agreeQ_all=False [529/2694 1718/h]
        s28000000165_p105_r1 52.601s agreeQ_all=True [530/2694 1719/h]
         s28000000169_p18_r3 22.976s agreeQ_all=True [531/2694 1721/h]
        s28000000165_p105_r2 53.696s agreeQ_all=False [532/2694 1724/h]
         s28000000170_p88_r1 29.26s agreeQ_all=False [533/2694 1716/h]
         s28000000171_p27_r3 28.645s agreeQ_all=True [534/2694 1712/h]
         s28000000170_p49_r1 35.936s agreeQ_all=True [535/2694 1714/h]
         s28000000171_p27_r1 30.543s agreeQ_all=False [536/2694 1716/h]
         s28000000170_p49_r2 38.26s agreeQ_all=True [537/2694 1716/h]
        s28000000168_p121_r1 46.956s agreeQ_all=True [538/2694 1714/h]
         s28000000173_p59_r3 30.619s agreeQ_all=True [539/2694 1702/h]
         s28000000172_p67_r1 41.397s agreeQ_all=True [540/2694 1704/h]
        s28000000171_p120_r1 46.726s agreeQ_all=True [541/2694 1704/h]
         s28000000173_p59_r2 37.535s agreeQ_all=True [542/2694 1703/h]
         s28000000173_p59_r1 38.213s agreeQ_all=True [543/2694 1705/h]
        s28000000168_p121_r2 62.535s agreeQ_all=True [544/2694 1708/h]
        s28000000173_p120_r2 38.491s agreeQ_all=False [545/2694 1707/h]
         s28000000172_p82_r3 45.654s agreeQ_all=True [546/2694 1709/h]
        s28000000171_p120_r2 54.421s agreeQ_all=True [547/2694 1710/h]
        s28000000173_p120_r1 41.038s agreeQ_all=True [548/2694 1713/h]
          s28000000177_p3_r3 18.89s agreeQ_all=False [549/2694 1704/h]
          s28000000177_p3_r2 20.239s agreeQ_all=True [550/2694 1706/h]
         s28000000175_p86_r1 38.213s agreeQ_all=True [551/2694 1707/h]
         s28000000174_p65_r1 44.861s agreeQ_all=False [552/2694 1708/h]
         s28000000174_p65_r3 42.404s agreeQ_all=True [553/2694 1708/h]
         s28000000175_p86_r2 41.589s agreeQ_all=True [554/2694 1710/h]
         s28000000177_p53_r3 27.033s agreeQ_all=True [555/2694 1703/h]
         s28000000176_p68_r2 45.382s agreeQ_all=False [556/2694 1703/h]
         s28000000177_p53_r1 34.416s agreeQ_all=True [557/2694 1703/h]
         s28000000177_p53_r2 31.277s agreeQ_all=True [558/2694 1706/h]
         s28000000178_p96_r1 33.606s agreeQ_all=True [559/2694 1700/h]
         s28000000180_p24_r2 25.5s agreeQ_all=False [560/2694 1701/h]
         s28000000178_p58_r1 41.829s agreeQ_all=True [561/2694 1699/h]
         s28000000180_p24_r3 28.583s agreeQ_all=False [562/2694 1701/h]
         s28000000178_p58_r3 40.722s agreeQ_all=True [563/2694 1703/h]
         s28000000178_p96_r3 39.185s agreeQ_all=True [564/2694 1705/h]
         s28000000178_p96_r2 41.517s agreeQ_all=True [565/2694 1705/h]
         s28000000180_p94_r1 34.728s agreeQ_all=False [566/2694 1703/h]
         s28000000181_p76_r3 24.18s agreeQ_all=False [567/2694 1704/h]
         s28000000180_p94_r2 40.588s agreeQ_all=False [568/2694 1698/h]
         s28000000180_p94_r3 38.925s agreeQ_all=True [569/2694 1701/h]
         s28000000181_p52_r1 40.049s agreeQ_all=False [570/2694 1701/h]
         s28000000182_p84_r2 34.35s agreeQ_all=True [571/2694 1699/h]
         s28000000182_p84_r3 33.046s agreeQ_all=False [572/2694 1701/h]
         s28000000183_p63_r3 29.912s agreeQ_all=False [573/2694 1700/h]
        s28000000182_p111_r1 41.502s agreeQ_all=True [574/2694 1695/h]
         s28000000183_p91_r1 38.665s agreeQ_all=False [575/2694 1691/h]
         s28000000184_p77_r2 33.268s agreeQ_all=True [576/2694 1694/h]
         s28000000184_p75_r3 34.969s agreeQ_all=False [577/2694 1695/h]
         s28000000185_p69_r1 33.591s agreeQ_all=False [578/2694 1696/h]
         s28000000184_p75_r1 38.796s agreeQ_all=True [579/2694 1698/h]
         s28000000184_p75_r2 39.128s agreeQ_all=False [580/2694 1700/h]
         s28000000185_p69_r3 33.56s agreeQ_all=False [581/2694 1700/h]
        s28000000185_p102_r1 35.973s agreeQ_all=True [582/2694 1699/h]
          s28000000188_p3_r1 18.561s agreeQ_all=True [583/2694 1696/h]
        s28000000175_p135_r3 110.762s agreeQ_all=False [584/2694 1699/h]
        s28000000186_p116_r2 34.539s agreeQ_all=True [585/2694 1700/h]
        s28000000186_p132_r1 40.598s agreeQ_all=False [586/2694 1692/h]
         s28000000189_p20_r1 21.793s agreeQ_all=True [587/2694 1694/h]
         s28000000187_p34_r2 34.3s agreeQ_all=False [588/2694 1696/h]
         s28000000188_p19_r3 24.147s agreeQ_all=True [589/2694 1699/h]
         s28000000188_p19_r2 25.559s agreeQ_all=False [590/2694 1700/h]
        s28000000186_p132_r2 39.67s agreeQ_all=False [591/2694 1702/h]
        s28000000186_p116_r3 45.851s agreeQ_all=True [592/2694 1705/h]
        s28000000186_p132_r3 40.283s agreeQ_all=False [593/2694 1707/h]
         s28000000189_p20_r2 25.382s agreeQ_all=True [594/2694 1708/h]
         s28000000189_p20_r3 27.457s agreeQ_all=True [595/2694 1707/h]
         s28000000189_p68_r2 26.216s agreeQ_all=False [596/2694 1708/h]
         s28000000189_p68_r1 33.772s agreeQ_all=True [597/2694 1703/h]
         s28000000191_p57_r1 36.168s agreeQ_all=False [598/2694 1690/h]
         s28000000191_p57_r3 35.233s agreeQ_all=False [599/2694 1693/h]
         s28000000191_p57_r2 36.817s agreeQ_all=False [600/2694 1695/h]
         s28000000190_p88_r2 44.759s agreeQ_all=False [601/2694 1693/h]
         s28000000192_p46_r1 34.197s agreeQ_all=True [602/2694 1692/h]
         s28000000192_p46_r2 35.483s agreeQ_all=True [603/2694 1692/h]
         s28000000194_p16_r2 23.435s agreeQ_all=True [604/2694 1686/h]
         s28000000193_p83_r2 39.431s agreeQ_all=True [605/2694 1689/h]
         s28000000192_p46_r3 38.677s agreeQ_all=True [606/2694 1691/h]
         s28000000192_p74_r3 44.026s agreeQ_all=False [607/2694 1689/h]
         s28000000193_p83_r1 45.922s agreeQ_all=True [608/2694 1689/h]
         s28000000192_p74_r1 48.373s agreeQ_all=False [609/2694 1691/h]
         s28000000193_p83_r3 46.15s agreeQ_all=True [610/2694 1693/h]
         s28000000193_p94_r2 47.661s agreeQ_all=True [611/2694 1689/h]
         s28000000193_p94_r3 48.675s agreeQ_all=True [612/2694 1688/h]
         s28000000197_p25_r1 29.481s agreeQ_all=True [613/2694 1682/h]
         s28000000196_p57_r1 39.65s agreeQ_all=True [614/2694 1682/h]
         s28000000193_p94_r1 64.898s agreeQ_all=True [615/2694 1681/h]
         s28000000195_p79_r3 43.314s agreeQ_all=False [616/2694 1684/h]
         s28000000199_p15_r2 22.692s agreeQ_all=True [617/2694 1683/h]
         s28000000195_p79_r2 46.942s agreeQ_all=False [618/2694 1684/h]
         s28000000197_p25_r2 32.17s agreeQ_all=True [619/2694 1686/h]
         s28000000199_p15_r1 27.232s agreeQ_all=True [620/2694 1686/h]
         s28000000197_p25_r3 34.876s agreeQ_all=True [621/2694 1688/h]
         s28000000196_p73_r2 46.601s agreeQ_all=True [622/2694 1690/h]
         s28000000199_p60_r2 26.272s agreeQ_all=True [623/2694 1688/h]
         s28000000196_p73_r3 48.808s agreeQ_all=False [624/2694 1689/h]
        s28000000198_p101_r1 42.401s agreeQ_all=True [625/2694 1684/h]
         s28000000200_p23_r2 31.029s agreeQ_all=True [626/2694 1686/h]
         s28000000200_p23_r3 25.943s agreeQ_all=True [627/2694 1687/h]
        s28000000200_p108_r1 25.134s agreeQ_all=False [628/2694 1688/h]
        s28000000200_p108_r3 24.539s agreeQ_all=False [629/2694 1688/h]
        s28000000197_p105_r1 52.917s agreeQ_all=True [630/2694 1689/h]
        s28000000198_p101_r2 50.743s agreeQ_all=True [631/2694 1687/h]
         s28000000203_p15_r1 22.657s agreeQ_all=False [632/2694 1689/h]
         s28000000203_p15_r2 24.459s agreeQ_all=False [633/2694 1689/h]
         s28000000203_p96_r2 26.999s agreeQ_all=False [634/2694 1683/h]
        s28000000201_p105_r1 41.258s agreeQ_all=False [635/2694 1683/h]
        s28000000201_p105_r2 42.091s agreeQ_all=True [636/2694 1681/h]
         s28000000203_p96_r1 37.298s agreeQ_all=False [637/2694 1683/h]
        s28000000201_p108_r1 42.304s agreeQ_all=False [638/2694 1685/h]
         s28000000203_p96_r3 34.543s agreeQ_all=False [639/2694 1686/h]
        s28000000201_p108_r3 43.318s agreeQ_all=False [640/2694 1687/h]
         s28000000206_p16_r1 26.613s agreeQ_all=True [641/2694 1680/h]
        s28000000205_p121_r2 31.255s agreeQ_all=True [642/2694 1682/h]
         s28000000206_p16_r2 27.321s agreeQ_all=True [643/2694 1682/h]
         s28000000205_p90_r1 40.71s agreeQ_all=False [644/2694 1681/h]
         s28000000205_p90_r3 38.159s agreeQ_all=False [645/2694 1683/h]
         s28000000205_p90_r2 40.861s agreeQ_all=True [646/2694 1685/h]
        s28000000204_p123_r3 46.48s agreeQ_all=False [647/2694 1684/h]
        s28000000204_p123_r2 46.929s agreeQ_all=False [648/2694 1687/h]
        s28000000205_p121_r3 37.144s agreeQ_all=True [649/2694 1689/h]
         s28000000210_p12_r1 23.011s agreeQ_all=True [650/2694 1675/h]
         s28000000208_p41_r1 32.686s agreeQ_all=False [651/2694 1677/h]
         s28000000210_p12_r2 21.623s agreeQ_all=True [652/2694 1679/h]
        s28000000207_p111_r2 35.977s agreeQ_all=False [653/2694 1681/h]
         s28000000207_p95_r2 42.418s agreeQ_all=False [654/2694 1684/h]
         s28000000208_p41_r2 33.097s agreeQ_all=False [655/2694 1686/h]
         s28000000207_p95_r3 45.228s agreeQ_all=False [656/2694 1682/h]
         s28000000210_p12_r3 24.904s agreeQ_all=True [657/2694 1685/h]
        s28000000207_p111_r1 42.962s agreeQ_all=False [658/2694 1686/h]
         s28000000210_p15_r1 25.023s agreeQ_all=False [659/2694 1689/h]
          s28000000211_p9_r2 21.481s agreeQ_all=True [660/2694 1691/h]
          s28000000211_p9_r1 24.259s agreeQ_all=False [661/2694 1691/h]
         s28000000210_p15_r2 29.629s agreeQ_all=True [662/2694 1690/h]
         s28000000210_p15_r3 28.164s agreeQ_all=True [663/2694 1692/h]
        s28000000207_p111_r3 49.781s agreeQ_all=False [664/2694 1692/h]
        s28000000209_p114_r3 50.782s agreeQ_all=False [665/2694 1681/h]
         s28000000212_p58_r2 29.24s agreeQ_all=False [666/2694 1681/h]
         s28000000212_p58_r3 35.835s agreeQ_all=False [667/2694 1676/h]
         s28000000213_p49_r1 35.21s agreeQ_all=False [668/2694 1677/h]
         s28000000213_p83_r3 46.49s agreeQ_all=True [669/2694 1661/h]
        s28000000214_p101_r1 43.324s agreeQ_all=True [670/2694 1663/h]
         s28000000216_p21_r3 26.675s agreeQ_all=True [671/2694 1662/h]
         s28000000214_p97_r3 48.626s agreeQ_all=True [672/2694 1664/h]
         s28000000216_p21_r2 29.508s agreeQ_all=True [673/2694 1666/h]
         s28000000214_p97_r1 50.182s agreeQ_all=True [674/2694 1668/h]
        s28000000214_p101_r3 46.508s agreeQ_all=False [675/2694 1667/h]
         s28000000214_p97_r2 54.514s agreeQ_all=True [676/2694 1667/h]
        s28000000214_p101_r2 50.58s agreeQ_all=True [677/2694 1669/h]
         s28000000215_p80_r1 47.623s agreeQ_all=False [678/2694 1671/h]
         s28000000213_p83_r2 59.203s agreeQ_all=True [679/2694 1671/h]
        s28000000212_p133_r2 68.491s agreeQ_all=True [680/2694 1669/h]
        s28000000217_p103_r1 34.221s agreeQ_all=False [681/2694 1671/h]
        s28000000212_p133_r3 76.389s agreeQ_all=True [682/2694 1665/h]
        s28000000217_p103_r2 44.153s agreeQ_all=True [683/2694 1664/h]
         s28000000218_p53_r2 30.776s agreeQ_all=False [684/2694 1662/h]
         s28000000218_p59_r3 37.374s agreeQ_all=True [685/2694 1654/h]
         s28000000218_p59_r1 39.144s agreeQ_all=True [686/2694 1655/h]
         s28000000218_p53_r3 41.432s agreeQ_all=False [687/2694 1657/h]
         s28000000218_p59_r2 39.995s agreeQ_all=True [688/2694 1658/h]
         s28000000220_p73_r1 34.422s agreeQ_all=True [689/2694 1659/h]
         s28000000220_p70_r3 35.499s agreeQ_all=False [690/2694 1660/h]
         s28000000220_p73_r2 35.377s agreeQ_all=True [691/2694 1660/h]
         s28000000219_p52_r1 47.262s agreeQ_all=True [692/2694 1658/h]
        s28000000219_p114_r1 43.318s agreeQ_all=False [693/2694 1660/h]
        s28000000212_p133_r1 105.271s agreeQ_all=True [694/2694 1662/h]
         s28000000220_p73_r3 37.039s agreeQ_all=True [695/2694 1664/h]
         s28000000219_p52_r2 46.601s agreeQ_all=True [696/2694 1666/h]
         s28000000222_p38_r1 26.193s agreeQ_all=True [697/2694 1653/h]
         s28000000223_p43_r2 24.019s agreeQ_all=True [698/2694 1655/h]
         s28000000222_p38_r3 26.454s agreeQ_all=True [699/2694 1657/h]
        s28000000221_p115_r1 51.789s agreeQ_all=True [700/2694 1659/h]
         s28000000222_p38_r2 28.541s agreeQ_all=True [701/2694 1659/h]
         s28000000224_p38_r2 27.16s agreeQ_all=True [702/2694 1652/h]
        s28000000223_p102_r2 33.995s agreeQ_all=False [703/2694 1654/h]
         s28000000224_p38_r1 30.903s agreeQ_all=True [704/2694 1653/h]
         s28000000224_p38_r3 29.899s agreeQ_all=True [705/2694 1655/h]
        s28000000221_p121_r1 59.116s agreeQ_all=True [706/2694 1657/h]
        s28000000223_p102_r1 39.241s agreeQ_all=False [707/2694 1659/h]
        s28000000223_p102_r3 38.503s agreeQ_all=False [708/2694 1658/h]
        s28000000221_p121_r2 63.83s agreeQ_all=True [709/2694 1656/h]
         s28000000224_p99_r2 39.703s agreeQ_all=False [710/2694 1656/h]
        s28000000221_p121_r3 64.565s agreeQ_all=True [711/2694 1656/h]
          s28000000228_p2_r2 13.835s agreeQ_all=False [712/2694 1656/h]
         s28000000226_p36_r2 30.76s agreeQ_all=False [713/2694 1657/h]
         s28000000226_p36_r3 30.577s agreeQ_all=True [714/2694 1659/h]
          s28000000228_p2_r3 13.091s agreeQ_all=False [715/2694 1661/h]
         s28000000224_p99_r1 46.225s agreeQ_all=False [716/2694 1663/h]
          s28000000228_p2_r1 16.328s agreeQ_all=False [717/2694 1665/h]
         s28000000226_p36_r1 33.326s agreeQ_all=False [718/2694 1667/h]
         s28000000227_p55_r1 35.196s agreeQ_all=False [719/2694 1665/h]
         s28000000227_p55_r2 36.194s agreeQ_all=False [720/2694 1665/h]
         s28000000227_p55_r3 32.83s agreeQ_all=False [721/2694 1661/h]
         s28000000227_p68_r1 33.3s agreeQ_all=False [722/2694 1662/h]
         s28000000227_p68_r3 31.606s agreeQ_all=True [723/2694 1663/h]
         s28000000230_p68_r3 18.339s agreeQ_all=False [724/2694 1663/h]
         s28000000230_p68_r1 19.451s agreeQ_all=False [725/2694 1664/h]
         s28000000230_p26_r1 24.558s agreeQ_all=False [726/2694 1662/h]
         s28000000229_p71_r2 31.567s agreeQ_all=True [727/2694 1663/h]
         s28000000227_p68_r2 40.281s agreeQ_all=False [728/2694 1666/h]
         s28000000229_p92_r1 29.152s agreeQ_all=False [729/2694 1666/h]
         s28000000229_p71_r3 32.581s agreeQ_all=True [730/2694 1667/h]
        s28000000231_p111_r3 35.73s agreeQ_all=False [731/2694 1659/h]
        s28000000231_p111_r1 36.803s agreeQ_all=False [732/2694 1661/h]
        s28000000231_p111_r2 39.3s agreeQ_all=False [733/2694 1660/h]
        s28000000231_p119_r1 40.532s agreeQ_all=True [734/2694 1660/h]
        s28000000232_p122_r1 34.508s agreeQ_all=True [735/2694 1663/h]
        s28000000231_p119_r3 42.283s agreeQ_all=True [736/2694 1660/h]
        s28000000233_p103_r1 35.839s agreeQ_all=True [737/2694 1657/h]
        s28000000233_p103_r2 38.935s agreeQ_all=True [738/2694 1654/h]
        s28000000233_p103_r3 39.272s agreeQ_all=False [739/2694 1655/h]
         s28000000236_p17_r2 22.673s agreeQ_all=False [740/2694 1652/h]
         s28000000236_p17_r3 21.916s agreeQ_all=False [741/2694 1653/h]
         s28000000234_p66_r2 40.63s agreeQ_all=False [742/2694 1656/h]
        s28000000234_p124_r3 39.905s agreeQ_all=False [743/2694 1656/h]
        s28000000234_p124_r2 42.16s agreeQ_all=True [744/2694 1658/h]
         s28000000235_p79_r2 41.383s agreeQ_all=True [745/2694 1658/h]
        s28000000234_p124_r1 45.151s agreeQ_all=False [746/2694 1659/h]
         s28000000235_p80_r3 31.664s agreeQ_all=False [747/2694 1661/h]
         s28000000235_p80_r2 34.256s agreeQ_all=False [748/2694 1662/h]
        s28000000236_p117_r3 21.318s agreeQ_all=True [749/2694 1662/h]
        s28000000236_p117_r1 32.451s agreeQ_all=True [750/2694 1663/h]
        s28000000236_p117_r2 28.31s agreeQ_all=True [751/2694 1664/h]
         s28000000237_p85_r2 29.68s agreeQ_all=True [752/2694 1654/h]
         s28000000239_p14_r1 22.556s agreeQ_all=True [753/2694 1655/h]
         s28000000239_p14_r2 21.193s agreeQ_all=True [754/2694 1656/h]
         s28000000237_p85_r3 32.951s agreeQ_all=True [755/2694 1657/h]
         s28000000239_p14_r3 25.042s agreeQ_all=True [756/2694 1656/h]
         s28000000238_p71_r2 31.606s agreeQ_all=True [757/2694 1658/h]
         s28000000239_p51_r2 23.514s agreeQ_all=False [758/2694 1660/h]
         s28000000239_p51_r1 26.37s agreeQ_all=False [759/2694 1661/h]
         s28000000239_p51_r3 25.278s agreeQ_all=False [760/2694 1661/h]
         s28000000238_p76_r1 34.534s agreeQ_all=True [761/2694 1662/h]
         s28000000238_p76_r3 34.392s agreeQ_all=True [762/2694 1663/h]
         s28000000240_p53_r3 26.784s agreeQ_all=True [763/2694 1663/h]
         s28000000238_p76_r2 40.178s agreeQ_all=True [764/2694 1663/h]
         s28000000241_p13_r2 19.058s agreeQ_all=True [765/2694 1664/h]
         s28000000240_p53_r1 31.57s agreeQ_all=True [766/2694 1666/h]
        s28000000232_p142_r1 97.726s agreeQ_all=False [767/2694 1663/h]
        s28000000232_p142_r3 98.492s agreeQ_all=False [768/2694 1663/h]
        s28000000242_p133_r1 27.001s agreeQ_all=False [769/2694 1662/h]
         s28000000244_p21_r1 21.216s agreeQ_all=True [770/2694 1659/h]
         s28000000241_p87_r2 32.3s agreeQ_all=False [771/2694 1661/h]
        s28000000242_p133_r3 30.95s agreeQ_all=False [772/2694 1663/h]
         s28000000243_p43_r1 31.067s agreeQ_all=False [773/2694 1661/h]
         s28000000244_p21_r2 23.425s agreeQ_all=True [774/2694 1663/h]
         s28000000245_p27_r2 22.29s agreeQ_all=True [775/2694 1663/h]
         s28000000243_p43_r2 33.008s agreeQ_all=False [776/2694 1665/h]
         s28000000245_p27_r1 25.672s agreeQ_all=True [777/2694 1664/h]
         s28000000244_p70_r3 29.464s agreeQ_all=True [778/2694 1664/h]
        s28000000243_p136_r1 36.915s agreeQ_all=True [779/2694 1665/h]
        s28000000243_p136_r2 37.388s agreeQ_all=True [780/2694 1666/h]
         s28000000245_p28_r1 25.318s agreeQ_all=True [781/2694 1668/h]
        s28000000242_p136_r2 46.975s agreeQ_all=True [782/2694 1665/h]
        s28000000242_p136_r3 47.071s agreeQ_all=True [783/2694 1667/h]
         s28000000246_p95_r1 30.252s agreeQ_all=True [784/2694 1668/h]
         s28000000247_p50_r1 25.548s agreeQ_all=True [785/2694 1665/h]
         s28000000246_p95_r2 31.242s agreeQ_all=True [786/2694 1667/h]
        s28000000246_p126_r3 26.905s agreeQ_all=True [787/2694 1669/h]
        s28000000246_p126_r2 29.468s agreeQ_all=True [788/2694 1669/h]
         s28000000248_p66_r1 23.878s agreeQ_all=True [789/2694 1669/h]
         s28000000247_p50_r3 28.133s agreeQ_all=True [790/2694 1670/h]
         s28000000248_p66_r2 28.755s agreeQ_all=True [791/2694 1668/h]
         s28000000247_p93_r1 38.576s agreeQ_all=True [792/2694 1664/h]
         s28000000250_p23_r2 24.719s agreeQ_all=False [793/2694 1664/h]
         s28000000250_p23_r1 25.928s agreeQ_all=False [794/2694 1665/h]
         s28000000249_p62_r3 33.537s agreeQ_all=False [795/2694 1667/h]
         s28000000248_p85_r3 36.279s agreeQ_all=True [796/2694 1668/h]
         s28000000251_p38_r1 22.091s agreeQ_all=False [797/2694 1669/h]
          s28000000252_p1_r2 16.339s agreeQ_all=True [798/2694 1671/h]
         s28000000251_p38_r2 23.305s agreeQ_all=False [799/2694 1672/h]
         s28000000251_p38_r3 24.552s agreeQ_all=True [800/2694 1672/h]
          s28000000252_p1_r3 16.053s agreeQ_all=True [801/2694 1674/h]
         s28000000250_p98_r2 37.396s agreeQ_all=False [802/2694 1669/h]
         s28000000253_p25_r1 19.647s agreeQ_all=False [803/2694 1668/h]
         s28000000253_p25_r2 19.23s agreeQ_all=False [804/2694 1668/h]
        s28000000251_p128_r2 36.276s agreeQ_all=False [805/2694 1669/h]
         s28000000253_p25_r3 21.173s agreeQ_all=False [806/2694 1670/h]
        s28000000251_p128_r3 37.408s agreeQ_all=False [807/2694 1670/h]
         s28000000255_p49_r2 22.513s agreeQ_all=True [808/2694 1669/h]
         s28000000254_p27_r3 26.702s agreeQ_all=True [809/2694 1670/h]
         s28000000254_p27_r1 27.541s agreeQ_all=False [810/2694 1672/h]
         s28000000255_p49_r3 24.085s agreeQ_all=True [811/2694 1672/h]
        s28000000254_p122_r2 28.283s agreeQ_all=True [812/2694 1672/h]
        s28000000254_p122_r1 30.243s agreeQ_all=True [813/2694 1673/h]
         s28000000255_p70_r1 26.612s agreeQ_all=False [814/2694 1675/h]
         s28000000256_p46_r3 22.964s agreeQ_all=False [815/2694 1674/h]
        s28000000249_p142_r1 76.782s agreeQ_all=True [816/2694 1668/h]
         s28000000257_p47_r1 27.536s agreeQ_all=True [817/2694 1669/h]
        s28000000256_p114_r2 29.476s agreeQ_all=False [818/2694 1670/h]
        s28000000249_p142_r3 77.144s agreeQ_all=True [819/2694 1672/h]
        s28000000249_p142_r2 78.002s agreeQ_all=True [820/2694 1674/h]
         s28000000257_p47_r3 28.8s agreeQ_all=True [821/2694 1674/h]
         s28000000257_p92_r2 34.805s agreeQ_all=False [822/2694 1669/h]
         s28000000259_p31_r3 25.642s agreeQ_all=True [823/2694 1671/h]
        s28000000258_p132_r2 27.946s agreeQ_all=False [824/2694 1672/h]
        s28000000258_p100_r2 32.591s agreeQ_all=True [825/2694 1672/h]
         s28000000260_p62_r1 28.243s agreeQ_all=True [826/2694 1673/h]
        s28000000258_p100_r1 40.167s agreeQ_all=True [827/2694 1673/h]
        s28000000258_p100_r3 35.559s agreeQ_all=True [828/2694 1675/h]
         s28000000260_p62_r2 30.478s agreeQ_all=True [829/2694 1674/h]
        s28000000258_p132_r1 40.148s agreeQ_all=False [830/2694 1674/h]
         s28000000261_p33_r1 26.372s agreeQ_all=True [831/2694 1673/h]
         s28000000261_p33_r3 25.063s agreeQ_all=True [832/2694 1675/h]
         s28000000261_p33_r2 25.909s agreeQ_all=True [833/2694 1677/h]
         s28000000263_p19_r2 20.385s agreeQ_all=True [834/2694 1673/h]
         s28000000263_p19_r3 18.78s agreeQ_all=False [835/2694 1675/h]
         s28000000262_p26_r2 22.894s agreeQ_all=False [836/2694 1676/h]
         s28000000261_p59_r1 34.856s agreeQ_all=True [837/2694 1676/h]
         s28000000263_p19_r1 24.651s agreeQ_all=False [838/2694 1678/h]
         s28000000261_p59_r2 35.103s agreeQ_all=True [839/2694 1679/h]
          s28000000265_p4_r1 15.266s agreeQ_all=True [840/2694 1680/h]
        s28000000259_p108_r3 51.281s agreeQ_all=False [841/2694 1681/h]
         s28000000261_p59_r3 35.656s agreeQ_all=True [842/2694 1683/h]
          s28000000265_p4_r3 14.428s agreeQ_all=False [843/2694 1684/h]
         s28000000263_p32_r2 24.831s agreeQ_all=True [844/2694 1684/h]
         s28000000263_p32_r1 27.135s agreeQ_all=True [845/2694 1685/h]
         s28000000263_p32_r3 26.937s agreeQ_all=True [846/2694 1686/h]
        s28000000264_p107_r1 26.74s agreeQ_all=True [847/2694 1685/h]
         s28000000265_p27_r2 21.943s agreeQ_all=True [848/2694 1686/h]
         s28000000265_p27_r1 24.489s agreeQ_all=True [849/2694 1686/h]
         s28000000266_p49_r1 25.695s agreeQ_all=True [850/2694 1681/h]
         s28000000266_p49_r3 25.858s agreeQ_all=True [851/2694 1682/h]
         s28000000266_p49_r2 26.814s agreeQ_all=True [852/2694 1684/h]
         s28000000267_p74_r3 22.937s agreeQ_all=False [853/2694 1684/h]
         s28000000267_p74_r1 29.52s agreeQ_all=False [854/2694 1681/h]
         s28000000267_p74_r2 28.636s agreeQ_all=False [855/2694 1682/h]
        s28000000266_p119_r2 34.12s agreeQ_all=True [856/2694 1682/h]
         s28000000269_p52_r3 23.829s agreeQ_all=True [857/2694 1682/h]
         s28000000268_p74_r1 30.99s agreeQ_all=True [858/2694 1683/h]
        s28000000266_p119_r1 37.775s agreeQ_all=True [859/2694 1685/h]
         s28000000268_p74_r3 31.329s agreeQ_all=True [860/2694 1686/h]
        s28000000266_p119_r3 38.489s agreeQ_all=True [861/2694 1687/h]
         s28000000269_p82_r1 29.332s agreeQ_all=False [862/2694 1687/h]
         s28000000269_p82_r2 34.038s agreeQ_all=False [863/2694 1682/h]
         s28000000270_p61_r2 29.532s agreeQ_all=True [864/2694 1680/h]
        s28000000268_p107_r3 45.904s agreeQ_all=True [865/2694 1681/h]
         s28000000270_p61_r1 33.326s agreeQ_all=True [866/2694 1681/h]
         s28000000269_p82_r3 34.849s agreeQ_all=False [867/2694 1682/h]
         s28000000270_p61_r3 31.575s agreeQ_all=True [868/2694 1684/h]
         s28000000272_p15_r1 20.165s agreeQ_all=False [869/2694 1685/h]
         s28000000272_p15_r2 21.157s agreeQ_all=True [870/2694 1685/h]
         s28000000272_p15_r3 20.708s agreeQ_all=True [871/2694 1685/h]
         s28000000271_p73_r2 31.16s agreeQ_all=True [872/2694 1687/h]
         s28000000271_p73_r3 30.413s agreeQ_all=True [873/2694 1687/h]
         s28000000271_p73_r1 35.381s agreeQ_all=True [874/2694 1687/h]
         s28000000272_p35_r3 20.189s agreeQ_all=True [875/2694 1687/h]
         s28000000274_p29_r2 20.821s agreeQ_all=True [876/2694 1681/h]
         s28000000274_p29_r1 21.857s agreeQ_all=True [877/2694 1682/h]
         s28000000274_p29_r3 22.396s agreeQ_all=True [878/2694 1682/h]
         s28000000274_p47_r1 26.796s agreeQ_all=True [879/2694 1679/h]
         s28000000274_p47_r2 25.85s agreeQ_all=True [880/2694 1679/h]
         s28000000275_p25_r2 23.899s agreeQ_all=False [881/2694 1681/h]
        s28000000273_p103_r3 33.481s agreeQ_all=True [882/2694 1682/h]
         s28000000273_p86_r2 37.493s agreeQ_all=True [883/2694 1683/h]
          s28000000276_p2_r3 12.783s agreeQ_all=False [884/2694 1684/h]
         s28000000274_p47_r3 29.281s agreeQ_all=True [885/2694 1686/h]
          s28000000276_p2_r1 13.998s agreeQ_all=False [886/2694 1687/h]
         s28000000273_p86_r3 38.066s agreeQ_all=True [887/2694 1689/h]
        s28000000275_p125_r1 32.292s agreeQ_all=True [888/2694 1685/h]
        s28000000271_p139_r1 64.618s agreeQ_all=True [889/2694 1686/h]
        s28000000275_p125_r2 31.848s agreeQ_all=True [890/2694 1687/h]
        s28000000271_p139_r2 65.21s agreeQ_all=True [891/2694 1688/h]
        s28000000271_p139_r3 65.033s agreeQ_all=True [892/2694 1689/h]
         s28000000276_p29_r2 23.402s agreeQ_all=True [893/2694 1690/h]
         s28000000278_p23_r1 18.008s agreeQ_all=True [894/2694 1690/h]
        s28000000267_p143_r2 102.667s agreeQ_all=True [895/2694 1691/h]
         s28000000278_p23_r2 18.184s agreeQ_all=True [896/2694 1692/h]
         s28000000277_p25_r3 22.925s agreeQ_all=True [897/2694 1692/h]
         s28000000278_p23_r3 20.121s agreeQ_all=False [898/2694 1694/h]
        s28000000278_p106_r3 24.33s agreeQ_all=True [899/2694 1691/h]
         s28000000279_p55_r1 26.097s agreeQ_all=False [900/2694 1691/h]
         s28000000277_p94_r3 32.27s agreeQ_all=False [901/2694 1691/h]
         s28000000281_p17_r2 17.209s agreeQ_all=True [902/2694 1692/h]
        s28000000278_p106_r2 30.428s agreeQ_all=True [903/2694 1693/h]
        s28000000279_p120_r1 32.507s agreeQ_all=False [904/2694 1692/h]
         s28000000280_p78_r2 33.571s agreeQ_all=False [905/2694 1686/h]
        s28000000279_p120_r3 35.238s agreeQ_all=False [906/2694 1688/h]
         s28000000282_p63_r1 24.458s agreeQ_all=True [907/2694 1690/h]
         s28000000280_p78_r1 34.787s agreeQ_all=False [908/2694 1691/h]
         s28000000281_p70_r1 29.115s agreeQ_all=False [909/2694 1692/h]
         s28000000280_p85_r1 36.493s agreeQ_all=False [910/2694 1691/h]
         s28000000281_p70_r3 30.701s agreeQ_all=False [911/2694 1693/h]
         s28000000282_p63_r2 29.568s agreeQ_all=True [912/2694 1694/h]
         s28000000281_p70_r2 33.651s agreeQ_all=False [913/2694 1696/h]
         s28000000280_p85_r2 37.658s agreeQ_all=False [914/2694 1697/h]
         s28000000284_p22_r1 21.165s agreeQ_all=True [915/2694 1697/h]
         s28000000284_p22_r3 21.91s agreeQ_all=True [916/2694 1695/h]
        s28000000282_p114_r2 31.308s agreeQ_all=False [917/2694 1697/h]
         s28000000283_p92_r3 29.965s agreeQ_all=True [918/2694 1698/h]
        s28000000283_p128_r3 26.964s agreeQ_all=False [919/2694 1700/h]
        s28000000283_p128_r1 29.096s agreeQ_all=False [920/2694 1700/h]
         s28000000285_p79_r1 25.441s agreeQ_all=True [921/2694 1693/h]
         s28000000285_p63_r3 27.157s agreeQ_all=True [922/2694 1694/h]
         s28000000285_p79_r2 27.044s agreeQ_all=True [923/2694 1694/h]
         s28000000285_p63_r1 29.215s agreeQ_all=True [924/2694 1696/h]
         s28000000288_p12_r2 16.455s agreeQ_all=True [925/2694 1697/h]
         s28000000285_p79_r3 24.987s agreeQ_all=True [926/2694 1699/h]
         s28000000288_p12_r1 16.991s agreeQ_all=True [927/2694 1701/h]
         s28000000285_p63_r2 29.922s agreeQ_all=True [928/2694 1702/h]
         s28000000288_p12_r3 16.995s agreeQ_all=True [929/2694 1703/h]
         s28000000286_p98_r1 32.317s agreeQ_all=True [930/2694 1700/h]
         s28000000286_p98_r3 33.304s agreeQ_all=True [931/2694 1700/h]
        s28000000286_p100_r2 33.764s agreeQ_all=True [932/2694 1701/h]
        s28000000286_p100_r1 34.333s agreeQ_all=True [933/2694 1702/h]
          s28000000290_p1_r1 12.867s agreeQ_all=False [934/2694 1702/h]
          s28000000290_p1_r3 12.015s agreeQ_all=False [935/2694 1704/h]
        s28000000288_p115_r2 35.162s agreeQ_all=True [936/2694 1699/h]
        s28000000288_p115_r1 37.581s agreeQ_all=False [937/2694 1700/h]
         s28000000289_p36_r3 23.976s agreeQ_all=True [938/2694 1701/h]
         s28000000289_p36_r2 25.25s agreeQ_all=True [939/2694 1702/h]
         s28000000289_p36_r1 27.35s agreeQ_all=True [940/2694 1703/h]
         s28000000289_p65_r3 28.062s agreeQ_all=True [941/2694 1702/h]
         s28000000289_p65_r1 29.124s agreeQ_all=True [942/2694 1703/h]
         s28000000289_p65_r2 29.242s agreeQ_all=True [943/2694 1705/h]
        s28000000287_p140_r1 50.351s agreeQ_all=False [944/2694 1706/h]
        s28000000288_p115_r3 36.925s agreeQ_all=True [945/2694 1705/h]
         s28000000292_p43_r1 28.191s agreeQ_all=True [946/2694 1702/h]
         s28000000292_p43_r2 29.333s agreeQ_all=False [947/2694 1703/h]
         s28000000292_p62_r2 28.705s agreeQ_all=False [948/2694 1703/h]
         s28000000294_p23_r1 19.429s agreeQ_all=True [949/2694 1704/h]
         s28000000293_p29_r3 22.281s agreeQ_all=True [950/2694 1704/h]
         s28000000292_p43_r3 32.816s agreeQ_all=True [951/2694 1705/h]
         s28000000294_p23_r2 21.982s agreeQ_all=True [952/2694 1707/h]
         s28000000294_p29_r1 22.736s agreeQ_all=True [953/2694 1707/h]
         s28000000292_p62_r3 32.294s agreeQ_all=False [954/2694 1704/h]
         s28000000295_p70_r1 27.677s agreeQ_all=True [955/2694 1704/h]
        s28000000291_p136_r3 50.226s agreeQ_all=False [956/2694 1702/h]
         s28000000295_p70_r2 31.278s agreeQ_all=True [957/2694 1703/h]
          s28000000298_p8_r1 15.403s agreeQ_all=False [958/2694 1704/h]
         s28000000296_p30_r2 21.666s agreeQ_all=True [959/2694 1706/h]
         s28000000295_p70_r3 33.421s agreeQ_all=True [960/2694 1707/h]
         s28000000295_p89_r2 30.477s agreeQ_all=True [961/2694 1707/h]
        s28000000291_p136_r2 56.712s agreeQ_all=False [962/2694 1709/h]
         s28000000295_p89_r1 34.431s agreeQ_all=True [963/2694 1711/h]
         s28000000296_p63_r3 29.025s agreeQ_all=False [964/2694 1707/h]
         s28000000299_p14_r1 15.929s agreeQ_all=False [965/2694 1708/h]
         s28000000295_p89_r3 34.6s agreeQ_all=True [966/2694 1709/h]
         s28000000298_p55_r1 27.419s agreeQ_all=True [967/2694 1709/h]
         s28000000298_p55_r3 26.768s agreeQ_all=True [968/2694 1707/h]
         s28000000299_p55_r1 21.024s agreeQ_all=True [969/2694 1707/h]
         s28000000299_p55_r2 23.905s agreeQ_all=False [970/2694 1706/h]
         s28000000297_p99_r1 41.38s agreeQ_all=True [971/2694 1708/h]
        s28000000297_p112_r1 40.104s agreeQ_all=True [972/2694 1710/h]
         s28000000300_p44_r1 23.122s agreeQ_all=True [973/2694 1711/h]
        s28000000297_p112_r2 39.141s agreeQ_all=True [974/2694 1713/h]
         s28000000300_p44_r3 24.556s agreeQ_all=True [975/2694 1713/h]
         s28000000301_p53_r1 28.153s agreeQ_all=True [976/2694 1710/h]
         s28000000302_p37_r3 21.069s agreeQ_all=True [977/2694 1709/h]
         s28000000302_p37_r2 25.733s agreeQ_all=True [978/2694 1708/h]
          s28000000304_p3_r1 15.424s agreeQ_all=True [979/2694 1709/h]
          s28000000304_p3_r3 15.687s agreeQ_all=True [980/2694 1710/h]
          s28000000304_p3_r2 16.247s agreeQ_all=True [981/2694 1712/h]
         s28000000301_p87_r2 34.666s agreeQ_all=True [982/2694 1710/h]
         s28000000301_p87_r3 34.688s agreeQ_all=False [983/2694 1711/h]
        s28000000303_p105_r3 29.905s agreeQ_all=False [984/2694 1710/h]
          s28000000306_p8_r2 14.81s agreeQ_all=True [985/2694 1708/h]
         s28000000304_p92_r2 28.07s agreeQ_all=False [986/2694 1709/h]
        s28000000303_p111_r1 35.976s agreeQ_all=True [987/2694 1709/h]
         s28000000304_p92_r1 31.971s agreeQ_all=False [988/2694 1711/h]
        s28000000300_p138_r3 53.687s agreeQ_all=False [989/2694 1712/h]
        s28000000303_p111_r3 34.807s agreeQ_all=True [990/2694 1712/h]
         s28000000306_p23_r3 20.161s agreeQ_all=True [991/2694 1713/h]
         s28000000306_p23_r1 21.259s agreeQ_all=True [992/2694 1714/h]
         s28000000306_p23_r2 22.747s agreeQ_all=True [993/2694 1714/h]
        s28000000300_p138_r1 60.754s agreeQ_all=False [994/2694 1716/h]
         s28000000305_p97_r2 31.502s agreeQ_all=False [995/2694 1717/h]
        s28000000300_p138_r2 62.09s agreeQ_all=False [996/2694 1717/h]
         s28000000308_p25_r1 22.578s agreeQ_all=True [997/2694 1714/h]
        s28000000307_p108_r2 26.543s agreeQ_all=True [998/2694 1715/h]
          s28000000310_p1_r2 11.929s agreeQ_all=False [999/2694 1715/h]
        s28000000307_p108_r1 29.303s agreeQ_all=True [1000/2694 1716/h]
          s28000000310_p1_r3 12.954s agreeQ_all=True [1001/2694 1717/h]
          s28000000310_p8_r1 15.446s agreeQ_all=True [1002/2694 1716/h]
          s28000000310_p8_r3 16.558s agreeQ_all=True [1003/2694 1715/h]
         s28000000308_p88_r2 29.56s agreeQ_all=False [1004/2694 1716/h]
         s28000000309_p99_r2 27.995s agreeQ_all=True [1005/2694 1716/h]
         s28000000309_p99_r1 29.704s agreeQ_all=True [1006/2694 1717/h]
         s28000000308_p88_r1 33.97s agreeQ_all=True [1007/2694 1718/h]
        s28000000309_p101_r3 27.525s agreeQ_all=False [1008/2694 1719/h]
        s28000000309_p101_r2 28.572s agreeQ_all=False [1009/2694 1720/h]
        s28000000309_p101_r1 31.632s agreeQ_all=False [1010/2694 1721/h]
         s28000000308_p88_r3 33.96s agreeQ_all=True [1011/2694 1722/h]
         s28000000312_p58_r1 26.003s agreeQ_all=True [1012/2694 1716/h]
         s28000000312_p46_r3 26.494s agreeQ_all=True [1013/2694 1717/h]
         s28000000311_p68_r3 29.302s agreeQ_all=True [1014/2694 1718/h]
         s28000000311_p68_r2 30.523s agreeQ_all=True [1015/2694 1719/h]
         s28000000313_p36_r1 24.16s agreeQ_all=True [1016/2694 1721/h]
         s28000000313_p36_r3 21.294s agreeQ_all=True [1017/2694 1722/h]
         s28000000312_p58_r2 29.269s agreeQ_all=True [1018/2694 1722/h]
         s28000000316_p18_r3 15.108s agreeQ_all=False [1019/2694 1715/h]
        s28000000305_p140_r1 80.205s agreeQ_all=False [1020/2694 1717/h]
         s28000000313_p83_r1 34.702s agreeQ_all=True [1021/2694 1717/h]
         s28000000313_p83_r3 34.198s agreeQ_all=True [1022/2694 1717/h]
         s28000000316_p21_r1 20.196s agreeQ_all=True [1023/2694 1718/h]
         s28000000313_p83_r2 36.323s agreeQ_all=True [1024/2694 1719/h]
         s28000000316_p21_r3 20.333s agreeQ_all=False [1025/2694 1720/h]
         s28000000316_p21_r2 21.388s agreeQ_all=False [1026/2694 1721/h]
         s28000000317_p37_r1 23.959s agreeQ_all=True [1027/2694 1720/h]
        s28000000314_p126_r2 42.651s agreeQ_all=True [1028/2694 1719/h]
         s28000000317_p37_r2 29.555s agreeQ_all=True [1029/2694 1718/h]
        s28000000314_p126_r1 47.057s agreeQ_all=True [1030/2694 1719/h]
        s28000000314_p126_r3 45.891s agreeQ_all=True [1031/2694 1720/h]
         s28000000318_p32_r3 22.829s agreeQ_all=True [1032/2694 1719/h]
         s28000000318_p39_r1 26.608s agreeQ_all=False [1033/2694 1717/h]
         s28000000319_p76_r1 23.421s agreeQ_all=False [1034/2694 1718/h]
         s28000000318_p39_r3 27.083s agreeQ_all=True [1035/2694 1719/h]
         s28000000319_p76_r2 24.438s agreeQ_all=False [1036/2694 1720/h]
         s28000000319_p76_r3 24.352s agreeQ_all=False [1037/2694 1721/h]
         s28000000320_p39_r2 22.414s agreeQ_all=False [1038/2694 1720/h]
        s28000000317_p115_r1 48.008s agreeQ_all=False [1039/2694 1719/h]
        s28000000314_p136_r1 65.981s agreeQ_all=True [1040/2694 1718/h]
         s28000000320_p55_r1 27.976s agreeQ_all=True [1041/2694 1718/h]
         s28000000320_p55_r3 25.325s agreeQ_all=True [1042/2694 1719/h]
         s28000000320_p55_r2 26.458s agreeQ_all=True [1043/2694 1720/h]
         s28000000321_p61_r2 26.01s agreeQ_all=True [1044/2694 1721/h]
         s28000000323_p14_r1 18.209s agreeQ_all=False [1045/2694 1720/h]
         s28000000323_p22_r1 18.174s agreeQ_all=False [1046/2694 1719/h]
        s28000000322_p114_r3 22.827s agreeQ_all=True [1047/2694 1720/h]
        s28000000322_p114_r1 23.915s agreeQ_all=False [1048/2694 1721/h]
        s28000000322_p112_r3 25.552s agreeQ_all=True [1049/2694 1723/h]
         s28000000323_p22_r2 17.784s agreeQ_all=False [1050/2694 1723/h]
        s28000000321_p127_r2 36.549s agreeQ_all=False [1051/2694 1721/h]
        s28000000322_p112_r2 32.657s agreeQ_all=True [1052/2694 1723/h]
        s28000000319_p142_r2 52.844s agreeQ_all=True [1053/2694 1724/h]
        s28000000319_p142_r1 53.621s agreeQ_all=True [1054/2694 1725/h]
         s28000000324_p54_r2 25.57s agreeQ_all=True [1055/2694 1723/h]
         s28000000324_p54_r3 24.304s agreeQ_all=False [1056/2694 1723/h]
          s28000000326_p9_r3 15.368s agreeQ_all=True [1057/2694 1725/h]
         s28000000325_p32_r3 21.666s agreeQ_all=False [1058/2694 1724/h]
        s28000000314_p136_r2 96.919s agreeQ_all=False [1059/2694 1725/h]
         s28000000324_p74_r2 29.389s agreeQ_all=True [1060/2694 1725/h]
         s28000000324_p74_r1 31.015s agreeQ_all=True [1061/2694 1726/h]
         s28000000324_p74_r3 30.547s agreeQ_all=True [1062/2694 1727/h]
          s28000000328_p8_r1 18.457s agreeQ_all=True [1063/2694 1726/h]
         s28000000327_p91_r3 27.597s agreeQ_all=True [1064/2694 1724/h]
         s28000000326_p70_r1 35.277s agreeQ_all=True [1065/2694 1722/h]
         s28000000326_p70_r2 35.187s agreeQ_all=True [1066/2694 1723/h]
         s28000000326_p70_r3 38.547s agreeQ_all=True [1067/2694 1722/h]
         s28000000328_p58_r3 26.277s agreeQ_all=False [1068/2694 1723/h]
        s28000000329_p102_r1 25.966s agreeQ_all=True [1069/2694 1724/h]
        s28000000327_p132_r1 35.567s agreeQ_all=True [1070/2694 1725/h]
        s28000000329_p102_r2 27.747s agreeQ_all=False [1071/2694 1726/h]
        s28000000327_p132_r3 38.926s agreeQ_all=True [1072/2694 1724/h]
         s28000000331_p37_r2 26.096s agreeQ_all=True [1073/2694 1722/h]
         s28000000330_p73_r3 32.009s agreeQ_all=True [1074/2694 1723/h]
        s28000000327_p132_r2 46.805s agreeQ_all=False [1075/2694 1724/h]
         s28000000330_p99_r1 32.474s agreeQ_all=True [1076/2694 1725/h]
        s28000000329_p115_r3 36.618s agreeQ_all=False [1077/2694 1726/h]
         s28000000332_p16_r2 21.14s agreeQ_all=True [1078/2694 1726/h]
         s28000000331_p73_r2 26.695s agreeQ_all=True [1079/2694 1728/h]
         s28000000332_p16_r3 21.548s agreeQ_all=True [1080/2694 1729/h]
         s28000000330_p99_r2 36.533s agreeQ_all=True [1081/2694 1729/h]
         s28000000332_p26_r3 22.236s agreeQ_all=True [1082/2694 1729/h]
         s28000000332_p26_r2 22.986s agreeQ_all=False [1083/2694 1730/h]
        s28000000329_p115_r2 47.918s agreeQ_all=False [1084/2694 1729/h]
         s28000000333_p51_r2 28.755s agreeQ_all=True [1085/2694 1727/h]
         s28000000333_p51_r1 30.586s agreeQ_all=True [1086/2694 1728/h]
         s28000000333_p51_r3 28.918s agreeQ_all=True [1087/2694 1730/h]
          s28000000337_p1_r1 12.936s agreeQ_all=False [1088/2694 1728/h]
         s28000000335_p53_r1 24.478s agreeQ_all=False [1089/2694 1728/h]
         s28000000335_p73_r1 23.233s agreeQ_all=False [1090/2694 1729/h]
         s28000000335_p53_r3 24.878s agreeQ_all=False [1091/2694 1730/h]
          s28000000337_p1_r2 13.92s agreeQ_all=True [1092/2694 1731/h]
         s28000000333_p75_r1 33.323s agreeQ_all=True [1093/2694 1732/h]
         s28000000335_p53_r2 27.679s agreeQ_all=False [1094/2694 1733/h]
         s28000000335_p73_r2 24.994s agreeQ_all=True [1095/2694 1734/h]
          s28000000337_p1_r3 12.27s agreeQ_all=True [1096/2694 1735/h]
         s28000000336_p44_r3 25.888s agreeQ_all=True [1097/2694 1736/h]
         s28000000335_p73_r3 28.052s agreeQ_all=False [1098/2694 1737/h]
        s28000000336_p126_r2 38.37s agreeQ_all=False [1099/2694 1728/h]
        s28000000336_p126_r3 41.76s agreeQ_all=False [1100/2694 1726/h]
         s28000000339_p49_r1 25.587s agreeQ_all=True [1101/2694 1727/h]
        s28000000334_p143_r3 51.634s agreeQ_all=True [1102/2694 1728/h]
         s28000000338_p41_r2 29.921s agreeQ_all=False [1103/2694 1729/h]
         s28000000338_p86_r1 29.739s agreeQ_all=True [1104/2694 1729/h]
         s28000000339_p88_r3 25.615s agreeQ_all=False [1105/2694 1731/h]
         s28000000339_p88_r1 27.792s agreeQ_all=False [1106/2694 1732/h]
         s28000000337_p85_r2 37.682s agreeQ_all=True [1107/2694 1732/h]
         s28000000339_p49_r3 29.681s agreeQ_all=False [1108/2694 1734/h]
         s28000000340_p49_r1 28.274s agreeQ_all=True [1109/2694 1735/h]
         s28000000339_p49_r2 30.882s agreeQ_all=True [1110/2694 1736/h]
         s28000000337_p85_r1 40.746s agreeQ_all=True [1111/2694 1737/h]
         s28000000340_p49_r3 29.214s agreeQ_all=True [1112/2694 1738/h]
         s28000000341_p70_r3 21.688s agreeQ_all=True [1113/2694 1734/h]
         s28000000343_p76_r2 17.21s agreeQ_all=False [1114/2694 1731/h]
         s28000000344_p16_r1 17.979s agreeQ_all=False [1115/2694 1731/h]
        s28000000340_p136_r1 44.123s agreeQ_all=False [1116/2694 1733/h]
         s28000000344_p16_r2 18.858s agreeQ_all=False [1117/2694 1733/h]
         s28000000344_p16_r3 18.81s agreeQ_all=False [1118/2694 1735/h]
         s28000000342_p80_r1 28.536s agreeQ_all=True [1119/2694 1733/h]
         s28000000343_p76_r3 23.975s agreeQ_all=False [1120/2694 1735/h]
         s28000000342_p52_r3 29.702s agreeQ_all=True [1121/2694 1736/h]
         s28000000343_p64_r2 28.804s agreeQ_all=True [1122/2694 1736/h]
        s28000000340_p136_r2 51.068s agreeQ_all=False [1123/2694 1737/h]
         s28000000342_p52_r2 33.222s agreeQ_all=True [1124/2694 1738/h]
         s28000000344_p96_r1 26.266s agreeQ_all=False [1125/2694 1739/h]
         s28000000344_p96_r2 25.837s agreeQ_all=False [1126/2694 1740/h]
         s28000000343_p64_r1 31.933s agreeQ_all=True [1127/2694 1741/h]
         s28000000342_p80_r2 33.675s agreeQ_all=True [1128/2694 1743/h]
         s28000000346_p11_r2 19.288s agreeQ_all=True [1129/2694 1739/h]
         s28000000345_p50_r2 27.767s agreeQ_all=True [1130/2694 1739/h]
         s28000000345_p65_r3 25.776s agreeQ_all=True [1131/2694 1738/h]
          s28000000348_p8_r2 16.779s agreeQ_all=False [1132/2694 1739/h]
         s28000000347_p46_r1 23.548s agreeQ_all=False [1133/2694 1740/h]
          s28000000348_p8_r3 17.409s agreeQ_all=True [1134/2694 1741/h]
         s28000000346_p58_r1 30.198s agreeQ_all=False [1135/2694 1739/h]
         s28000000347_p53_r1 26.396s agreeQ_all=True [1136/2694 1740/h]
         s28000000346_p58_r2 30.669s agreeQ_all=False [1137/2694 1741/h]
         s28000000347_p53_r2 26.684s agreeQ_all=True [1138/2694 1743/h]
         s28000000347_p53_r3 27.301s agreeQ_all=True [1139/2694 1743/h]
         s28000000348_p64_r3 29.934s agreeQ_all=False [1140/2694 1739/h]
         s28000000348_p64_r1 32.476s agreeQ_all=False [1141/2694 1740/h]
         s28000000349_p59_r3 30.502s agreeQ_all=True [1142/2694 1741/h]
         s28000000349_p59_r2 32.004s agreeQ_all=True [1143/2694 1742/h]
         s28000000349_p59_r1 32.629s agreeQ_all=True [1144/2694 1743/h]
         s28000000351_p24_r3 20.905s agreeQ_all=False [1145/2694 1743/h]
         s28000000351_p24_r2 23.31s agreeQ_all=False [1146/2694 1743/h]
         s28000000350_p78_r3 25.866s agreeQ_all=True [1147/2694 1744/h]
         s28000000350_p50_r1 29.983s agreeQ_all=True [1148/2694 1745/h]
        s28000000352_p118_r1 18.933s agreeQ_all=False [1149/2694 1745/h]
        s28000000352_p118_r2 18.418s agreeQ_all=False [1150/2694 1746/h]
        s28000000349_p116_r3 36.663s agreeQ_all=True [1151/2694 1745/h]
         s28000000351_p70_r2 31.223s agreeQ_all=True [1152/2694 1745/h]
          s28000000354_p8_r1 15.485s agreeQ_all=False [1153/2694 1746/h]
          s28000000354_p8_r2 15.309s agreeQ_all=False [1154/2694 1747/h]
         s28000000352_p78_r1 32.078s agreeQ_all=True [1155/2694 1746/h]
         s28000000352_p78_r3 30.889s agreeQ_all=True [1156/2694 1747/h]
         s28000000353_p27_r1 22.198s agreeQ_all=True [1157/2694 1749/h]
         s28000000352_p78_r2 35.259s agreeQ_all=True [1158/2694 1747/h]
        s28000000355_p132_r2 20.028s agreeQ_all=False [1159/2694 1746/h]
         s28000000353_p47_r2 30.119s agreeQ_all=True [1160/2694 1747/h]
        s28000000355_p132_r3 21.098s agreeQ_all=False [1161/2694 1747/h]
         s28000000353_p47_r3 32.685s agreeQ_all=False [1162/2694 1748/h]
        s28000000356_p133_r1 20.942s agreeQ_all=False [1163/2694 1748/h]
         s28000000355_p51_r1 27.542s agreeQ_all=True [1164/2694 1749/h]
        s28000000356_p133_r2 20.937s agreeQ_all=False [1165/2694 1750/h]
         s28000000355_p51_r2 28.674s agreeQ_all=True [1166/2694 1751/h]
        s28000000356_p133_r3 19.893s agreeQ_all=False [1167/2694 1752/h]
        s28000000354_p133_r1 38.14s agreeQ_all=False [1168/2694 1750/h]
        s28000000354_p133_r3 41.126s agreeQ_all=False [1169/2694 1747/h]
        s28000000357_p108_r1 36.219s agreeQ_all=False [1170/2694 1745/h]
        s28000000357_p131_r1 36.14s agreeQ_all=True [1171/2694 1744/h]
         s28000000360_p23_r2 23.27s agreeQ_all=True [1172/2694 1744/h]
         s28000000359_p68_r3 28.192s agreeQ_all=True [1173/2694 1746/h]
        s28000000357_p131_r3 38.445s agreeQ_all=True [1174/2694 1746/h]
         s28000000360_p23_r1 24.828s agreeQ_all=True [1175/2694 1748/h]
         s28000000359_p68_r1 30.17s agreeQ_all=True [1176/2694 1749/h]
         s28000000360_p23_r3 23.691s agreeQ_all=True [1177/2694 1750/h]
        s28000000357_p131_r2 39.899s agreeQ_all=False [1178/2694 1751/h]
         s28000000360_p74_r2 29.27s agreeQ_all=True [1179/2694 1749/h]
         s28000000360_p74_r1 29.751s agreeQ_all=True [1180/2694 1750/h]
        s28000000358_p131_r1 43.258s agreeQ_all=False [1181/2694 1750/h]
        s28000000359_p108_r1 44.437s agreeQ_all=True [1182/2694 1746/h]
        s28000000359_p108_r3 43.811s agreeQ_all=True [1183/2694 1747/h]
         s28000000363_p29_r2 20.984s agreeQ_all=False [1184/2694 1746/h]
         s28000000363_p29_r1 22.856s agreeQ_all=False [1185/2694 1746/h]
         s28000000363_p29_r3 23.87s agreeQ_all=True [1186/2694 1747/h]
         s28000000362_p77_r2 33.331s agreeQ_all=True [1187/2694 1744/h]
         s28000000363_p67_r2 32.778s agreeQ_all=True [1188/2694 1743/h]
        s28000000362_p122_r2 36.656s agreeQ_all=False [1189/2694 1743/h]
        s28000000362_p122_r1 39.282s agreeQ_all=False [1190/2694 1743/h]
        s28000000364_p117_r2 33.812s agreeQ_all=True [1191/2694 1742/h]
        s28000000362_p122_r3 40.956s agreeQ_all=False [1192/2694 1744/h]
        s28000000364_p117_r1 37.045s agreeQ_all=True [1193/2694 1743/h]
         s28000000366_p22_r1 21.526s agreeQ_all=True [1194/2694 1743/h]
         s28000000366_p22_r3 19.505s agreeQ_all=True [1195/2694 1742/h]
        s28000000365_p115_r2 35.816s agreeQ_all=True [1196/2694 1741/h]
        s28000000365_p115_r3 37.897s agreeQ_all=True [1197/2694 1741/h]
        s28000000361_p142_r3 63.029s agreeQ_all=False [1198/2694 1741/h]
         s28000000367_p17_r2 20.588s agreeQ_all=False [1199/2694 1741/h]
        s28000000365_p124_r2 39.691s agreeQ_all=False [1200/2694 1740/h]
        s28000000365_p124_r1 42.2s agreeQ_all=False [1201/2694 1741/h]
         s28000000367_p95_r2 27.867s agreeQ_all=True [1202/2694 1739/h]
          s28000000369_p5_r2 13.948s agreeQ_all=False [1203/2694 1740/h]
         s28000000367_p95_r1 30.416s agreeQ_all=False [1204/2694 1740/h]
          s28000000369_p5_r3 16.096s agreeQ_all=False [1205/2694 1740/h]
         s28000000368_p61_r2 31.401s agreeQ_all=True [1206/2694 1740/h]
         s28000000368_p61_r3 35.478s agreeQ_all=True [1207/2694 1737/h]
        s28000000368_p107_r3 29.255s agreeQ_all=True [1208/2694 1738/h]
        s28000000368_p107_r2 36.397s agreeQ_all=True [1209/2694 1736/h]
         s28000000369_p88_r2 28.934s agreeQ_all=True [1210/2694 1737/h]
        s28000000364_p141_r1 80.952s agreeQ_all=True [1211/2694 1737/h]
         s28000000371_p26_r3 23.494s agreeQ_all=True [1212/2694 1735/h]
         s28000000369_p88_r3 35.551s agreeQ_all=True [1213/2694 1734/h]
         s28000000370_p55_r2 36.786s agreeQ_all=True [1214/2694 1734/h]
         s28000000371_p60_r2 26.651s agreeQ_all=False [1215/2694 1734/h]
         s28000000371_p60_r1 29.827s agreeQ_all=False [1216/2694 1735/h]
         s28000000370_p84_r2 34.404s agreeQ_all=True [1217/2694 1736/h]
         s28000000370_p84_r3 35.409s agreeQ_all=True [1218/2694 1737/h]
         s28000000372_p74_r3 33.276s agreeQ_all=True [1219/2694 1731/h]
        s28000000372_p132_r2 29.359s agreeQ_all=True [1220/2694 1732/h]
         s28000000372_p74_r2 35.316s agreeQ_all=True [1221/2694 1733/h]
         s28000000374_p20_r1 18.866s agreeQ_all=True [1222/2694 1734/h]
        s28000000373_p100_r3 24.058s agreeQ_all=False [1223/2694 1734/h]
         s28000000374_p20_r3 19.036s agreeQ_all=True [1224/2694 1735/h]
        s28000000372_p132_r3 31.531s agreeQ_all=False [1225/2694 1737/h]
         s28000000375_p14_r1 17.458s agreeQ_all=True [1226/2694 1737/h]
         s28000000373_p62_r3 31.663s agreeQ_all=True [1227/2694 1738/h]
         s28000000375_p14_r3 19.659s agreeQ_all=False [1228/2694 1737/h]
         s28000000375_p14_r2 21.091s agreeQ_all=False [1229/2694 1739/h]
        s28000000361_p138_r1 143.45s agreeQ_all=True [1230/2694 1739/h]
         s28000000374_p54_r2 26.627s agreeQ_all=True [1231/2694 1739/h]
          s28000000377_p1_r1 13.131s agreeQ_all=True [1232/2694 1739/h]
          s28000000377_p1_r2 12.043s agreeQ_all=False [1233/2694 1740/h]
        s28000000361_p138_r2 143.722s agreeQ_all=True [1234/2694 1741/h]
          s28000000377_p1_r3 13.986s agreeQ_all=True [1235/2694 1741/h]
        s28000000366_p136_r2 99.314s agreeQ_all=True [1236/2694 1742/h]
        s28000000366_p136_r3 99.664s agreeQ_all=False [1237/2694 1743/h]
         s28000000376_p64_r1 21.405s agreeQ_all=False [1238/2694 1743/h]
         s28000000377_p62_r2 21.727s agreeQ_all=True [1239/2694 1741/h]
        s28000000376_p122_r3 28.152s agreeQ_all=False [1240/2694 1740/h]
        s28000000376_p122_r1 29.534s agreeQ_all=False [1241/2694 1741/h]
         s28000000377_p62_r1 29.076s agreeQ_all=False [1242/2694 1741/h]
         s28000000379_p68_r1 26.404s agreeQ_all=False [1243/2694 1737/h]
         s28000000378_p70_r3 34.499s agreeQ_all=True [1244/2694 1736/h]
         s28000000380_p94_r1 24.957s agreeQ_all=False [1245/2694 1737/h]
         s28000000380_p62_r1 27.223s agreeQ_all=False [1246/2694 1738/h]
         s28000000378_p70_r1 39.883s agreeQ_all=True [1247/2694 1739/h]
         s28000000378_p84_r1 35.676s agreeQ_all=True [1248/2694 1740/h]
         s28000000378_p84_r3 34.287s agreeQ_all=False [1249/2694 1741/h]
         s28000000380_p62_r2 29.551s agreeQ_all=False [1250/2694 1742/h]
         s28000000381_p68_r1 28.566s agreeQ_all=False [1251/2694 1742/h]
         s28000000378_p70_r2 40.667s agreeQ_all=True [1252/2694 1743/h]
         s28000000381_p68_r3 25.349s agreeQ_all=False [1253/2694 1743/h]
         s28000000381_p75_r3 29.677s agreeQ_all=True [1254/2694 1739/h]
         s28000000381_p75_r1 30.779s agreeQ_all=True [1255/2694 1740/h]
         s28000000382_p70_r3 30.573s agreeQ_all=False [1256/2694 1740/h]
         s28000000384_p16_r3 18.9s agreeQ_all=True [1257/2694 1740/h]
         s28000000384_p16_r2 22.063s agreeQ_all=True [1258/2694 1739/h]
         s28000000383_p52_r3 27.558s agreeQ_all=False [1259/2694 1739/h]
        s28000000384_p117_r1 25.692s agreeQ_all=False [1260/2694 1739/h]
         s28000000385_p28_r1 24.759s agreeQ_all=True [1261/2694 1739/h]
        s28000000384_p117_r2 28.4s agreeQ_all=False [1262/2694 1740/h]
         s28000000385_p28_r2 24.342s agreeQ_all=True [1263/2694 1741/h]
          s28000000387_p1_r1 13.332s agreeQ_all=False [1264/2694 1739/h]
         s28000000383_p95_r2 37.218s agreeQ_all=False [1265/2694 1740/h]
         s28000000383_p95_r1 37.87s agreeQ_all=False [1266/2694 1741/h]
        s28000000384_p117_r3 33.757s agreeQ_all=True [1267/2694 1742/h]
          s28000000387_p1_r2 14.059s agreeQ_all=False [1268/2694 1742/h]
          s28000000387_p1_r3 14.489s agreeQ_all=False [1269/2694 1742/h]
        s28000000385_p103_r3 30.855s agreeQ_all=True [1270/2694 1741/h]
          s28000000388_p6_r1 14.355s agreeQ_all=False [1271/2694 1742/h]
         s28000000386_p88_r2 25.297s agreeQ_all=False [1272/2694 1743/h]
         s28000000386_p72_r1 31.468s agreeQ_all=True [1273/2694 1744/h]
        s28000000379_p139_r3 78.669s agreeQ_all=True [1274/2694 1743/h]
        s28000000379_p139_r1 79.579s agreeQ_all=True [1275/2694 1745/h]
         s28000000386_p72_r3 32.423s agreeQ_all=True [1276/2694 1746/h]
         s28000000389_p22_r2 18.12s agreeQ_all=False [1277/2694 1742/h]
         s28000000389_p22_r1 20.791s agreeQ_all=False [1278/2694 1743/h]
         s28000000390_p32_r3 17.417s agreeQ_all=False [1279/2694 1742/h]
        s28000000382_p142_r3 69.267s agreeQ_all=False [1280/2694 1741/h]
         s28000000387_p80_r1 36.608s agreeQ_all=False [1281/2694 1742/h]
         s28000000387_p80_r3 35.386s agreeQ_all=False [1282/2694 1743/h]
         s28000000390_p36_r2 19.99s agreeQ_all=False [1283/2694 1745/h]
         s28000000390_p32_r1 21.811s agreeQ_all=False [1284/2694 1746/h]
         s28000000390_p36_r1 23.133s agreeQ_all=False [1285/2694 1746/h]
        s28000000389_p111_r1 30.538s agreeQ_all=True [1286/2694 1745/h]
         s28000000392_p27_r1 23.959s agreeQ_all=True [1287/2694 1745/h]
         s28000000392_p35_r1 19.652s agreeQ_all=True [1288/2694 1744/h]
         s28000000392_p27_r2 24.755s agreeQ_all=True [1289/2694 1742/h]
         s28000000394_p10_r1 16.424s agreeQ_all=False [1290/2694 1743/h]
         s28000000391_p90_r2 34.043s agreeQ_all=False [1291/2694 1744/h]
         s28000000394_p10_r2 16.62s agreeQ_all=False [1292/2694 1744/h]
         s28000000391_p90_r3 35.938s agreeQ_all=False [1293/2694 1745/h]
         s28000000393_p49_r2 23.088s agreeQ_all=False [1294/2694 1745/h]
         s28000000393_p55_r3 24.031s agreeQ_all=False [1295/2694 1745/h]
         s28000000393_p49_r1 27.793s agreeQ_all=False [1296/2694 1746/h]
         s28000000393_p55_r2 26.426s agreeQ_all=False [1297/2694 1746/h]
         s28000000393_p55_r1 30.207s agreeQ_all=False [1298/2694 1746/h]
         s28000000396_p26_r2 19.219s agreeQ_all=False [1299/2694 1743/h]
         s28000000396_p26_r3 19.551s agreeQ_all=True [1300/2694 1744/h]
          s28000000398_p2_r1 14.055s agreeQ_all=False [1301/2694 1743/h]
         s28000000396_p36_r2 26.099s agreeQ_all=False [1302/2694 1742/h]
          s28000000398_p2_r3 14.811s agreeQ_all=False [1303/2694 1743/h]
         s28000000395_p85_r1 37.232s agreeQ_all=True [1304/2694 1743/h]
         s28000000397_p89_r3 22.952s agreeQ_all=True [1305/2694 1743/h]
        s28000000395_p109_r1 37.497s agreeQ_all=True [1306/2694 1743/h]
         s28000000397_p76_r1 31.077s agreeQ_all=True [1307/2694 1744/h]
        s28000000394_p121_r2 43.792s agreeQ_all=False [1308/2694 1746/h]
         s28000000397_p89_r2 28.288s agreeQ_all=True [1309/2694 1745/h]
         s28000000397_p76_r2 33.13s agreeQ_all=True [1310/2694 1747/h]
         s28000000397_p89_r1 31.202s agreeQ_all=True [1311/2694 1748/h]
          s28000000400_p2_r1 15.395s agreeQ_all=True [1312/2694 1745/h]
         s28000000399_p36_r2 24.74s agreeQ_all=True [1313/2694 1743/h]
        s28000000400_p120_r2 19.991s agreeQ_all=False [1314/2694 1744/h]
         s28000000398_p77_r1 30.228s agreeQ_all=True [1315/2694 1745/h]
         s28000000399_p70_r3 24.155s agreeQ_all=True [1316/2694 1745/h]
         s28000000398_p77_r2 32.318s agreeQ_all=False [1317/2694 1745/h]
         s28000000402_p13_r2 16.064s agreeQ_all=True [1318/2694 1747/h]
         s28000000402_p13_r1 17.834s agreeQ_all=True [1319/2694 1747/h]
         s28000000401_p31_r3 22.114s agreeQ_all=True [1320/2694 1748/h]
         s28000000401_p31_r1 27.169s agreeQ_all=True [1321/2694 1747/h]
        s28000000402_p124_r3 20.741s agreeQ_all=False [1322/2694 1745/h]
        s28000000404_p124_r1 22.624s agreeQ_all=False [1323/2694 1740/h]
         s28000000404_p36_r3 25.3s agreeQ_all=False [1324/2694 1741/h]
        s28000000388_p140_r1 121.718s agreeQ_all=False [1325/2694 1742/h]
        s28000000388_p140_r2 121.104s agreeQ_all=False [1326/2694 1743/h]
        s28000000388_p140_r3 121.2s agreeQ_all=False [1327/2694 1744/h]
         s28000000404_p36_r2 27.382s agreeQ_all=False [1328/2694 1745/h]
         s28000000404_p36_r1 28.148s agreeQ_all=False [1329/2694 1746/h]
         s28000000406_p26_r2 21.311s agreeQ_all=False [1330/2694 1745/h]
        s28000000404_p124_r3 28.999s agreeQ_all=True [1331/2694 1745/h]
        s28000000404_p124_r2 30.96s agreeQ_all=True [1332/2694 1745/h]
        s28000000401_p140_r2 52.018s agreeQ_all=False [1333/2694 1745/h]
        s28000000401_p140_r1 52.781s agreeQ_all=False [1334/2694 1746/h]
         s28000000405_p85_r1 35.135s agreeQ_all=True [1335/2694 1746/h]
        s28000000401_p140_r3 53.62s agreeQ_all=False [1336/2694 1747/h]
         s28000000408_p10_r2 14.376s agreeQ_all=False [1337/2694 1748/h]
         s28000000408_p10_r1 16.155s agreeQ_all=False [1338/2694 1748/h]
        s28000000405_p109_r2 38.695s agreeQ_all=True [1339/2694 1748/h]
         s28000000408_p10_r3 17.758s agreeQ_all=False [1340/2694 1749/h]
         s28000000407_p21_r3 20.614s agreeQ_all=True [1341/2694 1750/h]
         s28000000408_p11_r1 18.141s agreeQ_all=True [1342/2694 1751/h]
         s28000000408_p11_r3 18.914s agreeQ_all=True [1343/2694 1750/h]
         s28000000407_p38_r3 23.222s agreeQ_all=False [1344/2694 1752/h]
         s28000000406_p92_r1 34.574s agreeQ_all=False [1345/2694 1753/h]
         s28000000407_p38_r1 25.563s agreeQ_all=False [1346/2694 1753/h]
         s28000000409_p51_r1 28.114s agreeQ_all=True [1347/2694 1748/h]
         s28000000409_p51_r2 28.792s agreeQ_all=True [1348/2694 1748/h]
         s28000000410_p45_r2 25.999s agreeQ_all=True [1349/2694 1749/h]
         s28000000410_p48_r1 23.514s agreeQ_all=False [1350/2694 1750/h]
        s28000000409_p129_r3 27.871s agreeQ_all=True [1351/2694 1751/h]
         s28000000411_p20_r2 23.871s agreeQ_all=True [1352/2694 1751/h]
         s28000000410_p45_r3 27.311s agreeQ_all=True [1353/2694 1752/h]
         s28000000410_p48_r2 26.509s agreeQ_all=False [1354/2694 1753/h]
         s28000000412_p81_r1 26.218s agreeQ_all=False [1355/2694 1752/h]
         s28000000412_p81_r2 26.671s agreeQ_all=False [1356/2694 1753/h]
         s28000000411_p69_r3 30.672s agreeQ_all=True [1357/2694 1752/h]
         s28000000412_p81_r3 30.04s agreeQ_all=True [1358/2694 1753/h]
         s28000000413_p69_r1 31.368s agreeQ_all=False [1359/2694 1751/h]
        s28000000412_p117_r3 33.932s agreeQ_all=True [1360/2694 1751/h]
        s28000000412_p117_r2 34.345s agreeQ_all=True [1361/2694 1752/h]
         s28000000413_p69_r2 34.146s agreeQ_all=True [1362/2694 1752/h]
         s28000000416_p15_r2 16.979s agreeQ_all=False [1363/2694 1752/h]
         s28000000415_p34_r1 25.971s agreeQ_all=True [1364/2694 1752/h]
         s28000000416_p15_r3 18.458s agreeQ_all=True [1365/2694 1753/h]
         s28000000415_p34_r2 26.424s agreeQ_all=True [1366/2694 1754/h]
         s28000000415_p34_r3 25.365s agreeQ_all=True [1367/2694 1755/h]
         s28000000414_p96_r1 29.349s agreeQ_all=False [1368/2694 1755/h]
         s28000000414_p96_r2 33.075s agreeQ_all=True [1369/2694 1754/h]
         s28000000416_p32_r3 23.104s agreeQ_all=True [1370/2694 1754/h]
        s28000000415_p112_r1 32.166s agreeQ_all=False [1371/2694 1755/h]
         s28000000416_p32_r2 24.283s agreeQ_all=True [1372/2694 1756/h]
          s28000000418_p5_r2 14.932s agreeQ_all=False [1373/2694 1757/h]
        s28000000415_p112_r2 35.633s agreeQ_all=False [1374/2694 1756/h]
        s28000000413_p107_r3 42.811s agreeQ_all=False [1375/2694 1757/h]
         s28000000417_p97_r1 33.167s agreeQ_all=False [1376/2694 1752/h]
         s28000000417_p97_r2 31.402s agreeQ_all=False [1377/2694 1753/h]
         s28000000417_p97_r3 32.477s agreeQ_all=False [1378/2694 1754/h]
         s28000000419_p81_r2 26.657s agreeQ_all=True [1379/2694 1754/h]
         s28000000419_p81_r1 28.322s agreeQ_all=True [1380/2694 1754/h]
         s28000000418_p90_r1 36.069s agreeQ_all=True [1381/2694 1752/h]
         s28000000418_p90_r2 35.886s agreeQ_all=True [1382/2694 1753/h]
         s28000000418_p90_r3 36.059s agreeQ_all=True [1383/2694 1753/h]
        s28000000419_p130_r1 34.275s agreeQ_all=True [1384/2694 1754/h]
         s28000000422_p66_r1 24.733s agreeQ_all=False [1385/2694 1755/h]
         s28000000421_p52_r1 30.912s agreeQ_all=False [1386/2694 1755/h]
         s28000000421_p52_r2 30.749s agreeQ_all=True [1387/2694 1756/h]
         s28000000421_p52_r3 30.339s agreeQ_all=False [1388/2694 1757/h]
         s28000000422_p66_r2 27.552s agreeQ_all=False [1389/2694 1758/h]
         s28000000420_p96_r2 36.292s agreeQ_all=True [1390/2694 1758/h]
         s28000000420_p97_r1 33.867s agreeQ_all=True [1391/2694 1760/h]
          s28000000423_p3_r2 14.446s agreeQ_all=True [1392/2694 1760/h]
         s28000000422_p66_r3 24.844s agreeQ_all=False [1393/2694 1758/h]
         s28000000424_p68_r3 19.244s agreeQ_all=True [1394/2694 1755/h]
         s28000000426_p11_r2 16.814s agreeQ_all=True [1395/2694 1755/h]
         s28000000424_p68_r2 25.069s agreeQ_all=False [1396/2694 1755/h]
         s28000000425_p48_r1 24.347s agreeQ_all=True [1397/2694 1755/h]
         s28000000425_p69_r1 24.284s agreeQ_all=False [1398/2694 1755/h]
         s28000000426_p29_r1 22.061s agreeQ_all=False [1399/2694 1756/h]
         s28000000426_p29_r3 21.893s agreeQ_all=False [1400/2694 1757/h]
         s28000000426_p29_r2 23.058s agreeQ_all=False [1401/2694 1758/h]
         s28000000425_p69_r2 26.35s agreeQ_all=False [1402/2694 1759/h]
         s28000000425_p69_r3 27.014s agreeQ_all=False [1403/2694 1759/h]
         s28000000427_p54_r2 23.883s agreeQ_all=True [1404/2694 1758/h]
         s28000000428_p34_r1 18.478s agreeQ_all=True [1405/2694 1757/h]
         s28000000428_p34_r3 18.154s agreeQ_all=False [1406/2694 1756/h]
        s28000000428_p103_r3 15.366s agreeQ_all=True [1407/2694 1757/h]
         s28000000427_p54_r3 24.276s agreeQ_all=False [1408/2694 1758/h]
        s28000000428_p103_r2 20.825s agreeQ_all=False [1409/2694 1757/h]
         s28000000429_p46_r3 22.332s agreeQ_all=True [1410/2694 1756/h]
         s28000000429_p46_r1 23.558s agreeQ_all=True [1411/2694 1757/h]
         s28000000429_p46_r2 23.862s agreeQ_all=True [1412/2694 1757/h]
         s28000000430_p45_r1 20.529s agreeQ_all=False [1413/2694 1756/h]
        s28000000422_p142_r1 71.095s agreeQ_all=False [1414/2694 1756/h]
        s28000000422_p142_r2 70.892s agreeQ_all=False [1415/2694 1757/h]
         s28000000430_p45_r2 21.155s agreeQ_all=False [1416/2694 1757/h]
        s28000000422_p142_r3 70.8s agreeQ_all=False [1417/2694 1758/h]
         s28000000431_p12_r2 15.972s agreeQ_all=True [1418/2694 1759/h]
         s28000000431_p12_r3 16.177s agreeQ_all=True [1419/2694 1757/h]
         s28000000430_p52_r2 25.715s agreeQ_all=True [1420/2694 1757/h]
         s28000000430_p52_r1 27.378s agreeQ_all=True [1421/2694 1758/h]
         s28000000430_p52_r3 26.628s agreeQ_all=True [1422/2694 1759/h]
        s28000000424_p139_r2 72.046s agreeQ_all=False [1423/2694 1759/h]
        s28000000429_p141_r3 41.4s agreeQ_all=False [1424/2694 1760/h]
        s28000000429_p141_r2 42.437s agreeQ_all=False [1425/2694 1761/h]
         s28000000432_p18_r2 15.123s agreeQ_all=False [1426/2694 1762/h]
         s28000000433_p14_r1 18.128s agreeQ_all=True [1427/2694 1760/h]
         s28000000433_p14_r2 18.393s agreeQ_all=False [1428/2694 1760/h]
        s28000000431_p109_r2 28.547s agreeQ_all=False [1429/2694 1761/h]
         s28000000433_p14_r3 19.147s agreeQ_all=False [1430/2694 1762/h]
         s28000000432_p46_r1 22.278s agreeQ_all=False [1431/2694 1763/h]
        s28000000431_p109_r1 31.063s agreeQ_all=False [1432/2694 1764/h]
        s28000000431_p109_r3 32.408s agreeQ_all=False [1433/2694 1761/h]
         s28000000434_p47_r2 21.172s agreeQ_all=True [1434/2694 1761/h]
         s28000000434_p47_r1 21.983s agreeQ_all=True [1435/2694 1762/h]
          s28000000437_p9_r2 13.603s agreeQ_all=False [1436/2694 1761/h]
          s28000000437_p9_r1 14.739s agreeQ_all=True [1437/2694 1762/h]
         s28000000433_p74_r3 27.904s agreeQ_all=True [1438/2694 1763/h]
          s28000000437_p9_r3 14.706s agreeQ_all=False [1439/2694 1764/h]
         s28000000436_p26_r2 19.341s agreeQ_all=False [1440/2694 1763/h]
        s28000000423_p140_r2 102.662s agreeQ_all=False [1441/2694 1764/h]
         s28000000433_p74_r2 32.91s agreeQ_all=True [1442/2694 1765/h]
        s28000000436_p116_r3 23.814s agreeQ_all=False [1443/2694 1764/h]
        s28000000435_p103_r1 33.469s agreeQ_all=True [1444/2694 1765/h]
        s28000000435_p103_r2 34.276s agreeQ_all=False [1445/2694 1766/h]
        s28000000435_p103_r3 38.841s agreeQ_all=True [1446/2694 1764/h]
         s28000000438_p50_r1 20.241s agreeQ_all=False [1447/2694 1765/h]
         s28000000439_p79_r2 18.523s agreeQ_all=False [1448/2694 1764/h]
         s28000000439_p69_r3 23.11s agreeQ_all=True [1449/2694 1763/h]
         s28000000439_p79_r3 23.132s agreeQ_all=False [1450/2694 1763/h]
        s28000000437_p103_r3 29.236s agreeQ_all=True [1451/2694 1765/h]
         s28000000439_p69_r2 26.474s agreeQ_all=True [1452/2694 1765/h]
        s28000000437_p103_r2 34.946s agreeQ_all=True [1453/2694 1765/h]
         s28000000441_p59_r1 23.742s agreeQ_all=False [1454/2694 1762/h]
        s28000000441_p120_r1 19.098s agreeQ_all=False [1455/2694 1763/h]
         s28000000442_p16_r2 16.537s agreeQ_all=True [1456/2694 1764/h]
         s28000000442_p24_r2 17.863s agreeQ_all=False [1457/2694 1762/h]
        s28000000441_p120_r2 28.367s agreeQ_all=False [1458/2694 1761/h]
         s28000000443_p38_r2 20.628s agreeQ_all=True [1459/2694 1762/h]
         s28000000443_p38_r3 20.918s agreeQ_all=True [1460/2694 1763/h]
         s28000000443_p54_r1 19.58s agreeQ_all=True [1461/2694 1764/h]
         s28000000443_p54_r2 21.572s agreeQ_all=False [1462/2694 1763/h]
        s28000000440_p143_r2 45.652s agreeQ_all=True [1463/2694 1761/h]
        s28000000440_p143_r3 45.606s agreeQ_all=True [1464/2694 1762/h]
         s28000000447_p17_r3 13.429s agreeQ_all=True [1465/2694 1762/h]
        s28000000447_p106_r1 14.312s agreeQ_all=False [1466/2694 1762/h]
         s28000000445_p31_r2 18.485s agreeQ_all=True [1467/2694 1763/h]
        s28000000447_p106_r3 15.047s agreeQ_all=False [1468/2694 1763/h]
        s28000000447_p106_r2 16.919s agreeQ_all=True [1469/2694 1764/h]
        s28000000444_p141_r1 35.858s agreeQ_all=False [1470/2694 1760/h]
        s28000000435_p139_r1 92.654s agreeQ_all=True [1471/2694 1761/h]
         s28000000448_p79_r3 21.203s agreeQ_all=True [1472/2694 1763/h]
        s28000000444_p141_r2 36.406s agreeQ_all=False [1473/2694 1764/h]
         s28000000449_p40_r2 16.416s agreeQ_all=False [1474/2694 1765/h]
        s28000000444_p141_r3 35.648s agreeQ_all=False [1475/2694 1766/h]
        s28000000435_p139_r3 89.51s agreeQ_all=True [1476/2694 1766/h]
         s28000000449_p42_r1 17.687s agreeQ_all=True [1477/2694 1767/h]
        s28000000440_p137_r3 70.227s agreeQ_all=False [1478/2694 1767/h]
        s28000000440_p137_r1 73.554s agreeQ_all=True [1479/2694 1767/h]
        s28000000440_p137_r2 73.472s agreeQ_all=True [1480/2694 1768/h]
[agree] done=1480 elapsed=3014s
